 time            v(in)           v(out)          i(VDD)         
 0.00000000e+00  0.00000000e+00  6.25378103e-08 -5.40755489e-08 
 1.00000000e-12  0.00000000e+00  6.25378107e-08 -5.40755548e-08 
 2.00000000e-12  0.00000000e+00  6.25378111e-08 -5.40755551e-08 
 4.00000000e-12  0.00000000e+00  6.25378121e-08 -5.40755535e-08 
 8.00000000e-12  0.00000000e+00  6.25378143e-08 -5.40755558e-08 
 1.60000000e-11  0.00000000e+00  6.25378107e-08 -5.40755646e-08 
 3.20000000e-11  0.00000000e+00  6.25378110e-08 -5.40755759e-08 
 6.40000000e-11  0.00000000e+00  6.25378165e-08 -5.40755631e-08 
 1.28000000e-10  0.00000000e+00  6.25378045e-08 -5.40755560e-08 
 2.28000000e-10  0.00000000e+00  6.25378120e-08 -5.40755421e-08 
 3.28000000e-10  0.00000000e+00  6.25378079e-08 -5.40755415e-08 
 4.28000000e-10  0.00000000e+00  6.25378131e-08 -5.40755404e-08 
 5.28000000e-10  0.00000000e+00  6.25378085e-08 -5.40755408e-08 
 6.28000000e-10  0.00000000e+00  6.25378090e-08 -5.40755412e-08 
 7.28000000e-10  0.00000000e+00  6.25378141e-08 -5.40755403e-08 
 8.28000000e-10  0.00000000e+00  6.25378118e-08 -5.40755399e-08 
 9.28000000e-10  0.00000000e+00  6.25378079e-08 -5.40755396e-08 
 1.02800000e-09  0.00000000e+00  6.25378115e-08 -5.40755401e-08 
 1.12800000e-09  0.00000000e+00  6.25378080e-08 -5.40755406e-08 
 1.22800000e-09  0.00000000e+00  6.25378133e-08 -5.40755414e-08 
 1.32800000e-09  0.00000000e+00  6.25378043e-08 -5.40755416e-08 
 1.42800000e-09  0.00000000e+00  6.25378124e-08 -5.40755407e-08 
 1.52800000e-09  0.00000000e+00  6.25378099e-08 -5.40755414e-08 
 1.62800000e-09  0.00000000e+00  6.25378104e-08 -5.40755404e-08 
 1.72800000e-09  0.00000000e+00  6.25378107e-08 -5.40755408e-08 
 1.82800000e-09  0.00000000e+00  6.25378104e-08 -5.40755408e-08 
 1.92800000e-09  0.00000000e+00  6.25378108e-08 -5.40755413e-08 
 2.02800000e-09  0.00000000e+00  6.25378105e-08 -5.40755405e-08 
 2.12800000e-09  0.00000000e+00  6.25378112e-08 -5.40755410e-08 
 2.22800000e-09  0.00000000e+00  6.25378084e-08 -5.40755407e-08 
 2.32800000e-09  0.00000000e+00  6.25378081e-08 -5.40755420e-08 
 2.42800000e-09  0.00000000e+00  6.25378155e-08 -5.40755411e-08 
 2.52800000e-09  0.00000000e+00  6.25378106e-08 -5.40755416e-08 
 2.62800000e-09  0.00000000e+00  6.25378091e-08 -5.40755416e-08 
 2.72800000e-09  0.00000000e+00  6.25378104e-08 -5.40755422e-08 
 2.82800000e-09  0.00000000e+00  6.25378088e-08 -5.40755405e-08 
 2.92800000e-09  0.00000000e+00  6.25378126e-08 -5.40755407e-08 
 3.02800000e-09  0.00000000e+00  6.25378050e-08 -5.40755401e-08 
 3.12800000e-09  0.00000000e+00  6.25378117e-08 -5.40755405e-08 
 3.22800000e-09  0.00000000e+00  6.25378153e-08 -5.40755419e-08 
 3.32800000e-09  0.00000000e+00  6.25378077e-08 -5.40755408e-08 
 3.42800000e-09  0.00000000e+00  6.25378104e-08 -5.40755409e-08 
 3.52800000e-09  0.00000000e+00  6.25378091e-08 -5.40755405e-08 
 3.62800000e-09  0.00000000e+00  6.25378114e-08 -5.40755404e-08 
 3.72800000e-09  0.00000000e+00  6.25378115e-08 -5.40755410e-08 
 3.82800000e-09  0.00000000e+00  6.25378086e-08 -5.40755421e-08 
 3.92800000e-09  0.00000000e+00  6.25378100e-08 -5.40755413e-08 
 4.02800000e-09  0.00000000e+00  6.25378109e-08 -5.40755420e-08 
 4.12800000e-09  0.00000000e+00  6.25378116e-08 -5.40755416e-08 
 4.22800000e-09  0.00000000e+00  6.25378086e-08 -5.40755413e-08 
 4.32800000e-09  0.00000000e+00  6.25378062e-08 -5.40755408e-08 
 4.42800000e-09  0.00000000e+00  6.25378119e-08 -5.40755401e-08 
 4.52800000e-09  0.00000000e+00  6.25378151e-08 -5.40755406e-08 
 4.62800000e-09  0.00000000e+00  6.25378076e-08 -5.40755402e-08 
 4.72800000e-09  0.00000000e+00  6.25378065e-08 -5.40755410e-08 
 4.82800000e-09  0.00000000e+00  6.25378155e-08 -5.40755408e-08 
 4.92800000e-09  0.00000000e+00  6.25378098e-08 -5.40755410e-08 
 5.02800000e-09  0.00000000e+00  6.25378083e-08 -5.40755412e-08 
 5.12800000e-09  0.00000000e+00  6.25378123e-08 -5.40755405e-08 
 5.22800000e-09  0.00000000e+00  6.25378102e-08 -5.40755395e-08 
 5.32800000e-09  0.00000000e+00  6.25378117e-08 -5.40755407e-08 
 5.42800000e-09  0.00000000e+00  6.25378089e-08 -5.40755414e-08 
 5.52800000e-09  0.00000000e+00  6.25378098e-08 -5.40755408e-08 
 5.62800000e-09  0.00000000e+00  6.25378114e-08 -5.40755413e-08 
 5.72800000e-09  0.00000000e+00  6.25378089e-08 -5.40755426e-08 
 5.82800000e-09  0.00000000e+00  6.25378078e-08 -5.40755411e-08 
 5.92800000e-09  0.00000000e+00  6.25378159e-08 -5.40755419e-08 
 6.02800000e-09  0.00000000e+00  6.25378076e-08 -5.40755410e-08 
 6.12800000e-09  0.00000000e+00  6.25378096e-08 -5.40755404e-08 
 6.22800000e-09  0.00000000e+00  6.25378118e-08 -5.40755406e-08 
 6.32800000e-09  0.00000000e+00  6.25378078e-08 -5.40755407e-08 
 6.42800000e-09  0.00000000e+00  6.25378122e-08 -5.40755403e-08 
 6.52800000e-09  0.00000000e+00  6.25378105e-08 -5.40755394e-08 
 6.62800000e-09  0.00000000e+00  6.25378091e-08 -5.40755405e-08 
 6.72800000e-09  0.00000000e+00  6.25378114e-08 -5.40755422e-08 
 6.82800000e-09  0.00000000e+00  6.25378114e-08 -5.40755410e-08 
 6.92800000e-09  0.00000000e+00  6.25378055e-08 -5.40755406e-08 
 7.02800000e-09  0.00000000e+00  6.25378117e-08 -5.40755401e-08 
 7.12800000e-09  0.00000000e+00  6.25378102e-08 -5.40755416e-08 
 7.22800000e-09  0.00000000e+00  6.25378097e-08 -5.40755405e-08 
 7.32800000e-09  0.00000000e+00  6.25378111e-08 -5.40755402e-08 
 7.42800000e-09  0.00000000e+00  6.25378100e-08 -5.40755408e-08 
 7.52800000e-09  0.00000000e+00  6.25378072e-08 -5.40755418e-08 
 7.62800000e-09  0.00000000e+00  6.25378112e-08 -5.40755412e-08 
 7.72800000e-09  0.00000000e+00  6.25378148e-08 -5.40755415e-08 
 7.82800000e-09  0.00000000e+00  6.25378086e-08 -5.40755413e-08 
 7.92800000e-09  0.00000000e+00  6.25378084e-08 -5.40755410e-08 
 8.02800000e-09  0.00000000e+00  6.25378150e-08 -5.40755415e-08 
 8.12800000e-09  0.00000000e+00  6.25378084e-08 -5.40755408e-08 
 8.22800000e-09  0.00000000e+00  6.25378051e-08 -5.40755396e-08 
 8.32800000e-09  0.00000000e+00  6.25378131e-08 -5.40755404e-08 
 8.42800000e-09  0.00000000e+00  6.25378130e-08 -5.40755399e-08 
 8.52800000e-09  0.00000000e+00  6.25378072e-08 -5.40755411e-08 
 8.62800000e-09  0.00000000e+00  6.25378105e-08 -5.40755414e-08 
 8.72800000e-09  0.00000000e+00  6.25378121e-08 -5.40755412e-08 
 8.82800000e-09  0.00000000e+00  6.25378057e-08 -5.40755419e-08 
 8.92800000e-09  0.00000000e+00  6.25378162e-08 -5.40755409e-08 
 9.02800000e-09  0.00000000e+00  6.25378055e-08 -5.40755407e-08 
 9.12800000e-09  0.00000000e+00  6.25378122e-08 -5.40755408e-08 
 9.22800000e-09  0.00000000e+00  6.25378154e-08 -5.40755396e-08 
 9.32800000e-09  0.00000000e+00  6.25378037e-08 -5.40755406e-08 
 9.42800000e-09  0.00000000e+00  6.25378095e-08 -5.40755412e-08 
 9.52800000e-09  0.00000000e+00  6.25378145e-08 -5.40755415e-08 
 9.62800000e-09  0.00000000e+00  6.25378098e-08 -5.40755410e-08 
 9.72800000e-09  0.00000000e+00  6.25378075e-08 -5.40755414e-08 
 9.82800000e-09  0.00000000e+00  6.25378116e-08 -5.40755404e-08 
 9.91400000e-09  0.00000000e+00  6.25378135e-08 -5.40755596e-08 
 1.00000000e-08  0.00000000e+00  6.25378121e-08 -5.40755690e-08 
 1.00048392e-08  5.80706194e-02  6.25378117e-08  2.47757863e-05 
 1.00145177e-08  1.74211858e-01  6.25378122e-08  2.80214168e-05 
 1.00338745e-08  4.06494336e-01  6.25378096e-08  2.85795764e-05 
 1.00669373e-08  8.03247168e-01  6.25378106e-08  1.97099270e-06 
 1.00939245e-08  1.12709448e+00  6.25378101e-08 -5.83630116e-05 
 1.01000000e-08  1.20000000e+00  6.25378063e-08 -6.10529816e-05 
 1.01029166e-08  1.20000000e+00  6.25378057e-08 -8.35009947e-05 
 1.01087497e-08  1.20000000e+00  6.25378059e-08 -7.65603329e-05 
 1.01204159e-08  1.20000000e+00  6.25378155e-08 -5.24803925e-05 
 1.01340400e-08  1.20000000e+00  6.25378147e-08 -5.22306982e-05 
 1.01485503e-08  1.20000000e+00  6.25378084e-08 -7.53672682e-05 
 1.01660230e-08  1.20000000e+00  6.25378134e-08 -8.91545069e-05 
 1.01874743e-08  1.20000000e+00  6.25378089e-08 -9.89364428e-05 
 1.02056605e-08  1.20000000e+00  6.25378136e-08 -7.88795841e-05 
 1.02255648e-08  1.20000000e+00  6.25378078e-08 -5.48317893e-05 
 1.02412732e-08  1.20000000e+00  6.25378066e-08 -8.63997566e-05 
 1.02599080e-08  1.20000000e+00  6.25378144e-08 -8.57930872e-05 
 1.02794647e-08  1.20000000e+00  6.25378073e-08 -1.06057876e-04 
 1.02966487e-08  1.20000000e+00  6.25378075e-08 -7.01919172e-05 
 1.03156065e-08  1.20000000e+00  6.25378044e-08 -6.17356400e-05 
 1.03302076e-08  1.20000000e+00  6.25378045e-08 -8.03369548e-05 
 1.03491515e-08  1.20000000e+00  6.25378109e-08 -9.14400705e-05 
 1.03686377e-08  1.20000000e+00  6.25378080e-08 -1.00590762e-04 
 1.03858970e-08  1.20000000e+00  6.25378085e-08 -7.62892059e-05 
 1.04049734e-08  1.20000000e+00  6.25378056e-08 -5.61237330e-05 
 1.04196972e-08  1.20000000e+00  6.25378027e-08 -8.54550744e-05 
 1.04385896e-08  1.20000000e+00  6.25378186e-08 -8.63211214e-05 
 1.04582628e-08  1.20000000e+00  6.25378249e-08 -1.05596880e-04 
 1.04755906e-08  1.20000000e+00  6.25378096e-08 -7.11538860e-05 
 1.04947170e-08  1.20000000e+00  6.25378014e-08 -6.11258570e-05 
 1.05094575e-08  1.20000000e+00  6.25378087e-08 -8.09298546e-05 
 1.05283664e-08  1.20000000e+00  6.25378224e-08 -9.09457054e-05 
 1.05478559e-08  1.20000000e+00  6.25378182e-08 -1.01091973e-04 
 1.05651029e-08  1.20000000e+00  6.25378033e-08 -7.56864803e-05 
 1.05841568e-08  1.20000000e+00  6.25377983e-08 -5.66580952e-05 
 1.05988585e-08  1.20000000e+00  6.25378079e-08 -8.49807086e-05 
 1.06177589e-08  1.20000000e+00  6.25378188e-08 -8.67939126e-05 
 1.06374086e-08  1.20000000e+00  6.25378132e-08 -1.05134800e-04 
 1.06547286e-08  1.20000000e+00  6.25378048e-08 -7.16414925e-05 
 1.06738500e-08  1.20000000e+00  6.25378017e-08 -6.06552292e-05 
 1.06885896e-08  1.20000000e+00  6.25378082e-08 -8.13421952e-05 
 1.07074961e-08  1.20000000e+00  6.25378201e-08 -9.05176539e-05 
 1.07270094e-08  1.20000000e+00  6.25378156e-08 -1.01507877e-04 
 1.07442669e-08  1.20000000e+00  6.25378060e-08 -7.52625783e-05 
 1.07633300e-08  1.20000000e+00  6.25378120e-08 -5.70763307e-05 
 1.07780366e-08  1.20000000e+00  6.25378050e-08 -8.46126174e-05 
 1.07969382e-08  1.20000000e+00  6.25378065e-08 -8.71784470e-05 
 1.08165669e-08  1.20000000e+00  6.25378211e-08 -1.04761320e-04 
 1.08338773e-08  1.20000000e+00  6.25378082e-08 -7.20192461e-05 
 1.08529898e-08  1.20000000e+00  6.25378036e-08 -6.02807704e-05 
 1.08677245e-08  1.20000000e+00  6.25378103e-08 -8.16730755e-05 
 1.08866301e-08  1.20000000e+00  6.25378077e-08 -9.01725086e-05 
 1.09061615e-08  1.20000000e+00  6.25378136e-08 -1.01843065e-04 
 1.09234272e-08  1.20000000e+00  6.25378194e-08 -7.49250917e-05 
 1.09424980e-08  1.20000000e+00  6.25378145e-08 -5.74110675e-05 
 1.09572090e-08  1.20000000e+00  6.25378155e-08 -8.43148231e-05 
 1.09761112e-08  1.20000000e+00  6.25378099e-08 -8.74881042e-05 
 1.09957246e-08  1.20000000e+00  6.25378045e-08 -1.04460293e-04 
 1.10130280e-08  1.20000000e+00  6.25378075e-08 -7.23220486e-05 
 1.10321340e-08  1.20000000e+00  6.25378117e-08 -5.99804987e-05 
 1.10468650e-08  1.20000000e+00  6.25378108e-08 -8.19415507e-05 
 1.10657701e-08  1.20000000e+00  6.25378107e-08 -8.98943010e-05 
 1.10853144e-08  1.20000000e+00  6.25378110e-08 -1.02113623e-04 
 1.11025860e-08  1.20000000e+00  6.25378104e-08 -7.46536107e-05 
 1.11216623e-08  1.20000000e+00  6.25378059e-08 -5.76801543e-05 
 1.11363764e-08  1.20000000e+00  6.25378097e-08 -8.40727390e-05 
 1.11552790e-08  1.20000000e+00  6.25378159e-08 -8.77381422e-05 
 1.11748817e-08  1.20000000e+00  6.25378003e-08 -1.04216901e-04 
 1.11921801e-08  1.20000000e+00  6.25378055e-08 -7.25660978e-05 
 1.12112814e-08  1.20000000e+00  6.25378177e-08 -5.97387140e-05 
 1.12260098e-08  1.20000000e+00  6.25378154e-08 -8.21601265e-05 
 1.12449145e-08  1.20000000e+00  6.25378093e-08 -8.96692639e-05 
 1.12644679e-08  1.20000000e+00  6.25378058e-08 -1.02332779e-04 
 1.12817437e-08  1.20000000e+00  6.25378103e-08 -7.44342760e-05 
 1.13008239e-08  1.20000000e+00  6.25378058e-08 -5.78973522e-05 
 1.13155403e-08  1.20000000e+00  6.25378125e-08 -8.38753176e-05 
 1.13344433e-08  1.20000000e+00  6.25378156e-08 -8.79407981e-05 
 1.13540382e-08  1.20000000e+00  6.25378033e-08 -1.04019377e-04 
 1.13713331e-08  1.20000000e+00  6.25378100e-08 -7.27636275e-05 
 1.13904311e-08  1.20000000e+00  6.25378072e-08 -5.95431885e-05 
 1.14051576e-08  1.20000000e+00  6.25378099e-08 -8.23386563e-05 
 1.14240620e-08  1.20000000e+00  6.25378184e-08 -8.94865198e-05 
 1.14436219e-08  1.20000000e+00  6.25378150e-08 -1.02510983e-04 
 1.14609007e-08  1.20000000e+00  6.25378160e-08 -7.42563370e-05 
 1.14799837e-08  1.20000000e+00  6.25378096e-08 -5.80734149e-05 
 1.14947017e-08  1.20000000e+00  6.25377991e-08 -8.37137805e-05 
 1.15136049e-08  1.20000000e+00  6.25378080e-08 -8.81057130e-05 
 1.15331943e-08  1.20000000e+00  6.25378069e-08 -1.03858441e-04 
 1.15504867e-08  1.20000000e+00  6.25377987e-08 -7.29241970e-05 
 1.15695823e-08  1.20000000e+00  6.25378126e-08 -5.93843662e-05 
 1.15843075e-08  1.20000000e+00  6.25378153e-08 -8.24849881e-05 
 1.16032117e-08  1.20000000e+00  6.25378179e-08 -8.93375018e-05 
 1.16227763e-08  1.20000000e+00  6.25378123e-08 -1.02656478e-04 
 1.16400572e-08  1.20000000e+00  6.25378064e-08 -7.41113523e-05 
 1.16591422e-08  1.20000000e+00  6.25378115e-08 -5.82167740e-05 
 1.16738613e-08  1.20000000e+00  6.25378008e-08 -8.35811258e-05 
 1.16927646e-08  1.20000000e+00  6.25378046e-08 -8.82404883e-05 
 1.17123501e-08  1.20000000e+00  6.25378200e-08 -1.03726764e-04 
 1.17296407e-08  1.20000000e+00  6.25378113e-08 -7.30553128e-05 
 1.17487347e-08  1.20000000e+00  6.25378140e-08 -5.92547563e-05 
 1.17634589e-08  1.20000000e+00  6.25378158e-08 -8.26053832e-05 
 1.17823630e-08  1.20000000e+00  6.25378139e-08 -8.92154510e-05 
 1.18019308e-08  1.20000000e+00  6.25378079e-08 -1.02775783e-04 
 1.18192133e-08  1.20000000e+00  6.25378079e-08 -7.39926763e-05 
 1.18382997e-08  1.20000000e+00  6.25378100e-08 -5.83340555e-05 
 1.18530196e-08  1.20000000e+00  6.25378054e-08 -8.34717623e-05 
 1.18719230e-08  1.20000000e+00  6.25378054e-08 -8.83511290e-05 
 1.18915058e-08  1.20000000e+00  6.25378162e-08 -1.03618547e-04 
 1.19087951e-08  1.20000000e+00  6.25378169e-08 -7.31628862e-05 
 1.19278879e-08  1.20000000e+00  6.25378087e-08 -5.91484700e-05 
 1.19426114e-08  1.20000000e+00  6.25378036e-08 -8.27048429e-05 
 1.19615154e-08  1.20000000e+00  6.25377983e-08 -8.91150227e-05 
 1.19810856e-08  1.20000000e+00  6.25378180e-08 -1.02874060e-04 
 1.19983691e-08  1.20000000e+00  6.25378257e-08 -7.38950650e-05 
 1.20174565e-08  1.20000000e+00  6.25378130e-08 -5.84304792e-05 
 1.20321770e-08  1.20000000e+00  6.25378041e-08 -8.33812196e-05 
 1.20510805e-08  1.20000000e+00  6.25378065e-08 -8.84423904e-05 
 1.20706613e-08  1.20000000e+00  6.25378176e-08 -1.03529189e-04 
 1.20879497e-08  1.20000000e+00  6.25378130e-08 -7.32515847e-05 
 1.21070416e-08  1.20000000e+00  6.25378091e-08 -5.90608645e-05 
 1.21217647e-08  1.20000000e+00  6.25378064e-08 -8.27873683e-05 
 1.21406686e-08  1.20000000e+00  6.25378032e-08 -8.90319806e-05 
 1.21602405e-08  1.20000000e+00  6.25378082e-08 -1.02955410e-04 
 1.21775247e-08  1.20000000e+00  6.25378151e-08 -7.38143699e-05 
 1.21966128e-08  1.20000000e+00  6.25378159e-08 -5.85101683e-05 
 1.22113337e-08  1.20000000e+00  6.25378134e-08 -8.33059186e-05 
 1.22302373e-08  1.20000000e+00  6.25378185e-08 -8.85180463e-05 
 1.22498167e-08  1.20000000e+00  6.25378060e-08 -1.03455036e-04 
 1.22671045e-08  1.20000000e+00  6.25377986e-08 -7.33251041e-05 
 1.22861958e-08  1.20000000e+00  6.25378101e-08 -5.89882690e-05 
 1.23009185e-08  1.20000000e+00  6.25378169e-08 -8.28561649e-05 
 1.23198224e-08  1.20000000e+00  6.25378088e-08 -8.89629583e-05 
 1.23393954e-08  1.20000000e+00  6.25378050e-08 -1.03023094e-04 
 1.23566802e-08  1.20000000e+00  6.25378079e-08 -7.37473010e-05 
 1.23757688e-08  1.20000000e+00  6.25378107e-08 -5.85763888e-05 
 1.23904900e-08  1.20000000e+00  6.25378166e-08 -8.32429885e-05 
 1.24093937e-08  1.20000000e+00  6.25378100e-08 -8.85810997e-05 
 1.24289720e-08  1.20000000e+00  6.25378080e-08 -1.03393173e-04 
 1.24462593e-08  1.20000000e+00  6.25378171e-08 -7.33863788e-05 
 1.24653502e-08  1.20000000e+00  6.25378138e-08 -5.89277724e-05 
 1.24800727e-08  1.20000000e+00  6.25378123e-08 -8.29138060e-05 
 1.24989766e-08  1.20000000e+00  6.25378153e-08 -8.89052743e-05 
 1.25185504e-08  1.20000000e+00  6.25378097e-08 -1.03079715e-04 
 1.25358356e-08  1.20000000e+00  6.25378005e-08 -7.36912413e-05 
 1.25549246e-08  1.20000000e+00  6.25378016e-08 -5.86317349e-05 
 1.25696460e-08  1.20000000e+00  6.25378095e-08 -8.31901228e-05 
 1.25885497e-08  1.20000000e+00  6.25378075e-08 -8.86339462e-05 
 1.26081273e-08  1.20000000e+00  6.25378091e-08 -1.03341276e-04 
 1.26254143e-08  1.20000000e+00  6.25378130e-08 -7.34377458e-05 
 1.26445049e-08  1.20000000e+00  6.25378095e-08 -5.88770593e-05 
 1.26592272e-08  1.20000000e+00  6.25378116e-08 -8.29623608e-05 
 1.26781310e-08  1.20000000e+00  6.25378160e-08 -8.88567863e-05 
 1.26977055e-08  1.20000000e+00  6.25378195e-08 -1.03127354e-04 
 1.27149910e-08  1.20000000e+00  6.25378068e-08 -7.36441036e-05 
 1.27340802e-08  1.20000000e+00  6.25378013e-08 -5.86782734e-05 
 1.27488017e-08  1.20000000e+00  6.25378048e-08 -8.31454646e-05 
 1.27677054e-08  1.20000000e+00  6.25378072e-08 -8.86785021e-05 
 1.27872826e-08  1.20000000e+00  6.25378201e-08 -1.03297479e-04 
 1.28045693e-08  1.20000000e+00  6.25378082e-08 -7.34810712e-05 
 1.28236597e-08  1.20000000e+00  6.25378032e-08 -5.88342823e-05 
 1.28383819e-08  1.20000000e+00  6.25378153e-08 -8.30034967e-05 
 1.28572857e-08  1.20000000e+00  6.25378166e-08 -8.88157788e-05 
 1.28768606e-08  1.20000000e+00  6.25378082e-08 -1.03167681e-04 
 1.28941462e-08  1.20000000e+00  6.25378114e-08 -7.36042188e-05 
 1.29132356e-08  1.20000000e+00  6.25378150e-08 -5.87176562e-05 
 1.29279573e-08  1.20000000e+00  6.25378106e-08 -8.31075159e-05 
 1.29468610e-08  1.20000000e+00  6.25378121e-08 -8.87163040e-05 
 1.29664378e-08  1.20000000e+00  6.25378065e-08 -1.03260287e-04 
 1.29837244e-08  1.20000000e+00  6.25378012e-08 -7.35178498e-05 
 1.30028146e-08  1.20000000e+00  6.25378158e-08 -5.87979631e-05 
 1.30175367e-08  1.20000000e+00  6.25378062e-08 -8.30385605e-05 
 1.30364405e-08  1.20000000e+00  6.25378018e-08 -8.87808738e-05 
 1.30560157e-08  1.20000000e+00  6.25378182e-08 -1.03202038e-04 
 1.30733015e-08  1.20000000e+00  6.25378144e-08 -7.35702476e-05 
 1.30923910e-08  1.20000000e+00  6.25378170e-08 -5.87512069e-05 
 1.31071127e-08  1.20000000e+00  6.25378144e-08 -8.30750659e-05 
 1.31260164e-08  1.20000000e+00  6.25378057e-08 -8.87485881e-05 
 1.31455930e-08  1.20000000e+00  6.25378045e-08 -1.03228495e-04 
 1.31628795e-08  1.20000000e+00  6.25378045e-08 -7.35492823e-05 
 1.31819696e-08  1.20000000e+00  6.25378090e-08 -5.87669153e-05 
 1.31966916e-08  1.20000000e+00  6.25378154e-08 -8.30686417e-05 
 1.32155954e-08  1.20000000e+00  6.25378205e-08 -8.87509619e-05 
 1.32351708e-08  1.20000000e+00  6.25378184e-08 -1.03231507e-04 
 1.32524567e-08  1.20000000e+00  6.25378063e-08 -7.35411128e-05 
 1.32715463e-08  1.20000000e+00  6.25378067e-08 -5.87799897e-05 
 1.32862681e-08  1.20000000e+00  6.25378062e-08 -8.30471333e-05 
 1.33051718e-08  1.20000000e+00  6.25377928e-08 -8.87763511e-05 
 1.33247482e-08  1.20000000e+00  6.25378064e-08 -1.03201131e-04 
 1.33420346e-08  1.20000000e+00  6.25378204e-08 -7.35763363e-05 
 1.33611246e-08  1.20000000e+00  6.25378109e-08 -5.87401835e-05 
 1.33758466e-08  1.20000000e+00  6.25378069e-08 -8.30946243e-05 
 1.33947504e-08  1.20000000e+00  6.25378083e-08 -8.87251468e-05 
 1.34143259e-08  1.20000000e+00  6.25378091e-08 -1.03256962e-04 
 1.34316119e-08  1.20000000e+00  6.25378154e-08 -7.35159451e-05 
 1.34507016e-08  1.20000000e+00  6.25378164e-08 -5.88048626e-05 
 1.34654234e-08  1.20000000e+00  6.25378044e-08 -8.30229217e-05 
 1.34843271e-08  1.20000000e+00  6.25378084e-08 -8.88003989e-05 
 1.35039034e-08  1.20000000e+00  6.25378126e-08 -1.03177408e-04 
 1.35211897e-08  1.20000000e+00  6.25377997e-08 -7.35997931e-05 
 1.35402797e-08  1.20000000e+00  6.25378110e-08 -5.87169964e-05 
 1.35550016e-08  1.20000000e+00  6.25378157e-08 -8.31172268e-05 
 1.35739054e-08  1.20000000e+00  6.25378139e-08 -8.87027031e-05 
 1.35934811e-08  1.20000000e+00  6.25378149e-08 -1.03279112e-04 
 1.36107671e-08  1.20000000e+00  6.25378170e-08 -7.34940413e-05 
 1.36298568e-08  1.20000000e+00  6.25378107e-08 -5.88265194e-05 
 1.36445786e-08  1.20000000e+00  6.25378076e-08 -8.30017826e-05 
 1.36634824e-08  1.20000000e+00  6.25378106e-08 -8.88213852e-05 
 1.36830585e-08  1.20000000e+00  6.25378055e-08 -1.03156688e-04 
 1.37003448e-08  1.20000000e+00  6.25378113e-08 -7.36202860e-05 
 1.37194348e-08  1.20000000e+00  6.25378070e-08 -5.86967296e-05 
 1.37341567e-08  1.20000000e+00  6.25378091e-08 -8.31370343e-05 
 1.37530605e-08  1.20000000e+00  6.25378152e-08 -8.86830418e-05 
 1.37726362e-08  1.20000000e+00  6.25378116e-08 -1.03298533e-04 
 1.37899223e-08  1.20000000e+00  6.25378090e-08 -7.34748310e-05 
 1.38090120e-08  1.20000000e+00  6.25378057e-08 -5.88455227e-05 
 1.38237339e-08  1.20000000e+00  6.25378150e-08 -8.29831876e-05 
 1.38426376e-08  1.20000000e+00  6.25378162e-08 -8.88398410e-05 
 1.38622137e-08  1.20000000e+00  6.25378115e-08 -1.03138450e-04 
 1.38795000e-08  1.20000000e+00  6.25378110e-08 -7.36383295e-05 
 1.38985899e-08  1.20000000e+00  6.25378081e-08 -5.86788757e-05 
 1.39133118e-08  1.20000000e+00  6.25378056e-08 -8.31545247e-05 
 1.39322156e-08  1.20000000e+00  6.25378027e-08 -8.86656834e-05 
 1.39517914e-08  1.20000000e+00  6.25378164e-08 -1.03315693e-04 
 1.39690775e-08  1.20000000e+00  6.25378152e-08 -7.34578498e-05 
 1.39881672e-08  1.20000000e+00  6.25378008e-08 -5.88623301e-05 
 1.40028891e-08  1.20000000e+00  6.25378065e-08 -8.29667043e-05 
 1.40217929e-08  1.20000000e+00  6.25378085e-08 -8.88561994e-05 
 1.40413689e-08  1.20000000e+00  6.25378095e-08 -1.03122271e-04 
 1.40586551e-08  1.20000000e+00  6.25378113e-08 -7.36543427e-05 
 1.40777450e-08  1.20000000e+00  6.25378155e-08 -5.86630218e-05 
 1.40924669e-08  1.20000000e+00  6.25378085e-08 -8.31700890e-05 
 1.41113707e-08  1.20000000e+00  6.25378054e-08 -8.86502368e-05 
 1.41309465e-08  1.20000000e+00  6.25378088e-08 -1.03330977e-04 
 1.41482326e-08  1.20000000e+00  6.25378126e-08 -7.34427193e-05 
 1.41673224e-08  1.20000000e+00  6.25378109e-08 -5.88773146e-05 
 1.41820443e-08  1.20000000e+00  6.25378021e-08 -8.29519790e-05 
 1.42009481e-08  1.20000000e+00  6.25378112e-08 -8.88708141e-05 
 1.42205241e-08  1.20000000e+00  6.25378077e-08 -1.03107805e-04 
 1.42378103e-08  1.20000000e+00  6.25378065e-08 -7.36686679e-05 
 1.42569001e-08  1.20000000e+00  6.25378161e-08 -5.86488306e-05 
 1.42716220e-08  1.20000000e+00  6.25378166e-08 -8.31840479e-05 
 1.42905258e-08  1.20000000e+00  6.25378170e-08 -8.86363818e-05 
 1.43101017e-08  1.20000000e+00  6.25378241e-08 -1.03344696e-04 
 1.43273878e-08  1.20000000e+00  6.25378164e-08 -7.34291297e-05 
 1.43464776e-08  1.20000000e+00  6.25378097e-08 -5.88907812e-05 
 1.43611995e-08  1.20000000e+00  6.25378125e-08 -8.29387210e-05 
 1.43801032e-08  1.20000000e+00  6.25378056e-08 -8.88839748e-05 
 1.43996792e-08  1.20000000e+00  6.25378039e-08 -1.03094768e-04 
 1.44169654e-08  1.20000000e+00  6.25377974e-08 -7.36815852e-05 
 1.44360553e-08  1.20000000e+00  6.25378047e-08 -5.86360262e-05 
 1.44507772e-08  1.20000000e+00  6.25378198e-08 -8.31966646e-05 
 1.44696809e-08  1.20000000e+00  6.25378119e-08 -8.86238562e-05 
 1.44892568e-08  1.20000000e+00  6.25378039e-08 -1.03357109e-04 
 1.45065430e-08  1.20000000e+00  6.25378061e-08 -7.34168274e-05 
 1.45256328e-08  1.20000000e+00  6.25378128e-08 -5.89029798e-05 
 1.45403547e-08  1.20000000e+00  6.25378160e-08 -8.29266914e-05 
 1.45592584e-08  1.20000000e+00  6.25378103e-08 -8.88959192e-05 
 1.45788344e-08  1.20000000e+00  6.25378082e-08 -1.03082926e-04 
 1.45961206e-08  1.20000000e+00  6.25378070e-08 -7.36933245e-05 
 1.46152104e-08  1.20000000e+00  6.25378048e-08 -5.86243821e-05 
 1.46299323e-08  1.20000000e+00  6.25378097e-08 -8.32081561e-05 
 1.46488361e-08  1.20000000e+00  6.25378109e-08 -8.86124441e-05 
 1.46684120e-08  1.20000000e+00  6.25378133e-08 -1.03368427e-04 
 1.46856981e-08  1.20000000e+00  6.25378159e-08 -7.34056038e-05 
 1.47047880e-08  1.20000000e+00  6.25378112e-08 -5.89141159e-05 
 1.47195098e-08  1.20000000e+00  6.25378071e-08 -8.29156934e-05 
 1.47384136e-08  1.20000000e+00  6.25378121e-08 -8.89068431e-05 
 1.47579895e-08  1.20000000e+00  6.25378174e-08 -1.03072088e-04 
 1.47752757e-08  1.20000000e+00  6.25378121e-08 -7.37040753e-05 
 1.47943656e-08  1.20000000e+00  6.25378058e-08 -5.86137121e-05 
 1.48090875e-08  1.20000000e+00  6.25378120e-08 -8.32187012e-05 
 1.48279912e-08  1.20000000e+00  6.25378124e-08 -8.86019681e-05 
 1.48475671e-08  1.20000000e+00  6.25378085e-08 -1.03378825e-04 
 1.48648533e-08  1.20000000e+00  6.25378095e-08 -7.33952871e-05 
 1.48839431e-08  1.20000000e+00  6.25378000e-08 -5.89243583e-05 
 1.48986650e-08  1.20000000e+00  6.25378083e-08 -8.29055643e-05 
 1.49175688e-08  1.20000000e+00  6.25378255e-08 -8.89169078e-05 
 1.49371447e-08  1.20000000e+00  6.25378120e-08 -1.03062096e-04 
 1.49544309e-08  1.20000000e+00  6.25378036e-08 -7.37139933e-05 
 1.49735207e-08  1.20000000e+00  6.25378055e-08 -5.86038625e-05 
 1.49882426e-08  1.20000000e+00  6.25378090e-08 -8.32284478e-05 
 1.50071464e-08  1.20000000e+00  6.25378070e-08 -8.85922815e-05 
 1.50267223e-08  1.20000000e+00  6.25378133e-08 -1.03388445e-04 
 1.50440085e-08  1.20000000e+00  6.25378237e-08 -7.33857356e-05 
 1.50630983e-08  1.20000000e+00  6.25378124e-08 -5.89338466e-05 
 1.50778202e-08  1.20000000e+00  6.25378050e-08 -8.28961698e-05 
 1.50967239e-08  1.20000000e+00  6.25378027e-08 -8.89262465e-05 
 1.51162999e-08  1.20000000e+00  6.25378075e-08 -1.03052818e-04 
 1.51335860e-08  1.20000000e+00  6.25378178e-08 -7.37232074e-05 
 1.51526759e-08  1.20000000e+00  6.25378202e-08 -5.85947066e-05 
 1.51673978e-08  1.20000000e+00  6.25378119e-08 -8.32375182e-05 
 1.51863015e-08  1.20000000e+00  6.25378066e-08 -8.85832631e-05 
 1.52058774e-08  1.20000000e+00  6.25378075e-08 -1.03397407e-04 
 1.52231636e-08  1.20000000e+00  6.25378049e-08 -7.33768322e-05 
 1.52422535e-08  1.20000000e+00  6.25378034e-08 -5.89426962e-05 
 1.52569753e-08  1.20000000e+00  6.25378116e-08 -8.28873982e-05 
 1.52758791e-08  1.20000000e+00  6.25378141e-08 -8.89349696e-05 
 1.52954550e-08  1.20000000e+00  6.25378070e-08 -1.03044147e-04 
 1.53127412e-08  1.20000000e+00  6.25378096e-08 -7.37318242e-05 
 1.53318310e-08  1.20000000e+00  6.25378182e-08 -5.85861394e-05 
 1.53465529e-08  1.20000000e+00  6.25378212e-08 -8.32460139e-05 
 1.53654567e-08  1.20000000e+00  6.25378073e-08 -8.85748125e-05 
 1.53850326e-08  1.20000000e+00  6.25378074e-08 -1.03405810e-04 
 1.54023188e-08  1.20000000e+00  6.25378151e-08 -7.33684799e-05 
 1.54214086e-08  1.20000000e+00  6.25378125e-08 -5.89510026e-05 
 1.54361305e-08  1.20000000e+00  6.25378075e-08 -8.28791572e-05 
 1.54550343e-08  1.20000000e+00  6.25378030e-08 -8.89431686e-05 
 1.54746102e-08  1.20000000e+00  6.25378074e-08 -1.03035992e-04 
 1.54918964e-08  1.20000000e+00  6.25378163e-08 -7.37399322e-05 
 1.55109862e-08  1.20000000e+00  6.25378167e-08 -5.85780740e-05 
 1.55257081e-08  1.20000000e+00  6.25378070e-08 -8.32540193e-05 
 1.55446119e-08  1.20000000e+00  6.25378140e-08 -8.85668463e-05 
 1.55641878e-08  1.20000000e+00  6.25378004e-08 -1.03413735e-04 
 1.55814739e-08  1.20000000e+00  6.25378004e-08 -7.33605978e-05 
 1.56005638e-08  1.20000000e+00  6.25378170e-08 -5.89588451e-05 
 1.56152857e-08  1.20000000e+00  6.25378149e-08 -8.28713699e-05 
 1.56341894e-08  1.20000000e+00  6.25378183e-08 -8.89509193e-05 
 1.56537653e-08  1.20000000e+00  6.25378066e-08 -1.03028279e-04 
 1.56710515e-08  1.20000000e+00  6.25378019e-08 -7.37476050e-05 
 1.56901414e-08  1.20000000e+00  6.25378132e-08 -5.85704379e-05 
 1.57048632e-08  1.20000000e+00  6.25378124e-08 -8.32616046e-05 
 1.57237670e-08  1.20000000e+00  6.25378062e-08 -8.85592951e-05 
 1.57433429e-08  1.20000000e+00  6.25378077e-08 -1.03421252e-04 
 1.57606291e-08  1.20000000e+00  6.25378109e-08 -7.33531192e-05 
 1.57797189e-08  1.20000000e+00  6.25378073e-08 -5.89662898e-05 
 1.57944408e-08  1.20000000e+00  6.25378100e-08 -8.28639722e-05 
 1.58133446e-08  1.20000000e+00  6.25378160e-08 -8.89582852e-05 
 1.58329205e-08  1.20000000e+00  6.25378119e-08 -1.03020945e-04 
 1.58502067e-08  1.20000000e+00  6.25378120e-08 -7.37549035e-05 
 1.58692965e-08  1.20000000e+00  6.25378076e-08 -5.85631711e-05 
 1.58840184e-08  1.20000000e+00  6.25378088e-08 -8.32688282e-05 
 1.59029222e-08  1.20000000e+00  6.25378123e-08 -8.85521013e-05 
 1.59224981e-08  1.20000000e+00  6.25378076e-08 -1.03428415e-04 
 1.59397843e-08  1.20000000e+00  6.25378041e-08 -7.33459881e-05 
 1.59588741e-08  1.20000000e+00  6.25378022e-08 -5.89733914e-05 
 1.59735960e-08  1.20000000e+00  6.25378089e-08 -8.28569106e-05 
 1.59924997e-08  1.20000000e+00  6.25378168e-08 -8.89653190e-05 
 1.60120757e-08  1.20000000e+00  6.25378174e-08 -1.03013940e-04 
 1.60293618e-08  1.20000000e+00  6.25378212e-08 -7.37618788e-05 
 1.60484517e-08  1.20000000e+00  6.25378090e-08 -5.85562233e-05 
 1.60631736e-08  1.20000000e+00  6.25378072e-08 -8.32757388e-05 
 1.60820773e-08  1.20000000e+00  6.25378114e-08 -8.85452167e-05 
 1.61016532e-08  1.20000000e+00  6.25378111e-08 -1.03435274e-04 
 1.61189394e-08  1.20000000e+00  6.25378083e-08 -7.33391579e-05 
 1.61380293e-08  1.20000000e+00  6.25378109e-08 -5.89801959e-05 
 1.61527511e-08  1.20000000e+00  6.25378095e-08 -8.28501405e-05 
 1.61716549e-08  1.20000000e+00  6.25378014e-08 -8.89720646e-05 
 1.61912308e-08  1.20000000e+00  6.25378090e-08 -1.03007218e-04 
 1.62085170e-08  1.20000000e+00  6.25378095e-08 -7.37685735e-05 
 1.62276068e-08  1.20000000e+00  6.25378097e-08 -5.85495525e-05 
 1.62423287e-08  1.20000000e+00  6.25378162e-08 -8.32823775e-05 
 1.62612325e-08  1.20000000e+00  6.25378184e-08 -8.85386010e-05 
 1.62808084e-08  1.20000000e+00  6.25378044e-08 -1.03441867e-04 
 1.62980946e-08  1.20000000e+00  6.25377992e-08 -7.33325898e-05 
 1.63171844e-08  1.20000000e+00  6.25378086e-08 -5.89867416e-05 
 1.63319063e-08  1.20000000e+00  6.25378138e-08 -8.28436248e-05 
 1.63508101e-08  1.20000000e+00  6.25378141e-08 -8.89785588e-05 
 1.63703860e-08  1.20000000e+00  6.25378142e-08 -1.03000745e-04 
 1.63876722e-08  1.20000000e+00  6.25378122e-08 -7.37750232e-05 
 1.64067620e-08  1.20000000e+00  6.25378116e-08 -5.85431239e-05 
 1.64214839e-08  1.20000000e+00  6.25378089e-08 -8.32887782e-05 
 1.64403876e-08  1.20000000e+00  6.25378140e-08 -8.85322204e-05 
 1.64599636e-08  1.20000000e+00  6.25378095e-08 -1.03448228e-04 
 1.64772497e-08  1.20000000e+00  6.25378098e-08 -7.33262511e-05 
 1.64963396e-08  1.20000000e+00  6.25378095e-08 -5.89930605e-05 
 1.65110615e-08  1.20000000e+00  6.25378076e-08 -8.28373320e-05 
 1.65299652e-08  1.20000000e+00  6.25378164e-08 -8.89848327e-05 
 1.65495411e-08  1.20000000e+00  6.25378067e-08 -1.02994490e-04 
 1.65668273e-08  1.20000000e+00  6.25378044e-08 -7.37812577e-05 
 1.65859172e-08  1.20000000e+00  6.25378176e-08 -5.85369079e-05 
 1.66006390e-08  1.20000000e+00  6.25378158e-08 -8.32949697e-05 
 1.66195428e-08  1.20000000e+00  6.25378082e-08 -8.85260469e-05 
 1.66391187e-08  1.20000000e+00  6.25378070e-08 -1.03454384e-04 
 1.66564049e-08  1.20000000e+00  6.25378166e-08 -7.33201146e-05 
 1.66754947e-08  1.20000000e+00  6.25378227e-08 -5.89991796e-05 
 1.66902166e-08  1.20000000e+00  6.25378085e-08 -8.28312358e-05 
 1.67091204e-08  1.20000000e+00  6.25378024e-08 -8.89909119e-05 
 1.67286963e-08  1.20000000e+00  6.25378056e-08 -1.02988427e-04 
 1.67459825e-08  1.20000000e+00  6.25378114e-08 -7.37873020e-05 
 1.67650723e-08  1.20000000e+00  6.25378015e-08 -5.85308800e-05 
 1.67797942e-08  1.20000000e+00  6.25377946e-08 -8.33009760e-05 
 1.67986980e-08  1.20000000e+00  6.25378129e-08 -8.85200566e-05 
 1.68182739e-08  1.20000000e+00  6.25378133e-08 -1.03460358e-04 
 1.68355601e-08  1.20000000e+00  6.25378109e-08 -7.33141572e-05 
 1.68546499e-08  1.20000000e+00  6.25378148e-08 -5.90051215e-05 
 1.68693718e-08  1.20000000e+00  6.25378131e-08 -8.28253143e-05 
 1.68882755e-08  1.20000000e+00  6.25378136e-08 -8.89968182e-05 
 1.69078515e-08  1.20000000e+00  6.25378090e-08 -1.02982536e-04 
 1.69251376e-08  1.20000000e+00  6.25378039e-08 -7.37931773e-05 
 1.69442275e-08  1.20000000e+00  6.25378055e-08 -5.85250195e-05 
 1.69589494e-08  1.20000000e+00  6.25378164e-08 -8.33068173e-05 
 1.69778531e-08  1.20000000e+00  6.25378193e-08 -8.85142297e-05 
 1.69974290e-08  1.20000000e+00  6.25378058e-08 -1.03466171e-04 
 1.70147152e-08  1.20000000e+00  6.25378108e-08 -7.33083597e-05 
 1.70338051e-08  1.20000000e+00  6.25378104e-08 -5.90109051e-05 
 1.70485269e-08  1.20000000e+00  6.25377985e-08 -8.28195489e-05 
 1.70674307e-08  1.20000000e+00  6.25378042e-08 -8.90025700e-05 
 1.70870066e-08  1.20000000e+00  6.25378136e-08 -1.02976797e-04 
 1.71042928e-08  1.20000000e+00  6.25378124e-08 -7.37989011e-05 
 1.71233826e-08  1.20000000e+00  6.25378089e-08 -5.85193089e-05 
 1.71381045e-08  1.20000000e+00  6.25378182e-08 -8.33125107e-05 
 1.71570083e-08  1.20000000e+00  6.25378152e-08 -8.85085492e-05 
 1.71765842e-08  1.20000000e+00  6.25378113e-08 -1.03471839e-04 
 1.71938704e-08  1.20000000e+00  6.25378186e-08 -7.33027057e-05 
 1.72129602e-08  1.20000000e+00  6.25378064e-08 -5.90165464e-05 
 1.72276821e-08  1.20000000e+00  6.25378081e-08 -8.28139240e-05 
 1.72465859e-08  1.20000000e+00  6.25378116e-08 -8.90081826e-05 
 1.72661618e-08  1.20000000e+00  6.25378066e-08 -1.02971197e-04 
 1.72834480e-08  1.20000000e+00  6.25378071e-08 -7.38044885e-05 
 1.73025378e-08  1.20000000e+00  6.25378109e-08 -5.85137334e-05 
 1.73172597e-08  1.20000000e+00  6.25377994e-08 -8.33180706e-05 
 1.73361634e-08  1.20000000e+00  6.25378009e-08 -8.85030011e-05 
 1.73557394e-08  1.20000000e+00  6.25378160e-08 -1.03477376e-04 
 1.73730255e-08  1.20000000e+00  6.25378111e-08 -7.32971817e-05 
 1.73921154e-08  1.20000000e+00  6.25378118e-08 -5.90220590e-05 
 1.74068373e-08  1.20000000e+00  6.25378048e-08 -8.28084262e-05 
 1.74257410e-08  1.20000000e+00  6.25378036e-08 -8.90136692e-05 
 1.74453169e-08  1.20000000e+00  6.25378252e-08 -1.02965721e-04 
 1.74626031e-08  1.20000000e+00  6.25378256e-08 -7.38099521e-05 
 1.74816930e-08  1.20000000e+00  6.25378102e-08 -5.85082808e-05 
 1.74964148e-08  1.20000000e+00  6.25378097e-08 -8.33235091e-05 
 1.75153186e-08  1.20000000e+00  6.25378070e-08 -8.84975734e-05 
 1.75348945e-08  1.20000000e+00  6.25378053e-08 -1.03482793e-04 
 1.75521807e-08  1.20000000e+00  6.25378070e-08 -7.32917760e-05 
 1.75712705e-08  1.20000000e+00  6.25378131e-08 -5.90274543e-05 
 1.75859924e-08  1.20000000e+00  6.25378137e-08 -8.28030444e-05 
 1.76048962e-08  1.20000000e+00  6.25378139e-08 -8.90190406e-05 
 1.76244721e-08  1.20000000e+00  6.25378142e-08 -1.02960359e-04 
 1.76417583e-08  1.20000000e+00  6.25378122e-08 -7.38153025e-05 
 1.76608481e-08  1.20000000e+00  6.25378118e-08 -5.85029404e-05 
 1.76755700e-08  1.20000000e+00  6.25378083e-08 -8.33288365e-05 
 1.76944738e-08  1.20000000e+00  6.25378091e-08 -8.84922558e-05 
 1.77140497e-08  1.20000000e+00  6.25378085e-08 -1.03488101e-04 
 1.77313359e-08  1.20000000e+00  6.25378105e-08 -7.32864787e-05 
 1.77504257e-08  1.20000000e+00  6.25378118e-08 -5.90327420e-05 
 1.77651476e-08  1.20000000e+00  6.25378066e-08 -8.27977691e-05 
 1.77840513e-08  1.20000000e+00  6.25378093e-08 -8.90243064e-05 
 1.78036273e-08  1.20000000e+00  6.25378141e-08 -1.02955103e-04 
 1.78209134e-08  1.20000000e+00  6.25378086e-08 -7.38205488e-05 
 1.78400033e-08  1.20000000e+00  6.25378032e-08 -5.84977033e-05 
 1.78547252e-08  1.20000000e+00  6.25378098e-08 -8.33340616e-05 
 1.78736289e-08  1.20000000e+00  6.25378156e-08 -8.84870399e-05 
 1.78932048e-08  1.20000000e+00  6.25378125e-08 -1.03493308e-04 
 1.79104910e-08  1.20000000e+00  6.25378138e-08 -7.32812814e-05 
 1.79295809e-08  1.20000000e+00  6.25378077e-08 -5.90379304e-05 
 1.79443027e-08  1.20000000e+00  6.25378046e-08 -8.27925923e-05 
 1.79632065e-08  1.20000000e+00  6.25378076e-08 -8.90294744e-05 
 1.79827824e-08  1.20000000e+00  6.25378089e-08 -1.02949943e-04 
 1.80000686e-08  1.20000000e+00  6.25378138e-08 -7.38256987e-05 
 1.80191584e-08  1.20000000e+00  6.25378103e-08 -5.84925620e-05 
 1.80338803e-08  1.20000000e+00  6.25378056e-08 -8.33391918e-05 
 1.80527841e-08  1.20000000e+00  6.25378110e-08 -8.84819182e-05 
 1.80723600e-08  1.20000000e+00  6.25378144e-08 -1.03498422e-04 
 1.80896462e-08  1.20000000e+00  6.25378130e-08 -7.32761772e-05 
 1.81087360e-08  1.20000000e+00  6.25378083e-08 -5.90430263e-05 
 1.81234579e-08  1.20000000e+00  6.25378128e-08 -8.27875070e-05 
 1.81423617e-08  1.20000000e+00  6.25378119e-08 -8.90345514e-05 
 1.81619376e-08  1.20000000e+00  6.25377969e-08 -1.02944874e-04 
 1.81792238e-08  1.20000000e+00  6.25378033e-08 -7.38307589e-05 
 1.81983136e-08  1.20000000e+00  6.25378202e-08 -5.84875099e-05 
 1.82130355e-08  1.20000000e+00  6.25378207e-08 -8.33442335e-05 
 1.82319392e-08  1.20000000e+00  6.25378097e-08 -8.84768844e-05 
 1.82515152e-08  1.20000000e+00  6.25378035e-08 -1.03503448e-04 
 1.82688013e-08  1.20000000e+00  6.25378044e-08 -7.32711598e-05 
 1.82878912e-08  1.20000000e+00  6.25378079e-08 -5.90480359e-05 
 1.83026131e-08  1.20000000e+00  6.25378119e-08 -8.27825075e-05 
 1.83215168e-08  1.20000000e+00  6.25378112e-08 -8.90395432e-05 
 1.83410927e-08  1.20000000e+00  6.25378124e-08 -1.02939890e-04 
 1.83583789e-08  1.20000000e+00  6.25378105e-08 -7.38357348e-05 
 1.83774688e-08  1.20000000e+00  6.25378039e-08 -5.84825415e-05 
 1.83921906e-08  1.20000000e+00  6.25378110e-08 -8.33491922e-05 
 1.84110944e-08  1.20000000e+00  6.25378227e-08 -8.84719333e-05 
 1.84306703e-08  1.20000000e+00  6.25378186e-08 -1.03508392e-04 
 1.84479565e-08  1.20000000e+00  6.25378047e-08 -7.32662241e-05 
 1.84670463e-08  1.20000000e+00  6.25377988e-08 -5.90529643e-05 
 1.84817682e-08  1.20000000e+00  6.25378082e-08 -8.27775887e-05 
 1.85006720e-08  1.20000000e+00  6.25378188e-08 -8.90444547e-05 
 1.85202479e-08  1.20000000e+00  6.25378134e-08 -1.02934985e-04 
 1.85375341e-08  1.20000000e+00  6.25378038e-08 -7.38406314e-05 
 1.85566239e-08  1.20000000e+00  6.25378052e-08 -5.84776521e-05 
 1.85713458e-08  1.20000000e+00  6.25378144e-08 -8.33540724e-05 
 1.85902496e-08  1.20000000e+00  6.25378219e-08 -8.84670603e-05 
 1.86098255e-08  1.20000000e+00  6.25378111e-08 -1.03513258e-04 
 1.86271117e-08  1.20000000e+00  6.25378065e-08 -7.32613656e-05 
 1.86462015e-08  1.20000000e+00  6.25378103e-08 -5.90578158e-05 
 1.86609234e-08  1.20000000e+00  6.25378068e-08 -8.27727462e-05 
 1.86798271e-08  1.20000000e+00  6.25378023e-08 -8.90492903e-05 
 1.86994031e-08  1.20000000e+00  6.25377963e-08 -1.02930157e-04 
 1.87166892e-08  1.20000000e+00  6.25378075e-08 -7.38454527e-05 
 1.87357791e-08  1.20000000e+00  6.25378157e-08 -5.84728376e-05 
 1.87505010e-08  1.20000000e+00  6.25378126e-08 -8.33588781e-05 
 1.87694047e-08  1.20000000e+00  6.25378199e-08 -8.84622613e-05 
 1.87889806e-08  1.20000000e+00  6.25378145e-08 -1.03518051e-04 
 1.88062668e-08  1.20000000e+00  6.25378064e-08 -7.32565805e-05 
 1.88253567e-08  1.20000000e+00  6.25378095e-08 -5.90625942e-05 
 1.88400785e-08  1.20000000e+00  6.25378140e-08 -8.27679763e-05 
 1.88589823e-08  1.20000000e+00  6.25378080e-08 -8.90540535e-05 
 1.88785582e-08  1.20000000e+00  6.25378126e-08 -1.02925400e-04 
 1.88958444e-08  1.20000000e+00  6.25378099e-08 -7.38502024e-05 
 1.89149342e-08  1.20000000e+00  6.25378021e-08 -5.84680944e-05 
 1.89296561e-08  1.20000000e+00  6.25378013e-08 -8.33636129e-05 
 1.89485599e-08  1.20000000e+00  6.25378083e-08 -8.84575330e-05 
 1.89681358e-08  1.20000000e+00  6.25378211e-08 -1.03522773e-04 
 1.89854220e-08  1.20000000e+00  6.25378175e-08 -7.32518655e-05 
 1.90045118e-08  1.20000000e+00  6.25378162e-08 -5.90673029e-05 
 1.90192337e-08  1.20000000e+00  6.25378045e-08 -8.27632758e-05 
 1.90381375e-08  1.20000000e+00  6.25378072e-08 -8.90587476e-05 
 1.90577134e-08  1.20000000e+00  6.25378156e-08 -1.02920712e-04 
 1.90749996e-08  1.20000000e+00  6.25378142e-08 -7.38548835e-05 
 1.90940894e-08  1.20000000e+00  6.25378101e-08 -5.84634194e-05 
 1.91088113e-08  1.20000000e+00  6.25378032e-08 -8.33682798e-05 
 1.91277150e-08  1.20000000e+00  6.25378058e-08 -8.84528724e-05 
 1.91472910e-08  1.20000000e+00  6.25378159e-08 -1.03527427e-04 
 1.91645771e-08  1.20000000e+00  6.25378140e-08 -7.32472176e-05 
 1.91836670e-08  1.20000000e+00  6.25377988e-08 -5.90719447e-05 
 1.91983889e-08  1.20000000e+00  6.25378055e-08 -8.27586419e-05 
 1.92172926e-08  1.20000000e+00  6.25378173e-08 -8.90633754e-05 
 1.92368685e-08  1.20000000e+00  6.25378167e-08 -1.02916090e-04 
 1.92541547e-08  1.20000000e+00  6.25378167e-08 -7.38594987e-05 
 1.92732446e-08  1.20000000e+00  6.25378169e-08 -5.84588102e-05 
 1.92879664e-08  1.20000000e+00  6.25378106e-08 -8.33728813e-05 
 1.93068702e-08  1.20000000e+00  6.25378022e-08 -8.84482768e-05 
 1.93264461e-08  1.20000000e+00  6.25378034e-08 -1.03532017e-04 
 1.93437323e-08  1.20000000e+00  6.25378177e-08 -7.32426344e-05 
 1.93628221e-08  1.20000000e+00  6.25378154e-08 -5.90765221e-05 
 1.93775440e-08  1.20000000e+00  6.25378054e-08 -8.27540722e-05 
 1.93964478e-08  1.20000000e+00  6.25378069e-08 -8.90679393e-05 
 1.94160237e-08  1.20000000e+00  6.25378109e-08 -1.02911532e-04 
 1.94333099e-08  1.20000000e+00  6.25378085e-08 -7.38640505e-05 
 1.94523997e-08  1.20000000e+00  6.25378016e-08 -5.84542642e-05 
 1.94671216e-08  1.20000000e+00  6.25378071e-08 -8.33774198e-05 
 1.94860254e-08  1.20000000e+00  6.25378156e-08 -8.84437441e-05 
 1.95056013e-08  1.20000000e+00  6.25378163e-08 -1.03536544e-04 
 1.95228875e-08  1.20000000e+00  6.25378089e-08 -7.32381135e-05 
 1.95419773e-08  1.20000000e+00  6.25377977e-08 -5.90810372e-05 
 1.95566992e-08  1.20000000e+00  6.25377979e-08 -8.27495644e-05 
 1.95756029e-08  1.20000000e+00  6.25378209e-08 -8.90724414e-05 
 1.95951789e-08  1.20000000e+00  6.25378176e-08 -1.02907035e-04 
 1.96124650e-08  1.20000000e+00  6.25378029e-08 -7.38685409e-05 
 1.96315549e-08  1.20000000e+00  6.25378048e-08 -5.84497794e-05 
 1.96462768e-08  1.20000000e+00  6.25378146e-08 -8.33818974e-05 
 1.96651805e-08  1.20000000e+00  6.25378267e-08 -8.84392723e-05 
 1.96847564e-08  1.20000000e+00  6.25378138e-08 -1.03541011e-04 
 1.97020426e-08  1.20000000e+00  6.25378073e-08 -7.32336532e-05 
 1.97211325e-08  1.20000000e+00  6.25378125e-08 -5.90854920e-05 
 1.97358543e-08  1.20000000e+00  6.25378163e-08 -8.27451167e-05 
 1.97547581e-08  1.20000000e+00  6.25378086e-08 -8.90768835e-05 
 1.97743340e-08  1.20000000e+00  6.25378088e-08 -1.02902598e-04 
 1.97916202e-08  1.20000000e+00  6.25378050e-08 -7.38729717e-05 
 1.98107100e-08  1.20000000e+00  6.25378028e-08 -5.84453541e-05 
 1.98254319e-08  1.20000000e+00  6.25378129e-08 -8.33863156e-05 
 1.98443357e-08  1.20000000e+00  6.25378157e-08 -8.84348594e-05 
 1.98639116e-08  1.20000000e+00  6.25378131e-08 -1.03545418e-04 
 1.98811978e-08  1.20000000e+00  6.25378033e-08 -7.32292516e-05 
 1.99002876e-08  1.20000000e+00  6.25378078e-08 -5.90898882e-05 
 1.99150095e-08  1.20000000e+00  6.25378156e-08 -8.27407274e-05 
 1.99339133e-08  1.20000000e+00  6.25378126e-08 -8.90812674e-05 
 1.99534892e-08  1.20000000e+00  6.25378106e-08 -1.02898220e-04 
 1.99707754e-08  1.20000000e+00  6.25378164e-08 -7.38773445e-05 
 1.99898652e-08  1.20000000e+00  6.25378137e-08 -5.84409866e-05 
 2.00045871e-08  1.20000000e+00  6.25378041e-08 -8.33906763e-05 
 2.00234908e-08  1.20000000e+00  6.25378134e-08 -8.84305041e-05 
 2.00430668e-08  1.20000000e+00  6.25378139e-08 -1.03549768e-04 
 2.00603529e-08  1.20000000e+00  6.25377951e-08 -7.32249072e-05 
 2.00794428e-08  1.20000000e+00  6.25377998e-08 -5.90942274e-05 
 2.00955514e-08  1.20000000e+00  6.25378117e-08 -8.41432163e-05 
 2.01000000e-08  1.20000000e+00  6.25378149e-08 -8.75672101e-05 
 2.01018140e-08  1.17823186e+00  6.25378119e-08 -1.03128228e-04 
 2.01054420e-08  1.13469559e+00  6.25378080e-08 -1.02636824e-04 
 2.01126981e-08  1.04762305e+00  6.25378086e-08 -9.92335826e-05 
 2.01272102e-08  8.73477955e-01  6.25378134e-08 -1.12947317e-04 
 2.01434314e-08  6.78822836e-01  6.25378065e-08 -1.08570426e-04 
 2.01603649e-08  4.75621721e-01  6.25378025e-08 -9.04703819e-05 
 2.01766371e-08  2.80354453e-01  6.25378138e-08 -1.21098747e-04 
 2.01883186e-08  1.40177226e-01  6.25378173e-08 -1.44233131e-04 
 2.02000000e-08  0.00000000e+00  6.25378117e-08 -1.68243019e-04 
 2.02023363e-08  0.00000000e+00  6.25378109e-08 -1.45957695e-04 
 2.02070089e-08  0.00000000e+00  6.25378093e-08 -1.57553978e-04 
 2.02163540e-08  0.00000000e+00  6.25378106e-08 -1.78611651e-04 
 2.02303663e-08  0.00000000e+00  6.25378164e-08 -1.83709517e-04 
 2.02458525e-08  0.00000000e+00  6.25378094e-08 -1.46133289e-04 
 2.02610889e-08  0.00000000e+00  6.25378092e-08 -1.68202456e-04 
 2.02792719e-08  0.00000000e+00  6.25378119e-08 -1.40757000e-04 
 2.02964746e-08  0.00000000e+00  6.25378064e-08 -1.63776748e-04 
 2.03138333e-08  0.00000000e+00  6.25378145e-08 -1.83141173e-04 
 2.03321067e-08  0.00000000e+00  6.25378163e-08 -1.61000342e-04 
 2.03492544e-08  0.00000000e+00  6.25378135e-08 -1.58221326e-04 
 2.03656647e-08  0.00000000e+00  6.25378057e-08 -1.55721475e-04 
 2.03837190e-08  0.00000000e+00  6.25378002e-08 -1.48783151e-04 
 2.03999272e-08  0.00000000e+00  6.25378104e-08 -1.94758192e-04 
 2.04184918e-08  0.00000000e+00  6.25378095e-08 -1.54954952e-04 
 2.04352219e-08  0.00000000e+00  6.25378067e-08 -1.66739165e-04 
 2.04509486e-08  0.00000000e+00  6.25378129e-08 -1.50273324e-04 
 2.04688070e-08  0.00000000e+00  6.25378131e-08 -1.52354541e-04 
 2.04836537e-08  0.00000000e+00  6.25378074e-08 -1.75932036e-04 
 2.05020799e-08  0.00000000e+00  6.25378079e-08 -1.78622162e-04 
 2.05200245e-08  0.00000000e+00  6.25378186e-08 -1.51562683e-04 
 2.05360684e-08  0.00000000e+00  6.25378218e-08 -1.66475528e-04 
 2.05545583e-08  0.00000000e+00  6.25378160e-08 -1.38075858e-04 
 2.05707040e-08  0.00000000e+00  6.25378101e-08 -1.81196965e-04 
 2.05885275e-08  0.00000000e+00  6.25378037e-08 -1.74228465e-04 
 2.06077306e-08  0.00000000e+00  6.25378070e-08 -1.60241783e-04 
 2.06265855e-08  0.00000000e+00  6.25378007e-08 -1.55845427e-04 
 2.06447019e-08  0.00000000e+00  6.25378071e-08 -1.48714647e-04 
 2.06613715e-08  0.00000000e+00  6.25378228e-08 -1.74172804e-04 
 2.06793603e-08  0.00000000e+00  6.25378156e-08 -1.81139799e-04 
 2.06987139e-08  0.00000000e+00  6.25378015e-08 -1.51222380e-04 
 2.07160777e-08  0.00000000e+00  6.25378080e-08 -1.65816656e-04 
 2.07344944e-08  0.00000000e+00  6.25378152e-08 -1.38837865e-04 
 2.07508368e-08  0.00000000e+00  6.25378121e-08 -1.84105503e-04 
 2.07687043e-08  0.00000000e+00  6.25378124e-08 -1.71360278e-04 
 2.07880793e-08  0.00000000e+00  6.25378076e-08 -1.60880706e-04 
 2.08054018e-08  0.00000000e+00  6.25378074e-08 -1.56346877e-04 
 2.08238208e-08  0.00000000e+00  6.25378076e-08 -1.48433766e-04 
 2.08401785e-08  0.00000000e+00  6.25378102e-08 -1.74241719e-04 
 2.08580450e-08  0.00000000e+00  6.25378131e-08 -1.81064980e-04 
 2.08774550e-08  0.00000000e+00  6.25378154e-08 -1.51228806e-04 
 2.08948229e-08  0.00000000e+00  6.25378151e-08 -1.66030625e-04 
 2.09132444e-08  0.00000000e+00  6.25378111e-08 -1.38937321e-04 
 2.09296215e-08  0.00000000e+00  6.25378063e-08 -1.83674448e-04 
 2.09474951e-08  0.00000000e+00  6.25378037e-08 -1.71567144e-04 
 2.09668893e-08  0.00000000e+00  6.25378123e-08 -1.60543139e-04 
 2.09842271e-08  0.00000000e+00  6.25378126e-08 -1.56902199e-04 
 2.10026467e-08  0.00000000e+00  6.25378065e-08 -1.48169897e-04 
 2.10190195e-08  0.00000000e+00  6.25378042e-08 -1.74354904e-04 
 2.10368960e-08  0.00000000e+00  6.25378089e-08 -1.80745423e-04 
 2.10562871e-08  0.00000000e+00  6.25378143e-08 -1.51322261e-04 
 2.10736239e-08  0.00000000e+00  6.25378114e-08 -1.66204347e-04 
 2.10920439e-08  0.00000000e+00  6.25378094e-08 -1.39044898e-04 
 2.11084249e-08  0.00000000e+00  6.25378112e-08 -1.83332942e-04 
 2.11263064e-08  0.00000000e+00  6.25378103e-08 -1.71694681e-04 
 2.11456957e-08  0.00000000e+00  6.25378084e-08 -1.60259215e-04 
 2.11630283e-08  0.00000000e+00  6.25378102e-08 -1.57412579e-04 
 2.11814484e-08  0.00000000e+00  6.25378089e-08 -1.47945426e-04 
 2.11978347e-08  0.00000000e+00  6.25378060e-08 -1.74370765e-04 
 2.12157208e-08  0.00000000e+00  6.25378103e-08 -1.80527602e-04 
 2.12351054e-08  0.00000000e+00  6.25378106e-08 -1.51362321e-04 
 2.12524303e-08  0.00000000e+00  6.25378177e-08 -1.66395146e-04 
 2.12708504e-08  0.00000000e+00  6.25378130e-08 -1.39123528e-04 
 2.12872412e-08  0.00000000e+00  6.25378089e-08 -1.83065669e-04 
 2.13051318e-08  0.00000000e+00  6.25378139e-08 -1.71758630e-04 
 2.13245130e-08  0.00000000e+00  6.25378057e-08 -1.60026354e-04 
 2.13418328e-08  0.00000000e+00  6.25378139e-08 -1.57863069e-04 
 2.13602530e-08  0.00000000e+00  6.25378096e-08 -1.47764653e-04 
 2.13766492e-08  0.00000000e+00  6.25378001e-08 -1.74357834e-04 
 2.13945445e-08  0.00000000e+00  6.25378063e-08 -1.80347050e-04 
 2.14139221e-08  0.00000000e+00  6.25378087e-08 -1.51375999e-04 
 2.14312360e-08  0.00000000e+00  6.25378006e-08 -1.66594825e-04 
 2.14496563e-08  0.00000000e+00  6.25378040e-08 -1.39181901e-04 
 2.14660574e-08  0.00000000e+00  6.25378194e-08 -1.82829765e-04 
 2.14839574e-08  0.00000000e+00  6.25378241e-08 -1.71801273e-04 
 2.15033312e-08  0.00000000e+00  6.25378167e-08 -1.59822689e-04 
 2.15206392e-08  0.00000000e+00  6.25378093e-08 -1.58268813e-04 
 2.15390596e-08  0.00000000e+00  6.25378075e-08 -1.47613989e-04 
 2.15554656e-08  0.00000000e+00  6.25378092e-08 -1.74333728e-04 
 2.15733702e-08  0.00000000e+00  6.25378087e-08 -1.80186394e-04 
 2.15927404e-08  0.00000000e+00  6.25378107e-08 -1.51376462e-04 
 2.16100429e-08  0.00000000e+00  6.25378133e-08 -1.66792443e-04 
 2.16284633e-08  0.00000000e+00  6.25378136e-08 -1.39229539e-04 
 2.16448742e-08  0.00000000e+00  6.25378150e-08 -1.82617782e-04 
 2.16627834e-08  0.00000000e+00  6.25378075e-08 -1.71830210e-04 
 2.16821500e-08  0.00000000e+00  6.25378124e-08 -1.59640082e-04 
 2.16994468e-08  0.00000000e+00  6.25378171e-08 -1.58639390e-04 
 2.17178673e-08  0.00000000e+00  6.25378094e-08 -1.47484475e-04 
 2.17342829e-08  0.00000000e+00  6.25378056e-08 -1.74303365e-04 
 2.17521968e-08  0.00000000e+00  6.25378067e-08 -1.80040921e-04 
 2.17715598e-08  0.00000000e+00  6.25378093e-08 -1.51369803e-04 
 2.17888510e-08  0.00000000e+00  6.25378110e-08 -1.66982457e-04 
 2.18072716e-08  0.00000000e+00  6.25378116e-08 -1.39271843e-04 
 2.18236919e-08  0.00000000e+00  6.25378124e-08 -1.82424434e-04 
 2.18416103e-08  0.00000000e+00  6.25378109e-08 -1.71850550e-04 
 2.18609697e-08  0.00000000e+00  6.25378002e-08 -1.59473190e-04 
 2.18782554e-08  0.00000000e+00  6.25378078e-08 -1.58981074e-04 
 2.18966761e-08  0.00000000e+00  6.25378182e-08 -1.47370108e-04 
 2.19131010e-08  0.00000000e+00  6.25378126e-08 -1.74271394e-04 
 2.19310240e-08  0.00000000e+00  6.25378085e-08 -1.79906145e-04 
 2.19503799e-08  0.00000000e+00  6.25378096e-08 -1.51360526e-04 
 2.19676602e-08  0.00000000e+00  6.25378121e-08 -1.67161435e-04 
 2.19860810e-08  0.00000000e+00  6.25378102e-08 -1.39312333e-04 
 2.20025104e-08  0.00000000e+00  6.25378102e-08 -1.82245175e-04 
 2.20204378e-08  0.00000000e+00  6.25378148e-08 -1.71866586e-04 
 2.20397902e-08  0.00000000e+00  6.25378115e-08 -1.59317963e-04 
 2.20570652e-08  0.00000000e+00  6.25378008e-08 -1.59298623e-04 
 2.20754861e-08  0.00000000e+00  6.25378052e-08 -1.47266517e-04 
 2.20919199e-08  0.00000000e+00  6.25378100e-08 -1.74241098e-04 
 2.21098517e-08  0.00000000e+00  6.25378102e-08 -1.79778788e-04 
 2.21292007e-08  0.00000000e+00  6.25378186e-08 -1.51351736e-04 
 2.21464705e-08  0.00000000e+00  6.25378048e-08 -1.67327292e-04 
 2.21648915e-08  0.00000000e+00  6.25377959e-08 -1.39353289e-04 
 2.21813296e-08  0.00000000e+00  6.25378093e-08 -1.82076819e-04 
 2.21992657e-08  0.00000000e+00  6.25378185e-08 -1.71881225e-04 
 2.22186114e-08  0.00000000e+00  6.25378181e-08 -1.59171558e-04 
 2.22358760e-08  0.00000000e+00  6.25378113e-08 -1.59595619e-04 
 2.22542972e-08  0.00000000e+00  6.25378079e-08 -1.47170570e-04 
 2.22707394e-08  0.00000000e+00  6.25378142e-08 -1.74214529e-04 
 2.22886798e-08  0.00000000e+00  6.25378111e-08 -1.79656687e-04 
 2.23080222e-08  0.00000000e+00  6.25378135e-08 -1.51345426e-04 
 2.23252818e-08  0.00000000e+00  6.25378160e-08 -1.67478961e-04 
 2.23437031e-08  0.00000000e+00  6.25377970e-08 -1.39396086e-04 
 2.23601494e-08  0.00000000e+00  6.25378017e-08 -1.81917142e-04 
 2.23780940e-08  0.00000000e+00  6.25378184e-08 -1.71896380e-04 
 2.23974332e-08  0.00000000e+00  6.25378084e-08 -1.59032008e-04 
 2.24146879e-08  0.00000000e+00  6.25378016e-08 -1.59874771e-04 
 2.24331093e-08  0.00000000e+00  6.25378175e-08 -1.47080049e-04 
 2.24495596e-08  0.00000000e+00  6.25378189e-08 -1.74192912e-04 
 2.24675083e-08  0.00000000e+00  6.25378070e-08 -1.79538421e-04 
 2.24868443e-08  0.00000000e+00  6.25378093e-08 -1.51342806e-04 
 2.25040942e-08  0.00000000e+00  6.25378089e-08 -1.67616085e-04 
 2.25225157e-08  0.00000000e+00  6.25378130e-08 -1.39441468e-04 
 2.25389698e-08  0.00000000e+00  6.25378136e-08 -1.81764575e-04 
 2.25569226e-08  0.00000000e+00  6.25378123e-08 -1.71913275e-04 
 2.25762555e-08  0.00000000e+00  6.25378089e-08 -1.58897956e-04 
 2.25935007e-08  0.00000000e+00  6.25378102e-08 -1.60138157e-04 
 2.26119224e-08  0.00000000e+00  6.25378095e-08 -1.46993395e-04 
 2.26283803e-08  0.00000000e+00  6.25378150e-08 -1.74176899e-04 
 2.26463370e-08  0.00000000e+00  6.25378199e-08 -1.79423073e-04 
 2.26656669e-08  0.00000000e+00  6.25378082e-08 -1.51344546e-04 
 2.26829075e-08  0.00000000e+00  6.25378045e-08 -1.67738793e-04 
 2.27013293e-08  0.00000000e+00  6.25377999e-08 -1.39489760e-04 
 2.27177908e-08  0.00000000e+00  6.25378003e-08 -1.81618019e-04 
 2.27357514e-08  0.00000000e+00  6.25378050e-08 -1.71932649e-04 
 2.27550784e-08  0.00000000e+00  6.25378094e-08 -1.58768471e-04 
 2.27723145e-08  0.00000000e+00  6.25378061e-08 -1.60387398e-04 
 2.27907364e-08  0.00000000e+00  6.25378009e-08 -1.46909528e-04 
 2.28072015e-08  0.00000000e+00  6.25378111e-08 -1.74166747e-04 
 2.28251659e-08  0.00000000e+00  6.25378220e-08 -1.79310083e-04 
 2.28444899e-08  0.00000000e+00  6.25378211e-08 -1.51350934e-04 
 2.28617217e-08  0.00000000e+00  6.25378132e-08 -1.67847533e-04 
 2.28801437e-08  0.00000000e+00  6.25378098e-08 -1.39541002e-04 
 2.28966123e-08  0.00000000e+00  6.25378102e-08 -1.81476703e-04 
 2.29145804e-08  0.00000000e+00  6.25378104e-08 -1.71954893e-04 
 2.29339016e-08  0.00000000e+00  6.25378066e-08 -1.58642926e-04 
 2.29511291e-08  0.00000000e+00  6.25378004e-08 -1.60623785e-04 
 2.29695513e-08  0.00000000e+00  6.25377990e-08 -1.46827707e-04 
 2.29860233e-08  0.00000000e+00  6.25378096e-08 -1.74162440e-04 
 2.30039949e-08  0.00000000e+00  6.25378253e-08 -1.79199126e-04 
 2.30233134e-08  0.00000000e+00  6.25378244e-08 -1.51362005e-04 
 2.30405367e-08  0.00000000e+00  6.25378154e-08 -1.67942958e-04 
 2.30589590e-08  0.00000000e+00  6.25378112e-08 -1.39595057e-04 
 2.30754343e-08  0.00000000e+00  6.25378140e-08 -1.81340082e-04 
 2.30934095e-08  0.00000000e+00  6.25378063e-08 -1.71980167e-04 
 2.31127253e-08  0.00000000e+00  6.25378063e-08 -1.58520896e-04 
 2.31299446e-08  0.00000000e+00  6.25378108e-08 -1.60848367e-04 
 2.31483670e-08  0.00000000e+00  6.25378097e-08 -1.46747436e-04 
 2.31648454e-08  0.00000000e+00  6.25378127e-08 -1.74163785e-04 
 2.31828240e-08  0.00000000e+00  6.25378072e-08 -1.79090034e-04 
 2.32021372e-08  0.00000000e+00  6.25378129e-08 -1.51377621e-04 
 2.32193526e-08  0.00000000e+00  6.25378187e-08 -1.68025842e-04 
 2.32377751e-08  0.00000000e+00  6.25378122e-08 -1.39651683e-04 
 2.32542567e-08  0.00000000e+00  6.25378083e-08 -1.81207768e-04 
 2.32722386e-08  0.00000000e+00  6.25378054e-08 -1.72008466e-04 
 2.32915493e-08  0.00000000e+00  6.25378104e-08 -1.58402097e-04 
 2.33087608e-08  0.00000000e+00  6.25378070e-08 -1.61062021e-04 
 2.33271835e-08  0.00000000e+00  6.25378025e-08 -1.46668391e-04 
 2.33436680e-08  0.00000000e+00  6.25378088e-08 -1.74170480e-04 
 2.33616532e-08  0.00000000e+00  6.25378056e-08 -1.78982738e-04 
 2.33809614e-08  0.00000000e+00  6.25378049e-08 -1.51397542e-04 
 2.33981692e-08  0.00000000e+00  6.25378241e-08 -1.68097017e-04 
 2.34165920e-08  0.00000000e+00  6.25378125e-08 -1.39710577e-04 
 2.34330794e-08  0.00000000e+00  6.25378025e-08 -1.81079482e-04 
 2.34510678e-08  0.00000000e+00  6.25378068e-08 -1.72039684e-04 
 2.34703736e-08  0.00000000e+00  6.25378059e-08 -1.58286338e-04 
 2.34875778e-08  0.00000000e+00  6.25378168e-08 -1.61265495e-04 
 2.35060007e-08  0.00000000e+00  6.25378129e-08 -1.46590370e-04 
 2.35224910e-08  0.00000000e+00  6.25378134e-08 -1.74182155e-04 
 2.35404824e-08  0.00000000e+00  6.25378218e-08 -1.78877232e-04 
 2.35597859e-08  0.00000000e+00  6.25378116e-08 -1.51421462e-04 
 2.35769866e-08  0.00000000e+00  6.25378024e-08 -1.68157339e-04 
 2.35954096e-08  0.00000000e+00  6.25378021e-08 -1.39771416e-04 
 2.36119026e-08  0.00000000e+00  6.25378056e-08 -1.80955014e-04 
 2.36298970e-08  0.00000000e+00  6.25378092e-08 -1.72073645e-04 
 2.36491982e-08  0.00000000e+00  6.25378115e-08 -1.58173488e-04 
 2.36663955e-08  0.00000000e+00  6.25378101e-08 -1.61459441e-04 
 2.36848186e-08  0.00000000e+00  6.25378059e-08 -1.46513252e-04 
 2.37013143e-08  0.00000000e+00  6.25378162e-08 -1.74198413e-04 
 2.37193115e-08  0.00000000e+00  6.25378114e-08 -1.78773539e-04 
 2.37386106e-08  0.00000000e+00  6.25378023e-08 -1.51449044e-04 
 2.37558046e-08  0.00000000e+00  6.25378130e-08 -1.68207654e-04 
 2.37742278e-08  0.00000000e+00  6.25378205e-08 -1.39833872e-04 
 2.37907260e-08  0.00000000e+00  6.25378154e-08 -1.80834198e-04 
 2.38087261e-08  0.00000000e+00  6.25378134e-08 -1.72110139e-04 
 2.38280230e-08  0.00000000e+00  6.25378115e-08 -1.58063453e-04 
 2.38452139e-08  0.00000000e+00  6.25378076e-08 -1.61644440e-04 
 2.38636372e-08  0.00000000e+00  6.25378079e-08 -1.46436972e-04 
 2.38801379e-08  0.00000000e+00  6.25378095e-08 -1.74218842e-04 
 2.38981407e-08  0.00000000e+00  6.25378127e-08 -1.78671703e-04 
 2.39174355e-08  0.00000000e+00  6.25378064e-08 -1.51479939e-04 
 2.39346233e-08  0.00000000e+00  6.25378072e-08 -1.68248782e-04 
 2.39530467e-08  0.00000000e+00  6.25378172e-08 -1.39897630e-04 
 2.39695498e-08  0.00000000e+00  6.25378137e-08 -1.80716900e-04 
 2.39875552e-08  0.00000000e+00  6.25378099e-08 -1.72148934e-04 
 2.40068481e-08  0.00000000e+00  6.25378093e-08 -1.57956161e-04 
 2.40240329e-08  0.00000000e+00  6.25378076e-08 -1.61821016e-04 
 2.40424564e-08  0.00000000e+00  6.25378113e-08 -1.46361503e-04 
 2.40589618e-08  0.00000000e+00  6.25378033e-08 -1.74243041e-04 
 2.40769698e-08  0.00000000e+00  6.25378099e-08 -1.78571766e-04 
 2.40962607e-08  0.00000000e+00  6.25378192e-08 -1.51513805e-04 
 2.41134426e-08  0.00000000e+00  6.25378090e-08 -1.68281507e-04 
 2.41318662e-08  0.00000000e+00  6.25378032e-08 -1.39962395e-04 
 2.41483738e-08  0.00000000e+00  6.25378099e-08 -1.80603003e-04 
 2.41663843e-08  0.00000000e+00  6.25378182e-08 -1.72189793e-04 
 2.41856734e-08  0.00000000e+00  6.25378197e-08 -1.57851554e-04 
 2.42028524e-08  0.00000000e+00  6.25378107e-08 -1.61989653e-04 
 2.42212762e-08  0.00000000e+00  6.25378023e-08 -1.46286842e-04 
 2.42377860e-08  0.00000000e+00  6.25378033e-08 -1.74270619e-04 
 2.42557989e-08  0.00000000e+00  6.25378022e-08 -1.78473770e-04 
 2.42750861e-08  0.00000000e+00  6.25378084e-08 -1.51550307e-04 
 2.42922624e-08  0.00000000e+00  6.25378165e-08 -1.68306567e-04 
 2.43106863e-08  0.00000000e+00  6.25378124e-08 -1.40027899e-04 
 2.43271981e-08  0.00000000e+00  6.25378008e-08 -1.80492401e-04 
 2.43452134e-08  0.00000000e+00  6.25378086e-08 -1.72232483e-04 
 2.43644989e-08  0.00000000e+00  6.25378160e-08 -1.57749576e-04 
 2.43816726e-08  0.00000000e+00  6.25378086e-08 -1.62150797e-04 
 2.44000965e-08  0.00000000e+00  6.25378187e-08 -1.46212999e-04 
 2.44166104e-08  0.00000000e+00  6.25378183e-08 -1.74301208e-04 
 2.44346279e-08  0.00000000e+00  6.25378139e-08 -1.78377748e-04 
 2.44539117e-08  0.00000000e+00  6.25378074e-08 -1.51589133e-04 
 2.44710828e-08  0.00000000e+00  6.25377977e-08 -1.68324653e-04 
 2.44895069e-08  0.00000000e+00  6.25378037e-08 -1.40093899e-04 
 2.45060227e-08  0.00000000e+00  6.25378111e-08 -1.80384994e-04 
 2.45240423e-08  0.00000000e+00  6.25378149e-08 -1.72276779e-04 
 2.45433245e-08  0.00000000e+00  6.25378148e-08 -1.57650175e-04 
 2.45604932e-08  0.00000000e+00  6.25378145e-08 -1.62304865e-04 
 2.45789173e-08  0.00000000e+00  6.25378100e-08 -1.46139993e-04 
 2.45954350e-08  0.00000000e+00  6.25378125e-08 -1.74334467e-04 
 2.46134568e-08  0.00000000e+00  6.25378168e-08 -1.78283724e-04 
 2.46327374e-08  0.00000000e+00  6.25378095e-08 -1.51629989e-04 
 2.46499037e-08  0.00000000e+00  6.25378063e-08 -1.68336408e-04 
 2.46683279e-08  0.00000000e+00  6.25378055e-08 -1.40160179e-04 
 2.46848474e-08  0.00000000e+00  6.25378088e-08 -1.80280683e-04 
 2.47028712e-08  0.00000000e+00  6.25378170e-08 -1.72322467e-04 
 2.47221503e-08  0.00000000e+00  6.25378125e-08 -1.57553299e-04 
 2.47393143e-08  0.00000000e+00  6.25378068e-08 -1.62452250e-04 
 2.47577386e-08  0.00000000e+00  6.25378067e-08 -1.46067845e-04 
 2.47742617e-08  0.00000000e+00  6.25378123e-08 -1.74374324e-04 
 2.47922866e-08  0.00000000e+00  6.25378196e-08 -1.78189834e-04 
 2.48115647e-08  0.00000000e+00  6.25378080e-08 -1.51673715e-04 
 2.48287261e-08  0.00000000e+00  6.25377933e-08 -1.68341489e-04 
 2.48471502e-08  0.00000000e+00  6.25378037e-08 -1.40226517e-04 
 2.48636787e-08  0.00000000e+00  6.25378116e-08 -1.80194667e-04 
 2.48817032e-08  0.00000000e+00  6.25378158e-08 -1.72362593e-04 
 2.49009810e-08  0.00000000e+00  6.25378178e-08 -1.57462967e-04 
 2.49181390e-08  0.00000000e+00  6.25378057e-08 -1.62589924e-04 
 2.49365627e-08  0.00000000e+00  6.25377993e-08 -1.45996794e-04 
 2.49530957e-08  0.00000000e+00  6.25378172e-08 -1.74433522e-04 
 2.49711196e-08  0.00000000e+00  6.25378233e-08 -1.78091011e-04 
 2.49903968e-08  0.00000000e+00  6.25378075e-08 -1.51723446e-04 
 2.50075516e-08  0.00000000e+00  6.25378053e-08 -1.68337362e-04 
 2.50259749e-08  0.00000000e+00  6.25378099e-08 -1.40293403e-04 
 2.50425123e-08  0.00000000e+00  6.25378108e-08 -1.80115891e-04 
 2.50605356e-08  0.00000000e+00  6.25378044e-08 -1.72403861e-04 
 2.50798125e-08  0.00000000e+00  6.25378100e-08 -1.57375881e-04 
 2.50969645e-08  0.00000000e+00  6.25378119e-08 -1.62719818e-04 
 2.51153874e-08  0.00000000e+00  6.25378088e-08 -1.45926853e-04 
 2.51319290e-08  0.00000000e+00  6.25378107e-08 -1.74491739e-04 
 2.51499519e-08  0.00000000e+00  6.25378133e-08 -1.77997193e-04 
 2.51692285e-08  0.00000000e+00  6.25378152e-08 -1.51773866e-04 
 2.51863776e-08  0.00000000e+00  6.25378108e-08 -1.68327508e-04 
 2.52048002e-08  0.00000000e+00  6.25378087e-08 -1.40359903e-04 
 2.52213457e-08  0.00000000e+00  6.25378088e-08 -1.80038852e-04 
 2.52393681e-08  0.00000000e+00  6.25378031e-08 -1.72447016e-04 
 2.52586444e-08  0.00000000e+00  6.25378043e-08 -1.57291458e-04 
 2.52757909e-08  0.00000000e+00  6.25378100e-08 -1.62842687e-04 
 2.52942131e-08  0.00000000e+00  6.25378136e-08 -1.45857858e-04 
 2.53107624e-08  0.00000000e+00  6.25378147e-08 -1.74550518e-04 
 2.53287844e-08  0.00000000e+00  6.25378179e-08 -1.77906378e-04 
 2.53480603e-08  0.00000000e+00  6.25378163e-08 -1.51825508e-04 
 2.53652043e-08  0.00000000e+00  6.25378153e-08 -1.68312381e-04 
 2.53836262e-08  0.00000000e+00  6.25378143e-08 -1.40426025e-04 
 2.54001791e-08  0.00000000e+00  6.25377996e-08 -1.79963269e-04 
 2.54182007e-08  0.00000000e+00  6.25378074e-08 -1.72492064e-04 
 2.54374762e-08  0.00000000e+00  6.25378088e-08 -1.57209348e-04 
 2.54546179e-08  0.00000000e+00  6.25378000e-08 -1.62959285e-04 
 2.54730395e-08  0.00000000e+00  6.25378128e-08 -1.45789753e-04 
 2.54895957e-08  0.00000000e+00  6.25378137e-08 -1.74609564e-04 
 2.55076169e-08  0.00000000e+00  6.25378119e-08 -1.77818486e-04 
 2.55268922e-08  0.00000000e+00  6.25378114e-08 -1.51878115e-04 
 2.55440317e-08  0.00000000e+00  6.25378155e-08 -1.68292603e-04 
 2.55624529e-08  0.00000000e+00  6.25378173e-08 -1.40491677e-04 
 2.55790124e-08  0.00000000e+00  6.25378090e-08 -1.79889219e-04 
 2.55970332e-08  0.00000000e+00  6.25378056e-08 -1.72538603e-04 
 2.56163082e-08  0.00000000e+00  6.25378069e-08 -1.57129469e-04 
 2.56334455e-08  0.00000000e+00  6.25378099e-08 -1.63070138e-04 
 2.56518665e-08  0.00000000e+00  6.25378155e-08 -1.45722553e-04 
 2.56684290e-08  0.00000000e+00  6.25378136e-08 -1.74668690e-04 
 2.56864495e-08  0.00000000e+00  6.25378004e-08 -1.77733395e-04 
 2.57057243e-08  0.00000000e+00  6.25378079e-08 -1.51931446e-04 
 2.57228595e-08  0.00000000e+00  6.25378168e-08 -1.68268781e-04 
 2.57412803e-08  0.00000000e+00  6.25378061e-08 -1.40556767e-04 
 2.57578456e-08  0.00000000e+00  6.25378127e-08 -1.79816672e-04 
 2.57758658e-08  0.00000000e+00  6.25378200e-08 -1.72586366e-04 
 2.57951403e-08  0.00000000e+00  6.25378044e-08 -1.57051714e-04 
 2.58122737e-08  0.00000000e+00  6.25378032e-08 -1.63175714e-04 
 2.58306941e-08  0.00000000e+00  6.25378136e-08 -1.45656269e-04 
 2.58472622e-08  0.00000000e+00  6.25378132e-08 -1.74727771e-04 
 2.58652821e-08  0.00000000e+00  6.25378055e-08 -1.77650944e-04 
 2.58845564e-08  0.00000000e+00  6.25378038e-08 -1.51985306e-04 
 2.59016879e-08  0.00000000e+00  6.25378111e-08 -1.68241450e-04 
 2.59201081e-08  0.00000000e+00  6.25378148e-08 -1.40621222e-04 
 2.59366788e-08  0.00000000e+00  6.25378134e-08 -1.79745587e-04 
 2.59546985e-08  0.00000000e+00  6.25378045e-08 -1.72635124e-04 
 2.59739724e-08  0.00000000e+00  6.25378091e-08 -1.56975979e-04 
 2.59911023e-08  0.00000000e+00  6.25378187e-08 -1.63276439e-04 
 2.60095223e-08  0.00000000e+00  6.25378105e-08 -1.45590907e-04 
 2.60260954e-08  0.00000000e+00  6.25378068e-08 -1.74786701e-04 
 2.60441148e-08  0.00000000e+00  6.25378040e-08 -1.77570986e-04 
 2.60633885e-08  0.00000000e+00  6.25378151e-08 -1.52039529e-04 
 2.60805167e-08  0.00000000e+00  6.25378120e-08 -1.68211080e-04 
 2.60989365e-08  0.00000000e+00  6.25378043e-08 -1.40684983e-04 
 2.61155120e-08  0.00000000e+00  6.25378113e-08 -1.79675927e-04 
 2.61335311e-08  0.00000000e+00  6.25378084e-08 -1.72684673e-04 
 2.61528047e-08  0.00000000e+00  6.25378081e-08 -1.56902167e-04 
 2.61699313e-08  0.00000000e+00  6.25378120e-08 -1.63372701e-04 
 2.61883509e-08  0.00000000e+00  6.25378119e-08 -1.45526476e-04 
 2.62049285e-08  0.00000000e+00  6.25378093e-08 -1.74845383e-04 
 2.62229475e-08  0.00000000e+00  6.25378094e-08 -1.77493382e-04 
 2.62422208e-08  0.00000000e+00  6.25378086e-08 -1.52093967e-04 
 2.62593459e-08  0.00000000e+00  6.25378171e-08 -1.68178094e-04 
 2.62777653e-08  0.00000000e+00  6.25378164e-08 -1.40748004e-04 
 2.62943451e-08  0.00000000e+00  6.25378121e-08 -1.79607655e-04 
 2.63123638e-08  0.00000000e+00  6.25378129e-08 -1.72734830e-04 
 2.63316369e-08  0.00000000e+00  6.25378072e-08 -1.56830188e-04 
 2.63487607e-08  0.00000000e+00  6.25378012e-08 -1.63464848e-04 
 2.63671799e-08  0.00000000e+00  6.25378084e-08 -1.45462978e-04 
 2.63837616e-08  0.00000000e+00  6.25378091e-08 -1.74903737e-04 
 2.64017801e-08  0.00000000e+00  6.25378063e-08 -1.77418006e-04 
 2.64210531e-08  0.00000000e+00  6.25378090e-08 -1.52148490e-04 
 2.64381755e-08  0.00000000e+00  6.25378156e-08 -1.68142863e-04 
 2.64565946e-08  0.00000000e+00  6.25378166e-08 -1.40810246e-04 
 2.64731782e-08  0.00000000e+00  6.25378126e-08 -1.79540735e-04 
 2.64911965e-08  0.00000000e+00  6.25378108e-08 -1.72785436e-04 
 2.65104693e-08  0.00000000e+00  6.25378118e-08 -1.56759958e-04 
 2.65275904e-08  0.00000000e+00  6.25378145e-08 -1.63553196e-04 
 2.65460093e-08  0.00000000e+00  6.25378107e-08 -1.45400415e-04 
 2.65625947e-08  0.00000000e+00  6.25378098e-08 -1.74961694e-04 
 2.65806128e-08  0.00000000e+00  6.25378004e-08 -1.77344738e-04 
 2.65998854e-08  0.00000000e+00  6.25377986e-08 -1.52202987e-04 
 2.66170054e-08  0.00000000e+00  6.25378185e-08 -1.68105720e-04 
 2.66354241e-08  0.00000000e+00  6.25378224e-08 -1.40871683e-04 
 2.66520112e-08  0.00000000e+00  6.25378124e-08 -1.79475129e-04 
 2.66700292e-08  0.00000000e+00  6.25378093e-08 -1.72836346e-04 
 2.66893016e-08  0.00000000e+00  6.25378025e-08 -1.56691401e-04 
 2.67064205e-08  0.00000000e+00  6.25378012e-08 -1.63638031e-04 
 2.67248391e-08  0.00000000e+00  6.25378032e-08 -1.45338788e-04 
 2.67414278e-08  0.00000000e+00  6.25378108e-08 -1.75019192e-04 
 2.67594455e-08  0.00000000e+00  6.25378121e-08 -1.77273469e-04 
 2.67787178e-08  0.00000000e+00  6.25378081e-08 -1.52257360e-04 
 2.67958356e-08  0.00000000e+00  6.25378114e-08 -1.68066959e-04 
 2.68142540e-08  0.00000000e+00  6.25378110e-08 -1.40932291e-04 
 2.68308443e-08  0.00000000e+00  6.25378172e-08 -1.79410805e-04 
 2.68488619e-08  0.00000000e+00  6.25378207e-08 -1.72887436e-04 
 2.68681340e-08  0.00000000e+00  6.25378095e-08 -1.56624443e-04 
 2.68852508e-08  0.00000000e+00  6.25377997e-08 -1.63719613e-04 
 2.69036691e-08  0.00000000e+00  6.25378021e-08 -1.45278095e-04 
 2.69202608e-08  0.00000000e+00  6.25378143e-08 -1.75076183e-04 
 2.69382783e-08  0.00000000e+00  6.25378172e-08 -1.77204094e-04 
 2.69575503e-08  0.00000000e+00  6.25378121e-08 -1.52311523e-04 
 2.69746660e-08  0.00000000e+00  6.25378098e-08 -1.68026841e-04 
 2.69930842e-08  0.00000000e+00  6.25378083e-08 -1.40992054e-04 
 2.70096773e-08  0.00000000e+00  6.25378101e-08 -1.79347726e-04 
 2.70276946e-08  0.00000000e+00  6.25378138e-08 -1.72938595e-04 
 2.70469665e-08  0.00000000e+00  6.25378133e-08 -1.56559017e-04 
 2.70640813e-08  0.00000000e+00  6.25378145e-08 -1.63798177e-04 
 2.70824994e-08  0.00000000e+00  6.25378113e-08 -1.45218332e-04 
 2.70990938e-08  0.00000000e+00  6.25378041e-08 -1.75132621e-04 
 2.71171110e-08  0.00000000e+00  6.25378041e-08 -1.77136520e-04 
 2.71363827e-08  0.00000000e+00  6.25378063e-08 -1.52365405e-04 
 2.71534967e-08  0.00000000e+00  6.25378134e-08 -1.67985597e-04 
 2.71719147e-08  0.00000000e+00  6.25378117e-08 -1.41050963e-04 
 2.71885102e-08  0.00000000e+00  6.25378083e-08 -1.79285861e-04 
 2.72065274e-08  0.00000000e+00  6.25378102e-08 -1.72989725e-04 
 2.72257990e-08  0.00000000e+00  6.25378075e-08 -1.56495060e-04 
 2.72429121e-08  0.00000000e+00  6.25378135e-08 -1.63873937e-04 
 2.72613300e-08  0.00000000e+00  6.25378140e-08 -1.45159494e-04 
 2.72779267e-08  0.00000000e+00  6.25378155e-08 -1.75188472e-04 
 2.72959437e-08  0.00000000e+00  6.25378167e-08 -1.77070657e-04 
 2.73152152e-08  0.00000000e+00  6.25378100e-08 -1.52418941e-04 
 2.73323276e-08  0.00000000e+00  6.25378042e-08 -1.67943433e-04 
 2.73507454e-08  0.00000000e+00  6.25378108e-08 -1.41109010e-04 
 2.73673432e-08  0.00000000e+00  6.25378113e-08 -1.79225176e-04 
 2.73853601e-08  0.00000000e+00  6.25378007e-08 -1.73040740e-04 
 2.74046315e-08  0.00000000e+00  6.25378044e-08 -1.56432514e-04 
 2.74217431e-08  0.00000000e+00  6.25378154e-08 -1.63947088e-04 
 2.74401608e-08  0.00000000e+00  6.25378175e-08 -1.45101576e-04 
 2.74567597e-08  0.00000000e+00  6.25378133e-08 -1.75243706e-04 
 2.74747765e-08  0.00000000e+00  6.25378085e-08 -1.77006423e-04 
 2.74940478e-08  0.00000000e+00  6.25378089e-08 -1.52472077e-04 
 2.75111587e-08  0.00000000e+00  6.25378121e-08 -1.67900533e-04 
 2.75295763e-08  0.00000000e+00  6.25378164e-08 -1.41166191e-04 
 2.75461762e-08  0.00000000e+00  6.25378135e-08 -1.79165641e-04 
 2.75641928e-08  0.00000000e+00  6.25378067e-08 -1.73091566e-04 
 2.75834641e-08  0.00000000e+00  6.25378087e-08 -1.56371322e-04 
 2.76005743e-08  0.00000000e+00  6.25378090e-08 -1.64017806e-04 
 2.76189918e-08  0.00000000e+00  6.25378091e-08 -1.45044570e-04 
 2.76355926e-08  0.00000000e+00  6.25378045e-08 -1.75298296e-04 
 2.76536092e-08  0.00000000e+00  6.25378074e-08 -1.76943742e-04 
 2.76728803e-08  0.00000000e+00  6.25378079e-08 -1.52524767e-04 
 2.76899899e-08  0.00000000e+00  6.25378136e-08 -1.67857056e-04 
 2.77084074e-08  0.00000000e+00  6.25378131e-08 -1.41222506e-04 
 2.77250091e-08  0.00000000e+00  6.25378146e-08 -1.79107226e-04 
 2.77430256e-08  0.00000000e+00  6.25378098e-08 -1.73142137e-04 
 2.77622966e-08  0.00000000e+00  6.25378006e-08 -1.56311434e-04 
 2.77794056e-08  0.00000000e+00  6.25378117e-08 -1.64086252e-04 
 2.77978230e-08  0.00000000e+00  6.25378107e-08 -1.44988468e-04 
 2.78144255e-08  0.00000000e+00  6.25378131e-08 -1.75352224e-04 
 2.78324420e-08  0.00000000e+00  6.25378168e-08 -1.76882543e-04 
 2.78517129e-08  0.00000000e+00  6.25378082e-08 -1.52576970e-04 
 2.78688213e-08  0.00000000e+00  6.25378092e-08 -1.67813146e-04 
 2.78872386e-08  0.00000000e+00  6.25378028e-08 -1.41277957e-04 
 2.79038420e-08  0.00000000e+00  6.25377995e-08 -1.79049901e-04 
 2.79218583e-08  0.00000000e+00  6.25378186e-08 -1.73192395e-04 
 2.79411292e-08  0.00000000e+00  6.25378218e-08 -1.56252801e-04 
 2.79582371e-08  0.00000000e+00  6.25378068e-08 -1.64152572e-04 
 2.79766543e-08  0.00000000e+00  6.25378088e-08 -1.44933260e-04 
 2.79932584e-08  0.00000000e+00  6.25378120e-08 -1.75405473e-04 
 2.80112747e-08  0.00000000e+00  6.25378093e-08 -1.76822759e-04 
 2.80305455e-08  0.00000000e+00  6.25378097e-08 -1.52628652e-04 
 2.80476529e-08  0.00000000e+00  6.25378103e-08 -1.67768930e-04 
 2.80660700e-08  0.00000000e+00  6.25378092e-08 -1.41332548e-04 
 2.80826749e-08  0.00000000e+00  6.25378028e-08 -1.78993638e-04 
 2.81006911e-08  0.00000000e+00  6.25378120e-08 -1.73242292e-04 
 2.81199618e-08  0.00000000e+00  6.25378172e-08 -1.56195379e-04 
 2.81370687e-08  0.00000000e+00  6.25378146e-08 -1.64216899e-04 
 2.81554858e-08  0.00000000e+00  6.25378124e-08 -1.44878937e-04 
 2.81720913e-08  0.00000000e+00  6.25378142e-08 -1.75458030e-04 
 2.81901075e-08  0.00000000e+00  6.25378107e-08 -1.76764331e-04 
 2.82093781e-08  0.00000000e+00  6.25378064e-08 -1.52679786e-04 
 2.82264845e-08  0.00000000e+00  6.25378105e-08 -1.67724519e-04 
 2.82449016e-08  0.00000000e+00  6.25378135e-08 -1.41386284e-04 
 2.82615078e-08  0.00000000e+00  6.25378088e-08 -1.78938411e-04 
 2.82795239e-08  0.00000000e+00  6.25378058e-08 -1.73291783e-04 
 2.82987945e-08  0.00000000e+00  6.25378066e-08 -1.56139124e-04 
 2.83159004e-08  0.00000000e+00  6.25378114e-08 -1.64279354e-04 
 2.83343174e-08  0.00000000e+00  6.25378115e-08 -1.44825489e-04 
 2.83509242e-08  0.00000000e+00  6.25378001e-08 -1.75509885e-04 
 2.83689402e-08  0.00000000e+00  6.25378084e-08 -1.76707201e-04 
 2.83882108e-08  0.00000000e+00  6.25378103e-08 -1.52730347e-04 
 2.84053163e-08  0.00000000e+00  6.25378125e-08 -1.67680012e-04 
 2.84237333e-08  0.00000000e+00  6.25378177e-08 -1.41439171e-04 
 2.84403407e-08  0.00000000e+00  6.25378100e-08 -1.78884194e-04 
 2.84583566e-08  0.00000000e+00  6.25378035e-08 -1.73340832e-04 
 2.84776271e-08  0.00000000e+00  6.25378106e-08 -1.56083998e-04 
 2.84947322e-08  0.00000000e+00  6.25378175e-08 -1.64340048e-04 
 2.85131492e-08  0.00000000e+00  6.25378128e-08 -1.44772904e-04 
 2.85297571e-08  0.00000000e+00  6.25378087e-08 -1.75561032e-04 
 2.85477730e-08  0.00000000e+00  6.25378061e-08 -1.76651317e-04 
 2.85670434e-08  0.00000000e+00  6.25378056e-08 -1.52780315e-04 
 2.85841482e-08  0.00000000e+00  6.25378048e-08 -1.67635497e-04 
 2.86025651e-08  0.00000000e+00  6.25378123e-08 -1.41491219e-04 
 2.86191735e-08  0.00000000e+00  6.25378144e-08 -1.78830962e-04 
 2.86371894e-08  0.00000000e+00  6.25378199e-08 -1.73389407e-04 
 2.86564598e-08  0.00000000e+00  6.25378210e-08 -1.56029964e-04 
 2.86735642e-08  0.00000000e+00  6.25378089e-08 -1.64399083e-04 
 2.86919810e-08  0.00000000e+00  6.25378028e-08 -1.44721171e-04 
 2.87085900e-08  0.00000000e+00  6.25378065e-08 -1.75611465e-04 
 2.87266058e-08  0.00000000e+00  6.25378079e-08 -1.76596628e-04 
 2.87458761e-08  0.00000000e+00  6.25378133e-08 -1.52829674e-04 
 2.87629802e-08  0.00000000e+00  6.25378139e-08 -1.67591050e-04 
 2.87813969e-08  0.00000000e+00  6.25378002e-08 -1.41542434e-04 
 2.87980064e-08  0.00000000e+00  6.25377989e-08 -1.78778691e-04 
 2.88160222e-08  0.00000000e+00  6.25378025e-08 -1.73437481e-04 
 2.88352924e-08  0.00000000e+00  6.25378110e-08 -1.55976985e-04 
 2.88523962e-08  0.00000000e+00  6.25378242e-08 -1.64456551e-04 
 2.88708129e-08  0.00000000e+00  6.25378099e-08 -1.44670280e-04 
 2.88874228e-08  0.00000000e+00  6.25378010e-08 -1.75661182e-04 
 2.89054385e-08  0.00000000e+00  6.25378098e-08 -1.76543091e-04 
 2.89247088e-08  0.00000000e+00  6.25378088e-08 -1.52878411e-04 
 2.89418122e-08  0.00000000e+00  6.25378098e-08 -1.67546738e-04 
 2.89602289e-08  0.00000000e+00  6.25378162e-08 -1.41592827e-04 
 2.89768392e-08  0.00000000e+00  6.25378158e-08 -1.78727358e-04 
 2.89948549e-08  0.00000000e+00  6.25378119e-08 -1.73485031e-04 
 2.90141251e-08  0.00000000e+00  6.25378120e-08 -1.55925031e-04 
 2.90312283e-08  0.00000000e+00  6.25378104e-08 -1.64512536e-04 
 2.90496449e-08  0.00000000e+00  6.25378017e-08 -1.44620217e-04 
 2.90662557e-08  0.00000000e+00  6.25377984e-08 -1.75710182e-04 
 2.90842713e-08  0.00000000e+00  6.25378147e-08 -1.76490661e-04 
 2.91035414e-08  0.00000000e+00  6.25378197e-08 -1.52926515e-04 
 2.91206443e-08  0.00000000e+00  6.25378102e-08 -1.67502621e-04 
 2.91390610e-08  0.00000000e+00  6.25378113e-08 -1.41642408e-04 
 2.91556721e-08  0.00000000e+00  6.25378166e-08 -1.78676941e-04 
 2.91736877e-08  0.00000000e+00  6.25378170e-08 -1.73532038e-04 
 2.91929578e-08  0.00000000e+00  6.25378102e-08 -1.55874068e-04 
 2.92100604e-08  0.00000000e+00  6.25378135e-08 -1.64567116e-04 
 2.92284770e-08  0.00000000e+00  6.25378160e-08 -1.44570973e-04 
 2.92450885e-08  0.00000000e+00  6.25378039e-08 -1.75758465e-04 
 2.92631041e-08  0.00000000e+00  6.25377994e-08 -1.76439299e-04 
 2.92823741e-08  0.00000000e+00  6.25378028e-08 -1.52973980e-04 
 2.92994765e-08  0.00000000e+00  6.25378128e-08 -1.67458750e-04 
 2.93178931e-08  0.00000000e+00  6.25378166e-08 -1.41691186e-04 
 2.93345049e-08  0.00000000e+00  6.25378091e-08 -1.78627419e-04 
 2.93525205e-08  0.00000000e+00  6.25378061e-08 -1.73578485e-04 
 2.93717905e-08  0.00000000e+00  6.25378050e-08 -1.55824069e-04 
 2.93888927e-08  0.00000000e+00  6.25378121e-08 -1.64620361e-04 
 2.94073092e-08  0.00000000e+00  6.25378115e-08 -1.44522533e-04 
 2.94239213e-08  0.00000000e+00  6.25378045e-08 -1.75806032e-04 
 2.94419369e-08  0.00000000e+00  6.25378107e-08 -1.76388968e-04 
 2.94612068e-08  0.00000000e+00  6.25378210e-08 -1.53020798e-04 
 2.94783088e-08  0.00000000e+00  6.25378167e-08 -1.67415171e-04 
 2.94967253e-08  0.00000000e+00  6.25378122e-08 -1.41739173e-04 
 2.95133377e-08  0.00000000e+00  6.25378125e-08 -1.78578772e-04 
 2.95313532e-08  0.00000000e+00  6.25378179e-08 -1.73624359e-04 
 2.95506232e-08  0.00000000e+00  6.25378158e-08 -1.55775006e-04 
 2.95677249e-08  0.00000000e+00  6.25378090e-08 -1.64672336e-04 
 2.95861414e-08  0.00000000e+00  6.25378133e-08 -1.44474886e-04 
 2.96027542e-08  0.00000000e+00  6.25378029e-08 -1.75852888e-04 
 2.96207696e-08  0.00000000e+00  6.25377923e-08 -1.76339634e-04 
 2.96400396e-08  0.00000000e+00  6.25378099e-08 -1.53066967e-04 
 2.96571411e-08  0.00000000e+00  6.25378175e-08 -1.67371923e-04 
 2.96755576e-08  0.00000000e+00  6.25378066e-08 -1.41786380e-04 
 2.96921706e-08  0.00000000e+00  6.25378129e-08 -1.78530979e-04 
 2.97101860e-08  0.00000000e+00  6.25378187e-08 -1.73669651e-04 
 2.97294559e-08  0.00000000e+00  6.25378119e-08 -1.55726852e-04 
 2.97465573e-08  0.00000000e+00  6.25378145e-08 -1.64723103e-04 
 2.97649737e-08  0.00000000e+00  6.25378090e-08 -1.44428021e-04 
 2.97815870e-08  0.00000000e+00  6.25377968e-08 -1.75899035e-04 
 2.97996024e-08  0.00000000e+00  6.25378005e-08 -1.76291263e-04 
 2.98188723e-08  0.00000000e+00  6.25378155e-08 -1.53112484e-04 
 2.98359734e-08  0.00000000e+00  6.25378149e-08 -1.67329041e-04 
 2.98543899e-08  0.00000000e+00  6.25378041e-08 -1.41832817e-04 
 2.98710034e-08  0.00000000e+00  6.25378128e-08 -1.78484022e-04 
 2.98890188e-08  0.00000000e+00  6.25378179e-08 -1.73714351e-04 
 2.99082886e-08  0.00000000e+00  6.25378011e-08 -1.55679583e-04 
 2.99253896e-08  0.00000000e+00  6.25378033e-08 -1.64772714e-04 
 2.99438060e-08  0.00000000e+00  6.25378181e-08 -1.44381925e-04 
 2.99604198e-08  0.00000000e+00  6.25378137e-08 -1.75944479e-04 
 2.99784352e-08  0.00000000e+00  6.25378096e-08 -1.76243826e-04 
 2.99892176e-08  0.00000000e+00  6.25378176e-08 -1.54209058e-04 
 3.00000000e-08  3.97046694e-14  6.25378182e-08 -1.61803665e-04 
 3.00021565e-08  2.58777883e-02  6.25378155e-08 -1.39057462e-04 
 3.00064694e-08  7.76333650e-02  6.25378108e-08 -1.41801511e-04 
 3.00150954e-08  1.81144518e-01  6.25378075e-08 -1.34555439e-04 
 3.00303008e-08  3.63609254e-01  6.25378123e-08 -1.17978369e-04 
 3.00465309e-08  5.58370720e-01  6.25378117e-08 -1.43942902e-04 
 3.00627348e-08  7.52817621e-01  6.25378072e-08 -1.79568342e-04 
 3.00813674e-08  9.76408810e-01  6.25378082e-08 -1.78105956e-04 
 3.00906837e-08  1.08820441e+00  6.25378052e-08 -2.01789096e-04 
 3.01000000e-08  1.20000000e+00  6.25378032e-08 -2.36367998e-04 
 3.01018633e-08  1.20000000e+00  6.25378067e-08 -2.47973048e-04 
 3.01055898e-08  1.20000000e+00  6.25378106e-08 -2.43943580e-04 
 3.01130428e-08  1.20000000e+00  6.25378142e-08 -2.21859690e-04 
 3.01264349e-08  1.20000000e+00  6.25378151e-08 -1.95983058e-04 
 3.01406667e-08  1.20000000e+00  6.25378095e-08 -2.42680563e-04 
 3.01556162e-08  1.20000000e+00  6.25378070e-08 -2.59558897e-04 
 3.01739351e-08  1.20000000e+00  6.25378065e-08 -2.42017516e-04 
 3.01900353e-08  1.20000000e+00  6.25378092e-08 -2.68333491e-04 
 3.02080295e-08  1.20000000e+00  6.25378168e-08 -2.17557661e-04 
 3.02250289e-08  1.20000000e+00  6.25378139e-08 -2.25428817e-04 
 3.02432976e-08  1.20000000e+00  6.25378099e-08 -2.66616319e-04 
 3.02599749e-08  1.20000000e+00  6.25378138e-08 -2.39710008e-04 
 3.02791776e-08  1.20000000e+00  6.25378107e-08 -2.71772571e-04 
 3.02972681e-08  1.20000000e+00  6.25378048e-08 -2.16868081e-04 
 3.03156542e-08  1.20000000e+00  6.25378095e-08 -2.32070355e-04 
 3.03323008e-08  1.20000000e+00  6.25378106e-08 -2.64682926e-04 
 3.03500497e-08  1.20000000e+00  6.25378087e-08 -2.41438422e-04 
 3.03685117e-08  1.20000000e+00  6.25378161e-08 -2.69859956e-04 
 3.03864591e-08  1.20000000e+00  6.25378202e-08 -2.19187600e-04 
 3.04047079e-08  1.20000000e+00  6.25378087e-08 -2.29387088e-04 
 3.04233569e-08  1.20000000e+00  6.25378005e-08 -2.64800118e-04 
 3.04401421e-08  1.20000000e+00  6.25377999e-08 -2.39872675e-04 
 3.04573679e-08  1.20000000e+00  6.25378108e-08 -2.72166361e-04 
 3.04757777e-08  1.20000000e+00  6.25378182e-08 -2.17014075e-04 
 3.04931986e-08  1.20000000e+00  6.25378136e-08 -2.29177018e-04 
 3.05097846e-08  1.20000000e+00  6.25378141e-08 -2.64031617e-04 
 3.05273368e-08  1.20000000e+00  6.25378067e-08 -2.42511105e-04 
 3.05455677e-08  1.20000000e+00  6.25378130e-08 -2.67763484e-04 
 3.05641677e-08  1.20000000e+00  6.25378051e-08 -2.24350807e-04 
 3.05822205e-08  1.20000000e+00  6.25377974e-08 -2.23611096e-04 
 3.05986983e-08  1.20000000e+00  6.25378079e-08 -2.68092864e-04 
 3.06165394e-08  1.20000000e+00  6.25378140e-08 -2.38341681e-04 
 3.06344919e-08  1.20000000e+00  6.25378072e-08 -2.71245034e-04 
 3.06534348e-08  1.20000000e+00  6.25378073e-08 -2.21112396e-04 
 3.06712268e-08  1.20000000e+00  6.25378149e-08 -2.26371554e-04 
 3.06876253e-08  1.20000000e+00  6.25378186e-08 -2.64201427e-04 
 3.07055194e-08  1.20000000e+00  6.25378175e-08 -2.42037290e-04 
 3.07233538e-08  1.20000000e+00  6.25378070e-08 -2.66990661e-04 
 3.07425545e-08  1.20000000e+00  6.25378076e-08 -2.25946395e-04 
 3.07601265e-08  1.20000000e+00  6.25378146e-08 -2.21376456e-04 
 3.07764115e-08  1.20000000e+00  6.25378111e-08 -2.67520742e-04 
 3.07943999e-08  1.20000000e+00  6.25378120e-08 -2.38686743e-04 
 3.08120595e-08  1.20000000e+00  6.25378098e-08 -2.69433528e-04 
 3.08294061e-08  1.20000000e+00  6.25378029e-08 -2.31488932e-04 
 3.08474355e-08  1.20000000e+00  6.25378128e-08 -2.18068154e-04 
 3.08637690e-08  1.20000000e+00  6.25378098e-08 -2.64101511e-04 
 3.08818160e-08  1.20000000e+00  6.25378005e-08 -2.42905931e-04 
 3.08990408e-08  1.20000000e+00  6.25378060e-08 -2.62504364e-04 
 3.09157451e-08  1.20000000e+00  6.25378066e-08 -2.45026319e-04 
 3.09336178e-08  1.20000000e+00  6.25378136e-08 -2.08567487e-04 
 3.09524772e-08  1.20000000e+00  6.25378187e-08 -2.66903653e-04 
 3.09695249e-08  1.20000000e+00  6.25378122e-08 -2.41697104e-04 
 3.09875977e-08  1.20000000e+00  6.25378158e-08 -2.64104894e-04 
 3.10042174e-08  1.20000000e+00  6.25378132e-08 -2.45028098e-04 
 3.10222293e-08  1.20000000e+00  6.25378072e-08 -2.10502727e-04 
 3.10405640e-08  1.20000000e+00  6.25378059e-08 -2.62698561e-04 
 3.10576986e-08  1.20000000e+00  6.25378074e-08 -2.46196580e-04 
 3.10755893e-08  1.20000000e+00  6.25378078e-08 -2.58436994e-04 
 3.10918585e-08  1.20000000e+00  6.25378143e-08 -2.53055011e-04 
 3.11099186e-08  1.20000000e+00  6.25378093e-08 -2.06752909e-04 
 3.11276524e-08  1.20000000e+00  6.25378020e-08 -2.60718259e-04 
 3.11448583e-08  1.20000000e+00  6.25378125e-08 -2.48122358e-04 
 3.11627414e-08  1.20000000e+00  6.25378179e-08 -2.55274522e-04 
 3.11785047e-08  1.20000000e+00  6.25378159e-08 -2.58924733e-04 
 3.11965193e-08  1.20000000e+00  6.25378089e-08 -2.09518461e-04 
 3.12136130e-08  1.20000000e+00  6.25378112e-08 -2.48235125e-04 
 3.12307815e-08  1.20000000e+00  6.25378120e-08 -2.57526833e-04 
 3.12486420e-08  1.20000000e+00  6.25378122e-08 -2.45461371e-04 
 3.12639119e-08  1.20000000e+00  6.25378133e-08 -2.69016986e-04 
 3.12821372e-08  1.20000000e+00  6.25378050e-08 -2.12555675e-04 
 3.12986937e-08  1.20000000e+00  6.25378065e-08 -2.34682651e-04 
 3.13162180e-08  1.20000000e+00  6.25378113e-08 -2.61576618e-04 
 3.13331911e-08  1.20000000e+00  6.25378160e-08 -2.43063886e-04 
 3.13502599e-08  1.20000000e+00  6.25378193e-08 -2.67577419e-04 
 3.13685498e-08  1.20000000e+00  6.25378049e-08 -2.23482313e-04 
 3.13865198e-08  1.20000000e+00  6.25377973e-08 -2.25643144e-04 
 3.14049693e-08  1.20000000e+00  6.25378046e-08 -2.65571211e-04 
 3.14218884e-08  1.20000000e+00  6.25378137e-08 -2.39582046e-04 
 3.14411737e-08  1.20000000e+00  6.25378259e-08 -2.70962803e-04 
 3.14589811e-08  1.20000000e+00  6.25378152e-08 -2.17912661e-04 
 3.14779329e-08  1.20000000e+00  6.25377980e-08 -2.35774710e-04 
 3.14959976e-08  1.20000000e+00  6.25378106e-08 -2.60225922e-04 
 3.15131915e-08  1.20000000e+00  6.25378076e-08 -2.43253589e-04 
 3.15299197e-08  1.20000000e+00  6.25378021e-08 -2.68334569e-04 
 3.15480664e-08  1.20000000e+00  6.25378092e-08 -2.20766577e-04 
 3.15656243e-08  1.20000000e+00  6.25378070e-08 -2.28586046e-04 
 3.15836140e-08  1.20000000e+00  6.25378127e-08 -2.63735802e-04 
 3.16005670e-08  1.20000000e+00  6.25378211e-08 -2.40795062e-04 
 3.16199138e-08  1.20000000e+00  6.25378085e-08 -2.69500967e-04 
 3.16374518e-08  1.20000000e+00  6.25378078e-08 -2.20368893e-04 
 3.16566657e-08  1.20000000e+00  6.25378106e-08 -2.34632503e-04 
 3.16744997e-08  1.20000000e+00  6.25378105e-08 -2.61045458e-04 
 3.16918431e-08  1.20000000e+00  6.25378110e-08 -2.42204987e-04 
 3.17085808e-08  1.20000000e+00  6.25378031e-08 -2.69024976e-04 
 3.17266792e-08  1.20000000e+00  6.25378168e-08 -2.20647083e-04 
 3.17444232e-08  1.20000000e+00  6.25378184e-08 -2.29973067e-04 
 3.17622632e-08  1.20000000e+00  6.25378045e-08 -2.62325350e-04 
 3.17793372e-08  1.20000000e+00  6.25378048e-08 -2.41695236e-04 
 3.17986554e-08  1.20000000e+00  6.25378147e-08 -2.68349189e-04 
 3.18161173e-08  1.20000000e+00  6.25378055e-08 -2.21877645e-04 
 3.18353992e-08  1.20000000e+00  6.25378078e-08 -2.34013842e-04 
 3.18530898e-08  1.20000000e+00  6.25378125e-08 -2.61360750e-04 
 3.18705172e-08  1.20000000e+00  6.25378071e-08 -2.41610417e-04 
 3.18872297e-08  1.20000000e+00  6.25378127e-08 -2.69274293e-04 
 3.19052979e-08  1.20000000e+00  6.25378125e-08 -2.20906674e-04 
 3.19232130e-08  1.20000000e+00  6.25378073e-08 -2.30931678e-04 
 3.19409133e-08  1.20000000e+00  6.25378128e-08 -2.61307385e-04 
 3.19581101e-08  1.20000000e+00  6.25378128e-08 -2.42257169e-04 
 3.19773929e-08  1.20000000e+00  6.25378052e-08 -2.67508443e-04 
 3.19947991e-08  1.20000000e+00  6.25378087e-08 -2.23012535e-04 
 3.20141442e-08  1.20000000e+00  6.25378115e-08 -2.33742689e-04 
 3.20317037e-08  1.20000000e+00  6.25378152e-08 -2.61355024e-04 
 3.20492129e-08  1.20000000e+00  6.25378179e-08 -2.41344467e-04 
 3.20659026e-08  1.20000000e+00  6.25378130e-08 -2.69187186e-04 
 3.20839438e-08  1.20000000e+00  6.25378014e-08 -2.21395974e-04 
 3.21020349e-08  1.20000000e+00  6.25378088e-08 -2.31672703e-04 
 3.21195934e-08  1.20000000e+00  6.25378168e-08 -2.60566804e-04 
 3.21369210e-08  1.20000000e+00  6.25378065e-08 -2.42569577e-04 
 3.21561707e-08  1.20000000e+00  6.25378103e-08 -2.66908842e-04 
 3.21735206e-08  1.20000000e+00  6.25378141e-08 -2.23783811e-04 
 3.21909422e-08  1.20000000e+00  6.25378070e-08 -2.28920337e-04 
 3.22092828e-08  1.20000000e+00  6.25378119e-08 -2.61917784e-04 
 3.22259124e-08  1.20000000e+00  6.25378109e-08 -2.41010830e-04 
 3.22430172e-08  1.20000000e+00  6.25378083e-08 -2.67652154e-04 
 3.22614047e-08  1.20000000e+00  6.25378055e-08 -2.26315009e-04 
 3.22799063e-08  1.20000000e+00  6.25378057e-08 -2.28104656e-04 
 3.22980892e-08  1.20000000e+00  6.25378139e-08 -2.61579843e-04 
 3.23155020e-08  1.20000000e+00  6.25378133e-08 -2.41166383e-04 
 3.23347124e-08  1.20000000e+00  6.25378143e-08 -2.68202171e-04 
 3.23523253e-08  1.20000000e+00  6.25378188e-08 -2.22440573e-04 
 3.23716530e-08  1.20000000e+00  6.25378117e-08 -2.35626294e-04 
 3.23891508e-08  1.20000000e+00  6.25378051e-08 -2.59018916e-04 
 3.24067351e-08  1.20000000e+00  6.25378054e-08 -2.42811434e-04 
 3.24232594e-08  1.20000000e+00  6.25378137e-08 -2.67486150e-04 
 3.24412686e-08  1.20000000e+00  6.25378162e-08 -2.23699778e-04 
 3.24594856e-08  1.20000000e+00  6.25378102e-08 -2.31130409e-04 
 3.24768466e-08  1.20000000e+00  6.25378050e-08 -2.60747242e-04 
 3.24943383e-08  1.20000000e+00  6.25378034e-08 -2.41481790e-04 
 3.25115828e-08  1.20000000e+00  6.25378077e-08 -2.66955843e-04 
 3.25297660e-08  1.20000000e+00  6.25378178e-08 -2.26439914e-04 
 3.25485032e-08  1.20000000e+00  6.25378138e-08 -2.29784030e-04 
 3.25662661e-08  1.20000000e+00  6.25378101e-08 -2.60740965e-04 
 3.25838825e-08  1.20000000e+00  6.25378124e-08 -2.41459891e-04 
 3.26030941e-08  1.20000000e+00  6.25378054e-08 -2.67481830e-04 
 3.26204722e-08  1.20000000e+00  6.25378099e-08 -2.23307528e-04 
 3.26376821e-08  1.20000000e+00  6.25378044e-08 -2.30703211e-04 
 3.26559195e-08  1.20000000e+00  6.25378051e-08 -2.59746497e-04 
 3.26725516e-08  1.20000000e+00  6.25378063e-08 -2.41977158e-04 
 3.26894733e-08  1.20000000e+00  6.25378083e-08 -2.65956098e-04 
 3.27078103e-08  1.20000000e+00  6.25378127e-08 -2.29092776e-04 
 3.27264090e-08  1.20000000e+00  6.25378120e-08 -2.27351924e-04 
 3.27444477e-08  1.20000000e+00  6.25378192e-08 -2.61251478e-04 
 3.27620966e-08  1.20000000e+00  6.25378137e-08 -2.40642568e-04 
 3.27811777e-08  1.20000000e+00  6.25378133e-08 -2.67944373e-04 
 3.27988590e-08  1.20000000e+00  6.25378177e-08 -2.23796585e-04 
 3.28162663e-08  1.20000000e+00  6.25378143e-08 -2.31043499e-04 
 3.28346061e-08  1.20000000e+00  6.25378032e-08 -2.58877411e-04 
 3.28513512e-08  1.20000000e+00  6.25378017e-08 -2.42333334e-04 
 3.28682484e-08  1.20000000e+00  6.25378076e-08 -2.65646553e-04 
 3.28865758e-08  1.20000000e+00  6.25378034e-08 -2.29379270e-04 
 3.29052573e-08  1.20000000e+00  6.25378146e-08 -2.27811690e-04 
 3.29231548e-08  1.20000000e+00  6.25378116e-08 -2.61019430e-04 
 3.29408947e-08  1.20000000e+00  6.25377967e-08 -2.40371468e-04 
 3.29600161e-08  1.20000000e+00  6.25378072e-08 -2.68189255e-04 
 3.29775619e-08  1.20000000e+00  6.25378137e-08 -2.23702723e-04 
 3.29948325e-08  1.20000000e+00  6.25378158e-08 -2.31441544e-04 
 3.30131289e-08  1.20000000e+00  6.25378217e-08 -2.58136429e-04 
 3.30298326e-08  1.20000000e+00  6.25378215e-08 -2.42676139e-04 
 3.30466954e-08  1.20000000e+00  6.25378122e-08 -2.64952641e-04 
 3.30650184e-08  1.20000000e+00  6.25377992e-08 -2.30773149e-04 
 3.30836372e-08  1.20000000e+00  6.25378085e-08 -2.26819344e-04 
 3.31016121e-08  1.20000000e+00  6.25378144e-08 -2.61234473e-04 
 3.31193786e-08  1.20000000e+00  6.25377989e-08 -2.39773370e-04 
 3.31384731e-08  1.20000000e+00  6.25378063e-08 -2.68582444e-04 
 3.31560928e-08  1.20000000e+00  6.25378124e-08 -2.23833134e-04 
 3.31733964e-08  1.20000000e+00  6.25378039e-08 -2.31837174e-04 
 3.31917296e-08  1.20000000e+00  6.25378146e-08 -2.57330077e-04 
 3.32084714e-08  1.20000000e+00  6.25378108e-08 -2.43075143e-04 
 3.32253158e-08  1.20000000e+00  6.25378096e-08 -2.64436148e-04 
 3.32436358e-08  1.20000000e+00  6.25378183e-08 -2.31551426e-04 
 3.32622669e-08  1.20000000e+00  6.25378109e-08 -2.26560371e-04 
 3.32802113e-08  1.20000000e+00  6.25378082e-08 -2.61287689e-04 
 3.32980318e-08  1.20000000e+00  6.25378072e-08 -2.39319756e-04 
 3.33171398e-08  1.20000000e+00  6.25378147e-08 -2.68949897e-04 
 3.33347230e-08  1.20000000e+00  6.25378142e-08 -2.23724305e-04 
 3.33519728e-08  1.20000000e+00  6.25378054e-08 -2.32312796e-04 
 3.33702993e-08  1.20000000e+00  6.25378029e-08 -2.56546516e-04 
 3.33870366e-08  1.20000000e+00  6.25378127e-08 -2.43485353e-04 
 3.34038518e-08  1.20000000e+00  6.25378146e-08 -2.63817610e-04 
 3.34221674e-08  1.20000000e+00  6.25378077e-08 -2.32603265e-04 
 3.34407739e-08  1.20000000e+00  6.25378127e-08 -2.25926786e-04 
 3.34587409e-08  1.20000000e+00  6.25378135e-08 -2.61477797e-04 
 3.34766023e-08  1.20000000e+00  6.25378153e-08 -2.38772081e-04 
 3.34957006e-08  1.20000000e+00  6.25378104e-08 -2.69362214e-04 
 3.35133059e-08  1.20000000e+00  6.25378076e-08 -2.23649257e-04 
 3.35305483e-08  1.20000000e+00  6.25378086e-08 -2.32790150e-04 
 3.35488895e-08  1.20000000e+00  6.25378101e-08 -2.55759529e-04 
 3.35656458e-08  1.20000000e+00  6.25378075e-08 -2.43918039e-04 
 3.35824397e-08  1.20000000e+00  6.25378059e-08 -2.63255356e-04 
 3.36007520e-08  1.20000000e+00  6.25378087e-08 -2.33453727e-04 
 3.36193552e-08  1.20000000e+00  6.25378122e-08 -2.25497656e-04 
 3.36373150e-08  1.20000000e+00  6.25378142e-08 -2.61642789e-04 
 3.36552214e-08  1.20000000e+00  6.25378142e-08 -2.38265557e-04 
 3.36743233e-08  1.20000000e+00  6.25378119e-08 -2.69778599e-04 
 3.36919184e-08  1.20000000e+00  6.25378059e-08 -2.23478040e-04 
 3.37091302e-08  1.20000000e+00  6.25378036e-08 -2.33299282e-04 
 3.37274733e-08  1.20000000e+00  6.25378136e-08 -2.54988946e-04 
 3.37442354e-08  1.20000000e+00  6.25378236e-08 -2.44358674e-04 
 3.37610050e-08  1.20000000e+00  6.25378071e-08 -2.62668851e-04 
 3.37793137e-08  1.20000000e+00  6.25377957e-08 -2.34360445e-04 
 3.37979034e-08  1.20000000e+00  6.25378041e-08 -2.24965431e-04 
 3.38158712e-08  1.20000000e+00  6.25378115e-08 -2.61861121e-04 
 3.38338182e-08  1.20000000e+00  6.25378221e-08 -2.37731449e-04 
 3.38529168e-08  1.20000000e+00  6.25378237e-08 -2.70214846e-04 
 3.38705187e-08  1.20000000e+00  6.25378093e-08 -2.23291742e-04 
 3.38877140e-08  1.20000000e+00  6.25377989e-08 -2.33814621e-04 
 3.39060648e-08  1.20000000e+00  6.25378022e-08 -2.54228047e-04 
 3.39228394e-08  1.20000000e+00  6.25378110e-08 -2.44810441e-04 
 3.39395877e-08  1.20000000e+00  6.25378223e-08 -2.62105172e-04 
 3.39578933e-08  1.20000000e+00  6.25378235e-08 -2.35186066e-04 
 3.39764759e-08  1.20000000e+00  6.25378010e-08 -2.24492643e-04 
 3.39944427e-08  1.20000000e+00  6.25377986e-08 -2.62087695e-04 
 3.40124294e-08  1.20000000e+00  6.25378063e-08 -2.37209957e-04 
 3.40315288e-08  1.20000000e+00  6.25378091e-08 -2.70658537e-04 
 3.40491280e-08  1.20000000e+00  6.25378136e-08 -2.23058060e-04 
 3.40663014e-08  1.20000000e+00  6.25378125e-08 -2.34341469e-04 
 3.40846560e-08  1.20000000e+00  6.25378124e-08 -2.53483649e-04 
 3.41014389e-08  1.20000000e+00  6.25378110e-08 -2.45267374e-04 
 3.41181657e-08  1.20000000e+00  6.25378095e-08 -2.61540035e-04 
 3.41364682e-08  1.20000000e+00  6.25378149e-08 -2.36007443e-04 
 3.41550411e-08  1.20000000e+00  6.25378156e-08 -2.23991884e-04 
 3.41730112e-08  1.20000000e+00  6.25378085e-08 -2.62342907e-04 
 3.41910349e-08  1.20000000e+00  6.25378103e-08 -2.36681602e-04 
 3.42101332e-08  1.20000000e+00  6.25378142e-08 -2.71112412e-04 
 3.42277346e-08  1.20000000e+00  6.25378146e-08 -2.22801836e-04 
 3.42448912e-08  1.20000000e+00  6.25378061e-08 -2.34871783e-04 
 3.42632510e-08  1.20000000e+00  6.25378075e-08 -2.52753790e-04 
 3.42800438e-08  1.20000000e+00  6.25378102e-08 -2.45730439e-04 
 3.42967509e-08  1.20000000e+00  6.25378042e-08 -2.60986922e-04 
 3.43150505e-08  1.20000000e+00  6.25378082e-08 -2.36785492e-04 
 3.43336160e-08  1.20000000e+00  6.25378157e-08 -2.23510095e-04 
 3.43515868e-08  1.20000000e+00  6.25378130e-08 -2.62613059e-04 
 3.43696454e-08  1.20000000e+00  6.25378076e-08 -2.36158272e-04 
 3.43887441e-08  1.20000000e+00  6.25378130e-08 -2.71573077e-04 
 3.44063447e-08  1.20000000e+00  6.25378131e-08 -2.22515263e-04 
 3.44234837e-08  1.20000000e+00  6.25378115e-08 -2.35406659e-04 
 3.44418473e-08  1.20000000e+00  6.25378203e-08 -2.52039465e-04 
 3.44586482e-08  1.20000000e+00  6.25378059e-08 -2.46197437e-04 
 3.44753362e-08  1.20000000e+00  6.25377967e-08 -2.60437769e-04 
 3.44936331e-08  1.20000000e+00  6.25378031e-08 -2.37546164e-04 
 3.45121907e-08  1.20000000e+00  6.25378099e-08 -2.23019698e-04 
 3.45301633e-08  1.20000000e+00  6.25378168e-08 -2.62903597e-04 
 3.45482545e-08  1.20000000e+00  6.25378092e-08 -2.35633542e-04 
 3.45673531e-08  1.20000000e+00  6.25378102e-08 -2.72040839e-04 
 3.45849543e-08  1.20000000e+00  6.25378133e-08 -2.22207905e-04 
 3.46020783e-08  1.20000000e+00  6.25378078e-08 -2.35942809e-04 
 3.46204460e-08  1.20000000e+00  6.25378120e-08 -2.51339553e-04 
 3.46372552e-08  1.20000000e+00  6.25378179e-08 -2.46668563e-04 
 3.46539253e-08  1.20000000e+00  6.25378027e-08 -2.59896324e-04 
 3.46722197e-08  1.20000000e+00  6.25377988e-08 -2.38278548e-04 
 3.46907703e-08  1.20000000e+00  6.25378102e-08 -2.22534936e-04 
 3.47087440e-08  1.20000000e+00  6.25378101e-08 -2.63209693e-04 
 3.47268654e-08  1.20000000e+00  6.25378079e-08 -2.35111041e-04 
 3.47459646e-08  1.20000000e+00  6.25378101e-08 -2.72514436e-04 
 3.47635655e-08  1.20000000e+00  6.25378181e-08 -2.21878631e-04 
 3.47806750e-08  1.20000000e+00  6.25378194e-08 -2.36480300e-04 
 3.47990461e-08  1.20000000e+00  6.25378067e-08 -2.50653636e-04 
 3.48158627e-08  1.20000000e+00  6.25378033e-08 -2.47142976e-04 
 3.48325158e-08  1.20000000e+00  6.25378129e-08 -2.59359379e-04 
 3.48508078e-08  1.20000000e+00  6.25378080e-08 -2.38992660e-04 
 3.48693515e-08  1.20000000e+00  6.25378090e-08 -2.22046541e-04 
 3.48873267e-08  1.20000000e+00  6.25378190e-08 -2.63532472e-04 
 3.49054761e-08  1.20000000e+00  6.25378153e-08 -2.34588438e-04 
 3.49245759e-08  1.20000000e+00  6.25378113e-08 -2.72993701e-04 
 3.49421767e-08  1.20000000e+00  6.25378103e-08 -2.21531687e-04 
 3.49592736e-08  1.20000000e+00  6.25378101e-08 -2.37017868e-04 
 3.49776480e-08  1.20000000e+00  6.25378088e-08 -2.49980667e-04 
 3.49944715e-08  1.20000000e+00  6.25378098e-08 -2.47620709e-04 
 3.50111087e-08  1.20000000e+00  6.25378126e-08 -2.58827637e-04 
 3.50293985e-08  1.20000000e+00  6.25378103e-08 -2.39686263e-04 
 3.50479358e-08  1.20000000e+00  6.25378063e-08 -2.21558809e-04 
 3.50659122e-08  1.20000000e+00  6.25378043e-08 -2.63869849e-04 
 3.50840876e-08  1.20000000e+00  6.25378116e-08 -2.34066730e-04 
 3.51031883e-08  1.20000000e+00  6.25378140e-08 -2.73478043e-04 
 3.51207887e-08  1.20000000e+00  6.25378186e-08 -2.21167711e-04 
 3.51378737e-08  1.20000000e+00  6.25378122e-08 -2.37555440e-04 
 3.51562513e-08  1.20000000e+00  6.25378036e-08 -2.49319817e-04 
 3.51730810e-08  1.20000000e+00  6.25378075e-08 -2.48101429e-04 
 3.51897031e-08  1.20000000e+00  6.25378021e-08 -2.58299543e-04 
 3.52079909e-08  1.20000000e+00  6.25378083e-08 -2.40363944e-04 
 3.52265220e-08  1.20000000e+00  6.25378159e-08 -2.21068434e-04 
 3.52444999e-08  1.20000000e+00  6.25378071e-08 -2.64221657e-04 
 3.52626991e-08  1.20000000e+00  6.25378118e-08 -2.33544948e-04 
 3.52818008e-08  1.20000000e+00  6.25378195e-08 -2.73967217e-04 
 3.52994009e-08  1.20000000e+00  6.25378140e-08 -2.20788980e-04 
 3.53164753e-08  1.20000000e+00  6.25378119e-08 -2.38092563e-04 
 3.53348558e-08  1.20000000e+00  6.25378089e-08 -2.48670092e-04 
 3.53516914e-08  1.20000000e+00  6.25378084e-08 -2.48585120e-04 
 3.53682993e-08  1.20000000e+00  6.25378060e-08 -2.57774905e-04 
 3.53865853e-08  1.20000000e+00  6.25378127e-08 -2.41026040e-04 
 3.54051105e-08  1.20000000e+00  6.25378144e-08 -2.20576670e-04 
 3.54230898e-08  1.20000000e+00  6.25378046e-08 -2.64586700e-04 
 3.54413109e-08  1.20000000e+00  6.25378024e-08 -2.33023277e-04 
 3.54604138e-08  1.20000000e+00  6.25378142e-08 -2.74460857e-04 
 3.54780134e-08  1.20000000e+00  6.25378187e-08 -2.20396486e-04 
 3.54950782e-08  1.20000000e+00  6.25378126e-08 -2.38629213e-04 
 3.55134615e-08  1.20000000e+00  6.25378103e-08 -2.48030602e-04 
 3.55303023e-08  1.20000000e+00  6.25378087e-08 -2.49071628e-04 
 3.55468969e-08  1.20000000e+00  6.25378097e-08 -2.57252820e-04 
 3.55651812e-08  1.20000000e+00  6.25378023e-08 -2.41675084e-04 
 3.55837008e-08  1.20000000e+00  6.25377994e-08 -2.20082290e-04 
 3.56016817e-08  1.20000000e+00  6.25378146e-08 -2.64964423e-04 
 3.56199228e-08  1.20000000e+00  6.25378128e-08 -2.32501262e-04 
 3.56390269e-08  1.20000000e+00  6.25378117e-08 -2.74958710e-04 
 3.56566261e-08  1.20000000e+00  6.25378125e-08 -2.19991688e-04 
 3.56736822e-08  1.20000000e+00  6.25378077e-08 -2.39165265e-04 
 3.56920681e-08  1.20000000e+00  6.25378104e-08 -2.47400451e-04 
 3.57089137e-08  1.20000000e+00  6.25378119e-08 -2.49560908e-04 
 3.57254959e-08  1.20000000e+00  6.25378182e-08 -2.56732903e-04 
 3.57437786e-08  1.20000000e+00  6.25378120e-08 -2.42312046e-04 
 3.57622929e-08  1.20000000e+00  6.25378090e-08 -2.19585656e-04 
 3.57802754e-08  1.20000000e+00  6.25378038e-08 -2.65353942e-04 
 3.57985347e-08  1.20000000e+00  6.25378049e-08 -2.31978870e-04 
 3.58176404e-08  1.20000000e+00  6.25378150e-08 -2.75460487e-04 
 3.58352388e-08  1.20000000e+00  6.25378081e-08 -2.19575546e-04 
 3.58522872e-08  1.20000000e+00  6.25378095e-08 -2.39700752e-04 
 3.58706757e-08  1.20000000e+00  6.25378008e-08 -2.46778820e-04 
 3.58875257e-08  1.20000000e+00  6.25377976e-08 -2.50052855e-04 
 3.59040962e-08  1.20000000e+00  6.25378054e-08 -2.56214570e-04 
 3.59223774e-08  1.20000000e+00  6.25378082e-08 -2.42938552e-04 
 3.59408866e-08  1.20000000e+00  6.25378242e-08 -2.19086330e-04 
 3.59588707e-08  1.20000000e+00  6.25378233e-08 -2.65754600e-04 
 3.59771467e-08  1.20000000e+00  6.25378084e-08 -2.31455876e-04 
 3.59962539e-08  1.20000000e+00  6.25378144e-08 -2.75965938e-04 
 3.60138517e-08  1.20000000e+00  6.25378219e-08 -2.19149122e-04 
 3.60308931e-08  1.20000000e+00  6.25378081e-08 -2.40235673e-04 
 3.60492840e-08  1.20000000e+00  6.25378088e-08 -2.46164935e-04 
 3.60661379e-08  1.20000000e+00  6.25378145e-08 -2.50547399e-04 
 3.60826975e-08  1.20000000e+00  6.25378041e-08 -2.55697461e-04 
 3.61009775e-08  1.20000000e+00  6.25378106e-08 -2.43555598e-04 
 3.61194818e-08  1.20000000e+00  6.25378137e-08 -2.18584452e-04 
 3.61374676e-08  1.20000000e+00  6.25378149e-08 -2.66165646e-04 
 3.61557586e-08  1.20000000e+00  6.25378138e-08 -2.30932223e-04 
 3.61748675e-08  1.20000000e+00  6.25378018e-08 -2.76474801e-04 
 3.61924646e-08  1.20000000e+00  6.25378125e-08 -2.18713259e-04 
 3.62094998e-08  1.20000000e+00  6.25378130e-08 -2.40770089e-04 
 3.62278931e-08  1.20000000e+00  6.25378024e-08 -2.45558090e-04 
 3.62447505e-08  1.20000000e+00  6.25378090e-08 -2.51044441e-04 
 3.62612999e-08  1.20000000e+00  6.25378118e-08 -2.55181184e-04 
 3.62795786e-08  1.20000000e+00  6.25378019e-08 -2.44164331e-04 
 3.62980783e-08  1.20000000e+00  6.25378102e-08 -2.18079910e-04 
 3.63160659e-08  1.20000000e+00  6.25378155e-08 -2.66586421e-04 
 3.63343706e-08  1.20000000e+00  6.25378118e-08 -2.30407805e-04 
 3.63534811e-08  1.20000000e+00  6.25378123e-08 -2.76986831e-04 
 3.63710775e-08  1.20000000e+00  6.25378065e-08 -2.18268793e-04 
 3.63881097e-08  1.20000000e+00  6.25378121e-08 -2.41308514e-04 
 3.64065039e-08  1.20000000e+00  6.25378114e-08 -2.44957235e-04 
 3.64233657e-08  1.20000000e+00  6.25378099e-08 -2.51544614e-04 
 3.64399051e-08  1.20000000e+00  6.25378153e-08 -2.54667189e-04 
 3.64581821e-08  1.20000000e+00  6.25378112e-08 -2.44760914e-04 
 3.64766782e-08  1.20000000e+00  6.25378077e-08 -2.17578382e-04 
 3.64946661e-08  1.20000000e+00  6.25378105e-08 -2.67014932e-04 
 3.65129834e-08  1.20000000e+00  6.25378103e-08 -2.29884163e-04 
 3.65320957e-08  1.20000000e+00  6.25378057e-08 -2.77500415e-04 
 3.65496907e-08  1.20000000e+00  6.25378105e-08 -2.17817315e-04 
 3.65667230e-08  1.20000000e+00  6.25378118e-08 -2.41850806e-04 
 3.65851163e-08  1.20000000e+00  6.25378063e-08 -2.44362826e-04 
 3.66019833e-08  1.20000000e+00  6.25378053e-08 -2.52047109e-04 
 3.66185128e-08  1.20000000e+00  6.25378139e-08 -2.54155121e-04 
 3.66367879e-08  1.20000000e+00  6.25378144e-08 -2.45346459e-04 
 3.66552813e-08  1.20000000e+00  6.25378077e-08 -2.17080011e-04 
 3.66732680e-08  1.20000000e+00  6.25378146e-08 -2.67450163e-04 
 3.66915971e-08  1.20000000e+00  6.25378107e-08 -2.29361869e-04 
 3.67107110e-08  1.20000000e+00  6.25378002e-08 -2.78014134e-04 
 3.67283040e-08  1.20000000e+00  6.25378036e-08 -2.17360463e-04 
 3.67453361e-08  1.20000000e+00  6.25378125e-08 -2.42389648e-04 
 3.67637283e-08  1.20000000e+00  6.25378122e-08 -2.43775592e-04 
 3.67805999e-08  1.20000000e+00  6.25378058e-08 -2.52550346e-04 
 3.67971207e-08  1.20000000e+00  6.25378039e-08 -2.53642323e-04 
 3.68153939e-08  1.20000000e+00  6.25378131e-08 -2.45927755e-04 
 3.68338847e-08  1.20000000e+00  6.25378119e-08 -2.16577929e-04 
 3.68518709e-08  1.20000000e+00  6.25378129e-08 -2.67892913e-04 
 3.68702107e-08  1.20000000e+00  6.25378172e-08 -2.28839399e-04 
 3.68893260e-08  1.20000000e+00  6.25378126e-08 -2.78528827e-04 
 3.69069175e-08  1.20000000e+00  6.25378034e-08 -2.16897807e-04 
 3.69239496e-08  1.20000000e+00  6.25378037e-08 -2.42927402e-04 
 3.69423410e-08  1.20000000e+00  6.25378197e-08 -2.43193760e-04 
 3.69592169e-08  1.20000000e+00  6.25378198e-08 -2.53055449e-04 
 3.69757296e-08  1.20000000e+00  6.25378125e-08 -2.53129403e-04 
 3.69940012e-08  1.20000000e+00  6.25378069e-08 -2.46502622e-04 
 3.70124896e-08  1.20000000e+00  6.25378056e-08 -2.16075236e-04 
 3.70304751e-08  1.20000000e+00  6.25378069e-08 -2.68342315e-04 
 3.70488247e-08  1.20000000e+00  6.25378115e-08 -2.28317092e-04 
 3.70679415e-08  1.20000000e+00  6.25378123e-08 -2.79044579e-04 
 3.70855314e-08  1.20000000e+00  6.25378044e-08 -2.16429288e-04 
 3.71025633e-08  1.20000000e+00  6.25378123e-08 -2.43464029e-04 
 3.71209540e-08  1.20000000e+00  6.25378197e-08 -2.42616801e-04 
 3.71378336e-08  1.20000000e+00  6.25378010e-08 -2.53562235e-04 
 3.71543389e-08  1.20000000e+00  6.25377995e-08 -2.52615477e-04 
 3.71726090e-08  1.20000000e+00  6.25378172e-08 -2.47073750e-04 
 3.71910952e-08  1.20000000e+00  6.25378159e-08 -2.15569747e-04 
 3.72090802e-08  1.20000000e+00  6.25378115e-08 -2.68798482e-04 
 3.72274388e-08  1.20000000e+00  6.25378128e-08 -2.27794178e-04 
 3.72465569e-08  1.20000000e+00  6.25378147e-08 -2.79561645e-04 
 3.72641455e-08  1.20000000e+00  6.25378119e-08 -2.15955514e-04 
 3.72811772e-08  1.20000000e+00  6.25378120e-08 -2.43999981e-04 
 3.72995674e-08  1.20000000e+00  6.25378116e-08 -2.42043972e-04 
 3.73164505e-08  1.20000000e+00  6.25377984e-08 -2.54070932e-04 
 3.73329489e-08  1.20000000e+00  6.25377982e-08 -2.52100770e-04 
 3.73512177e-08  1.20000000e+00  6.25378086e-08 -2.47640550e-04 
 3.73697018e-08  1.20000000e+00  6.25378135e-08 -2.15062682e-04 
 3.73876864e-08  1.20000000e+00  6.25378180e-08 -2.69260792e-04 
 3.74060531e-08  1.20000000e+00  6.25378148e-08 -2.27270811e-04 
 3.74251725e-08  1.20000000e+00  6.25378095e-08 -2.80080040e-04 
 3.74427598e-08  1.20000000e+00  6.25378027e-08 -2.15476582e-04 
 3.74597914e-08  1.20000000e+00  6.25378057e-08 -2.44535399e-04 
 3.74781810e-08  1.20000000e+00  6.25378180e-08 -2.41474810e-04 
 3.74950672e-08  1.20000000e+00  6.25378184e-08 -2.54581435e-04 
 3.75115593e-08  1.20000000e+00  6.25378050e-08 -2.51584925e-04 
 3.75298269e-08  1.20000000e+00  6.25378086e-08 -2.48204342e-04 
 3.75483090e-08  1.20000000e+00  6.25378151e-08 -2.14553203e-04 
 3.75662934e-08  1.20000000e+00  6.25378093e-08 -2.69729044e-04 
 3.75846675e-08  1.20000000e+00  6.25378088e-08 -2.26746669e-04 
 3.76037881e-08  1.20000000e+00  6.25378038e-08 -2.80599819e-04 
 3.76213742e-08  1.20000000e+00  6.25378080e-08 -2.14992986e-04 
 3.76384057e-08  1.20000000e+00  6.25378134e-08 -2.45070480e-04 
 3.76567949e-08  1.20000000e+00  6.25378158e-08 -2.40908848e-04 
 3.76736839e-08  1.20000000e+00  6.25378057e-08 -2.55093763e-04 
 3.76901703e-08  1.20000000e+00  6.25378088e-08 -2.51068071e-04 
 3.77084368e-08  1.20000000e+00  6.25378123e-08 -2.48765023e-04 
 3.77269171e-08  1.20000000e+00  6.25378056e-08 -2.14041911e-04 
 3.77449012e-08  1.20000000e+00  6.25378101e-08 -2.70202731e-04 
 3.77632820e-08  1.20000000e+00  6.25378155e-08 -2.26221846e-04 
 3.77824038e-08  1.20000000e+00  6.25378181e-08 -2.81120926e-04 
 3.77999888e-08  1.20000000e+00  6.25378052e-08 -2.14504970e-04 
 3.78170203e-08  1.20000000e+00  6.25378010e-08 -2.45605299e-04 
 3.78354090e-08  1.20000000e+00  6.25378168e-08 -2.40345755e-04 
 3.78523006e-08  1.20000000e+00  6.25378166e-08 -2.55607792e-04 
 3.78687817e-08  1.20000000e+00  6.25378127e-08 -2.50550095e-04 
 3.78870471e-08  1.20000000e+00  6.25378125e-08 -2.49323286e-04 
 3.79055258e-08  1.20000000e+00  6.25378039e-08 -2.13528535e-04 
 3.79235097e-08  1.20000000e+00  6.25378109e-08 -2.70681532e-04 
 3.79418967e-08  1.20000000e+00  6.25378141e-08 -2.25696239e-04 
 3.79610195e-08  1.20000000e+00  6.25378009e-08 -2.81643318e-04 
 3.79786035e-08  1.20000000e+00  6.25378107e-08 -2.14012947e-04 
 3.79956349e-08  1.20000000e+00  6.25378200e-08 -2.46139942e-04 
 3.80140233e-08  1.20000000e+00  6.25378120e-08 -2.39785220e-04 
 3.80309173e-08  1.20000000e+00  6.25378076e-08 -2.56123448e-04 
 3.80473935e-08  1.20000000e+00  6.25378103e-08 -2.50031100e-04 
 3.80656580e-08  1.20000000e+00  6.25378095e-08 -2.49879188e-04 
 3.80841351e-08  1.20000000e+00  6.25378021e-08 -2.13013426e-04 
 3.81021189e-08  1.20000000e+00  6.25378093e-08 -2.71165005e-04 
 3.81205114e-08  1.20000000e+00  6.25378140e-08 -2.25169931e-04 
 3.81396353e-08  1.20000000e+00  6.25378058e-08 -2.82166899e-04 
 3.81572184e-08  1.20000000e+00  6.25378048e-08 -2.13517210e-04 
 3.81742497e-08  1.20000000e+00  6.25378113e-08 -2.46674434e-04 
 3.81926378e-08  1.20000000e+00  6.25378173e-08 -2.39227007e-04 
 3.82095339e-08  1.20000000e+00  6.25378175e-08 -2.56640595e-04 
 3.82260056e-08  1.20000000e+00  6.25378178e-08 -2.49511092e-04 
 3.82442693e-08  1.20000000e+00  6.25378077e-08 -2.50433112e-04 
 3.82627449e-08  1.20000000e+00  6.25378030e-08 -2.12496559e-04 
 3.82807286e-08  1.20000000e+00  6.25378070e-08 -2.71652801e-04 
 3.82991262e-08  1.20000000e+00  6.25378012e-08 -2.24642926e-04 
 3.83182511e-08  1.20000000e+00  6.25378124e-08 -2.82691577e-04 
 3.83358333e-08  1.20000000e+00  6.25378217e-08 -2.13018113e-04 
 3.83528646e-08  1.20000000e+00  6.25378117e-08 -2.47208799e-04 
 3.83712525e-08  1.20000000e+00  6.25378120e-08 -2.38670907e-04 
 3.83881505e-08  1.20000000e+00  6.25378119e-08 -2.57159120e-04 
 3.84046181e-08  1.20000000e+00  6.25378137e-08 -2.48990170e-04 
 3.84228810e-08  1.20000000e+00  6.25378170e-08 -2.50985150e-04 
 3.84413552e-08  1.20000000e+00  6.25378035e-08 -2.11978178e-04 
 3.84593389e-08  1.20000000e+00  6.25378091e-08 -2.72144530e-04 
 3.84777411e-08  1.20000000e+00  6.25378115e-08 -2.24115309e-04 
 3.84968669e-08  1.20000000e+00  6.25378064e-08 -2.83217240e-04 
 3.85144483e-08  1.20000000e+00  6.25378059e-08 -2.12515950e-04 
 3.85314796e-08  1.20000000e+00  6.25378059e-08 -2.47743031e-04 
 3.85498673e-08  1.20000000e+00  6.25378078e-08 -2.38116752e-04 
 3.85667670e-08  1.20000000e+00  6.25378047e-08 -2.57678883e-04 
 3.85832308e-08  1.20000000e+00  6.25378030e-08 -2.48468392e-04 
 3.86014931e-08  1.20000000e+00  6.25378108e-08 -2.51535526e-04 
 3.86199660e-08  1.20000000e+00  6.25378163e-08 -2.11458360e-04 
 3.86379497e-08  1.20000000e+00  6.25378105e-08 -2.72639853e-04 
 3.86563561e-08  1.20000000e+00  6.25378124e-08 -2.23587133e-04 
 3.86754828e-08  1.20000000e+00  6.25378165e-08 -2.83743777e-04 
 3.86930634e-08  1.20000000e+00  6.25378094e-08 -2.12011030e-04 
 3.87100947e-08  1.20000000e+00  6.25377963e-08 -2.48277121e-04 
 3.87284822e-08  1.20000000e+00  6.25378059e-08 -2.37564395e-04 
 3.87453835e-08  1.20000000e+00  6.25378139e-08 -2.58199761e-04 
 3.87618439e-08  1.20000000e+00  6.25378137e-08 -2.47945857e-04 
 3.87801055e-08  1.20000000e+00  6.25378157e-08 -2.52084326e-04 
 3.87985772e-08  1.20000000e+00  6.25378119e-08 -2.10937300e-04 
 3.88165609e-08  1.20000000e+00  6.25378105e-08 -2.73138425e-04 
 3.88349711e-08  1.20000000e+00  6.25378108e-08 -2.23058484e-04 
 3.88540986e-08  1.20000000e+00  6.25378155e-08 -2.84271072e-04 
 3.88716785e-08  1.20000000e+00  6.25378126e-08 -2.11503626e-04 
 3.88887099e-08  1.20000000e+00  6.25378112e-08 -2.48811046e-04 
 3.89070973e-08  1.20000000e+00  6.25378086e-08 -2.37013718e-04 
 3.89240000e-08  1.20000000e+00  6.25378116e-08 -2.58721618e-04 
 3.89404571e-08  1.20000000e+00  6.25378118e-08 -2.47422644e-04 
 3.89587182e-08  1.20000000e+00  6.25378070e-08 -2.52631686e-04 
 3.89771887e-08  1.20000000e+00  6.25378103e-08 -2.10415112e-04 
 3.89951726e-08  1.20000000e+00  6.25378123e-08 -2.73639937e-04 
 3.90135861e-08  1.20000000e+00  6.25378125e-08 -2.22529435e-04 
 3.90327145e-08  1.20000000e+00  6.25378099e-08 -2.84799012e-04 
 3.90502937e-08  1.20000000e+00  6.25378095e-08 -2.10994006e-04 
 3.90673252e-08  1.20000000e+00  6.25378106e-08 -2.49344780e-04 
 3.90857125e-08  1.20000000e+00  6.25378092e-08 -2.36464617e-04 
 3.91026165e-08  1.20000000e+00  6.25378116e-08 -2.59244331e-04 
 3.91190706e-08  1.20000000e+00  6.25378092e-08 -2.46898849e-04 
 3.91373312e-08  1.20000000e+00  6.25378060e-08 -2.53177677e-04 
 3.91558006e-08  1.20000000e+00  6.25378085e-08 -2.09891960e-04 
 3.91737846e-08  1.20000000e+00  6.25378112e-08 -2.74144086e-04 
 3.91922012e-08  1.20000000e+00  6.25378171e-08 -2.22000072e-04 
 3.92113303e-08  1.20000000e+00  6.25378089e-08 -2.85327484e-04 
 3.92289090e-08  1.20000000e+00  6.25378049e-08 -2.10482413e-04 
 3.92459405e-08  1.20000000e+00  6.25378074e-08 -2.49878291e-04 
 3.92643277e-08  1.20000000e+00  6.25378081e-08 -2.35917006e-04 
 3.92812329e-08  1.20000000e+00  6.25378066e-08 -2.59767776e-04 
 3.92976843e-08  1.20000000e+00  6.25378104e-08 -2.46374558e-04 
 3.93159444e-08  1.20000000e+00  6.25378115e-08 -2.53722383e-04 
 3.93344129e-08  1.20000000e+00  6.25378149e-08 -2.09367966e-04 
 3.93523970e-08  1.20000000e+00  6.25378076e-08 -2.74650597e-04 
 3.93708164e-08  1.20000000e+00  6.25378131e-08 -2.21470472e-04 
 3.93899462e-08  1.20000000e+00  6.25378241e-08 -2.85856382e-04 
 3.94075242e-08  1.20000000e+00  6.25378049e-08 -2.09969081e-04 
 3.94245558e-08  1.20000000e+00  6.25377993e-08 -2.50411546e-04 
 3.94429430e-08  1.20000000e+00  6.25378039e-08 -2.35370812e-04 
 3.94598492e-08  1.20000000e+00  6.25378078e-08 -2.60291836e-04 
 3.94762982e-08  1.20000000e+00  6.25378172e-08 -2.45849862e-04 
 3.94945579e-08  1.20000000e+00  6.25378119e-08 -2.54265858e-04 
 3.95130254e-08  1.20000000e+00  6.25378035e-08 -2.08843272e-04 
 3.95310096e-08  1.20000000e+00  6.25378221e-08 -2.75159209e-04 
 3.95494316e-08  1.20000000e+00  6.25378220e-08 -2.20940717e-04 
 3.95685620e-08  1.20000000e+00  6.25378047e-08 -2.86385601e-04 
 3.95861396e-08  1.20000000e+00  6.25378087e-08 -2.09454221e-04 
 3.96031712e-08  1.20000000e+00  6.25378115e-08 -2.50944508e-04 
 3.96215584e-08  1.20000000e+00  6.25378083e-08 -2.34825971e-04 
 3.96384656e-08  1.20000000e+00  6.25378092e-08 -2.60816400e-04 
 3.96549123e-08  1.20000000e+00  6.25378078e-08 -2.45324843e-04 
 3.96731716e-08  1.20000000e+00  6.25378122e-08 -2.54808158e-04 
 3.96916381e-08  1.20000000e+00  6.25378112e-08 -2.08317996e-04 
 3.97096225e-08  1.20000000e+00  6.25378074e-08 -2.75669681e-04 
 3.97280468e-08  1.20000000e+00  6.25378097e-08 -2.20410879e-04 
 3.97471779e-08  1.20000000e+00  6.25378060e-08 -2.86915050e-04 
 3.97647549e-08  1.20000000e+00  6.25378067e-08 -2.08938029e-04 
 3.97817867e-08  1.20000000e+00  6.25378099e-08 -2.51477141e-04 
 3.98001739e-08  1.20000000e+00  6.25378141e-08 -2.34282436e-04 
 3.98170819e-08  1.20000000e+00  6.25378189e-08 -2.61341374e-04 
 3.98335264e-08  1.20000000e+00  6.25378116e-08 -2.44799512e-04 
 3.98517854e-08  1.20000000e+00  6.25378071e-08 -2.55349413e-04 
 3.98702511e-08  1.20000000e+00  6.25378154e-08 -2.07792246e-04 
 3.98882357e-08  1.20000000e+00  6.25378146e-08 -2.76181694e-04 
 3.99066621e-08  1.20000000e+00  6.25378035e-08 -2.19880974e-04 
 3.99257938e-08  1.20000000e+00  6.25378001e-08 -2.87445520e-04 
 3.99433704e-08  1.20000000e+00  6.25378065e-08 -2.08419479e-04 
 3.99604022e-08  1.20000000e+00  6.25378101e-08 -2.52010235e-04 
 3.99787894e-08  1.20000000e+00  6.25378178e-08 -2.33739881e-04 
 3.99956977e-08  1.20000000e+00  6.25378229e-08 -2.61866782e-04 
 4.00121402e-08  1.20000000e+00  6.25378136e-08 -2.44273103e-04 
 4.00303988e-08  1.20000000e+00  6.25378081e-08 -2.55891142e-04 
 4.00488635e-08  1.20000000e+00  6.25378097e-08 -2.07265190e-04 
 4.00668486e-08  1.20000000e+00  6.25378120e-08 -2.76694733e-04 
 4.00834243e-08  1.20000000e+00  6.25378140e-08 -2.19059987e-04 
 4.01000000e-08  1.20000000e+00  6.25378119e-08 -2.84650001e-04 
 4.01019740e-08  1.17631204e+00  6.25378124e-08 -2.77322345e-04 
 4.01059220e-08  1.12893611e+00  6.25378128e-08 -2.76089954e-04 
 4.01138180e-08  1.03418426e+00  6.25378053e-08 -2.65968991e-04 
 4.01295269e-08  8.45676825e-01  6.25377984e-08 -2.30634078e-04 
 4.01439499e-08  6.72600901e-01  6.25378067e-08 -2.67320962e-04 
 4.01598669e-08  4.81597626e-01  6.25378133e-08 -2.83446877e-04 
 4.01772078e-08  2.73506276e-01  6.25378150e-08 -2.93501536e-04 
 4.01886039e-08  1.36753138e-01  6.25378104e-08 -3.19816268e-04 
 4.02000000e-08  0.00000000e+00  6.25378118e-08 -3.34569823e-04 
 4.02020293e-08  0.00000000e+00  6.25378124e-08 -3.11730416e-04 
 4.02060878e-08  0.00000000e+00  6.25378133e-08 -3.10713161e-04 
 4.02142049e-08  0.00000000e+00  6.25378068e-08 -3.01058549e-04 
 4.02293868e-08  0.00000000e+00  6.25378020e-08 -3.26607955e-04 
 4.02440247e-08  0.00000000e+00  6.25378122e-08 -3.41985327e-04 
 4.02619836e-08  0.00000000e+00  6.25378116e-08 -3.39658352e-04 
 4.02796087e-08  0.00000000e+00  6.25378083e-08 -3.18205146e-04 
 4.02970170e-08  0.00000000e+00  6.25378104e-08 -3.10881871e-04 
 4.03158976e-08  0.00000000e+00  6.25378183e-08 -3.10410614e-04 
 4.03336874e-08  0.00000000e+00  6.25378149e-08 -3.54142190e-04 
 4.03523209e-08  0.00000000e+00  6.25378101e-08 -3.30868272e-04 
 4.03709774e-08  0.00000000e+00  6.25378120e-08 -3.25875256e-04 
 4.03890040e-08  0.00000000e+00  6.25378139e-08 -3.00539365e-04 
 4.04062631e-08  0.00000000e+00  6.25378123e-08 -3.23890846e-04 
 4.04245999e-08  0.00000000e+00  6.25378023e-08 -3.45746567e-04 
 4.04418679e-08  0.00000000e+00  6.25377997e-08 -3.40180877e-04 
 4.04588251e-08  0.00000000e+00  6.25378063e-08 -3.17746527e-04 
 4.04770179e-08  0.00000000e+00  6.25378082e-08 -3.10728560e-04 
 4.04954616e-08  0.00000000e+00  6.25378130e-08 -3.13621826e-04 
 4.05131852e-08  0.00000000e+00  6.25378085e-08 -3.55051854e-04 
 4.05315199e-08  0.00000000e+00  6.25378143e-08 -3.29870566e-04 
 4.05506762e-08  0.00000000e+00  6.25378120e-08 -3.25228536e-04 
 4.05680822e-08  0.00000000e+00  6.25378082e-08 -3.00686955e-04 
 4.05851359e-08  0.00000000e+00  6.25378194e-08 -3.24681913e-04 
 4.06032601e-08  0.00000000e+00  6.25378181e-08 -3.45612726e-04 
 4.06202521e-08  0.00000000e+00  6.25378068e-08 -3.40437730e-04 
 4.06370315e-08  0.00000000e+00  6.25378047e-08 -3.17737425e-04 
 4.06551556e-08  0.00000000e+00  6.25378164e-08 -3.11601676e-04 
 4.06735677e-08  0.00000000e+00  6.25378118e-08 -3.12188441e-04 
 4.06914038e-08  0.00000000e+00  6.25378074e-08 -3.55069905e-04 
 4.07098556e-08  0.00000000e+00  6.25377991e-08 -3.29770477e-04 
 4.07288617e-08  0.00000000e+00  6.25378062e-08 -3.25662015e-04 
 4.07465274e-08  0.00000000e+00  6.25378133e-08 -3.00727289e-04 
 4.07637191e-08  0.00000000e+00  6.25378096e-08 -3.24736226e-04 
 4.07819265e-08  0.00000000e+00  6.25378051e-08 -3.45570762e-04 
 4.07990420e-08  0.00000000e+00  6.25378033e-08 -3.40143088e-04 
 4.08158665e-08  0.00000000e+00  6.25378175e-08 -3.17350669e-04 
 4.08340006e-08  0.00000000e+00  6.25378248e-08 -3.11825065e-04 
 4.08522970e-08  0.00000000e+00  6.25378135e-08 -3.12343385e-04 
 4.08701209e-08  0.00000000e+00  6.25378103e-08 -3.55407262e-04 
 4.08884661e-08  0.00000000e+00  6.25378077e-08 -3.29343219e-04 
 4.09075768e-08  0.00000000e+00  6.25377955e-08 -3.25762672e-04 
 4.09251324e-08  0.00000000e+00  6.25378060e-08 -3.00776080e-04 
 4.09423255e-08  0.00000000e+00  6.25378112e-08 -3.24924808e-04 
 4.09605187e-08  0.00000000e+00  6.25378142e-08 -3.45407335e-04 
 4.09776099e-08  0.00000000e+00  6.25378129e-08 -3.40202133e-04 
 4.09944211e-08  0.00000000e+00  6.25378021e-08 -3.17086967e-04 
 4.10125537e-08  0.00000000e+00  6.25378015e-08 -3.12324825e-04 
 4.10308080e-08  0.00000000e+00  6.25378149e-08 -3.11890875e-04 
 4.10486773e-08  0.00000000e+00  6.25378210e-08 -3.55671053e-04 
 4.10670206e-08  0.00000000e+00  6.25378156e-08 -3.28960394e-04 
 4.10861182e-08  0.00000000e+00  6.25378159e-08 -3.26028792e-04 
 4.11037108e-08  0.00000000e+00  6.25378099e-08 -3.00723935e-04 
 4.11209514e-08  0.00000000e+00  6.25378127e-08 -3.25186058e-04 
 4.11391541e-08  0.00000000e+00  6.25378077e-08 -3.45246589e-04 
 4.11562749e-08  0.00000000e+00  6.25378073e-08 -3.40162691e-04 
 4.11730856e-08  0.00000000e+00  6.25378112e-08 -3.16758874e-04 
 4.11912141e-08  0.00000000e+00  6.25378124e-08 -3.12730308e-04 
 4.12094001e-08  0.00000000e+00  6.25378101e-08 -3.11638814e-04 
 4.12272848e-08  0.00000000e+00  6.25378066e-08 -3.55977298e-04 
 4.12455882e-08  0.00000000e+00  6.25378040e-08 -3.28561217e-04 
 4.12647128e-08  0.00000000e+00  6.25378094e-08 -3.26268128e-04 
 4.12822889e-08  0.00000000e+00  6.25378187e-08 -3.00674010e-04 
 4.12995580e-08  0.00000000e+00  6.25378086e-08 -3.25417238e-04 
 4.13177641e-08  0.00000000e+00  6.25378021e-08 -3.45056218e-04 
 4.13348949e-08  0.00000000e+00  6.25378124e-08 -3.40203471e-04 
 4.13517037e-08  0.00000000e+00  6.25378141e-08 -3.16449673e-04 
 4.13698312e-08  0.00000000e+00  6.25378059e-08 -3.13165540e-04 
 4.13879682e-08  0.00000000e+00  6.25378052e-08 -3.11313483e-04 
 4.14058776e-08  0.00000000e+00  6.25378124e-08 -3.56279274e-04 
 4.14241588e-08  0.00000000e+00  6.25378170e-08 -3.28160779e-04 
 4.14432964e-08  0.00000000e+00  6.25378048e-08 -3.26529000e-04 
 4.14608732e-08  0.00000000e+00  6.25378125e-08 -3.00588492e-04 
 4.14781731e-08  0.00000000e+00  6.25378126e-08 -3.25681457e-04 
 4.14963829e-08  0.00000000e+00  6.25378031e-08 -3.44859175e-04 
 4.15135275e-08  0.00000000e+00  6.25378163e-08 -3.40244144e-04 
 4.15303328e-08  0.00000000e+00  6.25378122e-08 -3.16137830e-04 
 4.15484575e-08  0.00000000e+00  6.25378052e-08 -3.13581669e-04 
 4.15665444e-08  0.00000000e+00  6.25378086e-08 -3.11008349e-04 
 4.15844726e-08  0.00000000e+00  6.25378106e-08 -3.56581447e-04 
 4.16027289e-08  0.00000000e+00  6.25378120e-08 -3.27770022e-04 
 4.16218817e-08  0.00000000e+00  6.25378122e-08 -3.26791145e-04 
 4.16394546e-08  0.00000000e+00  6.25378178e-08 -3.00494078e-04 
 4.16567821e-08  0.00000000e+00  6.25378027e-08 -3.25935504e-04 
 4.16749958e-08  0.00000000e+00  6.25377979e-08 -3.44654702e-04 
 4.16921520e-08  0.00000000e+00  6.25378201e-08 -3.40305842e-04 
 4.17089548e-08  0.00000000e+00  6.25378161e-08 -3.15834318e-04 
 4.17270777e-08  0.00000000e+00  6.25378114e-08 -3.13988336e-04 
 4.17451208e-08  0.00000000e+00  6.25378150e-08 -3.10704067e-04 
 4.17630675e-08  0.00000000e+00  6.25378038e-08 -3.56879631e-04 
 4.17813024e-08  0.00000000e+00  6.25378088e-08 -3.27388572e-04 
 4.18004691e-08  0.00000000e+00  6.25378181e-08 -3.27051851e-04 
 4.18180388e-08  0.00000000e+00  6.25378127e-08 -3.00386941e-04 
 4.18372853e-08  0.00000000e+00  6.25378029e-08 -3.29543128e-04 
 4.18546382e-08  0.00000000e+00  6.25377971e-08 -3.45216604e-04 
 4.18726858e-08  0.00000000e+00  6.25378065e-08 -3.37568507e-04 
 4.18893122e-08  0.00000000e+00  6.25378177e-08 -3.15250965e-04 
 4.19071560e-08  0.00000000e+00  6.25378111e-08 -3.12822440e-04 
 4.19247822e-08  0.00000000e+00  6.25378053e-08 -3.13705076e-04 
 4.19421993e-08  0.00000000e+00  6.25378154e-08 -3.56814332e-04 
 4.19600091e-08  0.00000000e+00  6.25378209e-08 -3.27532238e-04 
 4.19771255e-08  0.00000000e+00  6.25378127e-08 -3.27775783e-04 
 4.19952232e-08  0.00000000e+00  6.25378044e-08 -3.01766783e-04 
 4.20136046e-08  0.00000000e+00  6.25378033e-08 -3.24349378e-04 
 4.20313941e-08  0.00000000e+00  6.25378109e-08 -3.44743889e-04 
 4.20497194e-08  0.00000000e+00  6.25378174e-08 -3.39099655e-04 
 4.20688945e-08  0.00000000e+00  6.25377983e-08 -3.13887666e-04 
 4.20863145e-08  0.00000000e+00  6.25378097e-08 -3.13350863e-04 
 4.21053795e-08  0.00000000e+00  6.25378183e-08 -3.17231919e-04 
 4.21226284e-08  0.00000000e+00  6.25378101e-08 -3.58156407e-04 
 4.21405851e-08  0.00000000e+00  6.25378114e-08 -3.24531352e-04 
 4.21571592e-08  0.00000000e+00  6.25378039e-08 -3.27736927e-04 
 4.21749853e-08  0.00000000e+00  6.25378084e-08 -3.00560867e-04 
 4.21925399e-08  0.00000000e+00  6.25378220e-08 -3.26142991e-04 
 4.22099943e-08  0.00000000e+00  6.25378202e-08 -3.43972731e-04 
 4.22278377e-08  0.00000000e+00  6.25378087e-08 -3.40399704e-04 
 4.22450567e-08  0.00000000e+00  6.25378069e-08 -3.14338292e-04 
 4.22632116e-08  0.00000000e+00  6.25378043e-08 -3.15230020e-04 
 4.22815807e-08  0.00000000e+00  6.25378031e-08 -3.11332216e-04 
 4.22994283e-08  0.00000000e+00  6.25378117e-08 -3.58073962e-04 
 4.23177688e-08  0.00000000e+00  6.25378147e-08 -3.25583712e-04 
 4.23369541e-08  0.00000000e+00  6.25378059e-08 -3.26723537e-04 
 4.23543891e-08  0.00000000e+00  6.25378130e-08 -3.00512600e-04 
 4.23733462e-08  0.00000000e+00  6.25378132e-08 -3.30457396e-04 
 4.23906138e-08  0.00000000e+00  6.25378059e-08 -3.45143849e-04 
 4.24085307e-08  0.00000000e+00  6.25378119e-08 -3.37463285e-04 
 4.24250938e-08  0.00000000e+00  6.25378186e-08 -3.14217449e-04 
 4.24429284e-08  0.00000000e+00  6.25378126e-08 -3.14220733e-04 
 4.24604156e-08  0.00000000e+00  6.25378114e-08 -3.12721503e-04 
 4.24779035e-08  0.00000000e+00  6.25378107e-08 -3.57359862e-04 
 4.24957514e-08  0.00000000e+00  6.25378035e-08 -3.26953561e-04 
 4.25130188e-08  0.00000000e+00  6.25378012e-08 -3.27265404e-04 
 4.25312051e-08  0.00000000e+00  6.25378104e-08 -3.02314167e-04 
 4.25495187e-08  0.00000000e+00  6.25378202e-08 -3.24584210e-04 
 4.25674119e-08  0.00000000e+00  6.25378193e-08 -3.44968182e-04 
 4.25857471e-08  0.00000000e+00  6.25378097e-08 -3.38589829e-04 
 4.26049435e-08  0.00000000e+00  6.25378014e-08 -3.13217795e-04 
 4.26223982e-08  0.00000000e+00  6.25378103e-08 -3.14113470e-04 
 4.26412802e-08  0.00000000e+00  6.25378114e-08 -3.17106305e-04 
 4.26585771e-08  0.00000000e+00  6.25378114e-08 -3.58602930e-04 
 4.26764696e-08  0.00000000e+00  6.25378120e-08 -3.23918034e-04 
 4.26930325e-08  0.00000000e+00  6.25378079e-08 -3.27286446e-04 
 4.27108796e-08  0.00000000e+00  6.25378119e-08 -3.01273806e-04 
 4.27283152e-08  0.00000000e+00  6.25378098e-08 -3.25889321e-04 
 4.27458347e-08  0.00000000e+00  6.25378048e-08 -3.44194015e-04 
 4.27636853e-08  0.00000000e+00  6.25378096e-08 -3.40052735e-04 
 4.27809881e-08  0.00000000e+00  6.25378169e-08 -3.13709629e-04 
 4.27991990e-08  0.00000000e+00  6.25378113e-08 -3.15894990e-04 
 4.28174570e-08  0.00000000e+00  6.25378057e-08 -3.11277032e-04 
 4.28353896e-08  0.00000000e+00  6.25378109e-08 -3.58393092e-04 
 4.28537136e-08  0.00000000e+00  6.25378105e-08 -3.25082827e-04 
 4.28729228e-08  0.00000000e+00  6.25378079e-08 -3.26314801e-04 
 4.28903918e-08  0.00000000e+00  6.25378167e-08 -3.01129579e-04 
 4.29092131e-08  0.00000000e+00  6.25378131e-08 -3.30280877e-04 
 4.29265374e-08  0.00000000e+00  6.25377999e-08 -3.45515986e-04 
 4.29444089e-08  0.00000000e+00  6.25378082e-08 -3.36914179e-04 
 4.29609716e-08  0.00000000e+00  6.25378136e-08 -3.13906109e-04 
 4.29788302e-08  0.00000000e+00  6.25378078e-08 -3.14764472e-04 
 4.29962220e-08  0.00000000e+00  6.25378148e-08 -3.12589586e-04 
 4.30137706e-08  0.00000000e+00  6.25378161e-08 -3.57478824e-04 
 4.30316222e-08  0.00000000e+00  6.25378026e-08 -3.26716627e-04 
 4.30508797e-08  0.00000000e+00  6.25378087e-08 -3.25591337e-04 
 4.30682119e-08  0.00000000e+00  6.25378167e-08 -3.02737154e-04 
 4.30872372e-08  0.00000000e+00  6.25378105e-08 -3.27934353e-04 
 4.31046734e-08  0.00000000e+00  6.25378076e-08 -3.46059705e-04 
 4.31227233e-08  0.00000000e+00  6.25378141e-08 -3.36584928e-04 
 4.31395045e-08  0.00000000e+00  6.25378085e-08 -3.14326849e-04 
 4.31574610e-08  0.00000000e+00  6.25378061e-08 -3.14365366e-04 
 4.31750237e-08  0.00000000e+00  6.25378120e-08 -3.13482189e-04 
 4.31926068e-08  0.00000000e+00  6.25378101e-08 -3.57080454e-04 
 4.32105391e-08  0.00000000e+00  6.25378148e-08 -3.26792190e-04 
 4.32278351e-08  0.00000000e+00  6.25378051e-08 -3.25953197e-04 
 4.32460415e-08  0.00000000e+00  6.25377972e-08 -3.03460537e-04 
 4.32641411e-08  0.00000000e+00  6.25378082e-08 -3.24281227e-04 
 4.32820389e-08  0.00000000e+00  6.25378194e-08 -3.45817324e-04 
 4.33002929e-08  0.00000000e+00  6.25378202e-08 -3.37571229e-04 
 4.33195212e-08  0.00000000e+00  6.25378064e-08 -3.13337028e-04 
 4.33369593e-08  0.00000000e+00  6.25378105e-08 -3.14304414e-04 
 4.33557303e-08  0.00000000e+00  6.25378193e-08 -3.17370811e-04 
 4.33730717e-08  0.00000000e+00  6.25378094e-08 -3.58314238e-04 
 4.33909437e-08  0.00000000e+00  6.25378097e-08 -3.24030952e-04 
 4.34075297e-08  0.00000000e+00  6.25378187e-08 -3.26301794e-04 
 4.34254089e-08  0.00000000e+00  6.25378194e-08 -3.02514231e-04 
 4.34427774e-08  0.00000000e+00  6.25377979e-08 -3.25202725e-04 
 4.34603562e-08  0.00000000e+00  6.25377914e-08 -3.44887143e-04 
 4.34782396e-08  0.00000000e+00  6.25378142e-08 -3.39142575e-04 
 4.34974922e-08  0.00000000e+00  6.25378223e-08 -3.12665796e-04 
 4.35148653e-08  0.00000000e+00  6.25378160e-08 -3.15735855e-04 
 4.35338183e-08  0.00000000e+00  6.25378012e-08 -3.15267439e-04 
 4.35512830e-08  0.00000000e+00  6.25378017e-08 -3.58813631e-04 
 4.35693261e-08  0.00000000e+00  6.25378097e-08 -3.23695622e-04 
 4.35861161e-08  0.00000000e+00  6.25378091e-08 -3.26692706e-04 
 4.36040858e-08  0.00000000e+00  6.25378101e-08 -3.02100021e-04 
 4.36215988e-08  0.00000000e+00  6.25378115e-08 -3.26076887e-04 
 4.36392048e-08  0.00000000e+00  6.25378127e-08 -3.44562268e-04 
 4.36571431e-08  0.00000000e+00  6.25378099e-08 -3.39170388e-04 
 4.36744617e-08  0.00000000e+00  6.25378078e-08 -3.13084682e-04 
 4.36926845e-08  0.00000000e+00  6.25377993e-08 -3.16362121e-04 
 4.37107278e-08  0.00000000e+00  6.25378131e-08 -3.11727247e-04 
 4.37286508e-08  0.00000000e+00  6.25378246e-08 -3.58465424e-04 
 4.37469041e-08  0.00000000e+00  6.25378147e-08 -3.24798820e-04 
 4.37661395e-08  0.00000000e+00  6.25378028e-08 -3.25683930e-04 
 4.37835931e-08  0.00000000e+00  6.25378034e-08 -3.02090502e-04 
 4.38023111e-08  0.00000000e+00  6.25378128e-08 -3.29833067e-04 
 4.38196743e-08  0.00000000e+00  6.25378081e-08 -3.45917522e-04 
 4.38375369e-08  0.00000000e+00  6.25378109e-08 -3.36290621e-04 
 4.38541259e-08  0.00000000e+00  6.25378171e-08 -3.13631172e-04 
 4.38720164e-08  0.00000000e+00  6.25378155e-08 -3.15284904e-04 
 4.38893458e-08  0.00000000e+00  6.25378114e-08 -3.12719086e-04 
 4.39069469e-08  0.00000000e+00  6.25378102e-08 -3.57382540e-04 
 4.39248401e-08  0.00000000e+00  6.25378115e-08 -3.26539585e-04 
 4.39440950e-08  0.00000000e+00  6.25378044e-08 -3.24886343e-04 
 4.39614934e-08  0.00000000e+00  6.25378022e-08 -3.03631853e-04 
 4.39803934e-08  0.00000000e+00  6.25378113e-08 -3.27589146e-04 
 4.39978854e-08  0.00000000e+00  6.25378089e-08 -3.46547843e-04 
 4.40159224e-08  0.00000000e+00  6.25378113e-08 -3.35828776e-04 
 4.40327205e-08  0.00000000e+00  6.25378071e-08 -3.14187129e-04 
 4.40507023e-08  0.00000000e+00  6.25378124e-08 -3.14692456e-04 
 4.40681771e-08  0.00000000e+00  6.25378277e-08 -3.13747067e-04 
 4.40858054e-08  0.00000000e+00  6.25378175e-08 -3.56923024e-04 
 4.41037470e-08  0.00000000e+00  6.25378039e-08 -3.26708466e-04 
 4.41210821e-08  0.00000000e+00  6.25378076e-08 -3.25147256e-04 
 4.41393182e-08  0.00000000e+00  6.25378081e-08 -3.04373096e-04 
 4.41573155e-08  0.00000000e+00  6.25377990e-08 -3.23951438e-04 
 4.41752623e-08  0.00000000e+00  6.25378056e-08 -3.46330325e-04 
 4.41935112e-08  0.00000000e+00  6.25378069e-08 -3.36805864e-04 
 4.42127555e-08  0.00000000e+00  6.25378057e-08 -3.13376386e-04 
 4.42302192e-08  0.00000000e+00  6.25378171e-08 -3.14501119e-04 
 4.42488962e-08  0.00000000e+00  6.25378169e-08 -3.17628299e-04 
 4.42662786e-08  0.00000000e+00  6.25378044e-08 -3.58147291e-04 
 4.42841316e-08  0.00000000e+00  6.25378090e-08 -3.23965844e-04 
 4.43007210e-08  0.00000000e+00  6.25378106e-08 -3.25618939e-04 
 4.43186205e-08  0.00000000e+00  6.25378076e-08 -3.03423729e-04 
 4.43359176e-08  0.00000000e+00  6.25378116e-08 -3.24761969e-04 
 4.43535390e-08  0.00000000e+00  6.25378128e-08 -3.45361427e-04 
 4.43714377e-08  0.00000000e+00  6.25378189e-08 -3.38443618e-04 
 4.43906964e-08  0.00000000e+00  6.25378106e-08 -3.12718475e-04 
 4.44081141e-08  0.00000000e+00  6.25378113e-08 -3.15887785e-04 
 4.44269729e-08  0.00000000e+00  6.25378250e-08 -3.15515868e-04 
 4.44444894e-08  0.00000000e+00  6.25378087e-08 -3.58634308e-04 
 4.44625194e-08  0.00000000e+00  6.25377936e-08 -3.23653908e-04 
 4.44793222e-08  0.00000000e+00  6.25378047e-08 -3.26054022e-04 
 4.44973137e-08  0.00000000e+00  6.25378117e-08 -3.02940993e-04 
 4.45147570e-08  0.00000000e+00  6.25378075e-08 -3.25660630e-04 
 4.45324055e-08  0.00000000e+00  6.25378060e-08 -3.45049154e-04 
 4.45503474e-08  0.00000000e+00  6.25378094e-08 -3.38469950e-04 
 4.45676946e-08  0.00000000e+00  6.25378096e-08 -3.13113091e-04 
 4.45859415e-08  0.00000000e+00  6.25378101e-08 -3.16463423e-04 
 4.46039020e-08  0.00000000e+00  6.25378114e-08 -3.12054740e-04 
 4.46218715e-08  0.00000000e+00  6.25378158e-08 -3.58257758e-04 
 4.46401147e-08  0.00000000e+00  6.25378209e-08 -3.24797045e-04 
 4.46593683e-08  0.00000000e+00  6.25378152e-08 -3.25137756e-04 
 4.46768390e-08  0.00000000e+00  6.25378123e-08 -3.02865729e-04 
 4.46954844e-08  0.00000000e+00  6.25378079e-08 -3.29388724e-04 
 4.47128840e-08  0.00000000e+00  6.25378064e-08 -3.46431610e-04 
 4.47307275e-08  0.00000000e+00  6.25378129e-08 -3.35570805e-04 
 4.47473173e-08  0.00000000e+00  6.25378136e-08 -3.13789311e-04 
 4.47652228e-08  0.00000000e+00  6.25378038e-08 -3.15344206e-04 
 4.47824941e-08  0.00000000e+00  6.25377986e-08 -3.12998346e-04 
 4.48001332e-08  0.00000000e+00  6.25378036e-08 -3.57107424e-04 
 4.48180338e-08  0.00000000e+00  6.25378138e-08 -3.26626406e-04 
 4.48372973e-08  0.00000000e+00  6.25378222e-08 -3.24315392e-04 
 4.48547286e-08  0.00000000e+00  6.25378109e-08 -3.04406199e-04 
 4.48735557e-08  0.00000000e+00  6.25378097e-08 -3.27104168e-04 
 4.48910936e-08  0.00000000e+00  6.25378177e-08 -3.47078730e-04 
 4.49091160e-08  0.00000000e+00  6.25378162e-08 -3.35105853e-04 
 4.49259212e-08  0.00000000e+00  6.25378088e-08 -3.14402042e-04 
 4.49439202e-08  0.00000000e+00  6.25378092e-08 -3.14674641e-04 
 4.49613380e-08  0.00000000e+00  6.25378086e-08 -3.14066227e-04 
 4.49790045e-08  0.00000000e+00  6.25378062e-08 -3.56635088e-04 
 4.49969449e-08  0.00000000e+00  6.25378154e-08 -3.26817660e-04 
 4.50162279e-08  0.00000000e+00  6.25378123e-08 -3.23675472e-04 
 4.50335840e-08  0.00000000e+00  6.25378063e-08 -3.04850179e-04 
 4.50523583e-08  0.00000000e+00  6.25378005e-08 -3.27013624e-04 
 4.50698148e-08  0.00000000e+00  6.25377973e-08 -3.47539178e-04 
 4.50877860e-08  0.00000000e+00  6.25378102e-08 -3.34610007e-04 
 4.51045314e-08  0.00000000e+00  6.25378156e-08 -3.14820011e-04 
 4.51225012e-08  0.00000000e+00  6.25378224e-08 -3.14360194e-04 
 4.51398934e-08  0.00000000e+00  6.25378189e-08 -3.14335303e-04 
 4.51575547e-08  0.00000000e+00  6.25378053e-08 -3.56095868e-04 
 4.51755190e-08  0.00000000e+00  6.25378065e-08 -3.27337674e-04 
 4.51947790e-08  0.00000000e+00  6.25378073e-08 -3.23228043e-04 
 4.52121822e-08  0.00000000e+00  6.25378066e-08 -3.05344738e-04 
 4.52309638e-08  0.00000000e+00  6.25378092e-08 -3.26538638e-04 
 4.52484456e-08  0.00000000e+00  6.25378108e-08 -3.47891363e-04 
 4.52664440e-08  0.00000000e+00  6.25378132e-08 -3.34213719e-04 
 4.52832106e-08  0.00000000e+00  6.25378118e-08 -3.15115877e-04 
 4.53011892e-08  0.00000000e+00  6.25378074e-08 -3.14042970e-04 
 4.53185852e-08  0.00000000e+00  6.25378135e-08 -3.14794901e-04 
 4.53362412e-08  0.00000000e+00  6.25378185e-08 -3.55773104e-04 
 4.53542057e-08  0.00000000e+00  6.25378095e-08 -3.27582682e-04 
 4.53734694e-08  0.00000000e+00  6.25378057e-08 -3.22876913e-04 
 4.53908552e-08  0.00000000e+00  6.25378047e-08 -3.05677421e-04 
 4.54096282e-08  0.00000000e+00  6.25378094e-08 -3.26321177e-04 
 4.54270951e-08  0.00000000e+00  6.25378112e-08 -3.48126665e-04 
 4.54450925e-08  0.00000000e+00  6.25378057e-08 -3.33950981e-04 
 4.54618545e-08  0.00000000e+00  6.25378062e-08 -3.15312036e-04 
 4.54798300e-08  0.00000000e+00  6.25378100e-08 -3.13875277e-04 
 4.54972240e-08  0.00000000e+00  6.25378191e-08 -3.15027308e-04 
 4.55148777e-08  0.00000000e+00  6.25378146e-08 -3.55516244e-04 
 4.55328539e-08  0.00000000e+00  6.25378077e-08 -3.27786566e-04 
 4.55521109e-08  0.00000000e+00  6.25378119e-08 -3.22628988e-04 
 4.55695051e-08  0.00000000e+00  6.25378121e-08 -3.05929488e-04 
 4.55882745e-08  0.00000000e+00  6.25378108e-08 -3.26143167e-04 
 4.56057420e-08  0.00000000e+00  6.25378082e-08 -3.48284570e-04 
 4.56237471e-08  0.00000000e+00  6.25378073e-08 -3.33758425e-04 
 4.56405126e-08  0.00000000e+00  6.25378165e-08 -3.15431141e-04 
 4.56584891e-08  0.00000000e+00  6.25378182e-08 -3.13764230e-04 
 4.56758819e-08  0.00000000e+00  6.25378092e-08 -3.15223384e-04 
 4.56935325e-08  0.00000000e+00  6.25378017e-08 -3.55350528e-04 
 4.57115145e-08  0.00000000e+00  6.25378069e-08 -3.27898785e-04 
 4.57307695e-08  0.00000000e+00  6.25378029e-08 -3.22455327e-04 
 4.57481624e-08  0.00000000e+00  6.25378099e-08 -3.06103317e-04 
 4.57669269e-08  0.00000000e+00  6.25378178e-08 -3.26047110e-04 
 4.57843902e-08  0.00000000e+00  6.25378093e-08 -3.48375264e-04 
 4.58023993e-08  0.00000000e+00  6.25378152e-08 -3.33637298e-04 
 4.58191654e-08  0.00000000e+00  6.25378179e-08 -3.15489172e-04 
 4.58371415e-08  0.00000000e+00  6.25378132e-08 -3.13720437e-04 
 4.58545328e-08  0.00000000e+00  6.25378104e-08 -3.15337668e-04 
 4.58721813e-08  0.00000000e+00  6.25378071e-08 -3.55244131e-04 
 4.58901703e-08  0.00000000e+00  6.25378018e-08 -3.27958054e-04 
 4.59094222e-08  0.00000000e+00  6.25378055e-08 -3.22344528e-04 
 4.59268172e-08  0.00000000e+00  6.25378032e-08 -3.06218087e-04 
 4.59455774e-08  0.00000000e+00  6.25378093e-08 -3.25999791e-04 
 4.59630389e-08  0.00000000e+00  6.25378244e-08 -3.48414664e-04 
 4.59810525e-08  0.00000000e+00  6.25378162e-08 -3.33567551e-04 
 4.59978200e-08  0.00000000e+00  6.25378086e-08 -3.15499001e-04 
 4.60157963e-08  0.00000000e+00  6.25378075e-08 -3.13721873e-04 
 4.60331860e-08  0.00000000e+00  6.25378044e-08 -3.15404527e-04 
 4.60508326e-08  0.00000000e+00  6.25378093e-08 -3.55190266e-04 
 4.60688273e-08  0.00000000e+00  6.25378120e-08 -3.27968264e-04 
 4.60880768e-08  0.00000000e+00  6.25378152e-08 -3.22283536e-04 
 4.61054727e-08  0.00000000e+00  6.25378173e-08 -3.06283761e-04 
 4.61242287e-08  0.00000000e+00  6.25378032e-08 -3.25996825e-04 
 4.61416881e-08  0.00000000e+00  6.25378049e-08 -3.48412342e-04 
 4.61597054e-08  0.00000000e+00  6.25378119e-08 -3.33541296e-04 
 4.61764739e-08  0.00000000e+00  6.25378137e-08 -3.15470549e-04 
 4.61944502e-08  0.00000000e+00  6.25378154e-08 -3.13761997e-04 
 4.62118383e-08  0.00000000e+00  6.25378055e-08 -3.15426506e-04 
 4.62294833e-08  0.00000000e+00  6.25378094e-08 -3.55177219e-04 
 4.62474835e-08  0.00000000e+00  6.25378148e-08 -3.27941490e-04 
 4.62667308e-08  0.00000000e+00  6.25378087e-08 -3.22263454e-04 
 4.62841279e-08  0.00000000e+00  6.25378088e-08 -3.06309829e-04 
 4.63028799e-08  0.00000000e+00  6.25378145e-08 -3.26027562e-04 
 4.63203378e-08  0.00000000e+00  6.25378052e-08 -3.48376823e-04 
 4.63383584e-08  0.00000000e+00  6.25378062e-08 -3.33549519e-04 
 4.63551279e-08  0.00000000e+00  6.25378190e-08 -3.15411643e-04 
 4.63731044e-08  0.00000000e+00  6.25378059e-08 -3.13831944e-04 
 4.63904907e-08  0.00000000e+00  6.25377971e-08 -3.15414161e-04 
 4.64081346e-08  0.00000000e+00  6.25378145e-08 -3.55197919e-04 
 4.64261395e-08  0.00000000e+00  6.25378191e-08 -3.27884174e-04 
 4.64453849e-08  0.00000000e+00  6.25378052e-08 -3.22276722e-04 
 4.64627831e-08  0.00000000e+00  6.25378074e-08 -3.06303291e-04 
 4.64815312e-08  0.00000000e+00  6.25378102e-08 -3.26086059e-04 
 4.64989879e-08  0.00000000e+00  6.25378094e-08 -3.48314469e-04 
 4.65170115e-08  0.00000000e+00  6.25378142e-08 -3.33586076e-04 
 4.65337817e-08  0.00000000e+00  6.25378107e-08 -3.15328414e-04 
 4.65517584e-08  0.00000000e+00  6.25378130e-08 -3.13926025e-04 
 4.65691430e-08  0.00000000e+00  6.25378097e-08 -3.15372945e-04 
 4.65867859e-08  0.00000000e+00  6.25377992e-08 -3.55245976e-04 
 4.66047951e-08  0.00000000e+00  6.25378190e-08 -3.27802482e-04 
 4.66240390e-08  0.00000000e+00  6.25378186e-08 -3.22317475e-04 
 4.66414381e-08  0.00000000e+00  6.25378015e-08 -3.06269907e-04 
 4.66601827e-08  0.00000000e+00  6.25378003e-08 -3.26166783e-04 
 4.66776384e-08  0.00000000e+00  6.25378109e-08 -3.48230427e-04 
 4.66956646e-08  0.00000000e+00  6.25378201e-08 -3.33645748e-04 
 4.67124355e-08  0.00000000e+00  6.25378125e-08 -3.15225700e-04 
 4.67304124e-08  0.00000000e+00  6.25378071e-08 -3.14039299e-04 
 4.67477952e-08  0.00000000e+00  6.25378143e-08 -3.15308240e-04 
 4.67654375e-08  0.00000000e+00  6.25378155e-08 -3.55316552e-04 
 4.67834505e-08  0.00000000e+00  6.25378084e-08 -3.27700950e-04 
 4.68026930e-08  0.00000000e+00  6.25378058e-08 -3.22380955e-04 
 4.68200930e-08  0.00000000e+00  6.25378043e-08 -3.06214233e-04 
 4.68388342e-08  0.00000000e+00  6.25377999e-08 -3.26265635e-04 
 4.68562892e-08  0.00000000e+00  6.25378084e-08 -3.48128742e-04 
 4.68743177e-08  0.00000000e+00  6.25378166e-08 -3.33724496e-04 
 4.68910892e-08  0.00000000e+00  6.25378152e-08 -3.15107322e-04 
 4.69090663e-08  0.00000000e+00  6.25378136e-08 -3.14168007e-04 
 4.69264474e-08  0.00000000e+00  6.25378131e-08 -3.15224020e-04 
 4.69440891e-08  0.00000000e+00  6.25378166e-08 -3.55405674e-04 
 4.69621056e-08  0.00000000e+00  6.25378138e-08 -3.27583321e-04 
 4.69813469e-08  0.00000000e+00  6.25378072e-08 -3.22463344e-04 
 4.69987479e-08  0.00000000e+00  6.25378022e-08 -3.06139956e-04 
 4.70174858e-08  0.00000000e+00  6.25378076e-08 -3.26379254e-04 
 4.70349403e-08  0.00000000e+00  6.25378159e-08 -3.48012642e-04 
 4.70529707e-08  0.00000000e+00  6.25378148e-08 -3.33819042e-04 
 4.70697428e-08  0.00000000e+00  6.25378052e-08 -3.14976310e-04 
 4.70877201e-08  0.00000000e+00  6.25378007e-08 -3.14309112e-04 
 4.71050995e-08  0.00000000e+00  6.25378090e-08 -3.15123614e-04 
 4.71227410e-08  0.00000000e+00  6.25378168e-08 -3.55510174e-04 
 4.71407606e-08  0.00000000e+00  6.25378141e-08 -3.27452549e-04 
 4.71600008e-08  0.00000000e+00  6.25378136e-08 -3.22561546e-04 
 4.71774026e-08  0.00000000e+00  6.25378062e-08 -3.06050054e-04 
 4.71961375e-08  0.00000000e+00  6.25378019e-08 -3.26504991e-04 
 4.72135917e-08  0.00000000e+00  6.25378182e-08 -3.47884706e-04 
 4.72316238e-08  0.00000000e+00  6.25378194e-08 -3.33926765e-04 
 4.72483964e-08  0.00000000e+00  6.25378126e-08 -3.14835067e-04 
 4.72663739e-08  0.00000000e+00  6.25378076e-08 -3.14460213e-04 
 4.72837517e-08  0.00000000e+00  6.25378058e-08 -3.15009677e-04 
 4.73013929e-08  0.00000000e+00  6.25378072e-08 -3.55627477e-04 
 4.73194153e-08  0.00000000e+00  6.25378083e-08 -3.27311021e-04 
 4.73386546e-08  0.00000000e+00  6.25378114e-08 -3.22673042e-04 
 4.73560571e-08  0.00000000e+00  6.25378130e-08 -3.05946952e-04 
 4.73747893e-08  0.00000000e+00  6.25378153e-08 -3.26640711e-04 
 4.73922432e-08  0.00000000e+00  6.25378157e-08 -3.47747000e-04 
 4.74102769e-08  0.00000000e+00  6.25378132e-08 -3.34045545e-04 
 4.74270499e-08  0.00000000e+00  6.25378031e-08 -3.14685510e-04 
 4.74450276e-08  0.00000000e+00  6.25378047e-08 -3.14619388e-04 
 4.74624038e-08  0.00000000e+00  6.25378093e-08 -3.14884390e-04 
 4.74800449e-08  0.00000000e+00  6.25378078e-08 -3.55755495e-04 
 4.74980698e-08  0.00000000e+00  6.25378084e-08 -3.27160654e-04 
 4.75173084e-08  0.00000000e+00  6.25378080e-08 -3.22795775e-04 
 4.75347116e-08  0.00000000e+00  6.25378084e-08 -3.05832631e-04 
 4.75534411e-08  0.00000000e+00  6.25378085e-08 -3.26784704e-04 
 4.75708950e-08  0.00000000e+00  6.25378104e-08 -3.47601186e-04 
 4.75889300e-08  0.00000000e+00  6.25378168e-08 -3.34173660e-04 
 4.76057033e-08  0.00000000e+00  6.25378144e-08 -3.14529165e-04 
 4.76236812e-08  0.00000000e+00  6.25378088e-08 -3.14785103e-04 
 4.76410558e-08  0.00000000e+00  6.25378137e-08 -3.14749531e-04 
 4.76586971e-08  0.00000000e+00  6.25378165e-08 -3.55892525e-04 
 4.76767241e-08  0.00000000e+00  6.25378107e-08 -3.27003001e-04 
 4.76959621e-08  0.00000000e+00  6.25378070e-08 -3.22928050e-04 
 4.77133660e-08  0.00000000e+00  6.25378113e-08 -3.05708719e-04 
 4.77320930e-08  0.00000000e+00  6.25378144e-08 -3.26935587e-04 
 4.77495469e-08  0.00000000e+00  6.25378084e-08 -3.47448606e-04 
 4.77675831e-08  0.00000000e+00  6.25378115e-08 -3.34309710e-04 
 4.77843567e-08  0.00000000e+00  6.25378107e-08 -3.14367254e-04 
 4.78023348e-08  0.00000000e+00  6.25378091e-08 -3.14956127e-04 
 4.78197079e-08  0.00000000e+00  6.25378115e-08 -3.14606561e-04 
 4.78373493e-08  0.00000000e+00  6.25378055e-08 -3.56037172e-04 
 4.78553783e-08  0.00000000e+00  6.25378110e-08 -3.26839317e-04 
 4.78746157e-08  0.00000000e+00  6.25378085e-08 -3.23068470e-04 
 4.78920202e-08  0.00000000e+00  6.25378060e-08 -3.05576562e-04 
 4.79107450e-08  0.00000000e+00  6.25378106e-08 -3.27092242e-04 
 4.79281990e-08  0.00000000e+00  6.25378067e-08 -3.47290349e-04 
 4.79462361e-08  0.00000000e+00  6.25378134e-08 -3.34452544e-04 
 4.79630099e-08  0.00000000e+00  6.25378211e-08 -3.14200757e-04 
 4.79809883e-08  0.00000000e+00  6.25378045e-08 -3.15131473e-04 
 4.79983600e-08  0.00000000e+00  6.25377986e-08 -3.14456688e-04 
 4.80160015e-08  0.00000000e+00  6.25378104e-08 -3.56188288e-04 
 4.80340323e-08  0.00000000e+00  6.25378214e-08 -3.26670626e-04 
 4.80532693e-08  0.00000000e+00  6.25378211e-08 -3.23215877e-04 
 4.80706743e-08  0.00000000e+00  6.25378007e-08 -3.05437275e-04 
 4.80893970e-08  0.00000000e+00  6.25377983e-08 -3.27253763e-04 
 4.81068512e-08  0.00000000e+00  6.25378109e-08 -3.47127298e-04 
 4.81248892e-08  0.00000000e+00  6.25378149e-08 -3.34601219e-04 
 4.81416632e-08  0.00000000e+00  6.25378178e-08 -3.14030458e-04 
 4.81596418e-08  0.00000000e+00  6.25378181e-08 -3.15310348e-04 
 4.81770120e-08  0.00000000e+00  6.25378077e-08 -3.14300911e-04 
 4.81946539e-08  0.00000000e+00  6.25378005e-08 -3.56344926e-04 
 4.82126862e-08  0.00000000e+00  6.25378033e-08 -3.26497759e-04 
 4.82319228e-08  0.00000000e+00  6.25378087e-08 -3.23369304e-04 
 4.82493284e-08  0.00000000e+00  6.25378093e-08 -3.05291790e-04 
 4.82680490e-08  0.00000000e+00  6.25378113e-08 -3.27419411e-04 
 4.82855035e-08  0.00000000e+00  6.25378171e-08 -3.46960175e-04 
 4.83035422e-08  0.00000000e+00  6.25378134e-08 -3.34754951e-04 
 4.83203164e-08  0.00000000e+00  6.25378097e-08 -3.13856988e-04 
 4.83382951e-08  0.00000000e+00  6.25378157e-08 -3.15492114e-04 
 4.83556641e-08  0.00000000e+00  6.25378100e-08 -3.14140063e-04 
 4.83733063e-08  0.00000000e+00  6.25378082e-08 -3.56506302e-04 
 4.83913400e-08  0.00000000e+00  6.25378041e-08 -3.26321396e-04 
 4.84105763e-08  0.00000000e+00  6.25378021e-08 -3.23527942e-04 
 4.84279823e-08  0.00000000e+00  6.25378100e-08 -3.05140889e-04 
 4.84467011e-08  0.00000000e+00  6.25378096e-08 -3.27588581e-04 
 4.84641559e-08  0.00000000e+00  6.25378186e-08 -3.46789572e-04 
 4.84821952e-08  0.00000000e+00  6.25378217e-08 -3.34913094e-04 
 4.84989695e-08  0.00000000e+00  6.25378126e-08 -3.13680856e-04 
 4.85169485e-08  0.00000000e+00  6.25378072e-08 -3.15676257e-04 
 4.85343162e-08  0.00000000e+00  6.25378148e-08 -3.13974837e-04 
 4.85519587e-08  0.00000000e+00  6.25378110e-08 -3.56671765e-04 
 4.85699936e-08  0.00000000e+00  6.25378071e-08 -3.26142093e-04 
 4.85892297e-08  0.00000000e+00  6.25378112e-08 -3.23691112e-04 
 4.86066361e-08  0.00000000e+00  6.25378084e-08 -3.04985229e-04 
 4.86253533e-08  0.00000000e+00  6.25378034e-08 -3.27760779e-04 
 4.86428084e-08  0.00000000e+00  6.25377973e-08 -3.46615973e-04 
 4.86608482e-08  0.00000000e+00  6.25378005e-08 -3.35075103e-04 
 4.86776226e-08  0.00000000e+00  6.25378082e-08 -3.13502470e-04 
 4.86956017e-08  0.00000000e+00  6.25378118e-08 -3.15862365e-04 
 4.87129683e-08  0.00000000e+00  6.25378131e-08 -3.13805817e-04 
 4.87306112e-08  0.00000000e+00  6.25378205e-08 -3.56840770e-04 
 4.87486472e-08  0.00000000e+00  6.25378166e-08 -3.25960307e-04 
 4.87678831e-08  0.00000000e+00  6.25378140e-08 -3.23858239e-04 
 4.87852899e-08  0.00000000e+00  6.25378110e-08 -3.04825367e-04 
 4.88040055e-08  0.00000000e+00  6.25378046e-08 -3.27935599e-04 
 4.88214609e-08  0.00000000e+00  6.25378127e-08 -3.46439779e-04 
 4.88395012e-08  0.00000000e+00  6.25378113e-08 -3.35240526e-04 
 4.88562757e-08  0.00000000e+00  6.25378048e-08 -3.13322160e-04 
 4.88742549e-08  0.00000000e+00  6.25378085e-08 -3.16050105e-04 
 4.88916204e-08  0.00000000e+00  6.25378046e-08 -3.13633492e-04 
 4.89092637e-08  0.00000000e+00  6.25378110e-08 -3.57012861e-04 
 4.89273006e-08  0.00000000e+00  6.25378182e-08 -3.25776410e-04 
 4.89465364e-08  0.00000000e+00  6.25378135e-08 -3.24028838e-04 
 4.89639435e-08  0.00000000e+00  6.25378150e-08 -3.04661779e-04 
 4.89826577e-08  0.00000000e+00  6.25378125e-08 -3.28112704e-04 
 4.90001135e-08  0.00000000e+00  6.25378067e-08 -3.46261320e-04 
 4.90181542e-08  0.00000000e+00  6.25378067e-08 -3.35408979e-04 
 4.90349287e-08  0.00000000e+00  6.25378076e-08 -3.13140193e-04 
 4.90529081e-08  0.00000000e+00  6.25377957e-08 -3.16239208e-04 
 4.90702725e-08  0.00000000e+00  6.25378097e-08 -3.13458275e-04 
 4.90879162e-08  0.00000000e+00  6.25378265e-08 -3.57187657e-04 
 4.91059540e-08  0.00000000e+00  6.25378139e-08 -3.25590712e-04 
 4.91251896e-08  0.00000000e+00  6.25377963e-08 -3.24202495e-04 
 4.91425971e-08  0.00000000e+00  6.25378034e-08 -3.04494868e-04 
 4.91613099e-08  0.00000000e+00  6.25378182e-08 -3.28291818e-04 
 4.91787662e-08  0.00000000e+00  6.25378084e-08 -3.46080873e-04 
 4.91968071e-08  0.00000000e+00  6.25378003e-08 -3.35580138e-04 
 4.92135816e-08  0.00000000e+00  6.25378132e-08 -3.12956784e-04 
 4.92315612e-08  0.00000000e+00  6.25378170e-08 -3.16429460e-04 
 4.92489246e-08  0.00000000e+00  6.25378083e-08 -3.13280518e-04 
 4.92665687e-08  0.00000000e+00  6.25378138e-08 -3.57364835e-04 
 4.92846073e-08  0.00000000e+00  6.25378224e-08 -3.25403466e-04 
 4.93038429e-08  0.00000000e+00  6.25378107e-08 -3.24378856e-04 
 4.93212506e-08  0.00000000e+00  6.25378114e-08 -3.04324983e-04 
 4.93399622e-08  0.00000000e+00  6.25378156e-08 -3.28472709e-04 
 4.93574189e-08  0.00000000e+00  6.25378067e-08 -3.45898666e-04 
 4.93754600e-08  0.00000000e+00  6.25378095e-08 -3.35753727e-04 
 4.93922346e-08  0.00000000e+00  6.25378102e-08 -3.12772108e-04 
 4.94102143e-08  0.00000000e+00  6.25378035e-08 -3.16620688e-04 
 4.94275767e-08  0.00000000e+00  6.25378028e-08 -3.13100516e-04 
 4.94452213e-08  0.00000000e+00  6.25378099e-08 -3.57544123e-04 
 4.94632605e-08  0.00000000e+00  6.25378010e-08 -3.25214880e-04 
 4.94824960e-08  0.00000000e+00  6.25378156e-08 -3.24557620e-04 
 4.94999040e-08  0.00000000e+00  6.25378307e-08 -3.04152423e-04 
 4.95186145e-08  0.00000000e+00  6.25378126e-08 -3.28655187e-04 
 4.95360716e-08  0.00000000e+00  6.25378044e-08 -3.45714891e-04 
 4.95541130e-08  0.00000000e+00  6.25378082e-08 -3.35929509e-04 
 4.95708875e-08  0.00000000e+00  6.25378138e-08 -3.12586305e-04 
 4.95888673e-08  0.00000000e+00  6.25378136e-08 -3.16812753e-04 
 4.96062289e-08  0.00000000e+00  6.25378100e-08 -3.12918524e-04 
 4.96238739e-08  0.00000000e+00  6.25378077e-08 -3.57725290e-04 
 4.96419136e-08  0.00000000e+00  6.25378030e-08 -3.25025127e-04 
 4.96611492e-08  0.00000000e+00  6.25378017e-08 -3.24738525e-04 
 4.96785573e-08  0.00000000e+00  6.25378077e-08 -3.03977448e-04 
 4.96972668e-08  0.00000000e+00  6.25378081e-08 -3.28839089e-04 
 4.97147243e-08  0.00000000e+00  6.25378119e-08 -3.45529708e-04 
 4.97327658e-08  0.00000000e+00  6.25378259e-08 -3.36107282e-04 
 4.97495403e-08  0.00000000e+00  6.25378257e-08 -3.12399489e-04 
 4.97675203e-08  0.00000000e+00  6.25378143e-08 -3.17005546e-04 
 4.97848811e-08  0.00000000e+00  6.25378049e-08 -3.12734758e-04 
 4.98025265e-08  0.00000000e+00  6.25378025e-08 -3.57908140e-04 
 4.98205667e-08  0.00000000e+00  6.25378067e-08 -3.24834349e-04 
 4.98398022e-08  0.00000000e+00  6.25378036e-08 -3.24921346e-04 
 4.98572106e-08  0.00000000e+00  6.25378101e-08 -3.03800285e-04 
 4.98759191e-08  0.00000000e+00  6.25378197e-08 -3.29024284e-04 
 4.98933771e-08  0.00000000e+00  6.25378065e-08 -3.45343248e-04 
 4.99114187e-08  0.00000000e+00  6.25378107e-08 -3.36286859e-04 
 4.99281932e-08  0.00000000e+00  6.25378174e-08 -3.12211812e-04 
 4.99461732e-08  0.00000000e+00  6.25378074e-08 -3.17198914e-04 
 4.99635333e-08  0.00000000e+00  6.25378093e-08 -3.12549402e-04 
 4.99811791e-08  0.00000000e+00  6.25378153e-08 -3.58092595e-04 
 4.99905896e-08  0.00000000e+00  6.25378164e-08 -3.36470219e-04 
 5.00000000e-08  0.00000000e+00  6.25378071e-08 -3.44472682e-04 
 5.00018821e-08  2.25850446e-02  6.25378065e-08 -3.06052862e-04 
 5.00056463e-08  6.77551338e-02  6.25378052e-08 -3.00561032e-04 
 5.00131746e-08  1.58095312e-01  6.25378028e-08 -2.94293283e-04 
 5.00279063e-08  3.34875697e-01  6.25378054e-08 -2.86705245e-04 
 5.00424843e-08  5.09811552e-01  6.25378104e-08 -2.82628709e-04 
 5.00596497e-08  7.15795948e-01  6.25378159e-08 -3.24592428e-04 
 5.00777431e-08  9.32916601e-01  6.25378136e-08 -3.71422294e-04 
 5.00888715e-08  1.06645830e+00  6.25378062e-08 -3.66500943e-04 
 5.01000000e-08  1.20000000e+00  6.25378020e-08 -3.92662885e-04 
 5.01022257e-08  1.20000000e+00  6.25378019e-08 -4.03783165e-04 
 5.01066771e-08  1.20000000e+00  6.25378050e-08 -4.01036806e-04 
 5.01155799e-08  1.20000000e+00  6.25378143e-08 -3.81813781e-04 
 5.01289853e-08  1.20000000e+00  6.25378132e-08 -3.55747305e-04 
 5.01432228e-08  1.20000000e+00  6.25378059e-08 -3.90228443e-04 
 5.01585625e-08  1.20000000e+00  6.25378103e-08 -4.35947075e-04 
 5.01751510e-08  1.20000000e+00  6.25378180e-08 -4.23424054e-04 
 5.01915533e-08  1.20000000e+00  6.25378085e-08 -4.20872733e-04 
 5.02094956e-08  1.20000000e+00  6.25378083e-08 -3.83149530e-04 
 5.02264131e-08  1.20000000e+00  6.25378149e-08 -3.69858435e-04 
 5.02447943e-08  1.20000000e+00  6.25378069e-08 -4.33885428e-04 
 5.02615185e-08  1.20000000e+00  6.25377984e-08 -4.27911649e-04 
 5.02799606e-08  1.20000000e+00  6.25378069e-08 -4.22924609e-04 
 5.02972573e-08  1.20000000e+00  6.25378205e-08 -3.87624675e-04 
 5.03153204e-08  1.20000000e+00  6.25378145e-08 -3.68963524e-04 
 5.03328033e-08  1.20000000e+00  6.25378024e-08 -4.30234950e-04 
 5.03500291e-08  1.20000000e+00  6.25378091e-08 -4.30463611e-04 
 5.03678779e-08  1.20000000e+00  6.25378167e-08 -4.22022999e-04 
 5.03853198e-08  1.20000000e+00  6.25378121e-08 -3.92894592e-04 
 5.04031122e-08  1.20000000e+00  6.25378119e-08 -3.64332642e-04 
 5.04205487e-08  1.20000000e+00  6.25378074e-08 -4.27636946e-04 
 5.04376849e-08  1.20000000e+00  6.25378030e-08 -4.31876180e-04 
 5.04553751e-08  1.20000000e+00  6.25378043e-08 -4.23256534e-04 
 5.04726834e-08  1.20000000e+00  6.25378132e-08 -3.97477422e-04 
 5.04903029e-08  1.20000000e+00  6.25378145e-08 -3.62869479e-04 
 5.05076636e-08  1.20000000e+00  6.25378148e-08 -4.19732361e-04 
 5.05248384e-08  1.20000000e+00  6.25378133e-08 -4.36727886e-04 
 5.05422784e-08  1.20000000e+00  6.25378110e-08 -4.21329619e-04 
 5.05597086e-08  1.20000000e+00  6.25378106e-08 -4.05284626e-04 
 5.05769444e-08  1.20000000e+00  6.25378100e-08 -3.61082190e-04 
 5.05942012e-08  1.20000000e+00  6.25378064e-08 -4.12025109e-04 
 5.06114129e-08  1.20000000e+00  6.25378074e-08 -4.37816173e-04 
 5.06284959e-08  1.20000000e+00  6.25378172e-08 -4.23215677e-04 
 5.06450075e-08  1.20000000e+00  6.25378083e-08 -4.11654206e-04 
 5.06623020e-08  1.20000000e+00  6.25377949e-08 -3.69066937e-04 
 5.06790635e-08  1.20000000e+00  6.25378131e-08 -3.91689024e-04 
 5.06962276e-08  1.20000000e+00  6.25378165e-08 -4.40726618e-04 
 5.07134300e-08  1.20000000e+00  6.25378089e-08 -4.21144743e-04 
 5.07299606e-08  1.20000000e+00  6.25378151e-08 -4.21468135e-04 
 5.07478989e-08  1.20000000e+00  6.25378096e-08 -3.74706763e-04 
 5.07650279e-08  1.20000000e+00  6.25378130e-08 -3.80792698e-04 
 5.07831243e-08  1.20000000e+00  6.25378112e-08 -4.35832636e-04 
 5.08003389e-08  1.20000000e+00  6.25378006e-08 -4.25748211e-04 
 5.08193519e-08  1.20000000e+00  6.25378044e-08 -4.18553125e-04 
 5.08373111e-08  1.20000000e+00  6.25378123e-08 -3.77392119e-04 
 5.08549736e-08  1.20000000e+00  6.25378124e-08 -3.80091631e-04 
 5.08737485e-08  1.20000000e+00  6.25378191e-08 -4.40362146e-04 
 5.08906989e-08  1.20000000e+00  6.25378175e-08 -4.21712088e-04 
 5.09080547e-08  1.20000000e+00  6.25377989e-08 -4.22788363e-04 
 5.09265323e-08  1.20000000e+00  6.25378024e-08 -3.73987689e-04 
 5.09435402e-08  1.20000000e+00  6.25378128e-08 -3.81065299e-04 
 5.09603402e-08  1.20000000e+00  6.25378088e-08 -4.32949802e-04 
 5.09780875e-08  1.20000000e+00  6.25378101e-08 -4.27310359e-04 
 5.09963400e-08  1.20000000e+00  6.25378121e-08 -4.19710573e-04 
 5.10143801e-08  1.20000000e+00  6.25378081e-08 -3.82607406e-04 
 5.10318691e-08  1.20000000e+00  6.25378079e-08 -3.72961231e-04 
 5.10502832e-08  1.20000000e+00  6.25378156e-08 -4.38258223e-04 
 5.10671366e-08  1.20000000e+00  6.25378165e-08 -4.23241202e-04 
 5.10860686e-08  1.20000000e+00  6.25378099e-08 -4.23792651e-04 
 5.11036434e-08  1.20000000e+00  6.25377998e-08 -3.78640575e-04 
 5.11214855e-08  1.20000000e+00  6.25378048e-08 -3.78204167e-04 
 5.11396916e-08  1.20000000e+00  6.25378210e-08 -4.33922032e-04 
 5.11566902e-08  1.20000000e+00  6.25378188e-08 -4.27200978e-04 
 5.11756088e-08  1.20000000e+00  6.25378164e-08 -4.19415143e-04 
 5.11932802e-08  1.20000000e+00  6.25378159e-08 -3.81816580e-04 
 5.12110692e-08  1.20000000e+00  6.25378054e-08 -3.75202744e-04 
 5.12294217e-08  1.20000000e+00  6.25378045e-08 -4.38553811e-04 
 5.12463697e-08  1.20000000e+00  6.25378059e-08 -4.22523786e-04 
 5.12655386e-08  1.20000000e+00  6.25378028e-08 -4.23162223e-04 
 5.12832379e-08  1.20000000e+00  6.25378103e-08 -3.75625613e-04 
 5.13010573e-08  1.20000000e+00  6.25378196e-08 -3.82125924e-04 
 5.13196255e-08  1.20000000e+00  6.25378141e-08 -4.35279202e-04 
 5.13365513e-08  1.20000000e+00  6.25378125e-08 -4.25824103e-04 
 5.13539113e-08  1.20000000e+00  6.25378132e-08 -4.20422791e-04 
 5.13723540e-08  1.20000000e+00  6.25378101e-08 -3.79661955e-04 
 5.13893332e-08  1.20000000e+00  6.25378106e-08 -3.75204777e-04 
 5.14059141e-08  1.20000000e+00  6.25378054e-08 -4.34140541e-04 
 5.14236048e-08  1.20000000e+00  6.25378080e-08 -4.25061425e-04 
 5.14417044e-08  1.20000000e+00  6.25378087e-08 -4.24254825e-04 
 5.14595086e-08  1.20000000e+00  6.25378088e-08 -3.83727870e-04 
 5.14772987e-08  1.20000000e+00  6.25378078e-08 -3.72806702e-04 
 5.14952735e-08  1.20000000e+00  6.25377998e-08 -4.31475278e-04 
 5.15122582e-08  1.20000000e+00  6.25378077e-08 -4.28638563e-04 
 5.15307418e-08  1.20000000e+00  6.25378188e-08 -4.21533808e-04 
 5.15481347e-08  1.20000000e+00  6.25378147e-08 -3.88907766e-04 
 5.15663749e-08  1.20000000e+00  6.25378109e-08 -3.69064597e-04 
 5.15839776e-08  1.20000000e+00  6.25378107e-08 -4.32839925e-04 
 5.16011767e-08  1.20000000e+00  6.25378101e-08 -4.26498935e-04 
 5.16193795e-08  1.20000000e+00  6.25378131e-08 -4.24272121e-04 
 5.16368213e-08  1.20000000e+00  6.25378132e-08 -3.88341057e-04 
 5.16550496e-08  1.20000000e+00  6.25378120e-08 -3.70206961e-04 
 5.16725434e-08  1.20000000e+00  6.25378106e-08 -4.28278792e-04 
 5.16897782e-08  1.20000000e+00  6.25378050e-08 -4.30417710e-04 
 5.17077989e-08  1.20000000e+00  6.25378063e-08 -4.21247057e-04 
 5.17251917e-08  1.20000000e+00  6.25378178e-08 -3.94460130e-04 
 5.17432287e-08  1.20000000e+00  6.25378126e-08 -3.64983519e-04 
 5.17606337e-08  1.20000000e+00  6.25377988e-08 -4.28116854e-04 
 5.17778572e-08  1.20000000e+00  6.25378042e-08 -4.29450802e-04 
 5.17956633e-08  1.20000000e+00  6.25378152e-08 -4.23722873e-04 
 5.18129836e-08  1.20000000e+00  6.25378183e-08 -3.96496440e-04 
 5.18307775e-08  1.20000000e+00  6.25378117e-08 -3.65152430e-04 
 5.18481059e-08  1.20000000e+00  6.25378024e-08 -4.20337668e-04 
 5.18654095e-08  1.20000000e+00  6.25378161e-08 -4.34718519e-04 
 5.18829500e-08  1.20000000e+00  6.25378197e-08 -4.20455950e-04 
 5.19003228e-08  1.20000000e+00  6.25378087e-08 -4.04990233e-04 
 5.19178562e-08  1.20000000e+00  6.25378055e-08 -3.60913018e-04 
 5.19350753e-08  1.20000000e+00  6.25378038e-08 -4.16251295e-04 
 5.19526391e-08  1.20000000e+00  6.25378037e-08 -4.33953128e-04 
 5.19697199e-08  1.20000000e+00  6.25378001e-08 -4.23646309e-04 
 5.19877015e-08  1.20000000e+00  6.25378074e-08 -4.06311384e-04 
 5.20045649e-08  1.20000000e+00  6.25378236e-08 -3.66222066e-04 
 5.20219984e-08  1.20000000e+00  6.25378230e-08 -4.04214677e-04 
 5.20390355e-08  1.20000000e+00  6.25378067e-08 -4.39202320e-04 
 5.20561516e-08  1.20000000e+00  6.25378086e-08 -4.20592825e-04 
 5.20724856e-08  1.20000000e+00  6.25378140e-08 -4.18215336e-04 
 5.20898381e-08  1.20000000e+00  6.25378099e-08 -3.70612375e-04 
 5.21066534e-08  1.20000000e+00  6.25378072e-08 -3.88464872e-04 
 5.21238225e-08  1.20000000e+00  6.25378060e-08 -4.35156548e-04 
 5.21413311e-08  1.20000000e+00  6.25378069e-08 -4.24295573e-04 
 5.21582073e-08  1.20000000e+00  6.25378144e-08 -4.20736350e-04 
 5.21762027e-08  1.20000000e+00  6.25378107e-08 -3.80144469e-04 
 5.21932727e-08  1.20000000e+00  6.25377978e-08 -3.76132107e-04 
 5.22115026e-08  1.20000000e+00  6.25378106e-08 -4.35468358e-04 
 5.22283654e-08  1.20000000e+00  6.25378231e-08 -4.24455335e-04 
 5.22476584e-08  1.20000000e+00  6.25378016e-08 -4.22314536e-04 
 5.22651634e-08  1.20000000e+00  6.25378034e-08 -3.79769946e-04 
 5.22832391e-08  1.20000000e+00  6.25378114e-08 -3.79367791e-04 
 5.23015330e-08  1.20000000e+00  6.25378135e-08 -4.34633466e-04 
 5.23184834e-08  1.20000000e+00  6.25378232e-08 -4.25235074e-04 
 5.23358671e-08  1.20000000e+00  6.25378099e-08 -4.21976151e-04 
 5.23542234e-08  1.20000000e+00  6.25378133e-08 -3.81618092e-04 
 5.23713213e-08  1.20000000e+00  6.25378191e-08 -3.74701852e-04 
 5.23878783e-08  1.20000000e+00  6.25378104e-08 -4.30851453e-04 
 5.24054403e-08  1.20000000e+00  6.25378092e-08 -4.27136368e-04 
 5.24235440e-08  1.20000000e+00  6.25378006e-08 -4.22904194e-04 
 5.24411678e-08  1.20000000e+00  6.25377983e-08 -3.88852371e-04 
 5.24594766e-08  1.20000000e+00  6.25378104e-08 -3.70537732e-04 
 5.24770738e-08  1.20000000e+00  6.25378143e-08 -4.30096758e-04 
 5.24943080e-08  1.20000000e+00  6.25378194e-08 -4.28170461e-04 
 5.25125543e-08  1.20000000e+00  6.25378120e-08 -4.22140077e-04 
 5.25299732e-08  1.20000000e+00  6.25378039e-08 -3.91397156e-04 
 5.25483210e-08  1.20000000e+00  6.25378110e-08 -3.68845289e-04 
 5.25657719e-08  1.20000000e+00  6.25378078e-08 -4.29178389e-04 
 5.25830595e-08  1.20000000e+00  6.25378107e-08 -4.28361134e-04 
 5.26011320e-08  1.20000000e+00  6.25378127e-08 -4.22523581e-04 
 5.26185270e-08  1.20000000e+00  6.25378011e-08 -3.93353744e-04 
 5.26366974e-08  1.20000000e+00  6.25378092e-08 -3.67808852e-04 
 5.26540806e-08  1.20000000e+00  6.25378144e-08 -4.25857023e-04 
 5.26713809e-08  1.20000000e+00  6.25378075e-08 -4.30651173e-04 
 5.26892487e-08  1.20000000e+00  6.25378165e-08 -4.21218322e-04 
 5.27065924e-08  1.20000000e+00  6.25378259e-08 -3.98309886e-04 
 5.27245190e-08  1.20000000e+00  6.25378206e-08 -3.64606208e-04 
 5.27418350e-08  1.20000000e+00  6.25378084e-08 -4.22774470e-04 
 5.27592279e-08  1.20000000e+00  6.25377981e-08 -4.31543092e-04 
 5.27768144e-08  1.20000000e+00  6.25378035e-08 -4.21887048e-04 
 5.27941927e-08  1.20000000e+00  6.25378124e-08 -4.02135674e-04 
 5.28118204e-08  1.20000000e+00  6.25378102e-08 -3.64146209e-04 
 5.28290830e-08  1.20000000e+00  6.25378058e-08 -4.15786567e-04 
 5.28468269e-08  1.20000000e+00  6.25378098e-08 -4.34538322e-04 
 5.28639325e-08  1.20000000e+00  6.25378102e-08 -4.20849967e-04 
 5.28817608e-08  1.20000000e+00  6.25378067e-08 -4.07416360e-04 
 5.28988595e-08  1.20000000e+00  6.25378098e-08 -3.63755339e-04 
 5.29162167e-08  1.20000000e+00  6.25378085e-08 -4.09770397e-04 
 5.29335037e-08  1.20000000e+00  6.25378067e-08 -4.35315832e-04 
 5.29505763e-08  1.20000000e+00  6.25378185e-08 -4.22758254e-04 
 5.29670932e-08  1.20000000e+00  6.25378233e-08 -4.13634430e-04 
 5.29844555e-08  1.20000000e+00  6.25378145e-08 -3.71254855e-04 
 5.30011917e-08  1.20000000e+00  6.25378146e-08 -3.91178175e-04 
 5.30183827e-08  1.20000000e+00  6.25378161e-08 -4.37674846e-04 
 5.30355115e-08  1.20000000e+00  6.25378133e-08 -4.21352242e-04 
 5.30517601e-08  1.20000000e+00  6.25378173e-08 -4.22570602e-04 
 5.30694925e-08  1.20000000e+00  6.25378146e-08 -3.78778682e-04 
 5.30864808e-08  1.20000000e+00  6.25378026e-08 -3.78802810e-04 
 5.31041756e-08  1.20000000e+00  6.25378011e-08 -4.31214294e-04 
 5.31212102e-08  1.20000000e+00  6.25378047e-08 -4.27550238e-04 
 5.31403300e-08  1.20000000e+00  6.25378163e-08 -4.19629422e-04 
 5.31578346e-08  1.20000000e+00  6.25378130e-08 -3.85214325e-04 
 5.31761362e-08  1.20000000e+00  6.25378026e-08 -3.75501263e-04 
 5.31942039e-08  1.20000000e+00  6.25378029e-08 -4.35570642e-04 
 5.32112322e-08  1.20000000e+00  6.25378030e-08 -4.23293956e-04 
 5.32304530e-08  1.20000000e+00  6.25378080e-08 -4.22590830e-04 
 5.32479635e-08  1.20000000e+00  6.25378071e-08 -3.79688498e-04 
 5.32661311e-08  1.20000000e+00  6.25378108e-08 -3.81361429e-04 
 5.32842411e-08  1.20000000e+00  6.25378223e-08 -4.32940861e-04 
 5.33012565e-08  1.20000000e+00  6.25378247e-08 -4.25847112e-04 
 5.33183272e-08  1.20000000e+00  6.25378122e-08 -4.20808754e-04 
 5.33365343e-08  1.20000000e+00  6.25377911e-08 -3.84477618e-04 
 5.33537205e-08  1.20000000e+00  6.25378012e-08 -3.73933627e-04 
 5.33721757e-08  1.20000000e+00  6.25378173e-08 -4.33451825e-04 
 5.33888435e-08  1.20000000e+00  6.25378094e-08 -4.25319165e-04 
 5.34061096e-08  1.20000000e+00  6.25378041e-08 -4.23611452e-04 
 5.34240714e-08  1.20000000e+00  6.25378131e-08 -3.87687087e-04 
 5.34419639e-08  1.20000000e+00  6.25378229e-08 -3.72665895e-04 
 5.34598791e-08  1.20000000e+00  6.25378181e-08 -4.28227868e-04 
 5.34769282e-08  1.20000000e+00  6.25378127e-08 -4.29193792e-04 
 5.34955168e-08  1.20000000e+00  6.25378097e-08 -4.20385165e-04 
 5.35128118e-08  1.20000000e+00  6.25378015e-08 -3.92792972e-04 
 5.35315594e-08  1.20000000e+00  6.25377971e-08 -3.69715627e-04 
 5.35489378e-08  1.20000000e+00  6.25378072e-08 -4.30437153e-04 
 5.35663632e-08  1.20000000e+00  6.25378093e-08 -4.26047435e-04 
 5.35846227e-08  1.20000000e+00  6.25378055e-08 -4.23060765e-04 
 5.36021081e-08  1.20000000e+00  6.25378103e-08 -3.90236211e-04 
 5.36207071e-08  1.20000000e+00  6.25378165e-08 -3.72560715e-04 
 5.36381550e-08  1.20000000e+00  6.25378132e-08 -4.27069654e-04 
 5.36555514e-08  1.20000000e+00  6.25378156e-08 -4.29114868e-04 
 5.36738011e-08  1.20000000e+00  6.25378078e-08 -4.19868568e-04 
 5.36912670e-08  1.20000000e+00  6.25377979e-08 -3.93929747e-04 
 5.37098708e-08  1.20000000e+00  6.25378119e-08 -3.69552065e-04 
 5.37272795e-08  1.20000000e+00  6.25378190e-08 -4.29234477e-04 
 5.37447108e-08  1.20000000e+00  6.25378154e-08 -4.26511384e-04 
 5.37628876e-08  1.20000000e+00  6.25378138e-08 -4.22331402e-04 
 5.37803605e-08  1.20000000e+00  6.25378027e-08 -3.92155668e-04 
 5.37989169e-08  1.20000000e+00  6.25378054e-08 -3.71982743e-04 
 5.38162969e-08  1.20000000e+00  6.25378154e-08 -4.25561431e-04 
 5.38337590e-08  1.20000000e+00  6.25378030e-08 -4.29628107e-04 
 5.38518423e-08  1.20000000e+00  6.25378032e-08 -4.19211216e-04 
 5.38693118e-08  1.20000000e+00  6.25378104e-08 -3.96311104e-04 
 5.38877782e-08  1.20000000e+00  6.25378175e-08 -3.68611329e-04 
 5.39051213e-08  1.20000000e+00  6.25378084e-08 -4.26937619e-04 
 5.39226264e-08  1.20000000e+00  6.25378201e-08 -4.27495500e-04 
 5.39405696e-08  1.20000000e+00  6.25378240e-08 -4.21517185e-04 
 5.39580319e-08  1.20000000e+00  6.25377828e-08 -3.95634412e-04 
 5.39763364e-08  1.20000000e+00  6.25378654e-08 -3.70292862e-04 
 5.39936421e-08  1.20000000e+00  6.25377377e-08 -4.22166635e-04 
 5.40112192e-08  1.20000000e+00  6.25378054e-08 -4.31069671e-04 
 5.40289526e-08  1.20000000e+00  6.25380944e-08 -4.18443035e-04 
 5.40464210e-08  1.20000000e+00  6.25371237e-08 -4.01097026e-04 
 5.40644732e-08  1.20000000e+00  6.25386611e-08 -3.66367618e-04 
 5.40817644e-08  1.20000000e+00  6.25376514e-08 -4.21668034e-04 
 5.40994921e-08  1.20000000e+00  6.25354359e-08 -4.29637773e-04 
 5.41169263e-08  1.20000000e+00  6.25449875e-08 -4.20791992e-04 
 5.41344751e-08  1.20000000e+00  6.25287093e-08 -4.01856884e-04 
 5.41521912e-08  1.20000000e+00  6.25390114e-08 -3.67950054e-04 
 5.41695209e-08  1.20000000e+00  6.25583653e-08 -4.14861992e-04 
 5.41875826e-08  1.20000000e+00  6.24682662e-08 -4.33465459e-04 
 5.42046258e-08  1.20000000e+00  6.26412167e-08 -4.18360749e-04 
 5.42224729e-08  1.20000000e+00  6.25660848e-08 -4.07413694e-04 
 5.42397885e-08  1.20000000e+00  6.22879333e-08 -3.65335327e-04 
 5.42571592e-08  1.20000000e+00  6.31439520e-08 -4.12671411e-04 
 5.42748105e-08  1.20000000e+00  6.11863136e-08 -4.32338273e-04 
 5.42918424e-08  1.20000000e+00  6.21579767e-08 -4.21993350e-04 
 5.43099012e-08  1.20000000e+00  6.71686441e-08 -4.08120371e-04 
 5.43268178e-08  1.20000000e+00  5.84129636e-08 -3.70161906e-04 
 5.43442439e-08  1.20000000e+00  7.51199861e-08 -4.02405663e-04 
 5.43614523e-08  1.20000000e+00  5.25064710e-08 -4.36247776e-04 
 5.43784975e-08  1.20000000e+00 -2.22502468e-08 -4.20487195e-04 
 5.43948399e-08  1.20000000e+00  1.20994026e-07 -4.17624957e-04 
 5.44122278e-08  1.20000000e+00  1.02970603e-07 -3.74904390e-04 
 5.44289838e-08  1.20000000e+00  3.66677096e-07 -3.88098828e-04 
 5.44461431e-08  1.20000000e+00  9.49673827e-07 -4.32535294e-04 
 5.44636138e-08  1.20000000e+00 -1.96189010e-06 -4.24282325e-04 
 5.44801995e-08  1.20000000e+00 -3.46772404e-06 -4.19864617e-04 
 5.44980046e-08  1.20000000e+00 -2.36711804e-06 -3.84993730e-04 
 5.45152456e-08  1.20000000e+00  5.35613587e-06 -3.76718969e-04 
 5.45328511e-08  1.20000000e+00  5.11213983e-05 -4.30264508e-04 
 5.45498429e-08  1.20000000e+00  3.41941274e-05 -4.26478135e-04 
 5.45690021e-08  1.20000000e+00 -1.37848886e-04 -4.19927073e-04 
 5.45863996e-08  1.20000000e+00 -3.98084667e-04 -3.87805209e-04 
 5.46054709e-08  1.20000000e+00 -4.04303267e-04 -3.77798200e-04 
 5.46231230e-08  1.20000000e+00  1.84123053e-03 -4.32667606e-04 
 5.46404952e-08  1.20000000e+00  4.98921276e-03 -4.25092351e-04 
 5.46593580e-08  1.20000000e+00  1.30662204e-03 -4.17296028e-04 
 5.46767088e-08  1.20000000e+00 -1.79511145e-02 -3.78400939e-04 
 5.46952821e-08  1.20000000e+00 -4.66429501e-02 -3.71692623e-04 
 5.47103309e-08  1.20000000e+00 -2.27594123e-02 -4.59462577e-04 
 5.47267723e-08  1.20000000e+00  9.69417964e-02 -4.97357458e-04 
 5.47438550e-08  1.20000000e+00  2.70800768e-01 -4.70382757e-04 
 5.47597630e-08  1.20000000e+00  4.33684997e-01 -4.29090345e-04 
 5.47773331e-08  1.20000000e+00  6.04497576e-01 -3.82270534e-04 
 5.47943698e-08  1.20000000e+00  7.54975389e-01 -4.05371171e-04 
 5.48120032e-08  1.20000000e+00  8.87404883e-01 -4.45380619e-04 
 5.48291993e-08  1.20000000e+00  9.88555198e-01 -4.14731617e-04 
 5.48468707e-08  1.20000000e+00  1.06369261e+00 -3.63659357e-04 
 5.48642307e-08  1.20000000e+00  1.11364934e+00 -3.05073520e-04 
 5.48814733e-08  1.20000000e+00  1.14600324e+00 -3.23004983e-04 
 5.48990725e-08  1.20000000e+00  1.16691037e+00 -3.74203127e-04 
 5.49160168e-08  1.20000000e+00  1.17946603e+00 -3.69447551e-04 
 5.49344181e-08  1.20000000e+00  1.18783605e+00 -3.28939195e-04 
 5.49513723e-08  1.20000000e+00  1.19250064e+00 -2.85152531e-04 
 5.49688446e-08  1.20000000e+00  1.19544906e+00 -2.98539062e-04 
 5.49859776e-08  1.20000000e+00  1.19721663e+00 -3.60716935e-04 
 5.50030683e-08  1.20000000e+00  1.19829238e+00 -3.64857772e-04 
 5.50220568e-08  1.20000000e+00  1.19901450e+00 -3.30879224e-04 
 5.50392580e-08  1.20000000e+00  1.19939619e+00 -2.83467707e-04 
 5.50569704e-08  1.20000000e+00  1.19963935e+00 -2.94748394e-04 
 5.50740348e-08  1.20000000e+00  1.19977678e+00 -3.54953849e-04 
 5.50913863e-08  1.20000000e+00  1.19986651e+00 -3.66866886e-04 
 5.51107049e-08  1.20000000e+00  1.19992149e+00 -3.31243457e-04 
 5.51284129e-08  1.20000000e+00  1.19995481e+00 -2.84427603e-04 
 5.51462391e-08  1.20000000e+00  1.19997090e+00 -2.93078734e-04 
 5.51634782e-08  1.20000000e+00  1.19998417e+00 -3.56237551e-04 
 5.51809457e-08  1.20000000e+00  1.19998847e+00 -3.65477070e-04 
 5.52002846e-08  1.20000000e+00  1.19999517e+00 -3.32187582e-04 
 5.52180735e-08  1.20000000e+00  1.19999525e+00 -2.82244297e-04 
 5.52358720e-08  1.20000000e+00  1.19999887e+00 -2.95188905e-04 
 5.52531454e-08  1.20000000e+00  1.19999753e+00 -3.55714588e-04 
 5.52705726e-08  1.20000000e+00  1.20000014e+00 -3.66534061e-04 
 5.52898576e-08  1.20000000e+00  1.19999841e+00 -3.30673127e-04 
 5.53076133e-08  1.20000000e+00  1.20000060e+00 -2.82762855e-04 
 5.53253631e-08  1.20000000e+00  1.19999874e+00 -2.94559233e-04 
 5.53426381e-08  1.20000000e+00  1.20000073e+00 -3.57047505e-04 
 5.53600264e-08  1.20000000e+00  1.19999889e+00 -3.65473072e-04 
 5.53793056e-08  1.20000000e+00  1.20000075e+00 -3.31701709e-04 
 5.53970879e-08  1.20000000e+00  1.19999897e+00 -2.81151056e-04 
 5.54148093e-08  1.20000000e+00  1.20000073e+00 -2.95991746e-04 
 5.54321100e-08  1.20000000e+00  1.19999902e+00 -3.56172094e-04 
 5.54494787e-08  1.20000000e+00  1.20000070e+00 -3.66542679e-04 
 5.54687621e-08  1.20000000e+00  1.19999906e+00 -3.30600672e-04 
 5.54865827e-08  1.20000000e+00  1.20000066e+00 -2.81540749e-04 
 5.55042785e-08  1.20000000e+00  1.19999910e+00 -2.95498652e-04 
 5.55216082e-08  1.20000000e+00  1.20000063e+00 -3.57340917e-04 
 5.55389568e-08  1.20000000e+00  1.19999914e+00 -3.65663004e-04 
 5.55582374e-08  1.20000000e+00  1.20000060e+00 -3.31335214e-04 
 5.55760867e-08  1.20000000e+00  1.19999917e+00 -2.80034616e-04 
 5.55937547e-08  1.20000000e+00  1.20000057e+00 -2.96900810e-04 
 5.56111094e-08  1.20000000e+00  1.19999920e+00 -3.56686999e-04 
 5.56284358e-08  1.20000000e+00  1.20000054e+00 -3.66595499e-04 
 5.56477121e-08  1.20000000e+00  1.19999923e+00 -3.30270982e-04 
 5.56655885e-08  1.20000000e+00  1.20000051e+00 -2.80278275e-04 
 5.56832287e-08  1.20000000e+00  1.19999926e+00 -2.96601248e-04 
 5.57006079e-08  1.20000000e+00  1.20000048e+00 -3.57699874e-04 
 5.57179126e-08  1.20000000e+00  1.19999928e+00 -3.65896607e-04 
 5.57371854e-08  1.20000000e+00  1.20000046e+00 -3.30803974e-04 
 5.57550900e-08  1.20000000e+00  1.19999931e+00 -2.78935517e-04 
 5.57727030e-08  1.20000000e+00  1.20000043e+00 -2.97882217e-04 
 5.57901072e-08  1.20000000e+00  1.19999933e+00 -3.57166368e-04 
 5.58073908e-08  1.20000000e+00  1.20000041e+00 -3.66727776e-04 
 5.58266600e-08  1.20000000e+00  1.19999935e+00 -3.29814166e-04 
 5.58445926e-08  1.20000000e+00  1.20000039e+00 -2.79069774e-04 
 5.58621788e-08  1.20000000e+00  1.19999937e+00 -2.97735746e-04 
 5.58796078e-08  1.20000000e+00  1.20000037e+00 -3.58041378e-04 
 5.58968705e-08  1.20000000e+00  1.19999940e+00 -3.66186972e-04 
 5.59161360e-08  1.20000000e+00  1.20000035e+00 -3.30157502e-04 
 5.59340958e-08  1.20000000e+00  1.19999941e+00 -2.77883031e-04 
 5.59516556e-08  1.20000000e+00  1.20000033e+00 -2.98908421e-04 
 5.59691091e-08  1.20000000e+00  1.19999943e+00 -3.57621493e-04 
 5.59863513e-08  1.20000000e+00  1.20000031e+00 -3.66924286e-04 
 5.60056128e-08  1.20000000e+00  1.19999945e+00 -3.29231322e-04 
 5.60235931e-08  1.20000000e+00  1.20000029e+00 -2.77953644e-04 
 5.60411297e-08  1.20000000e+00  1.19999947e+00 -2.98868983e-04 
 5.60586043e-08  1.20000000e+00  1.20000028e+00 -3.58357041e-04 
 5.60758278e-08  1.20000000e+00  1.19999948e+00 -3.66521808e-04 
 5.60950858e-08  1.20000000e+00  1.20000026e+00 -3.29430157e-04 
 5.61130736e-08  1.20000000e+00  1.19999949e+00 -2.76971674e-04 
 5.61305944e-08  1.20000000e+00  1.20000025e+00 -2.99877772e-04 
 5.61480836e-08  1.20000000e+00  1.19999951e+00 -3.57982826e-04 
 5.61652925e-08  1.20000000e+00  1.20000023e+00 -3.67180146e-04 
 5.61845483e-08  1.20000000e+00  1.19999952e+00 -3.28616739e-04 
 5.62025461e-08  1.20000000e+00  1.20000022e+00 -2.77032122e-04 
 5.62200535e-08  1.20000000e+00  1.19999953e+00 -2.99873788e-04 
 5.62375580e-08  1.20000000e+00  1.20000021e+00 -3.58559116e-04 
 5.62547545e-08  1.20000000e+00  1.19999955e+00 -3.66900123e-04 
 5.62740095e-08  1.20000000e+00  1.20000020e+00 -3.28723099e-04 
 5.62920180e-08  1.20000000e+00  1.19999956e+00 -2.76209034e-04 
 5.63095130e-08  1.20000000e+00  1.20000019e+00 -3.00750613e-04 
 5.63270331e-08  1.20000000e+00  1.19999957e+00 -3.58260667e-04 
 5.63442177e-08  1.20000000e+00  1.20000018e+00 -3.67477352e-04 
 5.63634717e-08  1.20000000e+00  1.19999958e+00 -3.27979472e-04 
 5.63814909e-08  1.20000000e+00  1.20000017e+00 -2.76230866e-04 
 5.63989737e-08  1.20000000e+00  1.19999959e+00 -3.00815396e-04 
 5.64165092e-08  1.20000000e+00  1.20000016e+00 -3.58744599e-04 
 5.64336819e-08  1.20000000e+00  1.19999960e+00 -3.67289983e-04 
 5.64529347e-08  1.20000000e+00  1.20000015e+00 -3.27977938e-04 
 5.64709644e-08  1.20000000e+00  1.19999961e+00 -2.75545780e-04 
 5.64884350e-08  1.20000000e+00  1.20000014e+00 -3.01582634e-04 
 5.65059857e-08  1.20000000e+00  1.19999961e+00 -3.58525185e-04 
 5.65231466e-08  1.20000000e+00  1.20000013e+00 -3.67786353e-04 
 5.65423982e-08  1.20000000e+00  1.19999962e+00 -3.27303382e-04 
 5.65604382e-08  1.20000000e+00  1.20000013e+00 -2.75542679e-04 
 5.65778966e-08  1.20000000e+00  1.19999963e+00 -3.01693301e-04 
 5.65954624e-08  1.20000000e+00  1.20000012e+00 -3.58926491e-04 
 5.66126117e-08  1.20000000e+00  1.19999964e+00 -3.67672088e-04 
 5.66318619e-08  1.20000000e+00  1.20000011e+00 -3.27223925e-04 
 5.66499120e-08  1.20000000e+00  1.19999964e+00 -2.74986553e-04 
 5.66673586e-08  1.20000000e+00  1.20000010e+00 -3.02349983e-04 
 5.66849392e-08  1.20000000e+00  1.19999965e+00 -3.58774113e-04 
 5.67020771e-08  1.20000000e+00  1.20000010e+00 -3.68089917e-04 
 5.67213259e-08  1.20000000e+00  1.19999966e+00 -3.26632418e-04 
 5.67393860e-08  1.20000000e+00  1.20000009e+00 -2.74960701e-04 
 5.67568209e-08  1.20000000e+00  1.19999966e+00 -3.02492544e-04 
 5.67744157e-08  1.20000000e+00  1.20000009e+00 -3.59100982e-04 
 5.67915425e-08  1.20000000e+00  1.19999967e+00 -3.68033601e-04 
 5.68107899e-08  1.20000000e+00  1.20000008e+00 -3.26495826e-04 
 5.68288597e-08  1.20000000e+00  1.19999967e+00 -2.74520938e-04 
 5.68462831e-08  1.20000000e+00  1.20000008e+00 -3.03044061e-04 
 5.68638922e-08  1.20000000e+00  1.19999968e+00 -3.59006481e-04 
 5.68810081e-08  1.20000000e+00  1.20000007e+00 -3.68376759e-04 
 5.69002541e-08  1.20000000e+00  1.19999968e+00 -3.25972584e-04 
 5.69183334e-08  1.20000000e+00  1.20000007e+00 -2.74488237e-04 
 5.69357457e-08  1.20000000e+00  1.19999969e+00 -3.03202701e-04 
 5.69533688e-08  1.20000000e+00  1.20000006e+00 -3.59270080e-04 
 5.69704740e-08  1.20000000e+00  1.19999969e+00 -3.68363186e-04 
 5.69897186e-08  1.20000000e+00  1.20000006e+00 -3.25798385e-04 
 5.70078072e-08  1.20000000e+00  1.19999969e+00 -2.74149802e-04 
 5.70252085e-08  1.20000000e+00  1.20000006e+00 -3.03656310e-04 
 5.70428453e-08  1.20000000e+00  1.19999970e+00 -3.59226344e-04 
 5.70599402e-08  1.20000000e+00  1.20000005e+00 -3.68634532e-04 
 5.70791832e-08  1.20000000e+00  1.19999970e+00 -3.25352745e-04 
 5.70972809e-08  1.20000000e+00  1.20000005e+00 -2.74105085e-04 
 5.71146714e-08  1.20000000e+00  1.19999970e+00 -3.03825671e-04 
 5.71323218e-08  1.20000000e+00  1.20000004e+00 -3.59433630e-04 
 5.71494064e-08  1.20000000e+00  1.19999971e+00 -3.68653310e-04 
 5.71686479e-08  1.20000000e+00  1.20000004e+00 -3.25155125e-04 
 5.71867545e-08  1.20000000e+00  1.19999971e+00 -2.73853884e-04 
 5.72041345e-08  1.20000000e+00  1.20000004e+00 -3.04189602e-04 
 5.72217981e-08  1.20000000e+00  1.19999971e+00 -3.59433422e-04 
 5.72388727e-08  1.20000000e+00  1.20000004e+00 -3.68857691e-04 
 5.72581127e-08  1.20000000e+00  1.19999972e+00 -3.24785477e-04 
 5.72762280e-08  1.20000000e+00  1.20000003e+00 -2.73796968e-04 
 5.72935977e-08  1.20000000e+00  1.19999972e+00 -3.04365329e-04 
 5.73112742e-08  1.20000000e+00  1.20000003e+00 -3.59590922e-04 
 5.73283391e-08  1.20000000e+00  1.19999972e+00 -3.68901107e-04 
 5.73475775e-08  1.20000000e+00  1.20000003e+00 -3.24574395e-04 
 5.73657013e-08  1.20000000e+00  1.19999972e+00 -2.73619887e-04 
 5.73830610e-08  1.20000000e+00  1.20000003e+00 -3.04648843e-04 
 5.74007501e-08  1.20000000e+00  1.19999973e+00 -3.59628224e-04 
 5.74178056e-08  1.20000000e+00  1.20000002e+00 -3.69043962e-04 
 5.74370424e-08  1.20000000e+00  1.19999973e+00 -3.24277156e-04 
 5.74551745e-08  1.20000000e+00  1.20000002e+00 -2.73550053e-04 
 5.74725243e-08  1.20000000e+00  1.19999973e+00 -3.04828700e-04 
 5.74902259e-08  1.20000000e+00  1.20000002e+00 -3.59741710e-04 
 5.75072721e-08  1.20000000e+00  1.19999973e+00 -3.69106430e-04 
 5.75265072e-08  1.20000000e+00  1.20000002e+00 -3.24059474e-04 
 5.75446474e-08  1.20000000e+00  1.19999973e+00 -2.73435453e-04 
 5.75619877e-08  1.20000000e+00  1.20000002e+00 -3.05040966e-04 
 5.75797014e-08  1.20000000e+00  1.19999974e+00 -3.59811327e-04 
 5.75967385e-08  1.20000000e+00  1.20000001e+00 -3.69193470e-04 
 5.76159721e-08  1.20000000e+00  1.19999974e+00 -3.23829971e-04 
 5.76341202e-08  1.20000000e+00  1.20000001e+00 -2.73352008e-04 
 5.76514511e-08  1.20000000e+00  1.19999974e+00 -3.05223903e-04 
 5.76691766e-08  1.20000000e+00  1.20000001e+00 -3.59885835e-04 
 5.76862050e-08  1.20000000e+00  1.19999974e+00 -3.69271022e-04 
 5.77054368e-08  1.20000000e+00  1.20000001e+00 -3.23610221e-04 
 5.77235928e-08  1.20000000e+00  1.19999974e+00 -2.73289866e-04 
 5.77409144e-08  1.20000000e+00  1.20000001e+00 -3.05373567e-04 
 5.77586516e-08  1.20000000e+00  1.19999974e+00 -3.59983322e-04 
 5.77756714e-08  1.20000000e+00  1.20000001e+00 -3.69307937e-04 
 5.77949016e-08  1.20000000e+00  1.19999975e+00 -3.23443154e-04 
 5.78130651e-08  1.20000000e+00  1.20000000e+00 -2.73192357e-04 
 5.78303778e-08  1.20000000e+00  1.19999975e+00 -3.05559230e-04 
 5.78481263e-08  1.20000000e+00  1.20000000e+00 -3.60023262e-04 
 5.78651378e-08  1.20000000e+00  1.19999975e+00 -3.69397787e-04 
 5.78843662e-08  1.20000000e+00  1.20000000e+00 -3.23224141e-04 
 5.79025372e-08  1.20000000e+00  1.19999975e+00 -2.73174219e-04 
 5.79198411e-08  1.20000000e+00  1.20000000e+00 -3.05654180e-04 
 5.79376007e-08  1.20000000e+00  1.19999975e+00 -3.60144837e-04 
 5.79546041e-08  1.20000000e+00  1.20000000e+00 -3.69390033e-04 
 5.79738308e-08  1.20000000e+00  1.19999975e+00 -3.23113967e-04 
 5.79920091e-08  1.20000000e+00  1.20000000e+00 -2.73062495e-04 
 5.80093044e-08  1.20000000e+00  1.19999975e+00 -3.05842579e-04 
 5.80270748e-08  1.20000000e+00  1.20000000e+00 -3.60154064e-04 
 5.80440703e-08  1.20000000e+00  1.19999975e+00 -3.69490232e-04 
 5.80632953e-08  1.20000000e+00  1.20000000e+00 -3.22897270e-04 
 5.80814806e-08  1.20000000e+00  1.19999975e+00 -2.73081339e-04 
 5.80987676e-08  1.20000000e+00  1.20000000e+00 -3.05889847e-04 
 5.81165486e-08  1.20000000e+00  1.19999976e+00 -3.60296517e-04 
 5.81335364e-08  1.20000000e+00  1.20000000e+00 -3.69442892e-04 
 5.81527596e-08  1.20000000e+00  1.19999976e+00 -3.22838485e-04 
 5.81709519e-08  1.20000000e+00  1.19999999e+00 -2.72955545e-04 
 5.81882308e-08  1.20000000e+00  1.19999976e+00 -3.06081159e-04 
 5.82060221e-08  1.20000000e+00  1.19999999e+00 -3.60278398e-04 
 5.82230024e-08  1.20000000e+00  1.19999976e+00 -3.69552078e-04 
 5.82422239e-08  1.20000000e+00  1.19999999e+00 -3.22624835e-04 
 5.82604229e-08  1.20000000e+00  1.19999976e+00 -2.73005594e-04 
 5.82776938e-08  1.20000000e+00  1.19999999e+00 -3.06086912e-04 
 5.82954952e-08  1.20000000e+00  1.19999976e+00 -3.60439006e-04 
 5.83124683e-08  1.20000000e+00  1.19999999e+00 -3.69469783e-04 
 5.83316880e-08  1.20000000e+00  1.19999976e+00 -3.22612167e-04 
 5.83498937e-08  1.20000000e+00  1.19999999e+00 -2.72866117e-04 
 5.83671568e-08  1.20000000e+00  1.19999976e+00 -3.06281366e-04 
 5.83849680e-08  1.20000000e+00  1.19999999e+00 -3.60396474e-04 
 5.84019340e-08  1.20000000e+00  1.19999976e+00 -3.69586999e-04 
 5.84211519e-08  1.20000000e+00  1.19999999e+00 -3.22401732e-04 
 5.84393641e-08  1.20000000e+00  1.19999976e+00 -2.72942658e-04 
 5.84566197e-08  1.20000000e+00  1.19999999e+00 -3.06250956e-04 
 5.84744405e-08  1.20000000e+00  1.19999976e+00 -3.60572934e-04 
 5.84913997e-08  1.20000000e+00  1.19999999e+00 -3.69473905e-04 
 5.85106158e-08  1.20000000e+00  1.19999976e+00 -3.22430252e-04 
 5.85288343e-08  1.20000000e+00  1.19999999e+00 -2.72790062e-04 
 5.85460824e-08  1.20000000e+00  1.19999976e+00 -3.06448776e-04 
 5.85639126e-08  1.20000000e+00  1.19999999e+00 -3.60508541e-04 
 5.85808651e-08  1.20000000e+00  1.19999976e+00 -3.69598469e-04 
 5.86000794e-08  1.20000000e+00  1.19999999e+00 -3.22222837e-04 
 5.86183042e-08  1.20000000e+00  1.19999976e+00 -2.72889262e-04 
 5.86355451e-08  1.20000000e+00  1.19999999e+00 -3.06386810e-04 
 5.86533844e-08  1.20000000e+00  1.19999977e+00 -3.60698901e-04 
 5.86703304e-08  1.20000000e+00  1.19999999e+00 -3.69458260e-04 
 5.86895429e-08  1.20000000e+00  1.19999977e+00 -3.22288023e-04 
 5.87077737e-08  1.20000000e+00  1.19999999e+00 -2.72724233e-04 
 5.87250076e-08  1.20000000e+00  1.19999977e+00 -3.06588191e-04 
 5.87428558e-08  1.20000000e+00  1.19999998e+00 -3.60614864e-04 
 5.87597956e-08  1.20000000e+00  1.19999977e+00 -3.69589681e-04 
 5.87790063e-08  1.20000000e+00  1.19999998e+00 -3.22083210e-04 
 5.87972430e-08  1.20000000e+00  1.19999977e+00 -2.72842983e-04 
 5.88144699e-08  1.20000000e+00  1.19999998e+00 -3.06498617e-04 
 5.88323269e-08  1.20000000e+00  1.19999977e+00 -3.60817478e-04 
 5.88492605e-08  1.20000000e+00  1.19999998e+00 -3.69425589e-04 
 5.88684694e-08  1.20000000e+00  1.19999977e+00 -3.22180971e-04 
 5.88867120e-08  1.20000000e+00  1.19999998e+00 -2.72666272e-04 
 5.89039322e-08  1.20000000e+00  1.19999977e+00 -3.06703714e-04 
 5.89217977e-08  1.20000000e+00  1.19999998e+00 -3.60715721e-04 
 5.89387253e-08  1.20000000e+00  1.19999977e+00 -3.69563505e-04 
 5.89579324e-08  1.20000000e+00  1.19999998e+00 -3.21978216e-04 
 5.89761807e-08  1.20000000e+00  1.19999977e+00 -2.72802052e-04 
 5.89933943e-08  1.20000000e+00  1.19999998e+00 -3.06589906e-04 
 5.90112681e-08  1.20000000e+00  1.19999977e+00 -3.60929196e-04 
 5.90281900e-08  1.20000000e+00  1.19999998e+00 -3.69378352e-04 
 5.90473952e-08  1.20000000e+00  1.19999977e+00 -3.22104882e-04 
 5.90656490e-08  1.20000000e+00  1.19999998e+00 -2.72614434e-04 
 5.90828562e-08  1.20000000e+00  1.19999977e+00 -3.06798842e-04 
 5.91007382e-08  1.20000000e+00  1.19999998e+00 -3.60811388e-04 
 5.91176544e-08  1.20000000e+00  1.19999977e+00 -3.69522491e-04 
 5.91368579e-08  1.20000000e+00  1.19999998e+00 -3.21903586e-04 
 5.91551171e-08  1.20000000e+00  1.19999977e+00 -2.72765200e-04 
 5.91723180e-08  1.20000000e+00  1.19999998e+00 -3.06663678e-04 
 5.91902080e-08  1.20000000e+00  1.19999977e+00 -3.61034549e-04 
 5.92071187e-08  1.20000000e+00  1.19999998e+00 -3.69318727e-04 
 5.92263203e-08  1.20000000e+00  1.19999977e+00 -3.22055894e-04 
 5.92445849e-08  1.20000000e+00  1.19999998e+00 -2.72567441e-04 
 5.92617796e-08  1.20000000e+00  1.19999977e+00 -3.06876542e-04 
 5.92796774e-08  1.20000000e+00  1.19999998e+00 -3.60902140e-04 
 5.92965827e-08  1.20000000e+00  1.19999977e+00 -3.69468878e-04 
 5.93157826e-08  1.20000000e+00  1.19999998e+00 -3.21855436e-04 
 5.93340523e-08  1.20000000e+00  1.19999977e+00 -2.72731533e-04 
 5.93512411e-08  1.20000000e+00  1.19999998e+00 -3.06722478e-04 
 5.93691464e-08  1.20000000e+00  1.19999977e+00 -3.61133995e-04 
 5.93860466e-08  1.20000000e+00  1.19999998e+00 -3.69248622e-04 
 5.94052447e-08  1.20000000e+00  1.19999977e+00 -3.22030499e-04 
 5.94235195e-08  1.20000000e+00  1.19999998e+00 -2.72524372e-04 
 5.94407024e-08  1.20000000e+00  1.19999977e+00 -3.06939335e-04 
 5.94586152e-08  1.20000000e+00  1.19999998e+00 -3.60988244e-04 
 5.94755103e-08  1.20000000e+00  1.19999977e+00 -3.69404622e-04 
 5.94947065e-08  1.20000000e+00  1.19999998e+00 -3.21830272e-04 
 5.95129864e-08  1.20000000e+00  1.19999977e+00 -2.72700437e-04 
 5.95301636e-08  1.20000000e+00  1.19999998e+00 -3.06768466e-04 
 5.95480836e-08  1.20000000e+00  1.19999977e+00 -3.61227957e-04 
 5.95649738e-08  1.20000000e+00  1.19999998e+00 -3.69169701e-04 
 5.95841682e-08  1.20000000e+00  1.19999977e+00 -3.22025547e-04 
 5.96024530e-08  1.20000000e+00  1.19999998e+00 -2.72484570e-04 
 5.96196246e-08  1.20000000e+00  1.19999977e+00 -3.06989364e-04 
 5.96375516e-08  1.20000000e+00  1.19999998e+00 -3.61069956e-04 
 5.96544371e-08  1.20000000e+00  1.19999977e+00 -3.69331416e-04 
 5.96736297e-08  1.20000000e+00  1.19999998e+00 -3.21824973e-04 
 5.96919193e-08  1.20000000e+00  1.19999977e+00 -2.72671502e-04 
 5.97090854e-08  1.20000000e+00  1.19999998e+00 -3.06803479e-04 
 5.97270194e-08  1.20000000e+00  1.19999977e+00 -3.61316823e-04 
 5.97439002e-08  1.20000000e+00  1.19999998e+00 -3.69083410e-04 
 5.97630910e-08  1.20000000e+00  1.19999977e+00 -3.22038226e-04 
 5.97813853e-08  1.20000000e+00  1.19999998e+00 -2.72447565e-04 
 5.97985461e-08  1.20000000e+00  1.19999978e+00 -3.07028456e-04 
 5.98164868e-08  1.20000000e+00  1.19999998e+00 -3.61147548e-04 
 5.98333631e-08  1.20000000e+00  1.19999978e+00 -3.69250638e-04 
 5.98525521e-08  1.20000000e+00  1.19999998e+00 -3.21836787e-04 
 5.98708510e-08  1.20000000e+00  1.19999978e+00 -2.72644556e-04 
 5.98880065e-08  1.20000000e+00  1.19999998e+00 -3.06828955e-04 
 5.99059539e-08  1.20000000e+00  1.19999978e+00 -3.61400718e-04 
 5.99228258e-08  1.20000000e+00  1.19999998e+00 -3.68992118e-04 
 5.99420130e-08  1.20000000e+00  1.19999978e+00 -3.22065295e-04 
 5.99603165e-08  1.20000000e+00  1.19999997e+00 -2.72413074e-04 
 5.99774669e-08  1.20000000e+00  1.19999978e+00 -3.07058533e-04 
 5.99954207e-08  1.20000000e+00  1.19999997e+00 -3.61221606e-04 
 6.00122879e-08  1.20000000e+00  1.19999978e+00 -3.69163149e-04 
 6.00314736e-08  1.20000000e+00  1.19999997e+00 -3.21862605e-04 
 6.00497813e-08  1.20000000e+00  1.19999978e+00 -2.72620969e-04 
 6.00669268e-08  1.20000000e+00  1.19999997e+00 -3.06844926e-04 
 6.00834634e-08  1.20000000e+00  1.19999978e+00 -3.58970009e-04 
 6.01000000e-08  1.20000000e+00  1.19999997e+00 -3.68497776e-04 
 6.01017479e-08  1.17902493e+00  1.19999988e+00 -3.81157034e-04 
 6.01052438e-08  1.13707479e+00  1.19999988e+00 -3.77857343e-04 
 6.01122355e-08  1.05317452e+00  1.19999988e+00 -3.64804498e-04 
 6.01262188e-08  8.85373969e-01  1.19999988e+00 -3.14638073e-04 
 6.01406160e-08  7.12608367e-01  1.19999988e+00 -2.94712145e-04 
 6.01582484e-08  5.01019021e-01  1.19999988e+00 -3.43776100e-04 
 6.01748831e-08  3.01403194e-01  1.19999988e+00 -4.10325513e-04 
 6.01874415e-08  1.50701597e-01  1.19999988e+00 -4.25197992e-04 
 6.02000000e-08  0.00000000e+00  1.19999988e+00 -4.31335835e-04 
 6.02021177e-08  0.00000000e+00  1.19999988e+00 -4.06348654e-04 
 6.02063531e-08  0.00000000e+00  1.19999988e+00 -4.00334899e-04 
 6.02148239e-08  0.00000000e+00  1.19999988e+00 -3.83478661e-04 
 6.02286804e-08  0.00000000e+00  1.19999988e+00 -3.67421935e-04 
 6.02439763e-08  0.00000000e+00  1.19999988e+00 -3.89096448e-04 
 6.02598155e-08  0.00000000e+00  1.19999988e+00 -4.57965947e-04 
 6.02766658e-08  0.00000000e+00  1.19999988e+00 -4.26558335e-04 
 6.02940232e-08  0.00000000e+00  1.19999988e+00 -4.07279210e-04 
 6.03108715e-08  0.00000000e+00  1.19999988e+00 -3.64153130e-04 
 6.03288139e-08  0.00000000e+00  1.19999988e+00 -3.85578674e-04 
 6.03470145e-08  0.00000000e+00  1.19999988e+00 -4.44217916e-04 
 6.03652288e-08  0.00000000e+00  1.19999988e+00 -4.40082748e-04 
 6.03826032e-08  0.00000000e+00  1.19999988e+00 -3.97755036e-04 
 6.03992135e-08  0.00000000e+00  1.19999988e+00 -3.77829022e-04 
 6.04170672e-08  0.00000000e+00  1.19999988e+00 -3.71843279e-04 
 6.04352331e-08  0.00000000e+00  1.19999988e+00 -4.52569564e-04 
 6.04537135e-08  0.00000000e+00  1.19999988e+00 -4.31284110e-04 
 6.04710075e-08  0.00000000e+00  1.19999988e+00 -4.09561328e-04 
 6.04875912e-08  0.00000000e+00  1.19999988e+00 -3.68854243e-04 
 6.05053022e-08  0.00000000e+00  1.19999988e+00 -3.79643180e-04 
 6.05232230e-08  0.00000000e+00  1.19999988e+00 -4.38219806e-04 
 6.05414861e-08  0.00000000e+00  1.19999988e+00 -4.45065422e-04 
 6.05590028e-08  0.00000000e+00  1.19999988e+00 -4.01239020e-04 
 6.05773997e-08  0.00000000e+00  1.19999988e+00 -3.77000798e-04 
 6.05941775e-08  0.00000000e+00  1.19999988e+00 -3.69020828e-04 
 6.06128079e-08  0.00000000e+00  1.19999988e+00 -4.49373220e-04 
 6.06303467e-08  0.00000000e+00  1.19999988e+00 -4.35969028e-04 
 6.06484306e-08  0.00000000e+00  1.19999988e+00 -4.10767670e-04 
 6.06664020e-08  0.00000000e+00  1.19999988e+00 -3.67543490e-04 
 6.06834239e-08  0.00000000e+00  1.19999988e+00 -3.78699293e-04 
 6.07018356e-08  0.00000000e+00  1.19999988e+00 -4.38850032e-04 
 6.07194863e-08  0.00000000e+00  1.19999988e+00 -4.46563384e-04 
 6.07375554e-08  0.00000000e+00  1.19999988e+00 -4.01109648e-04 
 6.07555162e-08  0.00000000e+00  1.19999988e+00 -3.77120438e-04 
 6.07725396e-08  0.00000000e+00  1.19999988e+00 -3.68781842e-04 
 6.07909278e-08  0.00000000e+00  1.19999988e+00 -4.47710782e-04 
 6.08085523e-08  0.00000000e+00  1.19999988e+00 -4.38196589e-04 
 6.08267498e-08  0.00000000e+00  1.19999988e+00 -4.10225431e-04 
 6.08446084e-08  0.00000000e+00  1.19999988e+00 -3.68008746e-04 
 6.08616989e-08  0.00000000e+00  1.19999988e+00 -3.77564775e-04 
 6.08800142e-08  0.00000000e+00  1.19999988e+00 -4.38073526e-04 
 6.08976516e-08  0.00000000e+00  1.19999988e+00 -4.48090726e-04 
 6.09159588e-08  0.00000000e+00  1.19999988e+00 -4.01183236e-04 
 6.09337368e-08  0.00000000e+00  1.19999988e+00 -3.76719468e-04 
 6.09508904e-08  0.00000000e+00  1.19999988e+00 -3.68697665e-04 
 6.09691450e-08  0.00000000e+00  1.19999988e+00 -4.46160264e-04 
 6.09867994e-08  0.00000000e+00  1.19999988e+00 -4.40471209e-04 
 6.10052200e-08  0.00000000e+00  1.19999988e+00 -4.09306917e-04 
 6.10229284e-08  0.00000000e+00  1.19999988e+00 -3.68115098e-04 
 6.10401472e-08  0.00000000e+00  1.19999988e+00 -3.77030149e-04 
 6.10583552e-08  0.00000000e+00  1.19999988e+00 -4.37657080e-04 
 6.10760396e-08  0.00000000e+00  1.19999988e+00 -4.49403493e-04 
 6.10945158e-08  0.00000000e+00  1.19999988e+00 -4.00780430e-04 
 6.11121974e-08  0.00000000e+00  1.19999988e+00 -3.75735821e-04 
 6.11294511e-08  0.00000000e+00  1.19999988e+00 -3.69253299e-04 
 6.11476493e-08  0.00000000e+00  1.19999988e+00 -4.45595414e-04 
 6.11653607e-08  0.00000000e+00  1.19999988e+00 -4.42174822e-04 
 6.11838406e-08  0.00000000e+00  1.19999988e+00 -4.08070516e-04 
 6.12015309e-08  0.00000000e+00  1.19999988e+00 -3.67455662e-04 
 6.12187891e-08  0.00000000e+00  1.19999988e+00 -3.77212013e-04 
 6.12370119e-08  0.00000000e+00  1.19999988e+00 -4.38304615e-04 
 6.12547453e-08  0.00000000e+00  1.19999988e+00 -4.50173110e-04 
 6.12732554e-08  0.00000000e+00  1.19999988e+00 -3.99883590e-04 
 6.12909604e-08  0.00000000e+00  1.19999988e+00 -3.74096960e-04 
 6.13082262e-08  0.00000000e+00  1.19999988e+00 -3.70457567e-04 
 6.13264985e-08  0.00000000e+00  1.19999988e+00 -4.46368145e-04 
 6.13442723e-08  0.00000000e+00  1.19999988e+00 -4.43143819e-04 
 6.13628447e-08  0.00000000e+00  1.19999988e+00 -4.05845563e-04 
 6.13805933e-08  0.00000000e+00  1.19999988e+00 -3.65826565e-04 
 6.13978614e-08  0.00000000e+00  1.19999988e+00 -3.78672792e-04 
 6.14162479e-08  0.00000000e+00  1.19999988e+00 -4.41131330e-04 
 6.14340962e-08  0.00000000e+00  1.19999988e+00 -4.49736226e-04 
 6.14526795e-08  0.00000000e+00  1.19999988e+00 -3.97067260e-04 
 6.14705787e-08  0.00000000e+00  1.19999988e+00 -3.70899572e-04 
 6.14877824e-08  0.00000000e+00  1.19999988e+00 -3.73868155e-04 
 6.15064504e-08  0.00000000e+00  1.19999988e+00 -4.51246157e-04 
 6.15244035e-08  0.00000000e+00  1.19999988e+00 -4.41690415e-04 
 6.15427713e-08  0.00000000e+00  1.19999988e+00 -4.01331260e-04 
 6.15610680e-08  0.00000000e+00  1.19999988e+00 -3.61727486e-04 
 6.15780348e-08  0.00000000e+00  1.19999988e+00 -3.83430741e-04 
 6.15973380e-08  0.00000000e+00  1.19999988e+00 -4.49922229e-04 
 6.16149681e-08  0.00000000e+00  1.19999988e+00 -4.46037982e-04 
 6.16333170e-08  0.00000000e+00  1.19999988e+00 -3.91713531e-04 
 6.16500633e-08  0.00000000e+00  1.19999988e+00 -3.69006751e-04 
 6.16677400e-08  0.00000000e+00  1.19999988e+00 -3.77859569e-04 
 6.16860098e-08  0.00000000e+00  1.19999988e+00 -4.54620966e-04 
 6.17037108e-08  0.00000000e+00  1.19999988e+00 -4.41472127e-04 
 6.17218168e-08  0.00000000e+00  1.19999988e+00 -3.99302087e-04 
 6.17385425e-08  0.00000000e+00  1.19999988e+00 -3.63614933e-04 
 6.17561455e-08  0.00000000e+00  1.19999988e+00 -3.81832300e-04 
 6.17747043e-08  0.00000000e+00  1.19999988e+00 -4.46225482e-04 
 6.17926122e-08  0.00000000e+00  1.19999988e+00 -4.49422549e-04 
 6.18111007e-08  0.00000000e+00  1.19999988e+00 -3.92347816e-04 
 6.18294754e-08  0.00000000e+00  1.19999988e+00 -3.66193834e-04 
 6.18464367e-08  0.00000000e+00  1.19999988e+00 -3.79320195e-04 
 6.18638050e-08  0.00000000e+00  1.19999988e+00 -4.52106239e-04 
 6.18820984e-08  0.00000000e+00  1.19999988e+00 -4.43148247e-04 
 6.18997430e-08  0.00000000e+00  1.19999988e+00 -4.00482502e-04 
 6.19163525e-08  0.00000000e+00  1.19999988e+00 -3.63973457e-04 
 6.19339434e-08  0.00000000e+00  1.19999988e+00 -3.80098638e-04 
 6.19522653e-08  0.00000000e+00  1.19999988e+00 -4.42176833e-04 
 6.19706265e-08  0.00000000e+00  1.19999988e+00 -4.52204414e-04 
 6.19893025e-08  0.00000000e+00  1.19999988e+00 -3.92170775e-04 
 6.20074934e-08  0.00000000e+00  1.19999988e+00 -3.66746353e-04 
 6.20246947e-08  0.00000000e+00  1.19999988e+00 -3.78308609e-04 
 6.20439337e-08  0.00000000e+00  1.19999988e+00 -4.56905332e-04 
 6.20615160e-08  0.00000000e+00  1.19999988e+00 -4.42798919e-04 
 6.20802401e-08  0.00000000e+00  1.19999988e+00 -3.94015367e-04 
 6.20989178e-08  0.00000000e+00  1.19999988e+00 -3.57683123e-04 
 6.21157523e-08  0.00000000e+00  1.19999988e+00 -3.89878780e-04 
 6.21346788e-08  0.00000000e+00  1.19999988e+00 -4.55103336e-04 
 6.21517209e-08  0.00000000e+00  1.19999988e+00 -4.46952055e-04 
 6.21700681e-08  0.00000000e+00  1.19999988e+00 -3.86960496e-04 
 6.21865937e-08  0.00000000e+00  1.19999988e+00 -3.66154611e-04 
 6.22043450e-08  0.00000000e+00  1.19999988e+00 -3.81263455e-04 
 6.22220078e-08  0.00000000e+00  1.19999988e+00 -4.55148381e-04 
 6.22395838e-08  0.00000000e+00  1.19999988e+00 -4.44818923e-04 
 6.22577801e-08  0.00000000e+00  1.19999988e+00 -3.96352935e-04 
 6.22744928e-08  0.00000000e+00  1.19999988e+00 -3.61701919e-04 
 6.22920984e-08  0.00000000e+00  1.19999988e+00 -3.82917968e-04 
 6.23104970e-08  0.00000000e+00  1.19999988e+00 -4.46040688e-04 
 6.23283242e-08  0.00000000e+00  1.19999988e+00 -4.52876978e-04 
 6.23472116e-08  0.00000000e+00  1.19999988e+00 -3.89255310e-04 
 6.23654475e-08  0.00000000e+00  1.19999988e+00 -3.64457136e-04 
 6.23826073e-08  0.00000000e+00  1.19999988e+00 -3.81246601e-04 
 6.24017013e-08  0.00000000e+00  1.19999988e+00 -4.58116903e-04 
 6.24190237e-08  0.00000000e+00  1.19999988e+00 -4.44694135e-04 
 6.24378648e-08  0.00000000e+00  1.19999988e+00 -3.91045261e-04 
 6.24546753e-08  0.00000000e+00  1.19999988e+00 -3.59508372e-04 
 6.24723790e-08  0.00000000e+00  1.19999988e+00 -3.87719316e-04 
 6.24902919e-08  0.00000000e+00  1.19999988e+00 -4.50602423e-04 
 6.25077600e-08  0.00000000e+00  1.19999988e+00 -4.51790548e-04 
 6.25262662e-08  0.00000000e+00  1.19999988e+00 -3.87873502e-04 
 6.25430618e-08  0.00000000e+00  1.19999988e+00 -3.65270630e-04 
 6.25607053e-08  0.00000000e+00  1.19999988e+00 -3.80020692e-04 
 6.25788717e-08  0.00000000e+00  1.19999988e+00 -4.52813232e-04 
 6.25965415e-08  0.00000000e+00  1.19999988e+00 -4.48780679e-04 
 6.26154265e-08  0.00000000e+00  1.19999988e+00 -3.92564076e-04 
 6.26337643e-08  0.00000000e+00  1.19999988e+00 -3.57862244e-04 
 6.26508736e-08  0.00000000e+00  1.19999988e+00 -3.88092454e-04 
 6.26698096e-08  0.00000000e+00  1.19999988e+00 -4.53206308e-04 
 6.26870740e-08  0.00000000e+00  1.19999988e+00 -4.51558182e-04 
 6.27060206e-08  0.00000000e+00  1.19999988e+00 -3.83803996e-04 
 6.27228500e-08  0.00000000e+00  1.19999988e+00 -3.63724012e-04 
 6.27405655e-08  0.00000000e+00  1.19999988e+00 -3.83695055e-04 
 6.27583844e-08  0.00000000e+00  1.19999988e+00 -4.56004464e-04 
 6.27758182e-08  0.00000000e+00  1.19999988e+00 -4.48240604e-04 
 6.27944856e-08  0.00000000e+00  1.19999988e+00 -3.90969512e-04 
 6.28131870e-08  0.00000000e+00  1.19999988e+00 -3.56500691e-04 
 6.28300381e-08  0.00000000e+00  1.19999988e+00 -3.90041452e-04 
 6.28489113e-08  0.00000000e+00  1.19999988e+00 -4.54405632e-04 
 6.28660205e-08  0.00000000e+00  1.19999988e+00 -4.51840650e-04 
 6.28849135e-08  0.00000000e+00  1.19999988e+00 -3.82572815e-04 
 6.29016468e-08  0.00000000e+00  1.19999988e+00 -3.63370898e-04 
 6.29193762e-08  0.00000000e+00  1.19999988e+00 -3.84133750e-04 
 6.29370576e-08  0.00000000e+00  1.19999988e+00 -4.56016186e-04 
 6.29544792e-08  0.00000000e+00  1.19999988e+00 -4.48964292e-04 
 6.29732116e-08  0.00000000e+00  1.19999988e+00 -3.90450608e-04 
 6.29919046e-08  0.00000000e+00  1.19999988e+00 -3.56042715e-04 
 6.30087896e-08  0.00000000e+00  1.19999988e+00 -3.90500074e-04 
 6.30276351e-08  0.00000000e+00  1.19999988e+00 -4.54374837e-04 
 6.30447359e-08  0.00000000e+00  1.19999988e+00 -4.52679438e-04 
 6.30637297e-08  0.00000000e+00  1.19999988e+00 -3.81502942e-04 
 6.30804918e-08  0.00000000e+00  1.19999988e+00 -3.63025750e-04 
 6.30982343e-08  0.00000000e+00  1.19999988e+00 -3.84645335e-04 
 6.31158951e-08  0.00000000e+00  1.19999988e+00 -4.56567467e-04 
 6.31332823e-08  0.00000000e+00  1.19999988e+00 -4.49367719e-04 
 6.31520616e-08  0.00000000e+00  1.19999988e+00 -3.89625706e-04 
 6.31708017e-08  0.00000000e+00  1.19999988e+00 -3.55499664e-04 
 6.31876820e-08  0.00000000e+00  1.19999988e+00 -3.91324820e-04 
 6.32064861e-08  0.00000000e+00  1.19999988e+00 -4.54714626e-04 
 6.32235489e-08  0.00000000e+00  1.19999988e+00 -4.53235899e-04 
 6.32425873e-08  0.00000000e+00  1.19999988e+00 -3.80445235e-04 
 6.32593428e-08  0.00000000e+00  1.19999988e+00 -3.62727828e-04 
 6.32770973e-08  0.00000000e+00  1.19999988e+00 -3.85124819e-04 
 6.32947052e-08  0.00000000e+00  1.19999988e+00 -4.56969032e-04 
 6.33120684e-08  0.00000000e+00  1.19999988e+00 -4.49772876e-04 
 6.33308630e-08  0.00000000e+00  1.19999988e+00 -3.89036932e-04 
 6.33477330e-08  0.00000000e+00  1.19999988e+00 -3.57194046e-04 
 6.33654496e-08  0.00000000e+00  1.19999988e+00 -3.88274616e-04 
 6.33833631e-08  0.00000000e+00  1.19999988e+00 -4.48494779e-04 
 6.34008940e-08  0.00000000e+00  1.19999988e+00 -4.57336806e-04 
 6.34199234e-08  0.00000000e+00  1.19999988e+00 -3.83630638e-04 
 6.34383614e-08  0.00000000e+00  1.19999988e+00 -3.60983406e-04 
 6.34555210e-08  0.00000000e+00  1.19999988e+00 -3.85475264e-04 
 6.34742273e-08  0.00000000e+00  1.19999988e+00 -4.59090537e-04 
 6.34914123e-08  0.00000000e+00  1.19999988e+00 -4.49680061e-04 
 6.35105941e-08  0.00000000e+00  1.19999988e+00 -3.84695427e-04 
 6.35274622e-08  0.00000000e+00  1.19999988e+00 -3.56787784e-04 
 6.35452328e-08  0.00000000e+00  1.19999988e+00 -3.91051034e-04 
 6.35628783e-08  0.00000000e+00  1.19999988e+00 -4.51979027e-04 
 6.35802290e-08  0.00000000e+00  1.19999988e+00 -4.56104878e-04 
 6.35991076e-08  0.00000000e+00  1.19999988e+00 -3.82258037e-04 
 6.36160032e-08  0.00000000e+00  1.19999988e+00 -3.61527043e-04 
 6.36337492e-08  0.00000000e+00  1.19999988e+00 -3.84282795e-04 
 6.36515636e-08  0.00000000e+00  1.19999988e+00 -4.53903164e-04 
 6.36690672e-08  0.00000000e+00  1.19999988e+00 -4.53346308e-04 
 6.36881360e-08  0.00000000e+00  1.19999988e+00 -3.87238017e-04 
 6.37066328e-08  0.00000000e+00  1.19999988e+00 -3.55395775e-04 
 6.37238029e-08  0.00000000e+00  1.19999988e+00 -3.91422223e-04 
 6.37424295e-08  0.00000000e+00  1.19999988e+00 -4.54517023e-04 
 6.37595957e-08  0.00000000e+00  1.19999988e+00 -4.55506780e-04 
 6.37787943e-08  0.00000000e+00  1.19999988e+00 -3.78470068e-04 
 6.37956486e-08  0.00000000e+00  1.19999988e+00 -3.61070819e-04 
 6.38134390e-08  0.00000000e+00  1.19999988e+00 -3.86990832e-04 
 6.38310040e-08  0.00000000e+00  1.19999988e+00 -4.56760249e-04 
 6.38483525e-08  0.00000000e+00  1.19999988e+00 -4.52451616e-04 
 6.38672716e-08  0.00000000e+00  1.19999988e+00 -3.85817021e-04 
 6.38841884e-08  0.00000000e+00  1.19999988e+00 -3.56240742e-04 
 6.39019630e-08  0.00000000e+00  1.19999988e+00 -3.89634323e-04 
 6.39197121e-08  0.00000000e+00  1.19999988e+00 -4.49383903e-04 
 6.39372107e-08  0.00000000e+00  1.19999988e+00 -4.58899525e-04 
 6.39563373e-08  0.00000000e+00  1.19999988e+00 -3.81526193e-04 
 6.39748685e-08  0.00000000e+00  1.19999988e+00 -3.59420861e-04 
 6.39920735e-08  0.00000000e+00  1.19999988e+00 -3.87788014e-04 
 6.40106324e-08  0.00000000e+00  1.19999988e+00 -4.59234519e-04 
 6.40277922e-08  0.00000000e+00  1.19999988e+00 -4.51914216e-04 
 6.40470113e-08  0.00000000e+00  1.19999988e+00 -3.81598579e-04 
 6.40639234e-08  0.00000000e+00  1.19999988e+00 -3.56231493e-04 
 6.40817040e-08  0.00000000e+00  1.19999988e+00 -3.92104939e-04 
 6.40992306e-08  0.00000000e+00  1.19999988e+00 -4.52802479e-04 
 6.41165595e-08  0.00000000e+00  1.19999988e+00 -4.57468991e-04 
 6.41355196e-08  0.00000000e+00  1.19999988e+00 -3.80364870e-04 
 6.41524386e-08  0.00000000e+00  1.19999988e+00 -3.59915425e-04 
 6.41702418e-08  0.00000000e+00  1.19999988e+00 -3.86231727e-04 
 6.41879107e-08  0.00000000e+00  1.19999988e+00 -4.53759912e-04 
 6.42053957e-08  0.00000000e+00  1.19999988e+00 -4.55538530e-04 
 6.42245641e-08  0.00000000e+00  1.19999988e+00 -3.84571507e-04 
 6.42431522e-08  0.00000000e+00  1.19999988e+00 -3.54917257e-04 
 6.42603729e-08  0.00000000e+00  1.19999988e+00 -3.92658872e-04 
 6.42788824e-08  0.00000000e+00  1.19999988e+00 -4.55560801e-04 
 6.42960280e-08  0.00000000e+00  1.19999988e+00 -4.56539341e-04 
 6.43152679e-08  0.00000000e+00  1.19999988e+00 -3.76431003e-04 
 6.43340222e-08  0.00000000e+00  1.19999988e+00 -3.58949943e-04 
 6.43509918e-08  0.00000000e+00  1.19999988e+00 -3.92095917e-04 
 6.43693444e-08  0.00000000e+00  1.19999987e+00 -4.62940273e-04 
 6.43862372e-08  0.00000000e+00  1.19999988e+00 -4.50372784e-04 
 6.44052713e-08  0.00000000e+00  1.19999988e+00 -3.78902858e-04 
 6.44237546e-08  0.00000000e+00  1.19999986e+00 -3.55306608e-04 
 6.44407151e-08  0.00000000e+00  1.19999989e+00 -3.96627534e-04 
 6.44588255e-08  0.00000000e+00  1.19999988e+00 -4.59458112e-04 
 6.44757042e-08  0.00000000e+00  1.19999991e+00 -4.53760440e-04 
 6.44945618e-08  0.00000000e+00  1.19999997e+00 -3.75892105e-04 
 6.45130878e-08  0.00000000e+00  1.19999936e+00 -3.58835946e-04 
 6.45299855e-08  0.00000000e+00  1.19999954e+00 -3.92560121e-04 
 6.45481223e-08  0.00000000e+00  1.20000005e+00 -4.62706614e-04 
 6.45649967e-08  0.00000000e+00  1.20000198e+00 -4.50349623e-04 
 6.45839336e-08  0.00000000e+00  1.20000836e+00 -3.79745318e-04 
 6.46024803e-08  0.00000000e+00  1.19999210e+00 -3.55303384e-04 
 6.46193926e-08  0.00000000e+00  1.19996538e+00 -3.95910637e-04 
 6.46375699e-08  0.00000000e+00  1.19994695e+00 -4.59335640e-04 
 6.46544385e-08  0.00000000e+00  1.20001381e+00 -4.53643690e-04 
 6.46734015e-08  0.00000000e+00  1.20045924e+00 -3.76581858e-04 
 6.46919459e-08  0.00000000e+00  1.20053326e+00 -3.58626465e-04 
 6.47088642e-08  0.00000000e+00  1.19923199e+00 -3.91841218e-04 
 6.47270449e-08  0.00000000e+00  1.19573031e+00 -4.61197311e-04 
 6.47439057e-08  0.00000000e+00  1.19331072e+00 -4.49454653e-04 
 6.47628557e-08  0.00000000e+00  1.21090954e+00 -3.91886964e-04 
 6.47812467e-08  0.00000000e+00  1.24771242e+00 -3.68409726e-04 
 6.47982253e-08  0.00000000e+00  1.24751862e+00 -3.84239359e-04 
 6.48156806e-08  0.00000000e+00  1.14026367e+00 -4.13743966e-04 
 6.48318556e-08  0.00000000e+00  9.56964629e-01 -3.88725447e-04 
 6.48464820e-08  0.00000000e+00  7.67003107e-01 -3.22464480e-04 
 6.48630870e-08  0.00000000e+00  5.53675358e-01 -3.21271705e-04 
 6.48794963e-08  0.00000000e+00  3.62565482e-01 -3.14586787e-04 
 6.48980665e-08  0.00000000e+00  1.93445723e-01 -3.57446678e-04 
 6.49160369e-08  0.00000000e+00  9.08643809e-02 -3.76898717e-04 
 6.49343401e-08  0.00000000e+00  3.82132236e-02 -3.14441262e-04 
 6.49518820e-08  0.00000000e+00  1.61110206e-02 -2.99964532e-04 
 6.49698652e-08  0.00000000e+00  6.53978902e-03 -3.08108891e-04 
 6.49876042e-08  0.00000000e+00  2.68942764e-03 -3.41932256e-04 
 6.50057225e-08  0.00000000e+00  1.07683793e-03 -3.75320136e-04 
 6.50237614e-08  0.00000000e+00  4.38721879e-04 -3.04016649e-04 
 6.50414760e-08  0.00000000e+00  1.77096253e-04 -3.04225294e-04 
 6.50593911e-08  0.00000000e+00  7.56978799e-05 -3.01478162e-04 
 6.50772576e-08  0.00000000e+00  2.75410147e-05 -3.49170290e-04 
 6.50953941e-08  0.00000000e+00  1.44583785e-05 -3.68217494e-04 
 6.51135420e-08  0.00000000e+00  2.59988202e-06 -3.08221874e-04 
 6.51313015e-08  0.00000000e+00  4.30370318e-06 -2.98648969e-04 
 6.51493348e-08  0.00000000e+00 -1.32601258e-06 -3.07718712e-04 
 6.51673087e-08  0.00000000e+00  2.53382526e-06 -3.46889887e-04 
 6.51855980e-08  0.00000000e+00 -1.89996510e-06 -3.71386167e-04 
 6.52039151e-08  0.00000000e+00  2.15953281e-06 -2.99701075e-04 
 6.52218609e-08  0.00000000e+00 -1.91295461e-06 -3.04500753e-04 
 6.52401576e-08  0.00000000e+00  2.02161869e-06 -3.03693170e-04 
 6.52584676e-08  0.00000000e+00 -1.84006792e-06 -3.60181758e-04 
 6.52771044e-08  0.00000000e+00  1.92690843e-06 -3.59600065e-04 
 6.52958891e-08  0.00000000e+00 -1.75875518e-06 -2.99584224e-04 
 6.53144747e-08  0.00000000e+00  1.84370161e-06 -2.99731231e-04 
 6.53320308e-08  0.00000000e+00 -1.67650396e-06 -3.12418359e-04 
 6.53505948e-08  0.00000000e+00  1.76298066e-06 -3.65848592e-04 
 6.53680005e-08  0.00000000e+00 -1.59790007e-06 -3.58477713e-04 
 6.53873368e-08  0.00000000e+00  1.68778971e-06 -2.92519479e-04 
 6.54043378e-08  0.00000000e+00 -1.52394367e-06 -3.04598043e-04 
 6.54222077e-08  0.00000000e+00  1.61299431e-06 -3.08832549e-04 
 6.54397795e-08  0.00000000e+00 -1.45245597e-06 -3.69831294e-04 
 6.54570746e-08  0.00000000e+00  1.54234038e-06 -3.55070120e-04 
 6.54761637e-08  0.00000000e+00 -1.38638223e-06 -2.97607642e-04 
 6.54931455e-08  0.00000000e+00  1.47752206e-06 -2.99724544e-04 
 6.55109856e-08  0.00000000e+00 -1.32118172e-06 -3.12706470e-04 
 6.55286296e-08  0.00000000e+00  1.41537442e-06 -3.63179509e-04 
 6.55460038e-08  0.00000000e+00 -1.25993327e-06 -3.61585818e-04 
 6.55652646e-08  0.00000000e+00  1.35823044e-06 -2.92943432e-04 
 6.55840598e-08  0.00000000e+00 -1.20652957e-06 -3.03874047e-04 
 6.56012241e-08  0.00000000e+00  1.30312247e-06 -3.09818229e-04 
 6.56197683e-08  0.00000000e+00 -1.15250177e-06 -3.73486339e-04 
 6.56367773e-08  0.00000000e+00  1.25038253e-06 -3.52314186e-04 
 6.56560826e-08  0.00000000e+00 -1.10207878e-06 -2.96253871e-04 
 6.56746594e-08  0.00000000e+00  1.20354139e-06 -2.99650070e-04 
 6.56917040e-08  0.00000000e+00 -1.05352095e-06 -3.15661489e-04 
 6.57099155e-08  0.00000000e+00  1.15581308e-06 -3.71623281e-04 
 6.57267773e-08  0.00000000e+00 -1.00689184e-06 -3.54079134e-04 
 6.57458636e-08  0.00000000e+00  1.11140104e-06 -2.92382421e-04 
 6.57642696e-08  0.00000000e+00 -9.65622478e-07 -3.03562687e-04 
 6.57812843e-08  0.00000000e+00  1.06884467e-06 -3.11963106e-04 
 6.57993388e-08  0.00000000e+00 -9.23805857e-07 -3.75581631e-04 
 6.58161994e-08  0.00000000e+00  1.02803370e-06 -3.50056372e-04 
 6.58352109e-08  0.00000000e+00 -8.85025246e-07 -2.96503493e-04 
 6.58536443e-08  0.00000000e+00  9.92027127e-07 -2.99626238e-04 
 6.58706307e-08  0.00000000e+00 -8.47929718e-07 -3.15719618e-04 
 6.58887088e-08  0.00000000e+00  9.55576549e-07 -3.71525878e-04 
 6.59055649e-08  0.00000000e+00 -8.12376335e-07 -3.54082051e-04 
 6.59246012e-08  0.00000000e+00  9.21793889e-07 -2.92714441e-04 
 6.59430568e-08  0.00000000e+00 -7.81028884e-07 -3.03522020e-04 
 6.59600420e-08  0.00000000e+00  8.89478249e-07 -3.11780344e-04 
 6.59781493e-08  0.00000000e+00 -7.49275441e-07 -3.75434376e-04 
 6.59949995e-08  0.00000000e+00  8.58504907e-07 -3.50121057e-04 
 6.60140513e-08  0.00000000e+00 -7.19827322e-07 -2.96616063e-04 
 6.60325115e-08  0.00000000e+00  8.31191189e-07 -2.99726011e-04 
 6.60494976e-08  0.00000000e+00 -6.91654684e-07 -3.15575281e-04 
 6.60676137e-08  0.00000000e+00  8.03513689e-07 -3.71776963e-04 
 6.60844584e-08  0.00000000e+00 -6.64647858e-07 -3.53681792e-04 
 6.61035127e-08  0.00000000e+00  7.77833990e-07 -2.92935093e-04 
 6.61219731e-08  0.00000000e+00 -6.40830198e-07 -3.03489344e-04 
 6.61389581e-08  0.00000000e+00  7.53266601e-07 -3.11840473e-04 
 6.61570766e-08  0.00000000e+00 -6.16692685e-07 -3.75631795e-04 
 6.61739164e-08  0.00000000e+00  7.29712648e-07 -3.49752380e-04 
 6.61929700e-08  0.00000000e+00 -5.94291086e-07 -2.96734449e-04 
 6.62114316e-08  0.00000000e+00  7.08940598e-07 -2.99794327e-04 
 6.62284144e-08  0.00000000e+00 -5.72861108e-07 -3.15536202e-04 
 6.62465360e-08  0.00000000e+00  6.87887574e-07 -3.72057537e-04 
 6.62633711e-08  0.00000000e+00 -5.52312676e-07 -3.53232936e-04 
 6.62824246e-08  0.00000000e+00  6.68343584e-07 -2.93157182e-04 
 6.63008883e-08  0.00000000e+00 -5.34191530e-07 -3.03456457e-04 
 6.63178689e-08  0.00000000e+00  6.49647916e-07 -3.11893334e-04 
 6.63359944e-08  0.00000000e+00 -5.15823211e-07 -3.75794041e-04 
 6.63528249e-08  0.00000000e+00  6.31719029e-07 -3.49424250e-04 
 6.63718788e-08  0.00000000e+00 -4.98766712e-07 -2.96855773e-04 
 6.63903446e-08  0.00000000e+00  6.15907955e-07 -2.99860293e-04 
 6.64073231e-08  0.00000000e+00 -4.82450890e-07 -3.15488934e-04 
 6.64254527e-08  0.00000000e+00  5.99878837e-07 -3.72308057e-04 
 6.64422787e-08  0.00000000e+00 -4.66802011e-07 -3.52818001e-04 
 6.64613331e-08  0.00000000e+00  5.84990083e-07 -2.93370890e-04 
 6.64798009e-08  0.00000000e+00 -4.53001200e-07 -3.03428477e-04 
 6.64967775e-08  0.00000000e+00  5.70747716e-07 -3.11940324e-04 
 6.65149109e-08  0.00000000e+00 -4.39007907e-07 -3.75945814e-04 
 6.65317326e-08  0.00000000e+00  5.57085384e-07 -3.49107567e-04 
 6.65507840e-08  0.00000000e+00 -4.26005096e-07 -2.96978293e-04 
 6.65692552e-08  0.00000000e+00  5.45035362e-07 -2.99923845e-04 
 6.65862283e-08  0.00000000e+00 -4.13567454e-07 -3.15440726e-04 
 6.66043663e-08  0.00000000e+00  5.32815406e-07 -3.72538415e-04 
 6.66211837e-08  0.00000000e+00 -4.01634522e-07 -3.52425614e-04 
 6.66402310e-08  0.00000000e+00  5.21455749e-07 -2.93587300e-04 
 6.66587070e-08  0.00000000e+00 -3.91108471e-07 -3.03401292e-04 
 6.66756758e-08  0.00000000e+00  5.10590532e-07 -3.11974189e-04 
 6.66938195e-08  0.00000000e+00 -3.80432146e-07 -3.76067655e-04 
 6.67106326e-08  0.00000000e+00  5.00164595e-07 -3.48828254e-04 
 6.67296774e-08  0.00000000e+00 -3.70503497e-07 -2.97101979e-04 
 6.67481581e-08  0.00000000e+00  4.90966610e-07 -2.99989498e-04 
 6.67651231e-08  0.00000000e+00 -3.61007189e-07 -3.15378778e-04 
 6.67832727e-08  0.00000000e+00  4.81635227e-07 -3.72742195e-04 
 6.68000816e-08  0.00000000e+00 -3.51893128e-07 -3.52066019e-04 
 6.68191239e-08  0.00000000e+00  4.72953488e-07 -2.93797885e-04 
 6.68376091e-08  0.00000000e+00 -3.43851044e-07 -3.03378337e-04 
 6.68545705e-08  0.00000000e+00  4.64649656e-07 -3.12002707e-04 
 6.68727257e-08  0.00000000e+00 -3.35690367e-07 -3.76178563e-04 
 6.68895305e-08  0.00000000e+00  4.56678369e-07 -3.48560885e-04 
 6.69085699e-08  0.00000000e+00 -3.28094244e-07 -2.97220352e-04 
 6.69270598e-08  0.00000000e+00  4.49643168e-07 -3.00057683e-04 
 6.69440173e-08  0.00000000e+00 -3.20828493e-07 -3.15317378e-04 
 6.69621782e-08  0.00000000e+00  4.42502270e-07 -3.72939334e-04 
 6.69789791e-08  0.00000000e+00 -3.13852029e-07 -3.51712147e-04 
 6.69980155e-08  0.00000000e+00  4.35852053e-07 -2.94005088e-04 
 6.70165100e-08  0.00000000e+00 -3.07693295e-07 -3.03356792e-04 
 6.70334637e-08  0.00000000e+00  4.29490593e-07 -3.12031765e-04 
 6.70516303e-08  0.00000000e+00 -3.01440138e-07 -3.76279873e-04 
 6.70684272e-08  0.00000000e+00  4.23380728e-07 -3.48303100e-04 
 6.70874607e-08  0.00000000e+00 -2.95613580e-07 -2.97334325e-04 
 6.71059598e-08  0.00000000e+00  4.17985473e-07 -3.00128696e-04 
 6.71229098e-08  0.00000000e+00 -2.90039404e-07 -3.15254415e-04 
 6.71410819e-08  0.00000000e+00  4.12505620e-07 -3.73127994e-04 
 6.71578751e-08  0.00000000e+00 -2.84683972e-07 -3.51366853e-04 
 6.71769054e-08  0.00000000e+00  4.07396726e-07 -2.94209230e-04 
 6.71954092e-08  0.00000000e+00 -2.79953344e-07 -3.03336703e-04 
 6.72123554e-08  0.00000000e+00  4.02508316e-07 -3.12060894e-04 
 6.72305330e-08  0.00000000e+00 -2.75146739e-07 -3.76371855e-04 
 6.72473226e-08  0.00000000e+00  3.97810079e-07 -3.48054643e-04 
 6.72663498e-08  0.00000000e+00 -2.70662767e-07 -2.97443703e-04 
 6.72848583e-08  0.00000000e+00  3.93658422e-07 -3.00202861e-04 
 6.73018006e-08  0.00000000e+00 -2.66371413e-07 -3.15189864e-04 
 6.73199838e-08  0.00000000e+00  3.89438254e-07 -3.73309536e-04 
 6.73367697e-08  0.00000000e+00 -2.62245382e-07 -3.51028579e-04 
 6.73557937e-08  0.00000000e+00  3.85498748e-07 -2.94410803e-04 
 6.73743069e-08  0.00000000e+00 -2.58597744e-07 -3.03317870e-04 
 6.73912454e-08  0.00000000e+00  3.81727514e-07 -3.12090324e-04 
 6.74094341e-08  0.00000000e+00 -2.54888170e-07 -3.76455033e-04 
 6.74262165e-08  0.00000000e+00  3.78099910e-07 -3.47814897e-04 
 6.74452372e-08  0.00000000e+00 -2.51422807e-07 -2.97548645e-04 
 6.74637551e-08  0.00000000e+00  3.74891345e-07 -3.00280301e-04 
 6.74806898e-08  0.00000000e+00 -2.48104445e-07 -3.15123570e-04 
 6.74988839e-08  0.00000000e+00  3.71626521e-07 -3.73484595e-04 
 6.75156629e-08  0.00000000e+00 -2.44910813e-07 -3.50696650e-04 
 6.75346803e-08  0.00000000e+00  3.68574295e-07 -2.94610096e-04 
 6.75532030e-08  0.00000000e+00 -2.42084536e-07 -3.03300285e-04 
 6.75701339e-08  0.00000000e+00  3.65650426e-07 -3.12120043e-04 
 6.75883334e-08  0.00000000e+00 -2.39206964e-07 -3.76529993e-04 
 6.76051090e-08  0.00000000e+00  3.62834849e-07 -3.47583180e-04 
 6.76241230e-08  0.00000000e+00 -2.36514534e-07 -2.97649399e-04 
 6.76426504e-08  0.00000000e+00  3.60341552e-07 -3.00361023e-04 
 6.76595775e-08  0.00000000e+00 -2.33934201e-07 -3.15055535e-04 
 6.76777824e-08  0.00000000e+00  3.57801353e-07 -3.73653735e-04 
 6.76945548e-08  0.00000000e+00 -2.31447778e-07 -3.50370412e-04 
 6.77135653e-08  0.00000000e+00  3.55422429e-07 -2.94807320e-04 
 6.77320974e-08  0.00000000e+00 -2.29244450e-07 -3.03284003e-04 
 6.77490207e-08  0.00000000e+00  3.53141340e-07 -3.12149980e-04 
 6.77672310e-08  0.00000000e+00 -2.26998006e-07 -3.76597349e-04 
 6.77840002e-08  0.00000000e+00  3.50941693e-07 -3.47358769e-04 
 6.78030071e-08  0.00000000e+00 -2.24892149e-07 -2.97746286e-04 
 6.78215441e-08  0.00000000e+00  3.48990969e-07 -3.00444956e-04 
 6.78384635e-08  0.00000000e+00 -2.22871652e-07 -3.14985824e-04 
 6.78566792e-08  0.00000000e+00  3.47000454e-07 -3.73817398e-04 
 6.78734453e-08  0.00000000e+00 -2.20921719e-07 -3.50049315e-04 
 6.78924486e-08  0.00000000e+00  3.45132510e-07 -2.95002627e-04 
 6.79109904e-08  0.00000000e+00 -2.19190994e-07 -3.03269127e-04 
 6.79279059e-08  0.00000000e+00  3.43339055e-07 -3.12180019e-04 
 6.79461270e-08  0.00000000e+00 -2.17423331e-07 -3.76657719e-04 
 6.79628900e-08  0.00000000e+00  3.41606702e-07 -3.47140923e-04 
 6.79818896e-08  0.00000000e+00 -2.15762649e-07 -2.97839666e-04 
 6.80004362e-08  0.00000000e+00  3.40067615e-07 -3.00531983e-04 
 6.80173479e-08  0.00000000e+00 -2.14166928e-07 -3.14914546e-04 
 6.80355744e-08  0.00000000e+00  3.38494147e-07 -3.73975953e-04 
 6.80523343e-08  0.00000000e+00 -2.12624053e-07 -3.49732867e-04 
 6.80713302e-08  0.00000000e+00  3.37014053e-07 -2.95196138e-04 
 6.80898817e-08  0.00000000e+00 -2.11251883e-07 -3.03255779e-04 
 6.81067895e-08  0.00000000e+00  3.35590627e-07 -3.12210021e-04 
 6.81250213e-08  0.00000000e+00 -2.09847554e-07 -3.76711702e-04 
 6.81417783e-08  0.00000000e+00  3.34212860e-07 -3.46928908e-04 
 6.81607705e-08  0.00000000e+00 -2.08524779e-07 -2.97929920e-04 
 6.81793268e-08  0.00000000e+00  3.32986126e-07 -3.00621961e-04 
 6.81962308e-08  0.00000000e+00 -2.07251430e-07 -3.14841832e-04 
 6.82144678e-08  0.00000000e+00  3.31729174e-07 -3.74129713e-04 
 6.82312220e-08  0.00000000e+00 -2.06017488e-07 -3.49420620e-04 
 6.82502103e-08  0.00000000e+00  3.30543516e-07 -2.95387959e-04 
 6.82687715e-08  0.00000000e+00 -2.04917447e-07 -3.03244090e-04 
 6.82856716e-08  0.00000000e+00  3.29400939e-07 -3.12239840e-04 
 6.83039140e-08  0.00000000e+00 -2.03788852e-07 -3.76759874e-04 
 6.83206653e-08  0.00000000e+00  3.28292346e-07 -3.46722004e-04 
 6.83396496e-08  0.00000000e+00 -2.02722685e-07 -2.98017434e-04 
 6.83582158e-08  0.00000000e+00  3.27302683e-07 -3.00714735e-04 
 6.83751120e-08  0.00000000e+00 -2.01694056e-07 -3.14767820e-04 
 6.83933597e-08  0.00000000e+00  3.26286001e-07 -3.74278951e-04 
 6.84101082e-08  0.00000000e+00 -2.00694619e-07 -3.49112149e-04 
 6.84290886e-08  0.00000000e+00  3.25323961e-07 -2.95578190e-04 
 6.84476598e-08  0.00000000e+00 -1.99801166e-07 -3.03234190e-04 
 6.84645520e-08  0.00000000e+00  3.24394640e-07 -3.12269332e-04 
 6.84828050e-08  0.00000000e+00 -1.98881978e-07 -3.76802777e-04 
 6.84995508e-08  0.00000000e+00  3.23490371e-07 -3.46519515e-04 
 6.85185272e-08  0.00000000e+00 -1.98010705e-07 -2.98102594e-04 
 6.85371033e-08  0.00000000e+00  3.22680789e-07 -3.00810148e-04 
 6.85539916e-08  0.00000000e+00 -1.97167892e-07 -3.14692651e-04 
 6.85722499e-08  0.00000000e+00  3.21846576e-07 -3.74423911e-04 
 6.85889930e-08  0.00000000e+00 -1.96346587e-07 -3.48807047e-04 
 6.86079653e-08  0.00000000e+00  3.21054418e-07 -2.95766937e-04 
 6.86265465e-08  0.00000000e+00 -1.95610051e-07 -3.03226199e-04 
 6.86434308e-08  0.00000000e+00  3.20287075e-07 -3.12298361e-04 
 6.86616945e-08  0.00000000e+00 -1.94849915e-07 -3.76840917e-04 
 6.86784349e-08  0.00000000e+00  3.19538060e-07 -3.46320767e-04 
 6.86974030e-08  0.00000000e+00 -1.94126743e-07 -2.98185777e-04 
 6.87159893e-08  0.00000000e+00  3.18865262e-07 -3.00908050e-04 
 6.87328697e-08  0.00000000e+00 -1.93425160e-07 -3.14616458e-04 
 6.87511386e-08  0.00000000e+00  3.18169701e-07 -3.74564818e-04 
 6.87678764e-08  0.00000000e+00 -1.92739185e-07 -3.48504919e-04 
 6.87868403e-08  0.00000000e+00  3.17506680e-07 -2.95954310e-04 
 6.88054316e-08  0.00000000e+00 -1.92121921e-07 -3.03220228e-04 
 6.88223081e-08  0.00000000e+00  3.16862464e-07 -3.12326800e-04 
 6.88405823e-08  0.00000000e+00 -1.91482693e-07 -3.76874764e-04 
 6.88573176e-08  0.00000000e+00  3.16231460e-07 -3.46125115e-04 
 6.88762772e-08  0.00000000e+00 -1.90872126e-07 -2.98267349e-04 
 6.88948736e-08  0.00000000e+00  3.15662665e-07 -3.01008297e-04 
 6.89117461e-08  0.00000000e+00 -1.90277923e-07 -3.14539369e-04 
 6.89300256e-08  0.00000000e+00  3.15072537e-07 -3.74701879e-04 
 6.89467584e-08  0.00000000e+00 -1.89694881e-07 -3.48205370e-04 
 6.89657137e-08  0.00000000e+00  3.14507753e-07 -2.96140432e-04 
 6.89843153e-08  0.00000000e+00 -1.89168326e-07 -3.03216375e-04 
 6.90011837e-08  0.00000000e+00  3.13957191e-07 -3.12354535e-04 
 6.90194685e-08  0.00000000e+00 -1.88621059e-07 -3.76904752e-04 
 6.90361988e-08  0.00000000e+00  3.13415989e-07 -3.45931937e-04 
 6.90551497e-08  0.00000000e+00 -1.88096209e-07 -2.98347666e-04 
 6.90737565e-08  0.00000000e+00  3.12926322e-07 -3.01110756e-04 
 6.90906209e-08  0.00000000e+00 -1.87583725e-07 -3.14461495e-04 
 6.91089111e-08  0.00000000e+00  3.12416452e-07 -3.74835293e-04 
 6.91256389e-08  0.00000000e+00 -1.87079028e-07 -3.47908007e-04 
 6.91445853e-08  0.00000000e+00  3.11926479e-07 -2.96325439e-04 
 6.91631973e-08  0.00000000e+00 -1.86621554e-07 -3.03214727e-04 
 6.91800577e-08  0.00000000e+00  3.11447216e-07 -3.12381465e-04 
 6.91983532e-08  0.00000000e+00 -1.86144335e-07 -3.76931280e-04 
 6.92150786e-08  0.00000000e+00  3.10974418e-07 -3.45740634e-04 
 6.92340205e-08  0.00000000e+00 -1.85684772e-07 -2.98427072e-04 
 6.92526378e-08  0.00000000e+00  3.10545041e-07 -3.01215309e-04 
 6.92694941e-08  0.00000000e+00 -1.85234555e-07 -3.14382942e-04 
 6.92877950e-08  0.00000000e+00  3.10096347e-07 -3.74965246e-04 
 6.93045180e-08  0.00000000e+00 -1.84789595e-07 -3.47612437e-04 
 6.93234553e-08  0.00000000e+00  3.09663364e-07 -2.96509479e-04 
 6.93420779e-08  0.00000000e+00 -1.84384766e-07 -3.03215359e-04 
 6.93589301e-08  0.00000000e+00  3.09238514e-07 -3.12407502e-04 
 6.93772363e-08  0.00000000e+00 -1.83960994e-07 -3.76954717e-04 
 6.93939570e-08  0.00000000e+00  3.08817881e-07 -3.45550627e-04 
 6.94128896e-08  0.00000000e+00 -1.83551231e-07 -2.98505901e-04 
 6.94315176e-08  0.00000000e+00  3.08434527e-07 -3.01321847e-04 
 6.94483657e-08  0.00000000e+00 -1.83148538e-07 -3.14303799e-04 
 6.94666773e-08  0.00000000e+00  3.08032515e-07 -3.75091920e-04 
 6.94833957e-08  0.00000000e+00 -1.82749185e-07 -3.47318257e-04 
 6.95023235e-08  0.00000000e+00  3.07643064e-07 -2.96692713e-04 
 6.95209569e-08  0.00000000e+00 -1.82384594e-07 -3.03218334e-04 
 6.95378009e-08  0.00000000e+00  3.07259765e-07 -3.12432569e-04 
 6.95561178e-08  0.00000000e+00 -1.82001622e-07 -3.76975398e-04 
 6.95728339e-08  0.00000000e+00  3.06879017e-07 -3.45361356e-04 
 6.95917570e-08  0.00000000e+00 -1.81629935e-07 -2.98584477e-04 
 6.96103958e-08  0.00000000e+00  3.06530851e-07 -3.01430278e-04 
 6.96272357e-08  0.00000000e+00 -1.81263595e-07 -3.14224147e-04 
 6.96455580e-08  0.00000000e+00  3.06164547e-07 -3.75215489e-04 
 6.96622719e-08  0.00000000e+00 -1.80899146e-07 -3.47025059e-04 
 6.96811901e-08  0.00000000e+00  3.05808408e-07 -2.96875318e-04 
 6.96998343e-08  0.00000000e+00 -1.80565344e-07 -3.03223708e-04 
 6.97166700e-08  0.00000000e+00  3.05456928e-07 -3.12456600e-04 
 6.97349978e-08  0.00000000e+00 -1.80213636e-07 -3.76993634e-04 
 6.97517094e-08  0.00000000e+00  3.05106760e-07 -3.45172272e-04 
 6.97706227e-08  0.00000000e+00 -1.79871122e-07 -2.98663118e-04 
 6.97892725e-08  0.00000000e+00  3.04785536e-07 -3.01540520e-04 
 6.98061040e-08  0.00000000e+00 -1.79532669e-07 -3.14144054e-04 
 6.98244372e-08  0.00000000e+00  3.04446656e-07 -3.75336123e-04 
 6.98411466e-08  0.00000000e+00 -1.79194993e-07 -3.46732422e-04 
 6.98600548e-08  0.00000000e+00  3.04116063e-07 -2.97057485e-04 
 6.98787102e-08  0.00000000e+00 -1.78884845e-07 -3.03231535e-04 
 6.98955375e-08  0.00000000e+00  3.03789018e-07 -3.12479533e-04 
 6.99138762e-08  0.00000000e+00 -1.78557169e-07 -3.77009688e-04 
 6.99305834e-08  0.00000000e+00  3.03462346e-07 -3.44982919e-04 
 6.99494866e-08  0.00000000e+00 -1.78237065e-07 -2.98742109e-04 
 6.99681476e-08  0.00000000e+00  3.03161889e-07 -3.01652405e-04 
 6.99840738e-08  0.00000000e+00 -1.77910720e-07 -3.13198185e-04 
 7.00000000e-08  0.00000000e+00  3.02811884e-07 -3.65941591e-04 
 7.00018816e-08  2.25787593e-02  6.29013964e-08 -3.43680380e-04 
 7.00056447e-08  6.77362780e-02  6.21837888e-08 -3.49515133e-04 
 7.00131709e-08  1.58051315e-01  6.28887838e-08 -3.43508750e-04 
 7.00278277e-08  3.33932960e-01  6.21897243e-08 -2.82848919e-04 
 7.00435424e-08  5.22508546e-01  6.28847463e-08 -2.82750973e-04 
 7.00596408e-08  7.15689289e-01  6.21929270e-08 -2.85998428e-04 
 7.00771295e-08  9.25554460e-01  6.28813619e-08 -3.45356899e-04 
 7.00885648e-08  1.06277723e+00  6.21966082e-08 -3.94618880e-04 
 7.01000000e-08  1.20000000e+00  6.28769055e-08 -4.44651836e-04 
 7.01020506e-08  1.20000000e+00  6.25406384e-08 -4.52635257e-04 
 7.01061518e-08  1.20000000e+00  6.25352950e-08 -4.36956861e-04 
 7.01143543e-08  1.20000000e+00  6.25402186e-08 -3.89359198e-04 
 7.01275974e-08  1.20000000e+00  6.25354862e-08 -3.52530575e-04 
 7.01419062e-08  1.20000000e+00  6.25400612e-08 -3.63772700e-04 
 7.01569247e-08  1.20000000e+00  6.25356090e-08 -3.94842339e-04 
 7.01736072e-08  1.20000000e+00  6.25399527e-08 -4.30613561e-04 
 7.01903654e-08  1.20000000e+00  6.25357216e-08 -4.76884776e-04 
 7.02068653e-08  1.20000000e+00  6.25398498e-08 -3.84927144e-04 
 7.02246520e-08  1.20000000e+00  6.25358281e-08 -3.64787300e-04 
 7.02417726e-08  1.20000000e+00  6.25397666e-08 -3.81155812e-04 
 7.02589826e-08  1.20000000e+00  6.25359121e-08 -4.23490403e-04 
 7.02765091e-08  1.20000000e+00  6.25396517e-08 -4.75467076e-04 
 7.02940407e-08  1.20000000e+00  6.25360017e-08 -4.04918857e-04 
 7.03115265e-08  1.20000000e+00  6.25395837e-08 -3.54766880e-04 
 7.03290980e-08  1.20000000e+00  6.25360742e-08 -3.86140452e-04 
 7.03461714e-08  1.20000000e+00  6.25394983e-08 -4.08314067e-04 
 7.03635264e-08  1.20000000e+00  6.25361595e-08 -4.82951880e-04 
 7.03807549e-08  1.20000000e+00  6.25394256e-08 -4.12567248e-04 
 7.03982795e-08  1.20000000e+00  6.25362261e-08 -3.60575062e-04 
 7.04164535e-08  1.20000000e+00  6.25393572e-08 -3.76279482e-04 
 7.04333088e-08  1.20000000e+00  6.25362999e-08 -4.09666821e-04 
 7.04508481e-08  1.20000000e+00  6.25392957e-08 -4.72200601e-04 
 7.04677760e-08  1.20000000e+00  6.25363674e-08 -4.33282402e-04 
 7.04855770e-08  1.20000000e+00  6.25392238e-08 -3.52950133e-04 
 7.05021199e-08  1.20000000e+00  6.25364236e-08 -3.80347568e-04 
 7.05195954e-08  1.20000000e+00  6.25391631e-08 -3.96177772e-04 
 7.05366576e-08  1.20000000e+00  6.25364881e-08 -4.66666640e-04 
 7.05538076e-08  1.20000000e+00  6.25391032e-08 -4.45247751e-04 
 7.05725040e-08  1.20000000e+00  6.25365354e-08 -3.60706584e-04 
 7.05899449e-08  1.20000000e+00  6.25390564e-08 -3.71822187e-04 
 7.06073790e-08  1.20000000e+00  6.25365978e-08 -3.99923627e-04 
 7.06256730e-08  1.20000000e+00  6.25390102e-08 -4.58018407e-04 
 7.06427728e-08  1.20000000e+00  6.25366391e-08 -4.54827903e-04 
 7.06598674e-08  1.20000000e+00  6.25389600e-08 -3.59222676e-04 
 7.06777644e-08  1.20000000e+00  6.25366744e-08 -3.75829736e-04 
 7.06945529e-08  1.20000000e+00  6.25389035e-08 -3.90173453e-04 
 7.07130237e-08  1.20000000e+00  6.25367372e-08 -4.55574861e-04 
 7.07305721e-08  1.20000000e+00  6.25388801e-08 -4.56148498e-04 
 7.07474012e-08  1.20000000e+00  6.25367671e-08 -3.71227990e-04 
 7.07653009e-08  1.20000000e+00  6.25388310e-08 -3.66528609e-04 
 7.07824312e-08  1.20000000e+00  6.25368126e-08 -3.93877280e-04 
 7.08003216e-08  1.20000000e+00  6.25387967e-08 -4.40345773e-04 
 7.08186551e-08  1.20000000e+00  6.25368497e-08 -4.67913753e-04 
 7.08374330e-08  1.20000000e+00  6.25387619e-08 -3.61510133e-04 
 7.08546162e-08  1.20000000e+00  6.25368759e-08 -3.73046571e-04 
 7.08732198e-08  1.20000000e+00  6.25387198e-08 -3.89068871e-04 
 7.08901677e-08  1.20000000e+00  6.25369131e-08 -4.49244041e-04 
 7.09092368e-08  1.20000000e+00  6.25386911e-08 -4.57185986e-04 
 7.09277774e-08  1.20000000e+00  6.25369365e-08 -3.64398145e-04 
 7.09452404e-08  1.20000000e+00  6.25386643e-08 -3.68973744e-04 
 7.09635279e-08  1.20000000e+00  6.25369687e-08 -3.97024173e-04 
 7.09808481e-08  1.20000000e+00  6.25386455e-08 -4.49809936e-04 
 7.09991782e-08  1.20000000e+00  6.25370071e-08 -4.59605692e-04 
 7.10163679e-08  1.20000000e+00  6.25386103e-08 -3.61823846e-04 
 7.10342974e-08  1.20000000e+00  6.25370111e-08 -3.73354318e-04 
 7.10516262e-08  1.20000000e+00  6.25385759e-08 -3.90581701e-04 
 7.10695459e-08  1.20000000e+00  6.25370458e-08 -4.51967320e-04 
 7.10877109e-08  1.20000000e+00  6.25385558e-08 -4.58069085e-04 
 7.11047581e-08  1.20000000e+00  6.25370788e-08 -3.69865388e-04 
 7.11226683e-08  1.20000000e+00  6.25385402e-08 -3.66743750e-04 
 7.11401277e-08  1.20000000e+00  6.25370852e-08 -3.94145283e-04 
 7.11578153e-08  1.20000000e+00  6.25385175e-08 -4.42422401e-04 
 7.11764313e-08  1.20000000e+00  6.25371291e-08 -4.65739582e-04 
 7.11952026e-08  1.20000000e+00  6.25385024e-08 -3.59955176e-04 
 7.12124666e-08  1.20000000e+00  6.25371301e-08 -3.73005008e-04 
 7.12309986e-08  1.20000000e+00  6.25384693e-08 -3.90842980e-04 
 7.12480752e-08  1.20000000e+00  6.25371461e-08 -4.52151542e-04 
 7.12667411e-08  1.20000000e+00  6.25384609e-08 -4.56424523e-04 
 7.12857468e-08  1.20000000e+00  6.25371828e-08 -3.61307162e-04 
 7.13029857e-08  1.20000000e+00  6.25384439e-08 -3.69662072e-04 
 7.13213337e-08  1.20000000e+00  6.25371872e-08 -3.97963076e-04 
 7.13387053e-08  1.20000000e+00  6.25384216e-08 -4.52973384e-04 
 7.13567121e-08  1.20000000e+00  6.25371999e-08 -4.58286622e-04 
 7.13738756e-08  1.20000000e+00  6.25384082e-08 -3.60999517e-04 
 7.13917910e-08  1.20000000e+00  6.25372218e-08 -3.72706065e-04 
 7.14089964e-08  1.20000000e+00  6.25383890e-08 -3.91643093e-04 
 7.14270533e-08  1.20000000e+00  6.25372255e-08 -4.52704089e-04 
 7.14449757e-08  1.20000000e+00  6.25383846e-08 -4.58914933e-04 
 7.14619274e-08  1.20000000e+00  6.25372519e-08 -3.69505256e-04 
 7.14798305e-08  1.20000000e+00  6.25383729e-08 -3.66191337e-04 
 7.14972383e-08  1.20000000e+00  6.25372648e-08 -3.94009991e-04 
 7.15149529e-08  1.20000000e+00  6.25383549e-08 -4.42200787e-04 
 7.15336182e-08  1.20000000e+00  6.25372680e-08 -4.66402224e-04 
 7.15523687e-08  1.20000000e+00  6.25383456e-08 -3.60144007e-04 
 7.15696505e-08  1.20000000e+00  6.25372824e-08 -3.71922649e-04 
 7.15882717e-08  1.20000000e+00  6.25383265e-08 -3.91515061e-04 
 7.16052953e-08  1.20000000e+00  6.25372955e-08 -4.51723748e-04 
 7.16240081e-08  1.20000000e+00  6.25383153e-08 -4.57331329e-04 
 7.16429931e-08  1.20000000e+00  6.25373040e-08 -3.60572643e-04 
 7.16602464e-08  1.20000000e+00  6.25383124e-08 -3.69429905e-04 
 7.16786386e-08  1.20000000e+00  6.25373102e-08 -3.98115857e-04 
 7.16959905e-08  1.20000000e+00  6.25383053e-08 -4.53414211e-04 
 7.17139943e-08  1.20000000e+00  6.25373255e-08 -4.58475744e-04 
 7.17311460e-08  1.20000000e+00  6.25382915e-08 -3.60830947e-04 
 7.17490679e-08  1.20000000e+00  6.25373326e-08 -3.71914309e-04 
 7.17662950e-08  1.20000000e+00  6.25382780e-08 -3.92355382e-04 
 7.17843461e-08  1.20000000e+00  6.25373409e-08 -4.52618703e-04 
 7.18022352e-08  1.20000000e+00  6.25382742e-08 -4.59714804e-04 
 7.18191720e-08  1.20000000e+00  6.25373523e-08 -3.68952939e-04 
 7.18370739e-08  1.20000000e+00  6.25382782e-08 -3.65820197e-04 
 7.18545124e-08  1.20000000e+00  6.25373521e-08 -3.94147500e-04 
 7.18722111e-08  1.20000000e+00  6.25382496e-08 -4.42494086e-04 
 7.18909185e-08  1.20000000e+00  6.25373672e-08 -4.66552838e-04 
 7.19096805e-08  1.20000000e+00  6.25382561e-08 -3.59778771e-04 
 7.19269691e-08  1.20000000e+00  6.25373629e-08 -3.71272995e-04 
 7.19456413e-08  1.20000000e+00  6.25382451e-08 -3.92271559e-04 
 7.19626520e-08  1.20000000e+00  6.25373763e-08 -4.51999012e-04 
 7.19813260e-08  1.20000000e+00  6.25382410e-08 -4.57773544e-04 
 7.20003454e-08  1.20000000e+00  6.25373828e-08 -3.59609999e-04 
 7.20175856e-08  1.20000000e+00  6.25382363e-08 -3.69355394e-04 
 7.20360008e-08  1.20000000e+00  6.25373959e-08 -3.98422490e-04 
 7.20533599e-08  1.20000000e+00  6.25382332e-08 -4.54125878e-04 
 7.20713143e-08  1.20000000e+00  6.25373862e-08 -4.58482685e-04 
 7.20884560e-08  1.20000000e+00  6.25382212e-08 -3.60472890e-04 
 7.21063822e-08  1.20000000e+00  6.25373980e-08 -3.71339549e-04 
 7.21236061e-08  1.20000000e+00  6.25382198e-08 -3.93004653e-04 
 7.21416766e-08  1.20000000e+00  6.25374014e-08 -4.52730245e-04 
 7.21595086e-08  1.20000000e+00  6.25382114e-08 -4.60347063e-04 
 7.21764236e-08  1.20000000e+00  6.25374235e-08 -3.68452269e-04 
 7.21943244e-08  1.20000000e+00  6.25382233e-08 -3.65470747e-04 
 7.22117754e-08  1.20000000e+00  6.25374144e-08 -3.94311985e-04 
 7.22294715e-08  1.20000000e+00  6.25382040e-08 -4.42694057e-04 
 7.22481534e-08  1.20000000e+00  6.25374214e-08 -4.66951896e-04 
 7.22669479e-08  1.20000000e+00  6.25381985e-08 -3.59526793e-04 
 7.22842167e-08  1.20000000e+00  6.25374191e-08 -3.70602728e-04 
 7.23029528e-08  1.20000000e+00  6.25381855e-08 -3.92856246e-04 
 7.23199329e-08  1.20000000e+00  6.25374163e-08 -4.51902751e-04 
 7.23386089e-08  1.20000000e+00  6.25382019e-08 -4.58376260e-04 
 7.23576331e-08  1.20000000e+00  6.25374355e-08 -3.58878638e-04 
 7.23748737e-08  1.20000000e+00  6.25381921e-08 -3.69235616e-04 
 7.23933184e-08  1.20000000e+00  6.25374349e-08 -3.98635273e-04 
 7.24106717e-08  1.20000000e+00  6.25381836e-08 -4.54535262e-04 
 7.24286120e-08  1.20000000e+00  6.25374336e-08 -4.58606691e-04 
 7.24457482e-08  1.20000000e+00  6.25381845e-08 -3.60162521e-04 
 7.24636801e-08  1.20000000e+00  6.25374398e-08 -3.70832610e-04 
 7.24809142e-08  1.20000000e+00  6.25381805e-08 -3.93592190e-04 
 7.24989912e-08  1.20000000e+00  6.25374406e-08 -4.52774827e-04 
 7.25167894e-08  1.20000000e+00  6.25381745e-08 -4.60901276e-04 
 7.25336928e-08  1.20000000e+00  6.25374419e-08 -3.67912016e-04 
 7.25515935e-08  1.20000000e+00  6.25381751e-08 -3.65210967e-04 
 7.25690603e-08  1.20000000e+00  6.25374476e-08 -3.94505480e-04 
 7.25867542e-08  1.20000000e+00  6.25381719e-08 -4.42956259e-04 
 7.26054095e-08  1.20000000e+00  6.25374455e-08 -4.67243305e-04 
 7.26242387e-08  1.20000000e+00  6.25381691e-08 -3.59186643e-04 
 7.26414879e-08  1.20000000e+00  6.25374563e-08 -3.70067722e-04 
 7.26602753e-08  1.20000000e+00  6.25381560e-08 -3.93415558e-04 
 7.26772348e-08  1.20000000e+00  6.25374476e-08 -4.51900135e-04 
 7.26959020e-08  1.20000000e+00  6.25381756e-08 -4.58867313e-04 
 7.27149375e-08  1.20000000e+00  6.25374580e-08 -3.58139259e-04 
 7.27321763e-08  1.20000000e+00  6.25381618e-08 -3.69187542e-04 
 7.27506432e-08  1.20000000e+00  6.25374645e-08 -3.98848018e-04 
 7.27679976e-08  1.20000000e+00  6.25381468e-08 -4.54965983e-04 
 7.27859187e-08  1.20000000e+00  6.25374513e-08 -4.58669962e-04 
 7.28030524e-08  1.20000000e+00  6.25381619e-08 -3.59813326e-04 
 7.28209897e-08  1.20000000e+00  6.25374611e-08 -3.70429433e-04 
 7.28382286e-08  1.20000000e+00  6.25381630e-08 -3.94143403e-04 
 7.28563182e-08  1.20000000e+00  6.25374751e-08 -4.52868567e-04 
 7.28740806e-08  1.20000000e+00  6.25381547e-08 -4.61363892e-04 
 7.28909732e-08  1.20000000e+00  6.25374668e-08 -3.67363347e-04 
 7.29088742e-08  1.20000000e+00  6.25381529e-08 -3.65017822e-04 
 7.29263494e-08  1.20000000e+00  6.25374704e-08 -3.94697352e-04 
 7.29440477e-08  1.20000000e+00  6.25381579e-08 -4.43222245e-04 
 7.29626740e-08  1.20000000e+00  6.25374695e-08 -4.67491293e-04 
 7.29815383e-08  1.20000000e+00  6.25381447e-08 -3.58821496e-04 
 7.29987678e-08  1.20000000e+00  6.25374735e-08 -3.69623566e-04 
 7.30157121e-08  1.20000000e+00  6.25381471e-08 -3.91974456e-04 
 7.30335211e-08  1.20000000e+00  6.25374735e-08 -4.46786946e-04 
 7.30513589e-08  1.20000000e+00  6.25381455e-08 -4.66602437e-04 
 7.30682146e-08  1.20000000e+00  6.25374776e-08 -3.73669724e-04 
 7.30860802e-08  1.20000000e+00  6.25381486e-08 -3.61527677e-04 
 7.31040825e-08  1.20000000e+00  6.25374733e-08 -3.93484757e-04 
 7.31212530e-08  1.20000000e+00  6.25381478e-08 -4.36783001e-04 
 7.31401419e-08  1.20000000e+00  6.25374803e-08 -4.72275476e-04 
 7.31583213e-08  1.20000000e+00  6.25381418e-08 -3.66098274e-04 
 7.31758827e-08  1.20000000e+00  6.25374762e-08 -3.66540957e-04 
 7.31943307e-08  1.20000000e+00  6.25381434e-08 -3.91069135e-04 
 7.32112366e-08  1.20000000e+00  6.25374756e-08 -4.43677722e-04 
 7.32305403e-08  1.20000000e+00  6.25381378e-08 -4.64778918e-04 
 7.32488081e-08  1.20000000e+00  6.25374861e-08 -3.64758392e-04 
 7.32664047e-08  1.20000000e+00  6.25381398e-08 -3.65643946e-04 
 7.32851721e-08  1.20000000e+00  6.25374792e-08 -3.96676977e-04 
 7.33020878e-08  1.20000000e+00  6.25381361e-08 -4.47787766e-04 
 7.33209703e-08  1.20000000e+00  6.25374859e-08 -4.62587574e-04 
 7.33398884e-08  1.20000000e+00  6.25381381e-08 -3.55481753e-04 
 7.33571783e-08  1.20000000e+00  6.25374795e-08 -3.71619941e-04 
 7.33756711e-08  1.20000000e+00  6.25381337e-08 -3.95806182e-04 
 7.33929362e-08  1.20000000e+00  6.25374794e-08 -4.57579453e-04 
 7.34109266e-08  1.20000000e+00  6.25381322e-08 -4.56168540e-04 
 7.34280174e-08  1.20000000e+00  6.25374909e-08 -3.63482817e-04 
 7.34459348e-08  1.20000000e+00  6.25381348e-08 -3.66461764e-04 
 7.34632101e-08  1.20000000e+00  6.25374861e-08 -3.97278484e-04 
 7.34811850e-08  1.20000000e+00  6.25381331e-08 -4.48924358e-04 
 7.34990245e-08  1.20000000e+00  6.25374927e-08 -4.65287339e-04 
 7.35159025e-08  1.20000000e+00  6.25381427e-08 -3.65053341e-04 
 7.35337952e-08  1.20000000e+00  6.25374953e-08 -3.67199647e-04 
 7.35513434e-08  1.20000000e+00  6.25381282e-08 -3.91631214e-04 
 7.35689159e-08  1.20000000e+00  6.25374787e-08 -4.45532050e-04 
 7.35876633e-08  1.20000000e+00  6.25381228e-08 -4.65021996e-04 
 7.36064274e-08  1.20000000e+00  6.25374856e-08 -3.62779504e-04 
 7.36237086e-08  1.20000000e+00  6.25381224e-08 -3.65722994e-04 
 7.36405672e-08  1.20000000e+00  6.25374888e-08 -3.94824884e-04 
 7.36583551e-08  1.20000000e+00  6.25381297e-08 -4.42886200e-04 
 7.36762406e-08  1.20000000e+00  6.25374995e-08 -4.70392057e-04 
 7.36931103e-08  1.20000000e+00  6.25381331e-08 -3.71767631e-04 
 7.37109904e-08  1.20000000e+00  6.25374979e-08 -3.63642737e-04 
 7.37289851e-08  1.20000000e+00  6.25381299e-08 -3.90325993e-04 
 7.37460912e-08  1.20000000e+00  6.25374919e-08 -4.39017461e-04 
 7.37650074e-08  1.20000000e+00  6.25381306e-08 -4.69978872e-04 
 7.37831262e-08  1.20000000e+00  6.25374941e-08 -3.70634338e-04 
 7.38007711e-08  1.20000000e+00  6.25381181e-08 -3.62536586e-04 
 7.38191511e-08  1.20000000e+00  6.25374884e-08 -3.93806556e-04 
 7.38360405e-08  1.20000000e+00  6.25381234e-08 -4.39756383e-04 
 7.38553121e-08  1.20000000e+00  6.25374953e-08 -4.68918993e-04 
 7.38735304e-08  1.20000000e+00  6.25381374e-08 -3.63556208e-04 
 7.38911595e-08  1.20000000e+00  6.25374939e-08 -3.67265950e-04 
 7.39079785e-08  1.20000000e+00  6.25381236e-08 -3.91197285e-04 
 7.39257191e-08  1.20000000e+00  6.25374998e-08 -4.44062331e-04 
 7.39439356e-08  1.20000000e+00  6.25380826e-08 -4.67805493e-04 
 7.39609872e-08  1.20000000e+00  6.25375841e-08 -3.74886868e-04 
 7.39789171e-08  1.20000000e+00  6.25380068e-08 -3.60815948e-04 
 7.39969146e-08  1.20000000e+00  6.25375622e-08 -3.93023643e-04 
 7.40139784e-08  1.20000000e+00  6.25383511e-08 -4.36964213e-04 
 7.40329333e-08  1.20000000e+00  6.25368242e-08 -4.71927960e-04 
 7.40510969e-08  1.20000000e+00  6.25391378e-08 -3.67958556e-04 
 7.40687731e-08  1.20000000e+00  6.25369689e-08 -3.65265779e-04 
 7.40871946e-08  1.20000000e+00  6.25360497e-08 -3.91181135e-04 
 7.41040491e-08  1.20000000e+00  6.25466033e-08 -4.43711248e-04 
 7.41234049e-08  1.20000000e+00  6.25226710e-08 -4.64816412e-04 
 7.41416942e-08  1.20000000e+00  6.25512235e-08 -3.65810297e-04 
 7.41593284e-08  1.20000000e+00  6.25444079e-08 -3.64681166e-04 
 7.41761542e-08  1.20000000e+00  6.24433036e-08 -3.94323081e-04 
 7.41938781e-08  1.20000000e+00  6.27818614e-08 -4.43068906e-04 
 7.42119001e-08  1.20000000e+00  6.22751874e-08 -4.69579946e-04 
 7.42288532e-08  1.20000000e+00  6.26527402e-08 -3.72779367e-04 
 7.42467869e-08  1.20000000e+00  6.28939103e-08 -3.63252470e-04 
 7.42647998e-08  1.20000000e+00  6.02583163e-08 -3.90133487e-04 
 7.42818250e-08  1.20000000e+00  6.54346624e-08 -4.40101274e-04 
 7.43008234e-08  1.20000000e+00  6.36571077e-08 -4.68624671e-04 
 7.43190039e-08  1.20000000e+00  6.16846914e-08 -3.71184424e-04 
 7.43367480e-08  1.20000000e+00  8.12289246e-08 -3.62323935e-04 
 7.43551730e-08  1.20000000e+00 -1.01687385e-08 -3.93941083e-04 
 7.43720141e-08  1.20000000e+00  5.23296254e-08 -4.41877759e-04 
 7.43913883e-08  1.20000000e+00  1.46527391e-07 -4.66666648e-04 
 7.44097498e-08  1.20000000e+00  2.14667354e-07 -3.63162895e-04 
 7.44273827e-08  1.20000000e+00  1.05003826e-06 -3.67189084e-04 
 7.44460194e-08  1.20000000e+00 -1.65027616e-06 -3.93922329e-04 
 7.44628507e-08  1.20000000e+00 -3.68230710e-06 -4.51302734e-04 
 7.44815694e-08  1.20000000e+00 -2.21597674e-06 -4.60015121e-04 
 7.44986940e-08  1.20000000e+00  5.71352962e-06 -3.68016541e-04 
 7.45166238e-08  1.20000000e+00  5.25005203e-05 -3.63722400e-04 
 7.45342776e-08  1.20000000e+00  2.88375982e-05 -3.95773544e-04 
 7.45516506e-08  1.20000000e+00 -1.37103085e-04 -4.45882168e-04 
 7.45700613e-08  1.20000000e+00 -4.03582566e-04 -4.66066995e-04 
 7.45871190e-08  1.20000000e+00 -4.45806493e-04 -3.68439685e-04 
 7.46050559e-08  1.20000000e+00  1.62853467e-03 -3.66176176e-04 
 7.46228505e-08  1.20000000e+00  4.88833820e-03 -3.91598672e-04 
 7.46400481e-08  1.20000000e+00  2.55496491e-03 -4.43198049e-04 
 7.46589887e-08  1.20000000e+00 -1.67129626e-02 -4.57937378e-04 
 7.46776816e-08  1.20000000e+00 -4.61994039e-02 -3.57199614e-04 
 7.46932201e-08  1.20000000e+00 -2.36056275e-02 -3.93507312e-04 
 7.47098898e-08  1.20000000e+00  9.68171473e-02 -4.59076579e-04 
 7.47267166e-08  1.20000000e+00  2.68133759e-01 -4.82372754e-04 
 7.47431298e-08  1.20000000e+00  4.36123296e-01 -5.03264717e-04 
 7.47602979e-08  1.20000000e+00  6.03036590e-01 -4.12810743e-04 
 7.47780381e-08  1.20000000e+00  7.59426159e-01 -3.46721800e-04 
 7.47953482e-08  1.20000000e+00  8.88884445e-01 -3.94921473e-04 
 7.48126199e-08  1.20000000e+00  9.90045751e-01 -4.13703743e-04 
 7.48302236e-08  1.20000000e+00  1.06448786e+00 -4.32860911e-04 
 7.48468954e-08  1.20000000e+00  1.11254285e+00 -3.53797185e-04 
 7.48647753e-08  1.20000000e+00  1.14627469e+00 -2.67456008e-04 
 7.48818673e-08  1.20000000e+00  1.16659111e+00 -3.18727966e-04 
 7.48995564e-08  1.20000000e+00  1.17971485e+00 -3.57867334e-04 
 7.49165655e-08  1.20000000e+00  1.18747727e+00 -3.95682742e-04 
 7.49326509e-08  1.20000000e+00  1.19207829e+00 -3.49467209e-04 
 7.49507827e-08  1.20000000e+00  1.19528568e+00 -2.53823440e-04 
 7.49683292e-08  1.20000000e+00  1.19715236e+00 -2.95599635e-04 
 7.49854206e-08  1.20000000e+00  1.19825255e+00 -3.48229293e-04 
 7.50028067e-08  1.20000000e+00  1.19894198e+00 -3.84525392e-04 
 7.50192621e-08  1.20000000e+00  1.19933697e+00 -3.63361993e-04 
 7.50361550e-08  1.20000000e+00  1.19959428e+00 -2.63305876e-04 
 7.50538471e-08  1.20000000e+00  1.19975342e+00 -2.80259175e-04 
 7.50705177e-08  1.20000000e+00  1.19984964e+00 -3.38944509e-04 
 7.50885606e-08  1.20000000e+00  1.19990806e+00 -3.74917748e-04 
 7.51083110e-08  1.20000000e+00  1.19995034e+00 -3.67011221e-04 
 7.51270056e-08  1.20000000e+00  1.19996868e+00 -2.56360026e-04 
 7.51446280e-08  1.20000000e+00  1.19998335e+00 -2.86563709e-04 
 7.51627238e-08  1.20000000e+00  1.19998786e+00 -3.43917013e-04 
 7.51801593e-08  1.20000000e+00  1.19999476e+00 -3.81538905e-04 
 7.51978662e-08  1.20000000e+00  1.19999470e+00 -3.64056588e-04 
 7.52168194e-08  1.20000000e+00  1.19999890e+00 -2.55612671e-04 
 7.52339186e-08  1.20000000e+00  1.19999727e+00 -2.85294470e-04 
 7.52517618e-08  1.20000000e+00  1.20000026e+00 -3.44414768e-04 
 7.52692194e-08  1.20000000e+00  1.19999821e+00 -3.79298756e-04 
 7.52869483e-08  1.20000000e+00  1.20000072e+00 -3.67147781e-04 
 7.53039828e-08  1.20000000e+00  1.19999858e+00 -2.63637208e-04 
 7.53218003e-08  1.20000000e+00  1.20000085e+00 -2.79621104e-04 
 7.53388399e-08  1.20000000e+00  1.19999875e+00 -3.39029246e-04 
 7.53567625e-08  1.20000000e+00  1.20000086e+00 -3.75188501e-04 
 7.53765136e-08  1.20000000e+00  1.19999885e+00 -3.66958488e-04 
 7.53952413e-08  1.20000000e+00  1.20000084e+00 -2.55839808e-04 
 7.54128523e-08  1.20000000e+00  1.19999891e+00 -2.86537153e-04 
 7.54309872e-08  1.20000000e+00  1.20000080e+00 -3.44585696e-04 
 7.54484078e-08  1.20000000e+00  1.19999896e+00 -3.81340619e-04 
 7.54660911e-08  1.20000000e+00  1.20000076e+00 -3.64535734e-04 
 7.54850691e-08  1.20000000e+00  1.19999901e+00 -2.54339390e-04 
 7.55021923e-08  1.20000000e+00  1.20000072e+00 -2.86165625e-04 
 7.55200358e-08  1.20000000e+00  1.19999905e+00 -3.44402236e-04 
 7.55374650e-08  1.20000000e+00  1.20000068e+00 -3.79811434e-04 
 7.55551600e-08  1.20000000e+00  1.19999910e+00 -3.66942680e-04 
 7.55722141e-08  1.20000000e+00  1.20000064e+00 -2.63183933e-04 
 7.55900413e-08  1.20000000e+00  1.19999913e+00 -2.79549329e-04 
 7.56070887e-08  1.20000000e+00  1.20000060e+00 -3.39801430e-04 
 7.56250452e-08  1.20000000e+00  1.19999917e+00 -3.74976203e-04 
 7.56448542e-08  1.20000000e+00  1.20000056e+00 -3.66968699e-04 
 7.56635738e-08  1.20000000e+00  1.19999920e+00 -2.54229407e-04 
 7.56812252e-08  1.20000000e+00  1.20000053e+00 -2.87996398e-04 
 7.56993458e-08  1.20000000e+00  1.19999924e+00 -3.44564815e-04 
 7.57167224e-08  1.20000000e+00  1.20000050e+00 -3.82234984e-04 
 7.57343407e-08  1.20000000e+00  1.19999927e+00 -3.63878457e-04 
 7.57533237e-08  1.20000000e+00  1.20000047e+00 -2.53944295e-04 
 7.57704874e-08  1.20000000e+00  1.19999930e+00 -2.86349842e-04 
 7.57883042e-08  1.20000000e+00  1.20000044e+00 -3.45208737e-04 
 7.58057228e-08  1.20000000e+00  1.19999933e+00 -3.79558785e-04 
 7.58233913e-08  1.20000000e+00  1.20000041e+00 -3.67374167e-04 
 7.58404824e-08  1.20000000e+00  1.19999935e+00 -2.61710286e-04 
 7.58583262e-08  1.20000000e+00  1.20000038e+00 -2.80605928e-04 
 7.58753808e-08  1.20000000e+00  1.19999938e+00 -3.39800560e-04 
 7.58932993e-08  1.20000000e+00  1.20000036e+00 -3.75569794e-04 
 7.59131975e-08  1.20000000e+00  1.19999940e+00 -3.65998295e-04 
 7.59318746e-08  1.20000000e+00  1.20000034e+00 -2.53608384e-04 
 7.59495968e-08  1.20000000e+00  1.19999943e+00 -2.88713527e-04 
 7.59676890e-08  1.20000000e+00  1.20000031e+00 -3.45317007e-04 
 7.59850421e-08  1.20000000e+00  1.19999945e+00 -3.82390302e-04 
 7.60026110e-08  1.20000000e+00  1.20000029e+00 -3.63796753e-04 
 7.60215949e-08  1.20000000e+00  1.19999947e+00 -2.52689020e-04 
 7.60388247e-08  1.20000000e+00  1.20000027e+00 -2.87638313e-04 
 7.60566016e-08  1.20000000e+00  1.19999949e+00 -3.45215847e-04 
 7.60740249e-08  1.20000000e+00  1.20000025e+00 -3.80321791e-04 
 7.60916659e-08  1.20000000e+00  1.19999951e+00 -3.66623278e-04 
 7.61088211e-08  1.20000000e+00  1.20000024e+00 -2.60717031e-04 
 7.61266913e-08  1.20000000e+00  1.19999952e+00 -2.81332634e-04 
 7.61437467e-08  1.20000000e+00  1.20000022e+00 -3.40711874e-04 
 7.61616314e-08  1.20000000e+00  1.19999954e+00 -3.75666219e-04 
 7.61816343e-08  1.20000000e+00  1.20000020e+00 -3.65173765e-04 
 7.62002216e-08  1.20000000e+00  1.19999956e+00 -2.52122504e-04 
 7.62180649e-08  1.20000000e+00  1.20000019e+00 -2.90703499e-04 
 7.62360760e-08  1.20000000e+00  1.19999957e+00 -3.45314070e-04 
 7.62534285e-08  1.20000000e+00  1.20000017e+00 -3.83613834e-04 
 7.62709393e-08  1.20000000e+00  1.19999959e+00 -3.62447134e-04 
 7.62899117e-08  1.20000000e+00  1.20000016e+00 -2.52119359e-04 
 7.63072482e-08  1.20000000e+00  1.19999960e+00 -2.88613120e-04 
 7.63249529e-08  1.20000000e+00  1.20000015e+00 -3.46035346e-04 
 7.63424021e-08  1.20000000e+00  1.19999961e+00 -3.80634563e-04 
 7.63600082e-08  1.20000000e+00  1.20000013e+00 -3.66093996e-04 
 7.63790880e-08  1.20000000e+00  1.19999962e+00 -2.50790893e-04 
 7.63963485e-08  1.20000000e+00  1.20000012e+00 -2.89119106e-04 
 7.64141969e-08  1.20000000e+00  1.19999964e+00 -3.44087674e-04 
 7.64316389e-08  1.20000000e+00  1.20000011e+00 -3.81750942e-04 
 7.64493282e-08  1.20000000e+00  1.19999965e+00 -3.65113015e-04 
 7.64684529e-08  1.20000000e+00  1.20000010e+00 -2.52312818e-04 
 7.64857066e-08  1.20000000e+00  1.19999966e+00 -2.87317319e-04 
 7.65036153e-08  1.20000000e+00  1.20000009e+00 -3.45788803e-04 
 7.65210452e-08  1.20000000e+00  1.19999967e+00 -3.80063343e-04 
 7.65387449e-08  1.20000000e+00  1.20000008e+00 -3.66883678e-04 
 7.65578842e-08  1.20000000e+00  1.19999968e+00 -2.50344093e-04 
 7.65751529e-08  1.20000000e+00  1.20000007e+00 -2.89192926e-04 
 7.65930686e-08  1.20000000e+00  1.19999968e+00 -3.44222620e-04 
 7.66104923e-08  1.20000000e+00  1.20000006e+00 -3.81850654e-04 
 7.66281825e-08  1.20000000e+00  1.19999969e+00 -3.65160882e-04 
 7.66473284e-08  1.20000000e+00  1.20000005e+00 -2.51712223e-04 
 7.66646182e-08  1.20000000e+00  1.19999970e+00 -2.87781948e-04 
 7.66825267e-08  1.20000000e+00  1.20000005e+00 -3.46033546e-04 
 7.66999479e-08  1.20000000e+00  1.19999971e+00 -3.80294043e-04 
 7.67176261e-08  1.20000000e+00  1.20000004e+00 -3.66768420e-04 
 7.67367764e-08  1.20000000e+00  1.19999972e+00 -2.49697778e-04 
 7.67540906e-08  1.20000000e+00  1.20000003e+00 -2.89792265e-04 
 7.67719878e-08  1.20000000e+00  1.19999972e+00 -3.44455077e-04 
 7.67894090e-08  1.20000000e+00  1.20000003e+00 -3.82151673e-04 
 7.68070748e-08  1.20000000e+00  1.19999973e+00 -3.64938957e-04 
 7.68262282e-08  1.20000000e+00  1.20000002e+00 -2.51079665e-04 
 7.68435700e-08  1.20000000e+00  1.19999974e+00 -2.88440781e-04 
 7.68614529e-08  1.20000000e+00  1.20000001e+00 -3.46274497e-04 
 7.68788762e-08  1.20000000e+00  1.19999974e+00 -3.80635415e-04 
 7.68965293e-08  1.20000000e+00  1.20000001e+00 -3.66462237e-04 
 7.69156841e-08  1.20000000e+00  1.19999975e+00 -2.49061882e-04 
 7.69330572e-08  1.20000000e+00  1.20000000e+00 -2.90528363e-04 
 7.69509224e-08  1.20000000e+00  1.19999975e+00 -3.44692820e-04 
 7.69683502e-08  1.20000000e+00  1.20000000e+00 -3.82548361e-04 
 7.69859901e-08  1.20000000e+00  1.19999976e+00 -3.64532927e-04 
 7.70051447e-08  1.20000000e+00  1.19999999e+00 -2.50446429e-04 
 7.70225530e-08  1.20000000e+00  1.19999976e+00 -2.89255852e-04 
 7.70403969e-08  1.20000000e+00  1.19999999e+00 -3.46512198e-04 
 7.70578317e-08  1.20000000e+00  1.19999977e+00 -3.81091773e-04 
 7.70754580e-08  1.20000000e+00  1.19999998e+00 -3.65947073e-04 
 7.70946105e-08  1.20000000e+00  1.19999977e+00 -2.48434442e-04 
 7.71120585e-08  1.20000000e+00  1.19999998e+00 -2.91423919e-04 
 7.71298771e-08  1.20000000e+00  1.19999977e+00 -3.44937183e-04 
 7.71473215e-08  1.20000000e+00  1.19999997e+00 -3.83062314e-04 
 7.71649336e-08  1.20000000e+00  1.19999978e+00 -3.63907968e-04 
 7.71840820e-08  1.20000000e+00  1.19999997e+00 -2.49815917e-04 
 7.72015746e-08  1.20000000e+00  1.19999978e+00 -2.90248912e-04 
 7.72193636e-08  1.20000000e+00  1.19999997e+00 -3.46752895e-04 
 7.72368207e-08  1.20000000e+00  1.19999979e+00 -3.81681433e-04 
 7.72544179e-08  1.20000000e+00  1.19999996e+00 -3.65188490e-04 
 7.72735602e-08  1.20000000e+00  1.19999979e+00 -2.47815329e-04 
 7.72911029e-08  1.20000000e+00  1.19999996e+00 -2.92507656e-04 
 7.73088576e-08  1.20000000e+00  1.19999979e+00 -3.45190632e-04 
 7.73263304e-08  1.20000000e+00  1.19999996e+00 -3.83718871e-04 
 7.73439120e-08  1.20000000e+00  1.19999979e+00 -3.63018944e-04 
 7.73630458e-08  1.20000000e+00  1.19999996e+00 -2.49192447e-04 
 7.73806449e-08  1.20000000e+00  1.19999980e+00 -2.91449379e-04 
 7.73983602e-08  1.20000000e+00  1.19999995e+00 -3.47003453e-04 
 7.74158522e-08  1.20000000e+00  1.19999980e+00 -3.82430633e-04 
 7.74334173e-08  1.20000000e+00  1.19999995e+00 -3.64135301e-04 
 7.74525401e-08  1.20000000e+00  1.19999980e+00 -2.47206382e-04 
 7.74702025e-08  1.20000000e+00  1.19999995e+00 -2.93817857e-04 
 7.74878729e-08  1.20000000e+00  1.19999980e+00 -3.45458480e-04 
 7.75053880e-08  1.20000000e+00  1.19999994e+00 -3.84552494e-04 
 7.75229356e-08  1.20000000e+00  1.19999981e+00 -3.61799847e-04 
 7.75420446e-08  1.20000000e+00  1.19999994e+00 -2.48580936e-04 
 7.75597784e-08  1.20000000e+00  1.19999981e+00 -2.92901151e-04 
 7.75773975e-08  1.20000000e+00  1.19999994e+00 -3.47273116e-04 
 7.75949400e-08  1.20000000e+00  1.19999981e+00 -3.83378945e-04 
 7.76124690e-08  1.20000000e+00  1.19999994e+00 -3.62707087e-04 
 7.76315612e-08  1.20000000e+00  1.19999981e+00 -2.46611180e-04 
 7.76493758e-08  1.20000000e+00  1.19999994e+00 -2.95411269e-04 
 7.76669367e-08  1.20000000e+00  1.19999982e+00 -3.45750367e-04 
 7.76845114e-08  1.20000000e+00  1.19999994e+00 -3.85614276e-04 
 7.77020205e-08  1.20000000e+00  1.19999982e+00 -3.60145831e-04 
 7.77210924e-08  1.20000000e+00  1.19999993e+00 -2.47987303e-04 
 7.77389990e-08  1.20000000e+00  1.19999982e+00 -2.94674897e-04 
 7.77564937e-08  1.20000000e+00  1.19999993e+00 -3.47575928e-04 
 7.77741063e-08  1.20000000e+00  1.19999982e+00 -3.84589642e-04 
 7.77915939e-08  1.20000000e+00  1.19999993e+00 -3.60767829e-04 
 7.78106417e-08  1.20000000e+00  1.19999982e+00 -2.46035464e-04 
 7.78286537e-08  1.20000000e+00  1.19999993e+00 -2.97382044e-04 
 7.78460733e-08  1.20000000e+00  1.19999982e+00 -3.46083350e-04 
 7.78637302e-08  1.20000000e+00  1.19999993e+00 -3.86987711e-04 
 7.78811540e-08  1.20000000e+00  1.19999982e+00 -3.58070195e-04 
 7.79001938e-08  1.20000000e+00  1.19999993e+00 -2.47451370e-04 
 7.79183029e-08  1.20000000e+00  1.19999983e+00 -2.96711285e-04 
 7.79356487e-08  1.20000000e+00  1.19999992e+00 -3.47906935e-04 
 7.79533539e-08  1.20000000e+00  1.19999983e+00 -3.86036820e-04 
 7.79706948e-08  1.20000000e+00  1.19999992e+00 -3.58789101e-04 
 7.79897396e-08  1.20000000e+00  1.19999983e+00 -2.45580073e-04 
 7.80079363e-08  1.20000000e+00  1.19999992e+00 -2.99296085e-04 
 7.80252157e-08  1.20000000e+00  1.19999983e+00 -3.46368576e-04 
 7.80429699e-08  1.20000000e+00  1.19999992e+00 -3.88384844e-04 
 7.80602389e-08  1.20000000e+00  1.19999983e+00 -3.56150986e-04 
 7.80792878e-08  1.20000000e+00  1.19999992e+00 -2.47081623e-04 
 7.80975774e-08  1.20000000e+00  1.19999983e+00 -2.98561443e-04 
 7.81147913e-08  1.20000000e+00  1.19999992e+00 -3.48152157e-04 
 7.81325969e-08  1.20000000e+00  1.19999983e+00 -3.87434080e-04 
 7.81497934e-08  1.20000000e+00  1.19999992e+00 -3.56762598e-04 
 7.81688461e-08  1.20000000e+00  1.19999983e+00 -2.45286956e-04 
 7.81871495e-08  1.20000000e+00  1.19999992e+00 -3.00903130e-04 
 7.82043320e-08  1.20000000e+00  1.19999983e+00 -3.46549720e-04 
 7.82221500e-08  1.20000000e+00  1.19999992e+00 -3.89584344e-04 
 7.82392871e-08  1.20000000e+00  1.19999983e+00 -3.54403492e-04 
 7.82583440e-08  1.20000000e+00  1.19999992e+00 -2.46966461e-04 
 7.82766253e-08  1.20000000e+00  1.19999984e+00 -2.99518913e-04 
 7.82938017e-08  1.20000000e+00  1.19999992e+00 -3.48206369e-04 
 7.83116188e-08  1.20000000e+00  1.19999984e+00 -3.88124320e-04 
 7.83287457e-08  1.20000000e+00  1.19999991e+00 -3.55657509e-04 
 7.83478005e-08  1.20000000e+00  1.19999984e+00 -2.45367970e-04 
 7.83660891e-08  1.20000000e+00  1.19999991e+00 -3.01418008e-04 
 7.83832584e-08  1.20000000e+00  1.19999984e+00 -3.46495536e-04 
 7.84010869e-08  1.20000000e+00  1.19999991e+00 -3.90010039e-04 
 7.84182209e-08  1.20000000e+00  1.19999984e+00 -3.53485033e-04 
 7.84372703e-08  1.20000000e+00  1.19999991e+00 -2.47097832e-04 
 7.84555720e-08  1.20000000e+00  1.19999984e+00 -3.00042066e-04 
 7.84727327e-08  1.20000000e+00  1.19999991e+00 -3.48148415e-04 
 7.84905720e-08  1.20000000e+00  1.19999984e+00 -3.88602860e-04 
 7.85077007e-08  1.20000000e+00  1.19999991e+00 -3.54618593e-04 
 7.85267464e-08  1.20000000e+00  1.19999984e+00 -2.45483417e-04 
 7.85450539e-08  1.20000000e+00  1.19999991e+00 -3.01997352e-04 
 7.85622067e-08  1.20000000e+00  1.19999984e+00 -3.46461454e-04 
 7.85800540e-08  1.20000000e+00  1.19999991e+00 -3.90522836e-04 
 7.85971756e-08  1.20000000e+00  1.19999984e+00 -3.52442136e-04 
 7.86162182e-08  1.20000000e+00  1.19999991e+00 -2.47223093e-04 
 7.86345314e-08  1.20000000e+00  1.19999984e+00 -3.00582581e-04 
 7.86516768e-08  1.20000000e+00  1.19999991e+00 -3.48117109e-04 
 7.86695324e-08  1.20000000e+00  1.19999984e+00 -3.89078992e-04 
 7.86866498e-08  1.20000000e+00  1.19999991e+00 -3.53628494e-04 
 7.87056891e-08  1.20000000e+00  1.19999984e+00 -2.45616285e-04 
 7.87240092e-08  1.20000000e+00  1.19999991e+00 -3.02514779e-04 
 7.87411473e-08  1.20000000e+00  1.19999984e+00 -3.46419242e-04 
 7.87590115e-08  1.20000000e+00  1.19999991e+00 -3.90988808e-04 
 7.87761247e-08  1.20000000e+00  1.19999984e+00 -3.51459401e-04 
 7.87951608e-08  1.20000000e+00  1.19999991e+00 -2.47370986e-04 
 7.88134874e-08  1.20000000e+00  1.19999984e+00 -3.01081051e-04 
 7.88306184e-08  1.20000000e+00  1.19999991e+00 -3.48084744e-04 
 7.88484908e-08  1.20000000e+00  1.19999984e+00 -3.89530568e-04 
 7.88655991e-08  1.20000000e+00  1.19999991e+00 -3.52664242e-04 
 7.88846322e-08  1.20000000e+00  1.19999984e+00 -2.45762061e-04 
 7.89029649e-08  1.20000000e+00  1.19999991e+00 -3.03007022e-04 
 7.89200890e-08  1.20000000e+00  1.19999984e+00 -3.46379329e-04 
 7.89379694e-08  1.20000000e+00  1.19999991e+00 -3.91438417e-04 
 7.89550730e-08  1.20000000e+00  1.19999984e+00 -3.50504003e-04 
 7.89741031e-08  1.20000000e+00  1.19999991e+00 -2.47533619e-04 
 7.89924418e-08  1.20000000e+00  1.19999984e+00 -3.01545428e-04 
 7.90095592e-08  1.20000000e+00  1.19999991e+00 -3.48055317e-04 
 7.90274475e-08  1.20000000e+00  1.19999984e+00 -3.89956763e-04 
 7.90445465e-08  1.20000000e+00  1.19999991e+00 -3.51739523e-04 
 7.90635739e-08  1.20000000e+00  1.19999985e+00 -2.45919001e-04 
 7.90819181e-08  1.20000000e+00  1.19999991e+00 -3.03465990e-04 
 7.90990291e-08  1.20000000e+00  1.19999985e+00 -3.46337246e-04 
 7.91169247e-08  1.20000000e+00  1.19999991e+00 -3.91863587e-04 
 7.91340190e-08  1.20000000e+00  1.19999985e+00 -3.49586255e-04 
 7.91530437e-08  1.20000000e+00  1.19999991e+00 -2.47711576e-04 
 7.91713940e-08  1.20000000e+00  1.19999985e+00 -3.01974502e-04 
 7.91884986e-08  1.20000000e+00  1.19999990e+00 -3.48025966e-04 
 7.92064021e-08  1.20000000e+00  1.19999985e+00 -3.90356799e-04 
 7.92234923e-08  1.20000000e+00  1.19999990e+00 -3.50848086e-04 
 7.92425142e-08  1.20000000e+00  1.19999985e+00 -2.46090494e-04 
 7.92608705e-08  1.20000000e+00  1.19999990e+00 -3.03897258e-04 
 7.92779688e-08  1.20000000e+00  1.19999985e+00 -3.46295469e-04 
 7.92958799e-08  1.20000000e+00  1.19999990e+00 -3.92270507e-04 
 7.93129653e-08  1.20000000e+00  1.19999985e+00 -3.48690433e-04 
 7.93319848e-08  1.20000000e+00  1.19999990e+00 -2.47900935e-04 
 7.93503464e-08  1.20000000e+00  1.19999985e+00 -3.02379858e-04 
 7.93674387e-08  1.20000000e+00  1.19999990e+00 -3.48000701e-04 
 7.93853571e-08  1.20000000e+00  1.19999985e+00 -3.90739198e-04 
 7.94024376e-08  1.20000000e+00  1.19999990e+00 -3.49985005e-04 
 7.94214548e-08  1.20000000e+00  1.19999985e+00 -2.46269006e-04 
 7.94398218e-08  1.20000000e+00  1.19999990e+00 -3.04302274e-04 
 7.94569081e-08  1.20000000e+00  1.19999985e+00 -3.46254980e-04 
 7.94748338e-08  1.20000000e+00  1.19999990e+00 -3.92655926e-04 
 7.94919096e-08  1.20000000e+00  1.19999985e+00 -3.47831011e-04 
 7.95109246e-08  1.20000000e+00  1.19999990e+00 -2.48099329e-04 
 7.95292967e-08  1.20000000e+00  1.19999985e+00 -3.02754506e-04 
 7.95463774e-08  1.20000000e+00  1.19999990e+00 -3.47976661e-04 
 7.95643102e-08  1.20000000e+00  1.19999985e+00 -3.91096989e-04 
 7.95813813e-08  1.20000000e+00  1.19999990e+00 -3.49159243e-04 
 7.96003941e-08  1.20000000e+00  1.19999985e+00 -2.46453985e-04 
 7.96187714e-08  1.20000000e+00  1.19999990e+00 -3.04680903e-04 
 7.96358465e-08  1.20000000e+00  1.19999985e+00 -3.46214479e-04 
 7.96537862e-08  1.20000000e+00  1.19999990e+00 -3.93020415e-04 
 7.96708527e-08  1.20000000e+00  1.19999985e+00 -3.47004707e-04 
 7.96898634e-08  1.20000000e+00  1.19999990e+00 -2.48304673e-04 
 7.97082456e-08  1.20000000e+00  1.19999985e+00 -3.03102828e-04 
 7.97253153e-08  1.20000000e+00  1.19999990e+00 -3.47954428e-04 
 7.97432618e-08  1.20000000e+00  1.19999985e+00 -3.91433023e-04 
 7.97603236e-08  1.20000000e+00  1.19999990e+00 -3.48368033e-04 
 7.97793324e-08  1.20000000e+00  1.19999985e+00 -2.46643680e-04 
 7.97977194e-08  1.20000000e+00  1.19999990e+00 -3.05035214e-04 
 7.98147839e-08  1.20000000e+00  1.19999985e+00 -3.46174212e-04 
 7.98327371e-08  1.20000000e+00  1.19999990e+00 -3.93364590e-04 
 7.98497943e-08  1.20000000e+00  1.19999985e+00 -3.46211618e-04 
 7.98688011e-08  1.20000000e+00  1.19999990e+00 -2.48515314e-04 
 7.98871929e-08  1.20000000e+00  1.19999985e+00 -3.03426397e-04 
 7.99042522e-08  1.20000000e+00  1.19999990e+00 -3.47933592e-04 
 7.99222120e-08  1.20000000e+00  1.19999985e+00 -3.91749089e-04 
 7.99392645e-08  1.20000000e+00  1.19999990e+00 -3.47608915e-04 
 7.99582695e-08  1.20000000e+00  1.19999985e+00 -2.46838152e-04 
 7.99766657e-08  1.20000000e+00  1.19999990e+00 -3.05366117e-04 
 7.99937201e-08  1.20000000e+00  1.19999985e+00 -3.46134322e-04 
 8.00116866e-08  1.20000000e+00  1.19999990e+00 -3.93688385e-04 
 8.00287349e-08  1.20000000e+00  1.19999985e+00 -3.45449917e-04 
 8.00477381e-08  1.20000000e+00  1.19999990e+00 -2.48727774e-04 
 8.00661397e-08  1.20000000e+00  1.19999985e+00 -3.03732673e-04 
 8.00831889e-08  1.20000000e+00  1.19999990e+00 -3.47913468e-04 
 8.01000000e-08  1.20000000e+00  1.19999985e+00 -3.89327957e-04 
 8.01017972e-08  1.17843397e+00  1.19999988e+00 -4.03772230e-04 
 8.01053915e-08  1.13530191e+00  1.19999988e+00 -4.07269442e-04 
 8.01125802e-08  1.04903778e+00  1.19999988e+00 -3.88141885e-04 
 8.01269575e-08  8.76509528e-01  1.19999988e+00 -2.97749596e-04 
 8.01409364e-08  7.08763038e-01  1.19999988e+00 -2.80387596e-04 
 8.01578412e-08  5.05905971e-01  1.19999988e+00 -3.38389334e-04 
 8.01753466e-08  2.95841070e-01  1.19999988e+00 -4.03469617e-04 
 8.01876733e-08  1.47920535e-01  1.19999988e+00 -4.39362273e-04 
 8.02000000e-08  0.00000000e+00  1.19999988e+00 -4.60961121e-04 
 8.02024653e-08  0.00000000e+00  1.19999988e+00 -4.29023866e-04 
 8.02073960e-08  0.00000000e+00  1.19999988e+00 -4.08577392e-04 
 8.02172574e-08  0.00000000e+00  1.19999988e+00 -3.66126262e-04 
 8.02325554e-08  0.00000000e+00  1.19999988e+00 -3.53409293e-04 
 8.02476189e-08  0.00000000e+00  1.19999988e+00 -4.02943928e-04 
 8.02644149e-08  0.00000000e+00  1.19999988e+00 -4.49494371e-04 
 8.02821044e-08  0.00000000e+00  1.19999988e+00 -4.46048049e-04 
 8.02990419e-08  0.00000000e+00  1.19999988e+00 -4.08452815e-04 
 8.03169520e-08  0.00000000e+00  1.19999988e+00 -3.29147640e-04 
 8.03348586e-08  0.00000000e+00  1.19999988e+00 -4.10972625e-04 
 8.03517715e-08  0.00000000e+00  1.19999988e+00 -4.36389331e-04 
 8.03692617e-08  0.00000000e+00  1.19999988e+00 -4.60717399e-04 
 8.03874478e-08  0.00000000e+00  1.19999988e+00 -3.99356011e-04 
 8.04052707e-08  0.00000000e+00  1.19999988e+00 -3.44911211e-04 
 8.04220057e-08  0.00000000e+00  1.19999988e+00 -3.86835121e-04 
 8.04395775e-08  0.00000000e+00  1.19999988e+00 -4.51619577e-04 
 8.04564639e-08  0.00000000e+00  1.19999988e+00 -4.43082414e-04 
 8.04746229e-08  0.00000000e+00  1.19999988e+00 -4.24184514e-04 
 8.04930666e-08  0.00000000e+00  1.19999988e+00 -3.31629655e-04 
 8.05108780e-08  0.00000000e+00  1.19999988e+00 -3.97418806e-04 
 8.05283105e-08  0.00000000e+00  1.19999988e+00 -4.38511283e-04 
 8.05459861e-08  0.00000000e+00  1.19999988e+00 -4.54984598e-04 
 8.05636903e-08  0.00000000e+00  1.19999988e+00 -4.13986023e-04 
 8.05826536e-08  0.00000000e+00  1.19999988e+00 -3.42407056e-04 
 8.06001046e-08  0.00000000e+00  1.19999988e+00 -3.85615420e-04 
 8.06177782e-08  0.00000000e+00  1.19999988e+00 -4.49408087e-04 
 8.06353701e-08  0.00000000e+00  1.19999988e+00 -4.43715860e-04 
 8.06531849e-08  0.00000000e+00  1.19999988e+00 -4.24961016e-04 
 8.06721166e-08  0.00000000e+00  1.19999988e+00 -3.31756907e-04 
 8.06896496e-08  0.00000000e+00  1.19999988e+00 -3.96602644e-04 
 8.07073003e-08  0.00000000e+00  1.19999988e+00 -4.39033158e-04 
 8.07248946e-08  0.00000000e+00  1.19999988e+00 -4.53475984e-04 
 8.07427643e-08  0.00000000e+00  1.19999988e+00 -4.15136881e-04 
 8.07616511e-08  0.00000000e+00  1.19999988e+00 -3.41094364e-04 
 8.07793052e-08  0.00000000e+00  1.19999988e+00 -3.88452195e-04 
 8.07968869e-08  0.00000000e+00  1.19999988e+00 -4.47833957e-04 
 8.08144992e-08  0.00000000e+00  1.19999988e+00 -4.44531279e-04 
 8.08324313e-08  0.00000000e+00  1.19999988e+00 -4.23405531e-04 
 8.08512499e-08  0.00000000e+00  1.19999988e+00 -3.32286758e-04 
 8.08690656e-08  0.00000000e+00  1.19999988e+00 -3.98551329e-04 
 8.08865454e-08  0.00000000e+00  1.19999988e+00 -4.39107792e-04 
 8.09041880e-08  0.00000000e+00  1.19999988e+00 -4.52861145e-04 
 8.09221988e-08  0.00000000e+00  1.19999988e+00 -4.14424480e-04 
 8.09409246e-08  0.00000000e+00  1.19999988e+00 -3.39988532e-04 
 8.09589483e-08  0.00000000e+00  1.19999988e+00 -3.92995971e-04 
 8.09762941e-08  0.00000000e+00  1.19999988e+00 -4.46134707e-04 
 8.09939831e-08  0.00000000e+00  1.19999988e+00 -4.45826709e-04 
 8.10120973e-08  0.00000000e+00  1.19999988e+00 -4.20111115e-04 
 8.10307047e-08  0.00000000e+00  1.19999988e+00 -3.32713551e-04 
 8.10489947e-08  0.00000000e+00  1.19999988e+00 -4.02881559e-04 
 8.10661715e-08  0.00000000e+00  1.19999988e+00 -4.38484054e-04 
 8.10839290e-08  0.00000000e+00  1.19999988e+00 -4.53316724e-04 
 8.11021881e-08  0.00000000e+00  1.19999988e+00 -4.10857582e-04 
 8.11206490e-08  0.00000000e+00  1.19999988e+00 -3.39314715e-04 
 8.11392869e-08  0.00000000e+00  1.19999988e+00 -4.00239074e-04 
 8.11562529e-08  0.00000000e+00  1.19999988e+00 -4.43775613e-04 
 8.11741130e-08  0.00000000e+00  1.19999988e+00 -4.48185261e-04 
 8.11925931e-08  0.00000000e+00  1.19999988e+00 -4.12794488e-04 
 8.12106154e-08  0.00000000e+00  1.19999988e+00 -3.33958276e-04 
 8.12273118e-08  0.00000000e+00  1.19999988e+00 -4.00467914e-04 
 8.12450064e-08  0.00000000e+00  1.19999988e+00 -4.38430160e-04 
 8.12618225e-08  0.00000000e+00  1.19999988e+00 -4.50870800e-04 
 8.12807221e-08  0.00000000e+00  1.19999988e+00 -4.14274335e-04 
 8.12988227e-08  0.00000000e+00  1.19999988e+00 -3.39910669e-04 
 8.13157665e-08  0.00000000e+00  1.19999988e+00 -3.90534170e-04 
 8.13335720e-08  0.00000000e+00  1.19999988e+00 -4.43833894e-04 
 8.13505681e-08  0.00000000e+00  1.19999988e+00 -4.43541137e-04 
 8.13691656e-08  0.00000000e+00  1.19999988e+00 -4.24698805e-04 
 8.13876777e-08  0.00000000e+00  1.19999988e+00 -3.34716507e-04 
 8.14061358e-08  0.00000000e+00  1.19999988e+00 -3.99471493e-04 
 8.14234469e-08  0.00000000e+00  1.19999988e+00 -4.38273729e-04 
 8.14412965e-08  0.00000000e+00  1.19999988e+00 -4.50168420e-04 
 8.14596634e-08  0.00000000e+00  1.19999988e+00 -4.15836313e-04 
 8.14781204e-08  0.00000000e+00  1.19999988e+00 -3.37992668e-04 
 8.14969460e-08  0.00000000e+00  1.19999988e+00 -4.01808964e-04 
 8.15138933e-08  0.00000000e+00  1.19999988e+00 -4.40782297e-04 
 8.15318526e-08  0.00000000e+00  1.19999988e+00 -4.48482197e-04 
 8.15505984e-08  0.00000000e+00  1.19999988e+00 -4.12724762e-04 
 8.15681742e-08  0.00000000e+00  1.19999988e+00 -3.35404070e-04 
 8.15846799e-08  0.00000000e+00  1.19999988e+00 -3.98390858e-04 
 8.16023672e-08  0.00000000e+00  1.19999988e+00 -4.38022679e-04 
 8.16190497e-08  0.00000000e+00  1.19999988e+00 -4.47579913e-04 
 8.16382112e-08  0.00000000e+00  1.19999988e+00 -4.18848762e-04 
 8.16561156e-08  0.00000000e+00  1.19999988e+00 -3.39489963e-04 
 8.16730045e-08  0.00000000e+00  1.19999988e+00 -3.89953259e-04 
 8.16909092e-08  0.00000000e+00  1.19999988e+00 -4.41277973e-04 
 8.17078696e-08  0.00000000e+00  1.19999988e+00 -4.42419116e-04 
 8.17266478e-08  0.00000000e+00  1.19999988e+00 -4.27003725e-04 
 8.17452518e-08  0.00000000e+00  1.19999988e+00 -3.35785202e-04 
 8.17638748e-08  0.00000000e+00  1.19999988e+00 -3.99228642e-04 
 8.17812604e-08  0.00000000e+00  1.19999988e+00 -4.37486071e-04 
 8.17991765e-08  0.00000000e+00  1.19999988e+00 -4.48568897e-04 
 8.18178706e-08  0.00000000e+00  1.19999988e+00 -4.16830383e-04 
 8.18357507e-08  0.00000000e+00  1.19999988e+00 -3.37555407e-04 
 8.18523961e-08  0.00000000e+00  1.19999988e+00 -3.94056894e-04 
 8.18701809e-08  0.00000000e+00  1.19999988e+00 -4.39250698e-04 
 8.18870001e-08  0.00000000e+00  1.19999988e+00 -4.43588913e-04 
 8.19061845e-08  0.00000000e+00  1.19999988e+00 -4.24235806e-04 
 8.19240321e-08  0.00000000e+00  1.19999988e+00 -3.37577032e-04 
 8.19409318e-08  0.00000000e+00  1.19999988e+00 -3.91170863e-04 
 8.19588952e-08  0.00000000e+00  1.19999988e+00 -4.37927092e-04 
 8.19758747e-08  0.00000000e+00  1.19999988e+00 -4.43118096e-04 
 8.19947878e-08  0.00000000e+00  1.19999988e+00 -4.27083428e-04 
 8.20131276e-08  0.00000000e+00  1.19999988e+00 -3.38610511e-04 
 8.20320279e-08  0.00000000e+00  1.19999988e+00 -3.97099607e-04 
 8.20493128e-08  0.00000000e+00  1.19999988e+00 -4.38400612e-04 
 8.20673414e-08  0.00000000e+00  1.19999988e+00 -4.45821346e-04 
 8.20861486e-08  0.00000000e+00  1.19999988e+00 -4.20092117e-04 
 8.21037772e-08  0.00000000e+00  1.19999988e+00 -3.35894575e-04 
 8.21203199e-08  0.00000000e+00  1.19999988e+00 -3.95109894e-04 
 8.21381080e-08  0.00000000e+00  1.19999988e+00 -4.36301786e-04 
 8.21548583e-08  0.00000000e+00  1.19999988e+00 -4.43882513e-04 
 8.21742123e-08  0.00000000e+00  1.19999988e+00 -4.24772578e-04 
 8.21918324e-08  0.00000000e+00  1.19999988e+00 -3.40272102e-04 
 8.22086825e-08  0.00000000e+00  1.19999988e+00 -3.87701179e-04 
 8.22267209e-08  0.00000000e+00  1.19999988e+00 -4.38597790e-04 
 8.22436709e-08  0.00000000e+00  1.19999988e+00 -4.39785241e-04 
 8.22626778e-08  0.00000000e+00  1.19999988e+00 -4.31406732e-04 
 8.22808999e-08  0.00000000e+00  1.19999988e+00 -3.37990790e-04 
 8.22999325e-08  0.00000000e+00  1.19999988e+00 -3.97575376e-04 
 8.23172523e-08  0.00000000e+00  1.19999988e+00 -4.36051005e-04 
 8.23353533e-08  0.00000000e+00  1.19999988e+00 -4.46281977e-04 
 8.23542598e-08  0.00000000e+00  1.19999988e+00 -4.20426903e-04 
 8.23717599e-08  0.00000000e+00  1.19999988e+00 -3.37374102e-04 
 8.23882565e-08  0.00000000e+00  1.19999988e+00 -3.93295877e-04 
 8.24060701e-08  0.00000000e+00  1.19999988e+00 -4.36412656e-04 
 8.24227907e-08  0.00000000e+00  1.19999988e+00 -4.41579937e-04 
 8.24401970e-08  0.00000000e+00  1.19999988e+00 -4.34797654e-04 
 8.24586296e-08  0.00000000e+00  1.19999988e+00 -3.41712446e-04 
 8.24775939e-08  0.00000000e+00  1.19999988e+00 -3.90652814e-04 
 8.24948236e-08  0.00000000e+00  1.19999988e+00 -4.37900277e-04 
 8.25133432e-08  0.00000000e+00  1.19999988e+00 -4.42015449e-04 
 8.25317145e-08  0.00000000e+00  1.19999988e+00 -4.28678537e-04 
 8.25498904e-08  0.00000000e+00  1.19999988e+00 -3.35558672e-04 
 8.25667319e-08  0.00000000e+00  1.19999988e+00 -3.93846664e-04 
 8.25846396e-08  0.00000000e+00  1.19999988e+00 -4.34360738e-04 
 8.26017094e-08  0.00000000e+00  1.19999988e+00 -4.43148580e-04 
 8.26210778e-08  0.00000000e+00  1.19999988e+00 -4.26391496e-04 
 8.26386218e-08  0.00000000e+00  1.19999988e+00 -3.40808412e-04 
 8.26554081e-08  0.00000000e+00  1.19999988e+00 -3.87246216e-04 
 8.26734995e-08  0.00000000e+00  1.19999988e+00 -4.37343218e-04 
 8.26904149e-08  0.00000000e+00  1.19999988e+00 -4.38343690e-04 
 8.27096941e-08  0.00000000e+00  1.19999988e+00 -4.32910629e-04 
 8.27274958e-08  0.00000000e+00  1.19999988e+00 -3.38942403e-04 
 8.27446139e-08  0.00000000e+00  1.19999988e+00 -3.88960302e-04 
 8.27627905e-08  0.00000000e+00  1.19999988e+00 -4.34710894e-04 
 8.27799455e-08  0.00000000e+00  1.19999988e+00 -4.40685976e-04 
 8.27991527e-08  0.00000000e+00  1.19999988e+00 -4.30799680e-04 
 8.28169982e-08  0.00000000e+00  1.19999988e+00 -3.40403873e-04 
 8.28340667e-08  0.00000000e+00  1.19999988e+00 -3.87838608e-04 
 8.28522279e-08  0.00000000e+00  1.19999988e+00 -4.36057079e-04 
 8.28693503e-08  0.00000000e+00  1.19999988e+00 -4.39017730e-04 
 8.28886902e-08  0.00000000e+00  1.19999988e+00 -4.32032084e-04 
 8.29063472e-08  0.00000000e+00  1.19999988e+00 -3.39083444e-04 
 8.29232928e-08  0.00000000e+00  1.19999988e+00 -3.88853426e-04 
 8.29414688e-08  0.00000000e+00  1.19999988e+00 -4.34336776e-04 
 8.29584925e-08  0.00000000e+00  1.19999988e+00 -4.39701615e-04 
 8.29779083e-08  0.00000000e+00  1.19999988e+00 -4.31709794e-04 
 8.29955023e-08  0.00000000e+00  1.19999988e+00 -3.40879422e-04 
 8.30124765e-08  0.00000000e+00  1.19999988e+00 -3.86923696e-04 
 8.30306958e-08  0.00000000e+00  1.19999988e+00 -4.35217463e-04 
 8.30477337e-08  0.00000000e+00  1.19999988e+00 -4.38155846e-04 
 8.30671612e-08  0.00000000e+00  1.19999988e+00 -4.33515077e-04 
 8.30847524e-08  0.00000000e+00  1.19999988e+00 -3.40109283e-04 
 8.31017509e-08  0.00000000e+00  1.19999988e+00 -3.87637454e-04 
 8.31199957e-08  0.00000000e+00  1.19999988e+00 -4.34045293e-04 
 8.31370496e-08  0.00000000e+00  1.19999988e+00 -4.38740301e-04 
 8.31565236e-08  0.00000000e+00  1.19999988e+00 -4.33024979e-04 
 8.31740574e-08  0.00000000e+00  1.19999988e+00 -3.40934895e-04 
 8.31910245e-08  0.00000000e+00  1.19999988e+00 -3.86838841e-04 
 8.32092867e-08  0.00000000e+00  1.19999988e+00 -4.34314742e-04 
 8.32263144e-08  0.00000000e+00  1.19999988e+00 -4.37898392e-04 
 8.32437799e-08  0.00000000e+00  1.19999988e+00 -4.40709604e-04 
 8.32622392e-08  0.00000000e+00  1.19999988e+00 -3.43154605e-04 
 8.32812522e-08  0.00000000e+00  1.19999988e+00 -3.89218395e-04 
 8.32987238e-08  0.00000000e+00  1.19999988e+00 -4.35324340e-04 
 8.33173074e-08  0.00000000e+00  1.19999988e+00 -4.40373228e-04 
 8.33361291e-08  0.00000000e+00  1.19999988e+00 -4.30952538e-04 
 8.33537912e-08  0.00000000e+00  1.19999988e+00 -3.36084139e-04 
 8.33704065e-08  0.00000000e+00  1.19999988e+00 -3.92946375e-04 
 8.33884019e-08  0.00000000e+00  1.19999988e+00 -4.31447087e-04 
 8.34052593e-08  0.00000000e+00  1.19999988e+00 -4.40740873e-04 
 8.34221969e-08  0.00000000e+00  1.19999988e+00 -4.39479508e-04 
 8.34405251e-08  0.00000000e+00  1.19999988e+00 -3.46971324e-04 
 8.34594822e-08  0.00000000e+00  1.19999988e+00 -3.84459987e-04 
 8.34768723e-08  0.00000000e+00  1.19999988e+00 -4.37596444e-04 
 8.34955981e-08  0.00000000e+00  1.19999988e+00 -4.36711560e-04 
 8.35141826e-08  0.00000000e+00  1.19999988e+00 -4.36300572e-04 
 8.35321108e-08  0.00000000e+00  1.19999988e+00 -3.34322249e-04 
 8.35489017e-08  0.00000000e+00  1.19999988e+00 -3.94007273e-04 
 8.35669605e-08  0.00000000e+00  1.19999988e+00 -4.29327144e-04 
 8.35839956e-08  0.00000000e+00  1.19999988e+00 -4.42546553e-04 
 8.36010395e-08  0.00000000e+00  1.19999988e+00 -4.37517689e-04 
 8.36193808e-08  0.00000000e+00  1.19999988e+00 -3.48038886e-04 
 8.36383798e-08  0.00000000e+00  1.19999988e+00 -3.84000941e-04 
 8.36557467e-08  0.00000000e+00  1.19999988e+00 -4.38852843e-04 
 8.36744274e-08  0.00000000e+00  1.19999988e+00 -4.35588008e-04 
 8.36931507e-08  0.00000000e+00  1.19999988e+00 -4.36818972e-04 
 8.37108908e-08  0.00000000e+00  1.19999988e+00 -3.32924944e-04 
 8.37275569e-08  0.00000000e+00  1.19999988e+00 -3.95332236e-04 
 8.37456100e-08  0.00000000e+00  1.19999988e+00 -4.27754520e-04 
 8.37625360e-08  0.00000000e+00  1.19999988e+00 -4.43402467e-04 
 8.37794992e-08  0.00000000e+00  1.19999988e+00 -4.37233344e-04 
 8.37978349e-08  0.00000000e+00  1.19999988e+00 -3.50233426e-04 
 8.38167647e-08  0.00000000e+00  1.19999988e+00 -3.81163570e-04 
 8.38342188e-08  0.00000000e+00  1.19999988e+00 -4.40058332e-04 
 8.38529261e-08  0.00000000e+00  1.19999988e+00 -4.33628123e-04 
 8.38716013e-08  0.00000000e+00  1.19999988e+00 -4.39405780e-04 
 8.38894442e-08  0.00000000e+00  1.19999988e+00 -3.31822757e-04 
 8.39061944e-08  0.00000000e+00  1.19999988e+00 -3.96287834e-04 
 8.39242811e-08  0.00000000e+00  1.19999988e+00 -4.26447212e-04 
 8.39412717e-08  0.00000000e+00  1.19999988e+00 -4.44482740e-04 
 8.39582225e-08  0.00000000e+00  1.19999988e+00 -4.36344954e-04 
 8.39765521e-08  0.00000000e+00  1.19999988e+00 -3.51063713e-04 
 8.39954977e-08  0.00000000e+00  1.19999988e+00 -3.80535833e-04 
 8.40129324e-08  0.00000000e+00  1.19999988e+00 -4.40755534e-04 
 8.40316311e-08  0.00000000e+00  1.19999988e+00 -4.32765212e-04 
 8.40503634e-08  0.00000000e+00  1.19999988e+00 -4.40154636e-04 
 8.40681267e-08  0.00000000e+00  1.19999988e+00 -3.31077133e-04 
 8.40848267e-08  0.00000000e+00  1.19999988e+00 -3.96889026e-04 
 8.41029210e-08  0.00000000e+00  1.19999988e+00 -4.25517547e-04 
 8.41198682e-08  0.00000000e+00  1.19999988e+00 -4.44896385e-04 
 8.41367769e-08  0.00000000e+00  1.19999988e+00 -4.36301150e-04 
 8.41551036e-08  0.00000000e+00  1.19999988e+00 -3.52259572e-04 
 8.41739901e-08  0.00000000e+00  1.19999988e+00 -3.78919439e-04 
 8.41914877e-08  0.00000000e+00  1.19999988e+00 -4.41320960e-04 
 8.42101868e-08  0.00000000e+00  1.19999988e+00 -4.31645326e-04 
 8.42289123e-08  0.00000000e+00  1.19999988e+00 -4.41638510e-04 
 8.42467163e-08  0.00000000e+00  1.19999988e+00 -3.30566880e-04 
 8.42634686e-08  0.00000000e+00  1.19999988e+00 -3.97309683e-04 
 8.42815844e-08  0.00000000e+00  1.19999988e+00 -4.24808332e-04 
 8.42985642e-08  0.00000000e+00  1.19999988e+00 -4.45358120e-04 
 8.43154520e-08  0.00000000e+00  1.19999988e+00 -4.36062790e-04 
 8.43337727e-08  0.00000000e+00  1.19999988e+00 -3.52730169e-04 
 8.43526563e-08  0.00000000e+00  1.19999988e+00 -3.78469260e-04 
 8.43701539e-08  0.00000000e+00  1.19999987e+00 -4.41580159e-04 
 8.43888460e-08  0.00000000e+00  1.19999988e+00 -4.31137815e-04 
 8.44076082e-08  0.00000000e+00  1.19999988e+00 -4.42171239e-04 
 8.44253684e-08  0.00000000e+00  1.19999986e+00 -3.30276973e-04 
 8.44420996e-08  0.00000000e+00  1.19999989e+00 -3.97470321e-04 
 8.44602265e-08  0.00000000e+00  1.19999989e+00 -4.24344390e-04 
 8.44771843e-08  0.00000000e+00  1.19999990e+00 -4.45423679e-04 
 8.44940403e-08  0.00000000e+00  1.20000002e+00 -4.36291525e-04 
 8.45123580e-08  0.00000000e+00  1.19999944e+00 -3.53341948e-04 
 8.45312010e-08  0.00000000e+00  1.19999951e+00 -3.77567402e-04 
 8.45487430e-08  0.00000000e+00  1.19999995e+00 -4.41730897e-04 
 8.45674318e-08  0.00000000e+00  1.20000159e+00 -4.30554985e-04 
 8.45861994e-08  0.00000000e+00  1.20000858e+00 -4.43010461e-04 
 8.46039760e-08  0.00000000e+00  1.19999389e+00 -3.30132129e-04 
 8.46207388e-08  0.00000000e+00  1.19996760e+00 -3.97512431e-04 
 8.46388830e-08  0.00000000e+00  1.19994840e+00 -4.24025318e-04 
 8.46558567e-08  0.00000000e+00  1.19999607e+00 -4.45526140e-04 
 8.46726902e-08  0.00000000e+00  1.20037728e+00 -4.36683388e-04 
 8.46910033e-08  0.00000000e+00  1.20060821e+00 -3.53498903e-04 
 8.47098347e-08  0.00000000e+00  1.19946073e+00 -3.76685462e-04 
 8.47273870e-08  0.00000000e+00  1.19634298e+00 -4.40086024e-04 
 8.47460688e-08  0.00000000e+00  1.19331717e+00 -4.29510879e-04 
 8.47648629e-08  0.00000000e+00  1.20952603e+00 -4.54875247e-04 
 8.47826134e-08  0.00000000e+00  1.24522547e+00 -3.43922214e-04 
 8.47987617e-08  0.00000000e+00  1.25263169e+00 -3.87202431e-04 
 8.48143517e-08  0.00000000e+00  1.17585930e+00 -3.86602903e-04 
 8.48307767e-08  0.00000000e+00  1.00443838e+00 -3.76557968e-04 
 8.48456133e-08  0.00000000e+00  8.14267951e-01 -3.68756982e-04 
 8.48622719e-08  0.00000000e+00  5.98253260e-01 -3.47139426e-04 
 8.48796998e-08  0.00000000e+00  3.90228341e-01 -2.85501777e-04 
 8.48969447e-08  0.00000000e+00  2.23391856e-01 -3.57940110e-04 
 8.49146426e-08  0.00000000e+00  1.09217806e-01 -3.33362728e-04 
 8.49319195e-08  0.00000000e+00  4.92067395e-02 -3.68560515e-04 
 8.49477512e-08  0.00000000e+00  2.29150416e-02 -3.29427473e-04 
 8.49657113e-08  0.00000000e+00  9.33847540e-03 -2.87450954e-04 
 8.49826178e-08  0.00000000e+00  4.02919046e-03 -3.19037875e-04 
 8.49999456e-08  0.00000000e+00  1.68517260e-03 -3.47832722e-04 
 8.50169761e-08  0.00000000e+00  7.28075866e-04 -3.40419312e-04 
 8.50318057e-08  0.00000000e+00  3.43763451e-04 -3.56384347e-04 
 8.50499644e-08  0.00000000e+00  1.45087303e-04 -2.78815929e-04 
 8.50681395e-08  0.00000000e+00  5.14257242e-05 -3.17640740e-04 
 8.50848806e-08  0.00000000e+00  2.92520251e-05 -3.39245550e-04 
 8.51032290e-08  0.00000000e+00  5.20063490e-06 -3.45220414e-04 
 8.51222223e-08  0.00000000e+00  8.27398663e-06 -3.44565303e-04 
 8.51395169e-08  0.00000000e+00 -2.72633678e-06 -2.89645296e-04 
 8.51561573e-08  0.00000000e+00  4.99512114e-06 -3.04083188e-04 
 8.51743222e-08  0.00000000e+00 -3.79579501e-06 -3.48044967e-04 
 8.51912371e-08  0.00000000e+00  4.20501202e-06 -3.35211763e-04 
 8.52083987e-08  0.00000000e+00 -3.80234797e-06 -3.57130381e-04 
 8.52267985e-08  0.00000000e+00  3.90023179e-06 -2.88088049e-04 
 8.52454747e-08  0.00000000e+00 -3.65391474e-06 -3.08430365e-04 
 8.52633596e-08  0.00000000e+00  3.69409970e-06 -3.43397800e-04 
 8.52819767e-08  0.00000000e+00 -3.47586440e-06 -3.41123836e-04 
 8.53008177e-08  0.00000000e+00  3.51616911e-06 -3.49070996e-04 
 8.53186641e-08  0.00000000e+00 -3.30252346e-06 -2.83923274e-04 
 8.53354993e-08  0.00000000e+00  3.33621941e-06 -3.10670668e-04 
 8.53536736e-08  0.00000000e+00 -3.12934427e-06 -3.43609696e-04 
 8.53706713e-08  0.00000000e+00  3.16853747e-06 -3.40229588e-04 
 8.53874035e-08  0.00000000e+00 -2.95947372e-06 -3.53099750e-04 
 8.54056953e-08  0.00000000e+00  3.00903941e-06 -2.90822348e-04 
 8.54245551e-08  0.00000000e+00 -2.81335629e-06 -3.06408704e-04 
 8.54420479e-08  0.00000000e+00  2.86352421e-06 -3.46640481e-04 
 8.54607561e-08  0.00000000e+00 -2.67092212e-06 -3.37908621e-04 
 8.54795756e-08  0.00000000e+00  2.72989757e-06 -3.52273022e-04 
 8.54972705e-08  0.00000000e+00 -2.53700051e-06 -2.80914446e-04 
 8.55140118e-08  0.00000000e+00  2.59173941e-06 -3.13313428e-04 
 8.55321650e-08  0.00000000e+00 -2.40411180e-06 -3.40489488e-04 
 8.55491140e-08  0.00000000e+00  2.46343272e-06 -3.42848365e-04 
 8.55658847e-08  0.00000000e+00 -2.27428668e-06 -3.50508899e-04 
 8.55841885e-08  0.00000000e+00  2.34177434e-06 -2.94357094e-04 
 8.56029552e-08  0.00000000e+00 -2.16242507e-06 -3.02558802e-04 
 8.56205827e-08  0.00000000e+00  2.23076717e-06 -3.49486727e-04 
 8.56392708e-08  0.00000000e+00 -2.05397948e-06 -3.34749601e-04 
 8.56580805e-08  0.00000000e+00  2.12857778e-06 -3.55570250e-04 
 8.56758504e-08  0.00000000e+00 -1.95184172e-06 -2.78283043e-04 
 8.56926692e-08  0.00000000e+00  2.02345794e-06 -3.15961262e-04 
 8.57108495e-08  0.00000000e+00 -1.85059307e-06 -3.37779395e-04 
 8.57278430e-08  0.00000000e+00  1.92558055e-06 -3.45436401e-04 
 8.57445946e-08  0.00000000e+00 -1.75142541e-06 -3.48130682e-04 
 8.57628924e-08  0.00000000e+00  1.83250291e-06 -2.96600604e-04 
 8.57816776e-08  0.00000000e+00 -1.66593739e-06 -3.00436845e-04 
 8.57992756e-08  0.00000000e+00  1.74760343e-06 -3.51704822e-04 
 8.58179528e-08  0.00000000e+00 -1.58293539e-06 -3.32472889e-04 
 8.58368054e-08  0.00000000e+00  1.66953863e-06 -3.57835659e-04 
 8.58545115e-08  0.00000000e+00 -1.50479160e-06 -2.76077536e-04 
 8.58713001e-08  0.00000000e+00  1.58895255e-06 -3.18065770e-04 
 8.58894806e-08  0.00000000e+00 -1.42731293e-06 -3.35560673e-04 
 8.59064419e-08  0.00000000e+00  1.51404889e-06 -3.47388082e-04 
 8.59231669e-08  0.00000000e+00 -1.35136580e-06 -3.46328325e-04 
 8.59414620e-08  0.00000000e+00  1.44282318e-06 -2.98914960e-04 
 8.59602059e-08  0.00000000e+00 -1.28593470e-06 -2.97982773e-04 
 8.59778527e-08  0.00000000e+00  1.37793449e-06 -3.53622591e-04 
 8.59965255e-08  0.00000000e+00 -1.22255881e-06 -3.30332165e-04 
 8.60153733e-08  0.00000000e+00  1.31822981e-06 -3.60079435e-04 
 8.60331089e-08  0.00000000e+00 -1.16285122e-06 -2.74294696e-04 
 8.60499378e-08  0.00000000e+00  1.25673049e-06 -3.19822537e-04 
 8.60681348e-08  0.00000000e+00 -1.10370007e-06 -3.33697801e-04 
 8.60851173e-08  0.00000000e+00  1.19950448e-06 -3.49104938e-04 
 8.61018293e-08  0.00000000e+00 -1.04562696e-06 -3.44767818e-04 
 8.61201213e-08  0.00000000e+00  1.14499828e-06 -3.00540669e-04 
 8.61388640e-08  0.00000000e+00 -9.95574133e-07 -2.96378567e-04 
 8.61565093e-08  0.00000000e+00  1.09535957e-06 -3.55145321e-04 
 8.61751714e-08  0.00000000e+00 -9.47080770e-07 -3.28707299e-04 
 8.61940473e-08  0.00000000e+00  1.04970710e-06 -3.61732326e-04 
 8.62117500e-08  0.00000000e+00 -9.01395715e-07 -2.72791367e-04 
 8.62285706e-08  0.00000000e+00  1.00260450e-06 -3.21260290e-04 
 8.62467726e-08  0.00000000e+00 -8.56138867e-07 -3.32156170e-04 
 8.62637395e-08  0.00000000e+00  9.58809034e-07 -3.50448489e-04 
 8.62804302e-08  0.00000000e+00 -8.11661422e-07 -3.43556447e-04 
 8.62987196e-08  0.00000000e+00  9.17076942e-07 -3.02102049e-04 
 8.63174360e-08  0.00000000e+00 -7.73338563e-07 -2.94725854e-04 
 8.63351120e-08  0.00000000e+00  8.79105325e-07 -3.56442063e-04 
 8.63537680e-08  0.00000000e+00 -7.36262701e-07 -3.27236960e-04 
 8.63726485e-08  0.00000000e+00  8.44171308e-07 -3.63282133e-04 
 8.63903610e-08  0.00000000e+00 -7.01318664e-07 -2.71569235e-04 
 8.64072053e-08  0.00000000e+00  8.08161258e-07 -3.22452624e-04 
 8.64254194e-08  0.00000000e+00 -6.66720393e-07 -3.30864049e-04 
 8.64423952e-08  0.00000000e+00  7.74661955e-07 -3.51603443e-04 
 8.64590720e-08  0.00000000e+00 -6.32673164e-07 -3.42532687e-04 
 8.64773589e-08  0.00000000e+00  7.42703199e-07 -3.03265743e-04 
 8.64960673e-08  0.00000000e+00 -6.03331493e-07 -2.93541574e-04 
 8.65137509e-08  0.00000000e+00  7.13637121e-07 -3.57484875e-04 
 8.65323977e-08  0.00000000e+00 -5.74949749e-07 -3.26078882e-04 
 8.65512976e-08  0.00000000e+00  6.86900517e-07 -3.64485652e-04 
 8.65689916e-08  0.00000000e+00 -5.48197089e-07 -2.70544950e-04 
 8.65858371e-08  0.00000000e+00  6.59317902e-07 -3.23428888e-04 
 8.66040579e-08  0.00000000e+00 -5.21713401e-07 -3.29790304e-04 
 8.66210258e-08  0.00000000e+00  6.33666752e-07 -3.52520738e-04 
 8.66376855e-08  0.00000000e+00 -4.95624195e-07 -3.41731184e-04 
 8.66559701e-08  0.00000000e+00  6.09180327e-07 -3.04334033e-04 
 8.66746594e-08  0.00000000e+00 -4.73143449e-07 -2.92401320e-04 
 8.66923652e-08  0.00000000e+00  5.86924966e-07 -3.58363482e-04 
 8.67110049e-08  0.00000000e+00 -4.51418395e-07 -3.25055386e-04 
 8.67299134e-08  0.00000000e+00  5.66448737e-07 -3.65577215e-04 
 8.67476085e-08  0.00000000e+00 -4.30933628e-07 -2.69707599e-04 
 8.67644698e-08  0.00000000e+00  5.45332203e-07 -3.24236309e-04 
 8.67827004e-08  0.00000000e+00 -4.10662212e-07 -3.28889447e-04 
 8.67996715e-08  0.00000000e+00  5.25688746e-07 -3.53299028e-04 
 8.68163176e-08  0.00000000e+00 -3.90668958e-07 -3.41065405e-04 
 8.68346001e-08  0.00000000e+00  5.06919439e-07 -3.05162571e-04 
 8.68532793e-08  0.00000000e+00 -3.73439175e-07 -2.91533989e-04 
 8.68709959e-08  0.00000000e+00  4.89867532e-07 -3.59075712e-04 
 8.68896272e-08  0.00000000e+00 -3.56793789e-07 -3.24229067e-04 
 8.69085507e-08  0.00000000e+00  4.74178792e-07 -3.66454775e-04 
 8.69262340e-08  0.00000000e+00 -3.41095938e-07 -2.69009036e-04 
 8.69431004e-08  0.00000000e+00  4.57992058e-07 -3.24897313e-04 
 8.69613382e-08  0.00000000e+00 -3.25564190e-07 -3.28138450e-04 
 8.69783047e-08  0.00000000e+00  4.42935859e-07 -3.53922714e-04 
 8.69949364e-08  0.00000000e+00 -3.10229584e-07 -3.40543027e-04 
 8.70132169e-08  0.00000000e+00  4.28539955e-07 -3.05901758e-04 
 8.70318812e-08  0.00000000e+00 -2.97014693e-07 -2.90732917e-04 
 8.70496152e-08  0.00000000e+00  4.15467724e-07 -3.59671465e-04 
 8.70682392e-08  0.00000000e+00 -2.84256089e-07 -3.23508872e-04 
 8.70871724e-08  0.00000000e+00  4.03438100e-07 -3.67235404e-04 
 8.71048532e-08  0.00000000e+00 -2.72220189e-07 -2.68435820e-04 
 8.71217312e-08  0.00000000e+00  3.91027545e-07 -3.25442584e-04 
 8.71399774e-08  0.00000000e+00 -2.60314483e-07 -3.27507618e-04 
 8.71569444e-08  0.00000000e+00  3.79481290e-07 -3.54446211e-04 
 8.71735637e-08  0.00000000e+00 -2.48546833e-07 -3.40116657e-04 
 8.71918424e-08  0.00000000e+00  3.68432218e-07 -3.06491532e-04 
 8.72104961e-08  0.00000000e+00 -2.38404720e-07 -2.90096925e-04 
 8.72282418e-08  0.00000000e+00  3.58402565e-07 -3.60156938e-04 
 8.72468582e-08  0.00000000e+00 -2.28615756e-07 -3.22916324e-04 
 8.72658036e-08  0.00000000e+00  3.49171721e-07 -3.67879650e-04 
 8.72834762e-08  0.00000000e+00 -2.19379096e-07 -2.67958989e-04 
 8.73003606e-08  0.00000000e+00  3.39645480e-07 -3.25888491e-04 
 8.73186137e-08  0.00000000e+00 -2.10243390e-07 -3.26979697e-04 
 8.73355777e-08  0.00000000e+00  3.30782100e-07 -3.54868234e-04 
 8.73521846e-08  0.00000000e+00 -2.01204210e-07 -3.39783580e-04 
 8.73704616e-08  0.00000000e+00  3.22294297e-07 -3.07008388e-04 
 8.73891030e-08  0.00000000e+00 -1.93413006e-07 -2.89523966e-04 
 8.74068632e-08  0.00000000e+00  3.14592190e-07 -3.60561076e-04 
 8.74254723e-08  0.00000000e+00 -1.85896147e-07 -3.22403408e-04 
 8.74444274e-08  0.00000000e+00  3.07501814e-07 -3.68447314e-04 
 8.74620961e-08  0.00000000e+00 -1.78801152e-07 -2.67566587e-04 
 8.74789898e-08  0.00000000e+00  3.00183749e-07 -3.26255250e-04 
 8.74972502e-08  0.00000000e+00 -1.71784445e-07 -3.26535196e-04 
 8.75142136e-08  0.00000000e+00  2.93373253e-07 -3.55219572e-04 
 8.75308092e-08  0.00000000e+00 -1.64834363e-07 -3.39516809e-04 
 8.75490847e-08  0.00000000e+00  2.86846086e-07 -3.07429609e-04 
 8.75677161e-08  0.00000000e+00 -1.58842780e-07 -2.89054490e-04 
 8.75854877e-08  0.00000000e+00  2.80924439e-07 -3.60891717e-04 
 8.76040897e-08  0.00000000e+00 -1.53063372e-07 -3.21974886e-04 
 8.76230553e-08  0.00000000e+00  2.75471808e-07 -3.68925492e-04 
 8.76407176e-08  0.00000000e+00 -1.47606526e-07 -2.67240548e-04 
 8.76576180e-08  0.00000000e+00  2.69842264e-07 -3.26554818e-04 
 8.76758849e-08  0.00000000e+00 -1.42209971e-07 -3.26161464e-04 
 8.76928459e-08  0.00000000e+00  2.64602020e-07 -3.55503914e-04 
 8.77094308e-08  0.00000000e+00 -1.36858909e-07 -3.39310767e-04 
 8.77277048e-08  0.00000000e+00  2.59575892e-07 -3.07795190e-04 
 8.77463257e-08  0.00000000e+00 -1.32244873e-07 -2.88636926e-04 
 8.77641098e-08  0.00000000e+00  2.55016790e-07 -3.61166317e-04 
 8.77827048e-08  0.00000000e+00 -1.27795052e-07 -3.21604417e-04 
 8.78016796e-08  0.00000000e+00  2.50817334e-07 -3.69345877e-04 
 8.78193376e-08  0.00000000e+00 -1.23591970e-07 -2.66971373e-04 
 8.78362457e-08  0.00000000e+00  2.46480435e-07 -3.26800596e-04 
 8.78545193e-08  0.00000000e+00 -1.19435079e-07 -3.25845492e-04 
 8.78714790e-08  0.00000000e+00  2.42442069e-07 -3.55739293e-04 
 8.78880539e-08  0.00000000e+00 -1.15308605e-07 -3.39149487e-04 
 8.79063266e-08  0.00000000e+00  2.38565411e-07 -3.08098302e-04 
 8.79249382e-08  0.00000000e+00 -1.11749376e-07 -2.88286212e-04 
 8.79427331e-08  0.00000000e+00  2.35049087e-07 -3.61391936e-04 
 8.79613214e-08  0.00000000e+00 -1.08316994e-07 -3.21290576e-04 
 8.79803054e-08  0.00000000e+00  2.31808891e-07 -3.69706213e-04 
 8.79979581e-08  0.00000000e+00 -1.05073398e-07 -2.66747460e-04 
 8.80148727e-08  0.00000000e+00  2.28461189e-07 -3.27001234e-04 
 8.80331523e-08  0.00000000e+00 -1.01864973e-07 -3.25578145e-04 
 8.80501101e-08  0.00000000e+00  2.25342694e-07 -3.55930442e-04 
 8.80666754e-08  0.00000000e+00 -9.86762935e-08 -3.39027425e-04 
 8.80849469e-08  0.00000000e+00  2.22346380e-07 -3.08360595e-04 
 8.81035493e-08  0.00000000e+00 -9.59248736e-08 -2.87975467e-04 
 8.81213551e-08  0.00000000e+00  2.19628426e-07 -3.61579463e-04 
 8.81399369e-08  0.00000000e+00 -9.32713678e-08 -3.21018275e-04 
 8.81589294e-08  0.00000000e+00  2.17122573e-07 -3.70024037e-04 
 8.81765779e-08  0.00000000e+00 -9.07624207e-08 -2.66561670e-04 
 8.81934992e-08  0.00000000e+00  2.14532392e-07 -3.27165684e-04 
 8.82117847e-08  0.00000000e+00 -8.82799981e-08 -3.25350623e-04 
 8.82287410e-08  0.00000000e+00  2.12118222e-07 -3.56088285e-04 
 8.82452975e-08  0.00000000e+00 -8.58097635e-08 -3.38934803e-04 
 8.82635679e-08  0.00000000e+00  2.09796334e-07 -3.08581530e-04 
 8.82821619e-08  0.00000000e+00 -8.36771409e-08 -2.87708930e-04 
 8.82999776e-08  0.00000000e+00  2.07689701e-07 -3.61734533e-04 
 8.83185531e-08  0.00000000e+00 -8.16199658e-08 -3.20784322e-04 
 8.83375538e-08  0.00000000e+00  2.05746229e-07 -3.70300896e-04 
 8.83551978e-08  0.00000000e+00 -7.96735739e-08 -2.66406387e-04 
 8.83721251e-08  0.00000000e+00  2.03736086e-07 -3.27300139e-04 
 8.83904161e-08  0.00000000e+00 -7.77469445e-08 -3.25156395e-04 
 8.84073706e-08  0.00000000e+00  2.01861280e-07 -3.56217124e-04 
 8.84239188e-08  0.00000000e+00 -7.58271567e-08 -3.38867038e-04 
 8.84421880e-08  0.00000000e+00  2.00056161e-07 -3.08773300e-04 
 8.84607740e-08  0.00000000e+00 -7.41686497e-08 -2.87472043e-04 
 8.84785994e-08  0.00000000e+00  1.98417756e-07 -3.61864125e-04 
 8.84971688e-08  0.00000000e+00 -7.25682295e-08 -3.20579695e-04 
 8.85161772e-08  0.00000000e+00  1.96905064e-07 -3.70546951e-04 
 8.85338172e-08  0.00000000e+00 -7.10527392e-08 -2.66276416e-04 
 8.85507505e-08  0.00000000e+00  1.95339265e-07 -3.27410620e-04 
 8.85690468e-08  0.00000000e+00 -6.95517622e-08 -3.24989450e-04 
 8.85859998e-08  0.00000000e+00  1.93877661e-07 -3.56323780e-04 
 8.86025401e-08  0.00000000e+00 -6.80538449e-08 -3.38817975e-04 
 8.86208084e-08  0.00000000e+00  1.92468611e-07 -3.08937501e-04 
 8.86393869e-08  0.00000000e+00 -6.67586998e-08 -2.87264889e-04 
 8.86572213e-08  0.00000000e+00  1.91188927e-07 -3.61972475e-04 
 8.86757848e-08  0.00000000e+00 -6.55081881e-08 -3.20401149e-04 
 8.86948006e-08  0.00000000e+00  1.90006295e-07 -3.70764736e-04 
 8.87124366e-08  0.00000000e+00 -6.43228495e-08 -2.66166678e-04 
 8.87293754e-08  0.00000000e+00  1.88780959e-07 -3.27501512e-04 
 8.87476767e-08  0.00000000e+00 -6.31479146e-08 -3.24845152e-04 
 8.87646280e-08  0.00000000e+00  1.87635977e-07 -3.56411701e-04 
 8.87811609e-08  0.00000000e+00 -6.19733945e-08 -3.38784129e-04 
 8.87994283e-08  0.00000000e+00  1.86530549e-07 -3.09081293e-04 
 8.88179996e-08  0.00000000e+00 -6.09568192e-08 -2.87079235e-04 
 8.88358427e-08  0.00000000e+00  1.85525751e-07 -3.62064144e-04 
 8.88544005e-08  0.00000000e+00 -5.99744254e-08 -3.20243072e-04 
 8.88734233e-08  0.00000000e+00  1.84596126e-07 -3.70960408e-04 
 8.88910557e-08  0.00000000e+00 -5.90421424e-08 -2.66073471e-04 
 8.89079998e-08  0.00000000e+00  1.83631740e-07 -3.27576886e-04 
 8.89263059e-08  0.00000000e+00 -5.81170613e-08 -3.24719367e-04 
 8.89432557e-08  0.00000000e+00  1.82729427e-07 -3.56485249e-04 
 8.89597817e-08  0.00000000e+00 -5.71905477e-08 -3.38761552e-04 
 8.89780482e-08  0.00000000e+00  1.81856816e-07 -3.09206705e-04 
 8.89966129e-08  0.00000000e+00 -5.63875578e-08 -2.86913800e-04 
 8.90144641e-08  0.00000000e+00  1.81062803e-07 -3.62142203e-04 
 8.90330164e-08  0.00000000e+00 -5.56107332e-08 -3.20102732e-04 
 8.90520458e-08  0.00000000e+00  1.80327117e-07 -3.71136418e-04 
 8.90696746e-08  0.00000000e+00 -5.48724174e-08 -2.65993377e-04 
 8.90866237e-08  0.00000000e+00  1.79562806e-07 -3.27639817e-04 
 8.91049343e-08  0.00000000e+00 -5.41388796e-08 -3.24608824e-04 
 8.91218826e-08  0.00000000e+00  1.78846571e-07 -3.56547017e-04 
 8.91384021e-08  0.00000000e+00 -5.34025958e-08 -3.38747722e-04 
 8.91566679e-08  0.00000000e+00  1.78152568e-07 -3.09318108e-04 
 8.91752261e-08  0.00000000e+00 -5.27634413e-08 -2.86763717e-04 
 8.91930851e-08  0.00000000e+00  1.77520178e-07 -3.62209672e-04 
 8.92116322e-08  0.00000000e+00 -5.21442432e-08 -3.19976522e-04 
 8.92306678e-08  0.00000000e+00  1.76933235e-07 -3.71296655e-04 
 8.92482934e-08  0.00000000e+00 -5.15547352e-08 -2.65923796e-04 
 8.92652472e-08  0.00000000e+00  1.76322395e-07 -3.27693058e-04 
 8.92835621e-08  0.00000000e+00 -5.09680634e-08 -3.24510670e-04 
 8.93005090e-08  0.00000000e+00  1.75748890e-07 -3.56599843e-04 
 8.93170224e-08  0.00000000e+00 -5.03777477e-08 -3.38740080e-04 
 8.93352874e-08  0.00000000e+00  1.75191930e-07 -3.09417341e-04 
 8.93538396e-08  0.00000000e+00 -4.98643080e-08 -2.86627468e-04 
 8.93717059e-08  0.00000000e+00  1.74683554e-07 -3.62268723e-04 
 8.93902480e-08  0.00000000e+00 -4.93660656e-08 -3.19862317e-04 
 8.94092895e-08  0.00000000e+00  1.74210738e-07 -3.71443149e-04 
 8.94269119e-08  0.00000000e+00 -4.88907025e-08 -2.65862420e-04 
 8.94438703e-08  0.00000000e+00  1.73717665e-07 -3.27738745e-04 
 8.94621893e-08  0.00000000e+00 -4.84167206e-08 -3.24422607e-04 
 8.94791347e-08  0.00000000e+00  1.73253681e-07 -3.56645599e-04 
 8.94956423e-08  0.00000000e+00 -4.79384587e-08 -3.38736863e-04 
 8.95139067e-08  0.00000000e+00  1.72801957e-07 -3.09507164e-04 
 8.95324533e-08  0.00000000e+00 -4.75215381e-08 -2.86502051e-04 
 8.95503265e-08  0.00000000e+00  1.72388728e-07 -3.62321368e-04 
 8.95688637e-08  0.00000000e+00 -4.71161265e-08 -3.19757743e-04 
 8.95879109e-08  0.00000000e+00  1.72003533e-07 -3.71578441e-04 
 8.96055304e-08  0.00000000e+00 -4.67284109e-08 -2.65807445e-04 
 8.96224930e-08  0.00000000e+00  1.71600871e-07 -3.27778738e-04 
 8.96408158e-08  0.00000000e+00 -4.63409040e-08 -3.24342662e-04 
 8.96577598e-08  0.00000000e+00  1.71220987e-07 -3.56686149e-04 
 8.96742621e-08  0.00000000e+00 -4.59487236e-08 -3.38736411e-04 
 8.96925258e-08  0.00000000e+00  1.70850055e-07 -3.09589051e-04 
 8.97110671e-08  0.00000000e+00 -4.56059448e-08 -2.86386115e-04 
 8.97289469e-08  0.00000000e+00  1.70509936e-07 -3.62369115e-04 
 8.97474795e-08  0.00000000e+00 -4.52717988e-08 -3.19661217e-04 
 8.97665320e-08  0.00000000e+00  1.70192045e-07 -3.71704107e-04 
 8.97841486e-08  0.00000000e+00 -4.49514039e-08 -2.65757313e-04 
 8.98011152e-08  0.00000000e+00  1.69858818e-07 -3.27814502e-04 
 8.98194418e-08  0.00000000e+00 -4.46303445e-08 -3.24269231e-04 
 8.98363845e-08  0.00000000e+00  1.69543551e-07 -3.56722802e-04 
 8.98528817e-08  0.00000000e+00 -4.43042926e-08 -3.38737536e-04 
 8.98711448e-08  0.00000000e+00  1.69234721e-07 -3.09664787e-04 
 8.98896810e-08  0.00000000e+00 -4.40184848e-08 -2.86277733e-04 
 8.99075670e-08  0.00000000e+00  1.68950775e-07 -3.62413302e-04 
 8.99260952e-08  0.00000000e+00 -4.37391490e-08 -3.19571229e-04 
 8.99451527e-08  0.00000000e+00  1.68684600e-07 -3.71821685e-04 
 8.99627667e-08  0.00000000e+00 -4.34704904e-08 -2.65710890e-04 
 8.99813834e-08  0.00000000e+00  1.68417163e-07 -3.32841728e-04 
 8.99906917e-08  0.00000000e+00 -4.30897144e-08 -3.21319020e-04 
 9.00000000e-08  1.58818678e-13  1.67921180e-07 -3.58978206e-04 
 9.00018617e-08  2.23399703e-02  6.28275648e-08 -3.12385419e-04 
 9.00055850e-08  6.70199109e-02  6.22684176e-08 -3.10379332e-04 
 9.00130316e-08  1.56379792e-01  6.27980796e-08 -3.12078140e-04 
 9.00279250e-08  3.35099554e-01  6.22820042e-08 -3.26409814e-04 
 9.00419253e-08  5.03104007e-01  6.27891327e-08 -3.00896176e-04 
 9.00574596e-08  6.89514757e-01  6.22904653e-08 -2.66448738e-04 
 9.00750212e-08  9.00254703e-01  6.27817772e-08 -3.46803344e-04 
 9.00875106e-08  1.05012735e+00  6.22984946e-08 -3.75395123e-04 
 9.01000000e-08  1.20000000e+00  6.27726656e-08 -4.03882706e-04 
 9.01019887e-08  1.20000000e+00  6.25443065e-08 -4.20824654e-04 
 9.01059662e-08  1.20000000e+00  6.25320235e-08 -4.27374014e-04 
 9.01139210e-08  1.20000000e+00  6.25432743e-08 -4.22601243e-04 
 9.01270820e-08  1.20000000e+00  6.25325277e-08 -3.86578208e-04 
 9.01414568e-08  1.20000000e+00  6.25429125e-08 -3.47607422e-04 
 9.01563464e-08  1.20000000e+00  6.25328597e-08 -3.88326596e-04 
 9.01732697e-08  1.20000000e+00  6.25426334e-08 -4.31580386e-04 
 9.01894464e-08  1.20000000e+00  6.25331308e-08 -4.34568717e-04 
 9.02057571e-08  1.20000000e+00  6.25423657e-08 -4.36499656e-04 
 9.02235877e-08  1.20000000e+00  6.25333664e-08 -3.64953675e-04 
 9.02410786e-08  1.20000000e+00  6.25421396e-08 -3.70107028e-04 
 9.02580701e-08  1.20000000e+00  6.25336027e-08 -4.29537215e-04 
 9.02763290e-08  1.20000000e+00  6.25419149e-08 -4.32227332e-04 
 9.02935788e-08  1.20000000e+00  6.25338078e-08 -4.40910498e-04 
 9.03104425e-08  1.20000000e+00  6.25417026e-08 -3.75414972e-04 
 9.03282222e-08  1.20000000e+00  6.25340141e-08 -3.61818066e-04 
 9.03450012e-08  1.20000000e+00  6.25415067e-08 -4.25559345e-04 
 9.03629768e-08  1.20000000e+00  6.25342142e-08 -4.30610407e-04 
 9.03800564e-08  1.20000000e+00  6.25413220e-08 -4.45201063e-04 
 9.03962738e-08  1.20000000e+00  6.25343960e-08 -3.90847822e-04 
 9.04141957e-08  1.20000000e+00  6.25411234e-08 -3.53153171e-04 
 9.04311512e-08  1.20000000e+00  6.25345715e-08 -4.16604420e-04 
 9.04485361e-08  1.20000000e+00  6.25409671e-08 -4.31552187e-04 
 9.04655812e-08  1.20000000e+00  6.25347385e-08 -4.45180700e-04 
 9.04816660e-08  1.20000000e+00  6.25408005e-08 -4.08619589e-04 
 9.04991721e-08  1.20000000e+00  6.25348954e-08 -3.50167093e-04 
 9.05175381e-08  1.20000000e+00  6.25406526e-08 -4.05609729e-04 
 9.05340949e-08  1.20000000e+00  6.25350455e-08 -4.32637341e-04 
 9.05520546e-08  1.20000000e+00  6.25405077e-08 -4.42388662e-04 
 9.05685563e-08  1.20000000e+00  6.25351850e-08 -4.18120913e-04 
 9.05862718e-08  1.20000000e+00  6.25403636e-08 -3.52196394e-04 
 9.06029799e-08  1.20000000e+00  6.25353177e-08 -3.90573649e-04 
 9.06209129e-08  1.20000000e+00  6.25402424e-08 -4.32792366e-04 
 9.06384843e-08  1.20000000e+00  6.25354372e-08 -4.39195332e-04 
 9.06552605e-08  1.20000000e+00  6.25401182e-08 -4.27276628e-04 
 9.06731198e-08  1.20000000e+00  6.25355566e-08 -3.56614423e-04 
 9.06914121e-08  1.20000000e+00  6.25400169e-08 -3.85151240e-04 
 9.07083175e-08  1.20000000e+00  6.25356805e-08 -4.32954847e-04 
 9.07276794e-08  1.20000000e+00  6.25399055e-08 -4.37832563e-04 
 9.07453833e-08  1.20000000e+00  6.25357642e-08 -4.25873739e-04 
 9.07633945e-08  1.20000000e+00  6.25397977e-08 -3.53183758e-04 
 9.07818761e-08  1.20000000e+00  6.25358672e-08 -3.90881611e-04 
 9.07987436e-08  1.20000000e+00  6.25397008e-08 -4.32621583e-04 
 9.08179339e-08  1.20000000e+00  6.25359492e-08 -4.39849611e-04 
 9.08360802e-08  1.20000000e+00  6.25396280e-08 -4.20611952e-04 
 9.08537181e-08  1.20000000e+00  6.25360594e-08 -3.51966788e-04 
 9.08703236e-08  1.20000000e+00  6.25395341e-08 -3.88457344e-04 
 9.08881641e-08  1.20000000e+00  6.25361290e-08 -4.32412836e-04 
 9.09058539e-08  1.20000000e+00  6.25394453e-08 -4.39221020e-04 
 9.09228511e-08  1.20000000e+00  6.25362165e-08 -4.28349852e-04 
 9.09407108e-08  1.20000000e+00  6.25393681e-08 -3.57424095e-04 
 9.09589064e-08  1.20000000e+00  6.25362765e-08 -3.82490133e-04 
 9.09757936e-08  1.20000000e+00  6.25392819e-08 -4.33806367e-04 
 9.09950258e-08  1.20000000e+00  6.25363624e-08 -4.36507269e-04 
 9.10126117e-08  1.20000000e+00  6.25392296e-08 -4.29553442e-04 
 9.10308097e-08  1.20000000e+00  6.25364291e-08 -3.52489723e-04 
 9.10490037e-08  1.20000000e+00  6.25391668e-08 -3.88305448e-04 
 9.10659739e-08  1.20000000e+00  6.25364887e-08 -4.31836187e-04 
 9.10853414e-08  1.20000000e+00  6.25390927e-08 -4.40243974e-04 
 9.11031871e-08  1.20000000e+00  6.25365399e-08 -4.23292163e-04 
 9.11211363e-08  1.20000000e+00  6.25390364e-08 -3.52498770e-04 
 9.11378812e-08  1.20000000e+00  6.25366228e-08 -3.85484234e-04 
 9.11555874e-08  1.20000000e+00  6.25389862e-08 -4.33737108e-04 
 9.11736524e-08  1.20000000e+00  6.25366586e-08 -4.37809181e-04 
 9.11921903e-08  1.20000000e+00  6.25389318e-08 -4.26533856e-04 
 9.12095419e-08  1.20000000e+00  6.25367222e-08 -3.52952345e-04 
 9.12260580e-08  1.20000000e+00  6.25388792e-08 -3.82425164e-04 
 9.12437247e-08  1.20000000e+00  6.25367795e-08 -4.31611528e-04 
 9.12619284e-08  1.20000000e+00  6.25388314e-08 -4.38130276e-04 
 9.12800195e-08  1.20000000e+00  6.25368126e-08 -4.29954254e-04 
 9.12979821e-08  1.20000000e+00  6.25387831e-08 -3.56133469e-04 
 9.13162329e-08  1.20000000e+00  6.25368534e-08 -3.82368178e-04 
 9.13331416e-08  1.20000000e+00  6.25387369e-08 -4.34591875e-04 
 9.13523393e-08  1.20000000e+00  6.25368971e-08 -4.36378657e-04 
 9.13699919e-08  1.20000000e+00  6.25386949e-08 -4.31093400e-04 
 9.13883187e-08  1.20000000e+00  6.25369394e-08 -3.49474178e-04 
 9.14065778e-08  1.20000000e+00  6.25386646e-08 -3.90369715e-04 
 9.14235278e-08  1.20000000e+00  6.25369883e-08 -4.31501333e-04 
 9.14427092e-08  1.20000000e+00  6.25386354e-08 -4.41483860e-04 
 9.14607588e-08  1.20000000e+00  6.25370114e-08 -4.23039204e-04 
 9.14786359e-08  1.20000000e+00  6.25385829e-08 -3.50758252e-04 
 9.14952296e-08  1.20000000e+00  6.25370509e-08 -3.85673666e-04 
 9.15129660e-08  1.20000000e+00  6.25385554e-08 -4.34168666e-04 
 9.15307408e-08  1.20000000e+00  6.25370708e-08 -4.37578978e-04 
 9.15494950e-08  1.20000000e+00  6.25385195e-08 -4.28174615e-04 
 9.15668160e-08  1.20000000e+00  6.25371240e-08 -3.50974245e-04 
 9.15832606e-08  1.20000000e+00  6.25385008e-08 -3.82514396e-04 
 9.16009239e-08  1.20000000e+00  6.25371404e-08 -4.31410402e-04 
 9.16189752e-08  1.20000000e+00  6.25384669e-08 -4.38070746e-04 
 9.16371466e-08  1.20000000e+00  6.25371764e-08 -4.31747748e-04 
 9.16553693e-08  1.20000000e+00  6.25384351e-08 -3.54262225e-04 
 9.16735623e-08  1.20000000e+00  6.25371797e-08 -3.82524381e-04 
 9.16905805e-08  1.20000000e+00  6.25384089e-08 -4.35089018e-04 
 9.17097482e-08  1.20000000e+00  6.25372273e-08 -4.36397150e-04 
 9.17275326e-08  1.20000000e+00  6.25383892e-08 -4.32244480e-04 
 9.17460085e-08  1.20000000e+00  6.25372368e-08 -3.46159022e-04 
 9.17643999e-08  1.20000000e+00  6.25383635e-08 -3.93511509e-04 
 9.17813248e-08  1.20000000e+00  6.25372693e-08 -4.30975497e-04 
 9.18002951e-08  1.20000000e+00  6.25383449e-08 -4.43002249e-04 
 9.18186843e-08  1.20000000e+00  6.25372927e-08 -4.21666080e-04 
 9.18364021e-08  1.20000000e+00  6.25383222e-08 -3.48704338e-04 
 9.18527635e-08  1.20000000e+00  6.25373004e-08 -3.86777734e-04 
 9.18705809e-08  1.20000000e+00  6.25383065e-08 -4.34319841e-04 
 9.18879375e-08  1.20000000e+00  6.25373354e-08 -4.37407244e-04 
 9.19051292e-08  1.20000000e+00  6.25382826e-08 -4.34912232e-04 
 9.19232864e-08  1.20000000e+00  6.25373350e-08 -3.51049322e-04 
 9.19415008e-08  1.20000000e+00  6.25382650e-08 -3.84664426e-04 
 9.19583851e-08  1.20000000e+00  6.25373671e-08 -4.32627636e-04 
 9.19777082e-08  1.20000000e+00  6.25382509e-08 -4.38736484e-04 
 9.19954075e-08  1.20000000e+00  6.25373734e-08 -4.31202408e-04 
 9.20142226e-08  1.20000000e+00  6.25382327e-08 -3.46781331e-04 
 9.20324826e-08  1.20000000e+00  6.25373931e-08 -3.91599663e-04 
 9.20495357e-08  1.20000000e+00  6.25382184e-08 -4.33467261e-04 
 9.20683895e-08  1.20000000e+00  6.25374162e-08 -4.40851171e-04 
 9.20869724e-08  1.20000000e+00  6.25382088e-08 -4.24185853e-04 
 9.21046511e-08  1.20000000e+00  6.25374218e-08 -3.44664584e-04 
 9.21209147e-08  1.20000000e+00  6.25381807e-08 -3.90081267e-04 
 9.21387691e-08  1.20000000e+00  6.25374340e-08 -4.31625261e-04 
 9.21559349e-08  1.20000000e+00  6.25381877e-08 -4.40052124e-04 
 9.21730968e-08  1.20000000e+00  6.25374480e-08 -4.33476422e-04 
 9.21913606e-08  1.20000000e+00  6.25381548e-08 -3.52676821e-04 
 9.22095703e-08  1.20000000e+00  6.25374672e-08 -3.82034702e-04 
 9.22264888e-08  1.20000000e+00  6.25381575e-08 -4.35554196e-04 
 9.22458195e-08  1.20000000e+00  6.25374699e-08 -4.35939743e-04 
 9.22635911e-08  1.20000000e+00  6.25381396e-08 -4.34758205e-04 
 9.22825590e-08  1.20000000e+00  6.25374802e-08 -3.41929866e-04 
 9.23008772e-08  1.20000000e+00  6.25381356e-08 -3.96413992e-04 
 9.23179533e-08  1.20000000e+00  6.25374982e-08 -4.30237440e-04 
 9.23366739e-08  1.20000000e+00  6.25381286e-08 -4.44648902e-04 
 9.23555432e-08  1.20000000e+00  6.25375055e-08 -4.19972074e-04 
 9.23730777e-08  1.20000000e+00  6.25381115e-08 -3.46265897e-04 
 9.23892125e-08  1.20000000e+00  6.25375117e-08 -3.88287992e-04 
 9.24071160e-08  1.20000000e+00  6.25381044e-08 -4.34507548e-04 
 9.24240208e-08  1.20000000e+00  6.25375158e-08 -4.37070628e-04 
 9.24410547e-08  1.20000000e+00  6.25380965e-08 -4.37876299e-04 
 9.24594334e-08  1.20000000e+00  6.25375402e-08 -3.48719002e-04 
 9.24776239e-08  1.20000000e+00  6.25380864e-08 -3.84982158e-04 
 9.24945823e-08  1.20000000e+00  6.25375355e-08 -4.32600242e-04 
 9.25139079e-08  1.20000000e+00  6.25380768e-08 -4.38812194e-04 
 9.25317537e-08  1.20000000e+00  6.25375381e-08 -4.32665786e-04 
 9.25506665e-08  1.20000000e+00  6.25380771e-08 -3.43803112e-04 
 9.25690873e-08  1.20000000e+00  6.25375525e-08 -3.94253727e-04 
 9.25861240e-08  1.20000000e+00  6.25380590e-08 -4.33002424e-04 
 9.26047885e-08  1.20000000e+00  6.25375677e-08 -4.41962581e-04 
 9.26237949e-08  1.20000000e+00  6.25380615e-08 -4.23141745e-04 
 9.26411621e-08  1.20000000e+00  6.25375612e-08 -3.42430382e-04 
 9.26572127e-08  1.20000000e+00  6.25380585e-08 -3.91118857e-04 
 9.26751026e-08  1.20000000e+00  6.25375659e-08 -4.31345297e-04 
 9.26918967e-08  1.20000000e+00  6.25380316e-08 -4.39566559e-04 
 9.27090030e-08  1.20000000e+00  6.25375772e-08 -4.36357580e-04 
 9.27273946e-08  1.20000000e+00  6.25380422e-08 -3.51425117e-04 
 9.27455899e-08  1.20000000e+00  6.25375887e-08 -3.81343519e-04 
 9.27625933e-08  1.20000000e+00  6.25380389e-08 -4.35732005e-04 
 9.27818899e-08  1.20000000e+00  6.25375906e-08 -4.35264509e-04 
 9.27997849e-08  1.20000000e+00  6.25380287e-08 -4.37176779e-04 
 9.28186344e-08  1.20000000e+00  6.25375887e-08 -3.39923080e-04 
 9.28371078e-08  1.20000000e+00  6.25380183e-08 -3.97403166e-04 
 9.28541351e-08  1.20000000e+00  6.25375928e-08 -4.29627071e-04 
 9.28727766e-08  1.20000000e+00  6.25380215e-08 -4.45108191e-04 
 9.28918371e-08  1.20000000e+00  6.25376025e-08 -4.20971722e-04 
 9.29091419e-08  1.20000000e+00  6.25380156e-08 -3.44943972e-04 
 9.29251745e-08  1.20000000e+00  6.25376055e-08 -3.87503578e-04 
 9.29430363e-08  1.20000000e+00  6.25380139e-08 -4.34464015e-04 
 9.29598064e-08  1.20000000e+00  6.25376158e-08 -4.35722413e-04 
 9.29768776e-08  1.20000000e+00  6.25380113e-08 -4.41340343e-04 
 9.29952598e-08  1.20000000e+00  6.25376179e-08 -3.48194425e-04 
 9.30134244e-08  1.20000000e+00  6.25380033e-08 -3.83468316e-04 
 9.30304839e-08  1.20000000e+00  6.25376138e-08 -4.32412111e-04 
 9.30497183e-08  1.20000000e+00  6.25380024e-08 -4.37781356e-04 
 9.30676304e-08  1.20000000e+00  6.25376260e-08 -4.35807522e-04 
 9.30864955e-08  1.20000000e+00  6.25379869e-08 -3.42832640e-04 
 9.31049240e-08  1.20000000e+00  6.25376200e-08 -3.93103964e-04 
 9.31220206e-08  1.20000000e+00  6.25379988e-08 -4.32900552e-04 
 9.31406452e-08  1.20000000e+00  6.25376315e-08 -4.41270531e-04 
 9.31597096e-08  1.20000000e+00  6.25379880e-08 -4.26161216e-04 
 9.31770378e-08  1.20000000e+00  6.25376263e-08 -3.40908390e-04 
 9.31930854e-08  1.20000000e+00  6.25379855e-08 -3.90325991e-04 
 9.32109324e-08  1.20000000e+00  6.25376393e-08 -4.30913215e-04 
 9.32277258e-08  1.20000000e+00  6.25379927e-08 -4.38551169e-04 
 9.32448030e-08  1.20000000e+00  6.25376315e-08 -4.39409959e-04 
 9.32631818e-08  1.20000000e+00  6.25379805e-08 -3.51524327e-04 
 9.32813344e-08  1.20000000e+00  6.25376459e-08 -3.79257119e-04 
 9.32984638e-08  1.20000000e+00  6.25379806e-08 -4.35825604e-04 
 9.33176535e-08  1.20000000e+00  6.25376377e-08 -4.33786526e-04 
 9.33356145e-08  1.20000000e+00  6.25379797e-08 -4.40625722e-04 
 9.33544366e-08  1.20000000e+00  6.25376433e-08 -3.38899441e-04 
 9.33728983e-08  1.20000000e+00  6.25379673e-08 -3.96343401e-04 
 9.33900213e-08  1.20000000e+00  6.25376487e-08 -4.29265043e-04 
 9.34086155e-08  1.20000000e+00  6.25379810e-08 -4.44548267e-04 
 9.34277410e-08  1.20000000e+00  6.25376487e-08 -4.23656751e-04 
 9.34450146e-08  1.20000000e+00  6.25379682e-08 -3.43835963e-04 
 9.34610681e-08  1.20000000e+00  6.25376531e-08 -3.86590293e-04 
 9.34789044e-08  1.20000000e+00  6.25379670e-08 -4.34257928e-04 
 9.34956741e-08  1.20000000e+00  6.25376481e-08 -4.34551130e-04 
 9.35126925e-08  1.20000000e+00  6.25379705e-08 -4.44369204e-04 
 9.35310574e-08  1.20000000e+00  6.25376556e-08 -3.48197261e-04 
 9.35491894e-08  1.20000000e+00  6.25379622e-08 -3.81712272e-04 
 9.35663930e-08  1.20000000e+00  6.25376430e-08 -4.32276876e-04 
 9.35855254e-08  1.20000000e+00  6.25379595e-08 -4.36593634e-04 
 9.36035221e-08  1.20000000e+00  6.25376679e-08 -4.38637209e-04 
 9.36223336e-08  1.20000000e+00  6.25379691e-08 -3.42140375e-04 
 9.36407889e-08  1.20000000e+00  6.25376590e-08 -3.92210685e-04 
 9.36579775e-08  1.20000000e+00  6.25379590e-08 -4.32669306e-04 
 9.36765408e-08  1.20000000e+00  6.25376643e-08 -4.40649070e-04 
 9.36937917e-08  1.20000000e+00  6.25379607e-08 -4.35355080e-04 
 9.37119239e-08  1.20000000e+00  6.25376636e-08 -3.41386527e-04 
 9.37284503e-08  1.20000000e+00  6.25379626e-08 -3.86268302e-04 
 9.37460843e-08  1.20000000e+00  6.25376601e-08 -4.31454707e-04 
 9.37636613e-08  1.20000000e+00  6.25379530e-08 -4.36769867e-04 
 9.37827977e-08  1.20000000e+00  6.25376693e-08 -4.36272548e-04 
 9.38005112e-08  1.20000000e+00  6.25379559e-08 -3.45624481e-04 
 9.38173013e-08  1.20000000e+00  6.25376706e-08 -3.82021871e-04 
 9.38351854e-08  1.20000000e+00  6.25379618e-08 -4.33310345e-04 
 9.38527745e-08  1.20000000e+00  6.25376601e-08 -4.34260827e-04 
 9.38718117e-08  1.20000000e+00  6.25379467e-08 -4.39624610e-04 
 9.38897307e-08  1.20000000e+00  6.25376601e-08 -3.43588873e-04 
 9.39066946e-08  1.20000000e+00  6.25379683e-08 -3.84356487e-04 
 9.39246084e-08  1.20000000e+00  6.25376691e-08 -4.31321567e-04 
 9.39423248e-08  1.20000000e+00  6.25379109e-08 -4.36564511e-04 
 9.39613980e-08  1.20000000e+00  6.25377503e-08 -4.37068727e-04 
 9.39792346e-08  1.20000000e+00  6.25378269e-08 -3.44641445e-04 
 9.39960938e-08  1.20000000e+00  6.25377403e-08 -3.83299424e-04 
 9.40140184e-08  1.20000000e+00  6.25382055e-08 -4.32812646e-04 
 9.40315937e-08  1.20000000e+00  6.25367360e-08 -4.34777496e-04 
 9.40508216e-08  1.20000000e+00  6.25395339e-08 -4.38628624e-04 
 9.40684882e-08  1.20000000e+00  6.25361129e-08 -3.43168570e-04 
 9.40852874e-08  1.20000000e+00  6.25365757e-08 -3.84593881e-04 
 9.41032449e-08  1.20000000e+00  6.25472064e-08 -4.30895006e-04 
 9.41207419e-08  1.20000000e+00  6.25179408e-08 -4.36099003e-04 
 9.41400096e-08  1.20000000e+00  6.25603764e-08 -4.37550875e-04 
 9.41576563e-08  1.20000000e+00  6.25312282e-08 -3.45326331e-04 
 9.41745131e-08  1.20000000e+00  6.24546685e-08 -3.82421178e-04 
 9.41925034e-08  1.20000000e+00  6.27838807e-08 -4.32624156e-04 
 9.42100365e-08  1.20000000e+00  6.22493360e-08 -4.34086191e-04 
 9.42293069e-08  1.20000000e+00  6.27165406e-08 -4.39716134e-04 
 9.42469521e-08  1.20000000e+00  6.28596652e-08 -3.43284120e-04 
 9.42638256e-08  1.20000000e+00  5.96696765e-08 -3.84556599e-04 
 9.42818376e-08  1.20000000e+00  6.71217175e-08 -4.30476438e-04 
 9.42993626e-08  1.20000000e+00  6.16138920e-08 -4.36081122e-04 
 9.43186944e-08  1.20000000e+00  6.40620786e-08 -4.37599783e-04 
 9.43362697e-08  1.20000000e+00  7.98021651e-08 -3.45207592e-04 
 9.43531120e-08  1.20000000e+00 -2.22243832e-08 -3.82640287e-04 
 9.43711483e-08  1.20000000e+00  7.87631656e-08 -4.32281799e-04 
 9.43886203e-08  1.20000000e+00  1.23635691e-07 -4.33941962e-04 
 9.44080239e-08  1.20000000e+00  2.38822334e-07 -4.39704405e-04 
 9.44255302e-08  1.20000000e+00  1.05971586e-06 -3.43315856e-04 
 9.44423657e-08  1.20000000e+00 -1.63054462e-06 -3.84565156e-04 
 9.44604315e-08  1.20000000e+00 -3.43814591e-06 -4.30058792e-04 
 9.44778755e-08  1.20000000e+00 -2.57987483e-06 -4.35847545e-04 
 9.44953411e-08  1.20000000e+00  4.61648869e-06 -4.43870023e-04 
 9.45137507e-08  1.20000000e+00  5.08273379e-05 -3.48572849e-04 
 9.45321312e-08  1.20000000e+00  2.90012408e-05 -3.82249190e-04 
 9.45496186e-08  1.20000000e+00 -1.41513933e-04 -4.33833825e-04 
 9.45684989e-08  1.20000000e+00 -4.16058671e-04 -4.34904536e-04 
 9.45872312e-08  1.20000000e+00 -3.53760967e-04 -4.39346397e-04 
 9.46050786e-08  1.20000000e+00  2.07588851e-03 -3.38928645e-04 
 9.46217133e-08  1.20000000e+00  5.03673971e-03 -3.90553320e-04 
 9.46396572e-08  1.20000000e+00  1.54264161e-03 -4.25360344e-04 
 9.46569041e-08  1.20000000e+00 -1.72034453e-02 -4.32011235e-04 
 9.46738524e-08  1.20000000e+00 -4.55074775e-02 -4.33162710e-04 
 9.46886446e-08  1.20000000e+00 -3.31031966e-02 -3.93099402e-04 
 9.47056597e-08  1.20000000e+00  7.92786567e-02 -4.24728017e-04 
 9.47210023e-08  1.20000000e+00  2.33604971e-01 -4.83375729e-04 
 9.47361025e-08  1.20000000e+00  3.89140393e-01 -4.54833197e-04 
 9.47524481e-08  1.20000000e+00  5.51146247e-01 -4.73536545e-04 
 9.47685978e-08  1.20000000e+00  6.99687131e-01 -4.16197631e-04 
 9.47860068e-08  1.20000000e+00  8.40055648e-01 -3.40677002e-04 
 9.48007679e-08  1.20000000e+00  9.38251772e-01 -4.03265379e-04 
 9.48188894e-08  1.20000000e+00  1.03010941e+00 -4.01685659e-04 
 9.48372273e-08  1.20000000e+00  1.09396990e+00 -3.85088317e-04 
 9.48539681e-08  1.20000000e+00  1.13233935e+00 -3.63922974e-04 
 9.48724438e-08  1.20000000e+00  1.15939807e+00 -2.66355744e-04 
 9.48892142e-08  1.20000000e+00  1.17462191e+00 -3.38434263e-04 
 9.49069486e-08  1.20000000e+00  1.18464149e+00 -3.59074117e-04 
 9.49263394e-08  1.20000000e+00  1.19118910e+00 -3.54668366e-04 
 9.49452917e-08  1.20000000e+00  1.19488151e+00 -3.34611306e-04 
 9.49631999e-08  1.20000000e+00  1.19694253e+00 -2.54899929e-04 
 9.49796554e-08  1.20000000e+00  1.19808649e+00 -3.36118907e-04 
 9.49976459e-08  1.20000000e+00  1.19886349e+00 -3.52222616e-04 
 9.50168130e-08  1.20000000e+00  1.19934202e+00 -3.54565336e-04 
 9.50339366e-08  1.20000000e+00  1.19960167e+00 -3.36761628e-04 
 9.50523474e-08  1.20000000e+00  1.19976155e+00 -2.52628892e-04 
 9.50688319e-08  1.20000000e+00  1.19985532e+00 -3.34919862e-04 
 9.50866244e-08  1.20000000e+00  1.19990938e+00 -3.51661464e-04 
 9.51060942e-08  1.20000000e+00  1.19995200e+00 -3.54836140e-04 
 9.51234806e-08  1.20000000e+00  1.19996714e+00 -3.34957529e-04 
 9.51418871e-08  1.20000000e+00  1.19998418e+00 -2.53953244e-04 
 9.51583966e-08  1.20000000e+00  1.19998654e+00 -3.33992396e-04 
 9.51762224e-08  1.20000000e+00  1.19999531e+00 -3.53136984e-04 
 9.51956268e-08  1.20000000e+00  1.19999399e+00 -3.53103140e-04 
 9.52128972e-08  1.20000000e+00  1.19999957e+00 -3.37250944e-04 
 9.52313004e-08  1.20000000e+00  1.19999653e+00 -2.51465175e-04 
 9.52477862e-08  1.20000000e+00  1.20000095e+00 -3.36518078e-04 
 9.52656024e-08  1.20000000e+00  1.19999748e+00 -3.50270347e-04 
 9.52850099e-08  1.20000000e+00  1.20000143e+00 -3.56064036e-04 
 9.53022904e-08  1.20000000e+00  1.19999790e+00 -3.34185285e-04 
 9.53206940e-08  1.20000000e+00  1.20000153e+00 -2.54914989e-04 
 9.53371933e-08  1.20000000e+00  1.19999809e+00 -3.32756343e-04 
 9.53550143e-08  1.20000000e+00  1.20000152e+00 -3.54123239e-04 
 9.53744249e-08  1.20000000e+00  1.19999821e+00 -3.52000927e-04 
 9.53917063e-08  1.20000000e+00  1.20000147e+00 -3.38493236e-04 
 9.54101101e-08  1.20000000e+00  1.19999830e+00 -2.50516755e-04 
 9.54266135e-08  1.20000000e+00  1.20000140e+00 -3.37306298e-04 
 9.54444389e-08  1.20000000e+00  1.19999837e+00 -3.49370945e-04 
 9.54638427e-08  1.20000000e+00  1.20000134e+00 -3.56840560e-04 
 9.54811139e-08  1.20000000e+00  1.19999844e+00 -3.33608977e-04 
 9.54995175e-08  1.20000000e+00  1.20000128e+00 -2.55652306e-04 
 9.55160248e-08  1.20000000e+00  1.19999850e+00 -3.31945032e-04 
 9.55338531e-08  1.20000000e+00  1.20000122e+00 -3.54801839e-04 
 9.55532552e-08  1.20000000e+00  1.19999856e+00 -3.51233426e-04 
 9.55705233e-08  1.20000000e+00  1.20000116e+00 -3.39437147e-04 
 9.55889269e-08  1.20000000e+00  1.19999862e+00 -2.49800391e-04 
 9.56054393e-08  1.20000000e+00  1.20000111e+00 -3.37877942e-04 
 9.56232713e-08  1.20000000e+00  1.19999867e+00 -3.48691049e-04 
 9.56426703e-08  1.20000000e+00  1.20000106e+00 -3.57402915e-04 
 9.56599333e-08  1.20000000e+00  1.19999872e+00 -3.33236316e-04 
 9.56783369e-08  1.20000000e+00  1.20000101e+00 -2.56201604e-04 
 9.56948535e-08  1.20000000e+00  1.19999877e+00 -3.31309009e-04 
 9.57126890e-08  1.20000000e+00  1.20000096e+00 -3.55308895e-04 
 9.57320851e-08  1.20000000e+00  1.19999881e+00 -3.50643609e-04 
 9.57493431e-08  1.20000000e+00  1.20000092e+00 -3.40181370e-04 
 9.57677468e-08  1.20000000e+00  1.19999886e+00 -2.49253861e-04 
 9.57842676e-08  1.20000000e+00  1.20000087e+00 -3.38308595e-04 
 9.58021067e-08  1.20000000e+00  1.19999890e+00 -3.48163893e-04 
 9.58214999e-08  1.20000000e+00  1.20000084e+00 -3.57824844e-04 
 9.58387533e-08  1.20000000e+00  1.19999894e+00 -3.32989547e-04 
 9.58571570e-08  1.20000000e+00  1.20000080e+00 -2.56613314e-04 
 9.58736820e-08  1.20000000e+00  1.19999897e+00 -3.30815192e-04 
 9.58915246e-08  1.20000000e+00  1.20000076e+00 -3.55685178e-04 
 9.59109150e-08  1.20000000e+00  1.19999901e+00 -3.50189073e-04 
 9.59281637e-08  1.20000000e+00  1.20000073e+00 -3.40778657e-04 
 9.59465675e-08  1.20000000e+00  1.19999904e+00 -2.48835846e-04 
 9.59630964e-08  1.20000000e+00  1.20000069e+00 -3.38625910e-04 
 9.59809426e-08  1.20000000e+00  1.19999907e+00 -3.47756186e-04 
 9.60003301e-08  1.20000000e+00  1.20000067e+00 -3.58138239e-04 
 9.60175743e-08  1.20000000e+00  1.19999910e+00 -3.32834197e-04 
 9.60359782e-08  1.20000000e+00  1.20000064e+00 -2.56920587e-04 
 9.60525109e-08  1.20000000e+00  1.19999913e+00 -3.30433888e-04 
 9.60703607e-08  1.20000000e+00  1.20000061e+00 -3.55960847e-04 
 9.60897454e-08  1.20000000e+00  1.19999916e+00 -3.49840297e-04 
 9.61069851e-08  1.20000000e+00  1.20000058e+00 -3.41259751e-04 
 9.61253891e-08  1.20000000e+00  1.19999918e+00 -2.48516809e-04 
 9.61419256e-08  1.20000000e+00  1.20000056e+00 -3.38857042e-04 
 9.61597788e-08  1.20000000e+00  1.19999921e+00 -3.47440754e-04 
 9.61791608e-08  1.20000000e+00  1.20000053e+00 -3.58368957e-04 
 9.61963961e-08  1.20000000e+00  1.19999923e+00 -3.32746230e-04 
 9.62148002e-08  1.20000000e+00  1.20000051e+00 -2.57148214e-04 
 9.62313403e-08  1.20000000e+00  1.19999925e+00 -3.30139697e-04 
 9.62491970e-08  1.20000000e+00  1.20000049e+00 -3.56159902e-04 
 9.62685762e-08  1.20000000e+00  1.19999927e+00 -3.49573448e-04 
 9.62858074e-08  1.20000000e+00  1.20000047e+00 -3.41648644e-04 
 9.63042115e-08  1.20000000e+00  1.19999929e+00 -2.48274135e-04 
 9.63207551e-08  1.20000000e+00  1.20000045e+00 -3.39023119e-04 
 9.63386153e-08  1.20000000e+00  1.19999931e+00 -3.47196581e-04 
 9.63579918e-08  1.20000000e+00  1.20000043e+00 -3.58537024e-04 
 9.63752188e-08  1.20000000e+00  1.19999933e+00 -3.32707225e-04 
 9.63936230e-08  1.20000000e+00  1.20000042e+00 -2.57315089e-04 
 9.64101700e-08  1.20000000e+00  1.19999934e+00 -3.29913231e-04 
 9.64280336e-08  1.20000000e+00  1.20000040e+00 -3.56300614e-04 
 9.64474074e-08  1.20000000e+00  1.19999936e+00 -3.49370221e-04 
 9.64646304e-08  1.20000000e+00  1.20000038e+00 -3.41964065e-04 
 9.64830348e-08  1.20000000e+00  1.19999937e+00 -2.48090510e-04 
 9.64995849e-08  1.20000000e+00  1.20000037e+00 -3.39140028e-04 
 9.65174520e-08  1.20000000e+00  1.19999939e+00 -3.47007659e-04 
 9.65368232e-08  1.20000000e+00  1.20000036e+00 -3.58657588e-04 
 9.65540422e-08  1.20000000e+00  1.19999940e+00 -3.32703372e-04 
 9.65724467e-08  1.20000000e+00  1.20000034e+00 -2.57435564e-04 
 9.65889999e-08  1.20000000e+00  1.19999942e+00 -3.29739661e-04 
 9.66068703e-08  1.20000000e+00  1.20000033e+00 -3.56396877e-04 
 9.66262390e-08  1.20000000e+00  1.19999943e+00 -3.49216597e-04 
 9.66434541e-08  1.20000000e+00  1.20000032e+00 -3.42220548e-04 
 9.66618588e-08  1.20000000e+00  1.19999944e+00 -2.47952674e-04 
 9.66784150e-08  1.20000000e+00  1.20000031e+00 -3.39219787e-04 
 9.66962887e-08  1.20000000e+00  1.19999945e+00 -3.46861752e-04 
 9.67156548e-08  1.20000000e+00  1.20000030e+00 -3.58742126e-04 
 9.67328662e-08  1.20000000e+00  1.19999946e+00 -3.32724375e-04 
 9.67512710e-08  1.20000000e+00  1.20000029e+00 -2.57520555e-04 
 9.67678301e-08  1.20000000e+00  1.19999947e+00 -3.29607569e-04 
 9.67857071e-08  1.20000000e+00  1.20000027e+00 -3.56459280e-04 
 9.68050708e-08  1.20000000e+00  1.19999948e+00 -3.49101790e-04 
 9.68222785e-08  1.20000000e+00  1.20000027e+00 -3.42429431e-04 
 9.68406834e-08  1.20000000e+00  1.19999949e+00 -2.47850449e-04 
 9.68572453e-08  1.20000000e+00  1.20000026e+00 -3.39271504e-04 
 9.68751256e-08  1.20000000e+00  1.19999950e+00 -3.46749478e-04 
 9.68944867e-08  1.20000000e+00  1.20000025e+00 -3.58799345e-04 
 9.69116910e-08  1.20000000e+00  1.19999951e+00 -3.32762580e-04 
 9.69300960e-08  1.20000000e+00  1.20000024e+00 -2.57578374e-04 
 9.69466606e-08  1.20000000e+00  1.19999951e+00 -3.29508138e-04 
 9.69645440e-08  1.20000000e+00  1.20000023e+00 -3.56495905e-04 
 9.69839028e-08  1.20000000e+00  1.19999952e+00 -3.49017472e-04 
 9.70011036e-08  1.20000000e+00  1.20000023e+00 -3.42599609e-04 
 9.70195088e-08  1.20000000e+00  1.19999953e+00 -2.47776004e-04 
 9.70360758e-08  1.20000000e+00  1.20000022e+00 -3.39302085e-04 
 9.70539624e-08  1.20000000e+00  1.19999954e+00 -3.46663622e-04 
 9.70733189e-08  1.20000000e+00  1.20000021e+00 -3.58835858e-04 
 9.70905163e-08  1.20000000e+00  1.19999954e+00 -3.32812321e-04 
 9.71089217e-08  1.20000000e+00  1.20000021e+00 -2.57615363e-04 
 9.71254912e-08  1.20000000e+00  1.19999955e+00 -3.29434531e-04 
 9.71433809e-08  1.20000000e+00  1.20000020e+00 -3.56512931e-04 
 9.71627350e-08  1.20000000e+00  1.19999955e+00 -3.48957194e-04 
 9.71799292e-08  1.20000000e+00  1.20000019e+00 -3.42738101e-04 
 9.71983347e-08  1.20000000e+00  1.19999956e+00 -2.47723293e-04 
 9.72149066e-08  1.20000000e+00  1.20000019e+00 -3.39316763e-04 
 9.72327993e-08  1.20000000e+00  1.19999956e+00 -3.46598618e-04 
 9.72521512e-08  1.20000000e+00  1.20000018e+00 -3.58856686e-04 
 9.72693422e-08  1.20000000e+00  1.19999957e+00 -3.32869426e-04 
 9.72877479e-08  1.20000000e+00  1.20000018e+00 -2.57636368e-04 
 9.73043220e-08  1.20000000e+00  1.19999957e+00 -3.29381431e-04 
 9.73222177e-08  1.20000000e+00  1.20000017e+00 -3.56515084e-04 
 9.73415674e-08  1.20000000e+00  1.19999958e+00 -3.48915940e-04 
 9.73587553e-08  1.20000000e+00  1.20000017e+00 -3.42850481e-04 
 9.73771612e-08  1.20000000e+00  1.19999958e+00 -2.47687642e-04 
 9.73937375e-08  1.20000000e+00  1.20000017e+00 -3.39319509e-04 
 9.74116361e-08  1.20000000e+00  1.19999959e+00 -3.46550159e-04 
 9.74309836e-08  1.20000000e+00  1.20000016e+00 -3.58865648e-04 
 9.74481686e-08  1.20000000e+00  1.19999959e+00 -3.32930846e-04 
 9.74665746e-08  1.20000000e+00  1.20000016e+00 -2.57645097e-04 
 9.74831530e-08  1.20000000e+00  1.19999959e+00 -3.29344684e-04 
 9.75010545e-08  1.20000000e+00  1.20000015e+00 -3.56505987e-04 
 9.75203999e-08  1.20000000e+00  1.19999960e+00 -3.48889796e-04 
 9.75375820e-08  1.20000000e+00  1.20000015e+00 -3.42941202e-04 
 9.75559882e-08  1.20000000e+00  1.19999960e+00 -2.47665419e-04 
 9.75725685e-08  1.20000000e+00  1.20000015e+00 -3.39313335e-04 
 9.75904728e-08  1.20000000e+00  1.19999960e+00 -3.46514898e-04 
 9.76098162e-08  1.20000000e+00  1.20000014e+00 -3.58865644e-04 
 9.76269955e-08  1.20000000e+00  1.19999961e+00 -3.32994374e-04 
 9.76454018e-08  1.20000000e+00  1.20000014e+00 -2.57644395e-04 
 9.76619841e-08  1.20000000e+00  1.19999961e+00 -3.29321031e-04 
 9.76798912e-08  1.20000000e+00  1.20000014e+00 -3.56488416e-04 
 9.76992325e-08  1.20000000e+00  1.19999961e+00 -3.48875694e-04 
 9.77164091e-08  1.20000000e+00  1.20000014e+00 -3.43013852e-04 
 9.77348156e-08  1.20000000e+00  1.19999962e+00 -2.47653797e-04 
 9.77513997e-08  1.20000000e+00  1.20000013e+00 -3.39300522e-04 
 9.77693095e-08  1.20000000e+00  1.19999962e+00 -3.46490225e-04 
 9.77886489e-08  1.20000000e+00  1.20000013e+00 -3.58858883e-04 
 9.78058228e-08  1.20000000e+00  1.19999962e+00 -3.33058438e-04 
 9.78242295e-08  1.20000000e+00  1.20000013e+00 -2.57636447e-04 
 9.78408153e-08  1.20000000e+00  1.19999962e+00 -3.29307903e-04 
 9.78587278e-08  1.20000000e+00  1.20000013e+00 -3.56464505e-04 
 9.78780652e-08  1.20000000e+00  1.19999963e+00 -3.48871220e-04 
 9.78952367e-08  1.20000000e+00  1.20000012e+00 -3.43071335e-04 
 9.79136435e-08  1.20000000e+00  1.19999963e+00 -2.47650567e-04 
 9.79302309e-08  1.20000000e+00  1.20000012e+00 -3.39282801e-04 
 9.79481460e-08  1.20000000e+00  1.19999963e+00 -3.46474094e-04 
 9.79674816e-08  1.20000000e+00  1.20000012e+00 -3.58847042e-04 
 9.79846506e-08  1.20000000e+00  1.19999963e+00 -3.33121932e-04 
 9.80030576e-08  1.20000000e+00  1.20000012e+00 -2.57622935e-04 
 9.80196466e-08  1.20000000e+00  1.19999963e+00 -3.29303265e-04 
 9.80375643e-08  1.20000000e+00  1.20000012e+00 -3.56435892e-04 
 9.80568980e-08  1.20000000e+00  1.19999964e+00 -3.48874461e-04 
 9.80740646e-08  1.20000000e+00  1.20000011e+00 -3.43116025e-04 
 9.80924718e-08  1.20000000e+00  1.19999964e+00 -2.47653998e-04 
 9.81090623e-08  1.20000000e+00  1.20000011e+00 -3.39261482e-04 
 9.81269825e-08  1.20000000e+00  1.19999964e+00 -3.46464893e-04 
 9.81463145e-08  1.20000000e+00  1.20000011e+00 -3.58831398e-04 
 9.81634788e-08  1.20000000e+00  1.19999964e+00 -3.33184105e-04 
 9.81818861e-08  1.20000000e+00  1.20000011e+00 -2.57605158e-04 
 9.81984781e-08  1.20000000e+00  1.19999964e+00 -3.29305498e-04 
 9.82164007e-08  1.20000000e+00  1.20000011e+00 -3.56403836e-04 
 9.82357309e-08  1.20000000e+00  1.19999964e+00 -3.48883901e-04 
 9.82528930e-08  1.20000000e+00  1.20000011e+00 -3.43149874e-04 
 9.82713005e-08  1.20000000e+00  1.19999964e+00 -2.47662725e-04 
 9.82878938e-08  1.20000000e+00  1.20000011e+00 -3.39237557e-04 
 9.83058188e-08  1.20000000e+00  1.19999965e+00 -3.46461347e-04 
 9.83251474e-08  1.20000000e+00  1.20000010e+00 -3.58812921e-04 
 9.83423073e-08  1.20000000e+00  1.19999965e+00 -3.33244463e-04 
 9.83607149e-08  1.20000000e+00  1.20000010e+00 -2.57584118e-04 
 9.83773096e-08  1.20000000e+00  1.19999965e+00 -3.29313307e-04 
 9.83952369e-08  1.20000000e+00  1.20000010e+00 -3.56369305e-04 
 9.84145638e-08  1.20000000e+00  1.19999965e+00 -3.48898327e-04 
 9.84317217e-08  1.20000000e+00  1.20000010e+00 -3.43174497e-04 
 9.84501295e-08  1.20000000e+00  1.19999965e+00 -2.47675673e-04 
 9.84667254e-08  1.20000000e+00  1.20000010e+00 -3.39211773e-04 
 9.84846550e-08  1.20000000e+00  1.19999965e+00 -3.46462441e-04 
 9.85039803e-08  1.20000000e+00  1.20000010e+00 -3.58792349e-04 
 9.85211361e-08  1.20000000e+00  1.19999965e+00 -3.33302704e-04 
 9.85395441e-08  1.20000000e+00  1.20000010e+00 -2.57560592e-04 
 9.85561412e-08  1.20000000e+00  1.19999965e+00 -3.29325650e-04 
 9.85740731e-08  1.20000000e+00  1.20000010e+00 -3.56333042e-04 
 9.85933968e-08  1.20000000e+00  1.19999965e+00 -3.48916767e-04 
 9.86105506e-08  1.20000000e+00  1.20000010e+00 -3.43191243e-04 
 9.86289588e-08  1.20000000e+00  1.19999966e+00 -2.47691986e-04 
 9.86455570e-08  1.20000000e+00  1.20000009e+00 -3.39184694e-04 
 9.86634911e-08  1.20000000e+00  1.19999966e+00 -3.46467364e-04 
 9.86828133e-08  1.20000000e+00  1.20000009e+00 -3.58770239e-04 
 9.86999653e-08  1.20000000e+00  1.19999966e+00 -3.33358664e-04 
 9.87183736e-08  1.20000000e+00  1.20000009e+00 -2.57535184e-04 
 9.87349729e-08  1.20000000e+00  1.19999966e+00 -3.29341686e-04 
 9.87529091e-08  1.20000000e+00  1.20000009e+00 -3.56295619e-04 
 9.87722298e-08  1.20000000e+00  1.19999966e+00 -3.48938437e-04 
 9.87893799e-08  1.20000000e+00  1.20000009e+00 -3.43201242e-04 
 9.88077884e-08  1.20000000e+00  1.19999966e+00 -2.47710985e-04 
 9.88243888e-08  1.20000000e+00  1.20000009e+00 -3.39156743e-04 
 9.88423270e-08  1.20000000e+00  1.19999966e+00 -3.46475462e-04 
 9.88616463e-08  1.20000000e+00  1.20000009e+00 -3.58747017e-04 
 9.88787947e-08  1.20000000e+00  1.19999966e+00 -3.33412281e-04 
 9.88972033e-08  1.20000000e+00  1.20000009e+00 -2.57508362e-04 
 9.89138046e-08  1.20000000e+00  1.19999966e+00 -3.29360731e-04 
 9.89317450e-08  1.20000000e+00  1.20000009e+00 -3.56257472e-04 
 9.89510628e-08  1.20000000e+00  1.19999966e+00 -3.48962701e-04 
 9.89682095e-08  1.20000000e+00  1.20000009e+00 -3.43205449e-04 
 9.89866183e-08  1.20000000e+00  1.19999966e+00 -2.47732125e-04 
 9.90032206e-08  1.20000000e+00  1.20000009e+00 -3.39128238e-04 
 9.90211629e-08  1.20000000e+00  1.19999966e+00 -3.46486204e-04 
 9.90404793e-08  1.20000000e+00  1.20000009e+00 -3.58723002e-04 
 9.90576244e-08  1.20000000e+00  1.19999967e+00 -3.33463562e-04 
 9.90760333e-08  1.20000000e+00  1.20000009e+00 -2.57480492e-04 
 9.90926365e-08  1.20000000e+00  1.19999967e+00 -3.29382227e-04 
 9.91105807e-08  1.20000000e+00  1.20000008e+00 -3.56218936e-04 
 9.91298959e-08  1.20000000e+00  1.19999967e+00 -3.48989042e-04 
 9.91470393e-08  1.20000000e+00  1.20000008e+00 -3.43204678e-04 
 9.91654484e-08  1.20000000e+00  1.19999967e+00 -2.47754971e-04 
 9.91820524e-08  1.20000000e+00  1.20000008e+00 -3.39099413e-04 
 9.91999986e-08  1.20000000e+00  1.19999967e+00 -3.46499159e-04 
 9.92193124e-08  1.20000000e+00  1.20000008e+00 -3.58698436e-04 
 9.92364543e-08  1.20000000e+00  1.19999967e+00 -3.33512567e-04 
 9.92548635e-08  1.20000000e+00  1.20000008e+00 -2.57451858e-04 
 9.92714683e-08  1.20000000e+00  1.19999967e+00 -3.29405717e-04 
 9.92894164e-08  1.20000000e+00  1.20000008e+00 -3.56180266e-04 
 9.93087289e-08  1.20000000e+00  1.19999967e+00 -3.49017038e-04 
 9.93258693e-08  1.20000000e+00  1.20000008e+00 -3.43199620e-04 
 9.93442787e-08  1.20000000e+00  1.19999967e+00 -2.47779170e-04 
 9.93608843e-08  1.20000000e+00  1.20000008e+00 -3.39070442e-04 
 9.93788341e-08  1.20000000e+00  1.19999967e+00 -3.46513972e-04 
 9.93981455e-08  1.20000000e+00  1.20000008e+00 -3.58673500e-04 
 9.94152844e-08  1.20000000e+00  1.19999967e+00 -3.33559386e-04 
 9.94336940e-08  1.20000000e+00  1.20000008e+00 -2.57422684e-04 
 9.94503003e-08  1.20000000e+00  1.19999967e+00 -3.29430822e-04 
 9.94682519e-08  1.20000000e+00  1.20000008e+00 -3.56141654e-04 
 9.94875620e-08  1.20000000e+00  1.19999967e+00 -3.49046343e-04 
 9.95046996e-08  1.20000000e+00  1.20000008e+00 -3.43190872e-04 
 9.95231093e-08  1.20000000e+00  1.19999967e+00 -2.47804437e-04 
 9.95397163e-08  1.20000000e+00  1.20000008e+00 -3.39041453e-04 
 9.95576696e-08  1.20000000e+00  1.19999967e+00 -3.46530352e-04 
 9.95769785e-08  1.20000000e+00  1.20000008e+00 -3.58648331e-04 
 9.95941148e-08  1.20000000e+00  1.19999967e+00 -3.33604131e-04 
 9.96125246e-08  1.20000000e+00  1.20000008e+00 -2.57393144e-04 
 9.96291323e-08  1.20000000e+00  1.19999967e+00 -3.29457231e-04 
 9.96470872e-08  1.20000000e+00  1.20000008e+00 -3.56103246e-04 
 9.96663951e-08  1.20000000e+00  1.19999967e+00 -3.49076671e-04 
 9.96835300e-08  1.20000000e+00  1.20000008e+00 -3.43178945e-04 
 9.97019400e-08  1.20000000e+00  1.19999967e+00 -2.47830544e-04 
 9.97185483e-08  1.20000000e+00  1.20000008e+00 -3.39012537e-04 
 9.97365049e-08  1.20000000e+00  1.19999967e+00 -3.46548053e-04 
 9.97558116e-08  1.20000000e+00  1.20000008e+00 -3.58623032e-04 
 9.97729453e-08  1.20000000e+00  1.19999968e+00 -3.33646925e-04 
 9.97913554e-08  1.20000000e+00  1.20000008e+00 -2.57363368e-04 
 9.98079643e-08  1.20000000e+00  1.19999968e+00 -3.29484685e-04 
 9.98259225e-08  1.20000000e+00  1.20000008e+00 -3.56065170e-04 
 9.98452282e-08  1.20000000e+00  1.19999968e+00 -3.49107670e-04 
 9.98623607e-08  1.20000000e+00  1.20000007e+00 -3.43164382e-04 
 9.98807709e-08  1.20000000e+00  1.19999968e+00 -2.47857366e-04 
 9.98973804e-08  1.20000000e+00  1.20000007e+00 -3.38983747e-04 
 9.99153401e-08  1.20000000e+00  1.19999968e+00 -3.46566623e-04 
 9.99346447e-08  1.20000000e+00  1.20000007e+00 -3.58599601e-04 
 9.99517761e-08  1.20000000e+00  1.19999968e+00 -3.33685546e-04 
 9.99701865e-08  1.20000000e+00  1.20000007e+00 -2.57334828e-04 
 9.99867958e-08  1.20000000e+00  1.19999968e+00 -3.29510076e-04 
 1.00004757e-07  1.20000000e+00  1.20000007e+00 -3.56029624e-04 
 1.00024060e-07  1.20000000e+00  1.19999968e+00 -3.49134722e-04 
 1.00041191e-07  1.20000000e+00  1.20000007e+00 -3.43150750e-04 
 1.00059602e-07  1.20000000e+00  1.19999968e+00 -2.47884781e-04 
 1.00076213e-07  1.20000000e+00  1.20000007e+00 -3.38956640e-04 
 1.00088106e-07  1.20000000e+00  1.19999968e+00 -3.52774520e-04 
 1.00100000e-07  1.20000000e+00  1.20000007e+00 -3.47482628e-04 
 1.00102369e-07  1.17156960e+00  1.19999988e+00 -3.51720502e-04 
 1.00107108e-07  1.11470880e+00  1.19999988e+00 -3.55956692e-04 
 1.00116584e-07  1.00098720e+00  1.19999988e+00 -3.72757543e-04 
 1.00131646e-07  8.20246374e-01  1.19999988e+00 -3.46175615e-04 
 1.00147145e-07  6.34261128e-01  1.19999988e+00 -2.78072765e-04 
 1.00161071e-07  4.67142169e-01  1.19999988e+00 -3.47114130e-04 
 1.00178946e-07  2.52647435e-01  1.19999988e+00 -4.03587335e-04 
 1.00189473e-07  1.26323717e-01  1.19999988e+00 -4.02887728e-04 
 1.00200000e-07  0.00000000e+00  1.19999988e+00 -4.25406873e-04 
 1.00202105e-07  0.00000000e+00  1.19999988e+00 -4.10951637e-04 
 1.00206316e-07  0.00000000e+00  1.19999988e+00 -4.30972549e-04 
 1.00214738e-07  0.00000000e+00  1.19999988e+00 -4.36326496e-04 
 1.00229360e-07  0.00000000e+00  1.19999988e+00 -3.68785882e-04 
 1.00243861e-07  0.00000000e+00  1.19999988e+00 -3.59103284e-04 
 1.00261109e-07  0.00000000e+00  1.19999988e+00 -4.57199119e-04 
 1.00279000e-07  0.00000000e+00  1.19999988e+00 -3.94363508e-04 
 1.00296058e-07  0.00000000e+00  1.19999988e+00 -4.38777683e-04 
 1.00311750e-07  0.00000000e+00  1.19999988e+00 -3.99790184e-04 
 1.00329695e-07  0.00000000e+00  1.19999988e+00 -3.51243100e-04 
 1.00344363e-07  0.00000000e+00  1.19999988e+00 -4.36157668e-04 
 1.00360758e-07  0.00000000e+00  1.19999988e+00 -4.32310278e-04 
 1.00377986e-07  0.00000000e+00  1.19999988e+00 -3.97034926e-04 
 1.00393608e-07  0.00000000e+00  1.19999988e+00 -4.44437351e-04 
 1.00411353e-07  0.00000000e+00  1.19999988e+00 -3.47236467e-04 
 1.00429353e-07  0.00000000e+00  1.19999988e+00 -4.14411363e-04 
 1.00447602e-07  0.00000000e+00  1.19999988e+00 -4.36941983e-04 
 1.00466078e-07  0.00000000e+00  1.19999988e+00 -3.98728916e-04 
 1.00484394e-07  0.00000000e+00  1.19999988e+00 -4.35388626e-04 
 1.00501631e-07  0.00000000e+00  1.19999988e+00 -3.50225394e-04 
 1.00520465e-07  0.00000000e+00  1.19999988e+00 -4.21898661e-04 
 1.00538609e-07  0.00000000e+00  1.19999988e+00 -4.36174634e-04 
 1.00557525e-07  0.00000000e+00  1.19999988e+00 -4.00156802e-04 
 1.00576348e-07  0.00000000e+00  1.19999988e+00 -4.31008899e-04 
 1.00593297e-07  0.00000000e+00  1.19999988e+00 -3.38598967e-04 
 1.00609951e-07  0.00000000e+00  1.19999988e+00 -4.33544595e-04 
 1.00628144e-07  0.00000000e+00  1.19999988e+00 -4.25308519e-04 
 1.00645819e-07  0.00000000e+00  1.19999988e+00 -4.07958903e-04 
 1.00662170e-07  0.00000000e+00  1.19999988e+00 -4.30948757e-04 
 1.00679915e-07  0.00000000e+00  1.19999988e+00 -3.56037050e-04 
 1.00698192e-07  0.00000000e+00  1.19999988e+00 -4.10112981e-04 
 1.00716237e-07  0.00000000e+00  1.19999988e+00 -4.46418493e-04 
 1.00735108e-07  0.00000000e+00  1.19999988e+00 -3.90642338e-04 
 1.00753568e-07  0.00000000e+00  1.19999988e+00 -4.41506096e-04 
 1.00770775e-07  0.00000000e+00  1.19999988e+00 -3.35102171e-04 
 1.00788121e-07  0.00000000e+00  1.19999988e+00 -4.34253019e-04 
 1.00806417e-07  0.00000000e+00  1.19999988e+00 -4.23980180e-04 
 1.00824787e-07  0.00000000e+00  1.19999988e+00 -4.11927230e-04 
 1.00841569e-07  0.00000000e+00  1.19999988e+00 -4.25080106e-04 
 1.00859386e-07  0.00000000e+00  1.19999988e+00 -3.56093636e-04 
 1.00877940e-07  0.00000000e+00  1.19999988e+00 -4.15709257e-04 
 1.00895642e-07  0.00000000e+00  1.19999988e+00 -4.45955857e-04 
 1.00914811e-07  0.00000000e+00  1.19999988e+00 -3.92322154e-04 
 1.00933510e-07  0.00000000e+00  1.19999988e+00 -4.37410021e-04 
 1.00950575e-07  0.00000000e+00  1.19999988e+00 -3.31308664e-04 
 1.00967242e-07  0.00000000e+00  1.19999988e+00 -4.40413430e-04 
 1.00985412e-07  0.00000000e+00  1.19999988e+00 -4.20313276e-04 
 1.01003455e-07  0.00000000e+00  1.19999988e+00 -4.15091134e-04 
 1.01019974e-07  0.00000000e+00  1.19999988e+00 -4.22192260e-04 
 1.01037797e-07  0.00000000e+00  1.19999988e+00 -3.59582028e-04 
 1.01056284e-07  0.00000000e+00  1.19999988e+00 -4.10476388e-04 
 1.01074017e-07  0.00000000e+00  1.19999988e+00 -4.50813955e-04 
 1.01093294e-07  0.00000000e+00  1.19999988e+00 -3.88483393e-04 
 1.01111850e-07  0.00000000e+00  1.19999988e+00 -4.41125522e-04 
 1.01129070e-07  0.00000000e+00  1.19999988e+00 -3.28494346e-04 
 1.01145889e-07  0.00000000e+00  1.19999988e+00 -4.42755003e-04 
 1.01164064e-07  0.00000000e+00  1.19999988e+00 -4.18649603e-04 
 1.01182299e-07  0.00000000e+00  1.19999988e+00 -4.17816178e-04 
 1.01198924e-07  0.00000000e+00  1.19999988e+00 -4.18612221e-04 
 1.01216785e-07  0.00000000e+00  1.19999988e+00 -3.60618881e-04 
 1.01235390e-07  0.00000000e+00  1.19999988e+00 -4.11636262e-04 
 1.01252978e-07  0.00000000e+00  1.19999988e+00 -4.51933089e-04 
 1.01272346e-07  0.00000000e+00  1.19999988e+00 -3.88151771e-04 
 1.01291012e-07  0.00000000e+00  1.19999988e+00 -4.40077650e-04 
 1.01308176e-07  0.00000000e+00  1.19999988e+00 -3.26482302e-04 
 1.01324758e-07  0.00000000e+00  1.19999988e+00 -4.45807483e-04 
 1.01342904e-07  0.00000000e+00  1.19999988e+00 -4.16836671e-04 
 1.01361061e-07  0.00000000e+00  1.19999988e+00 -4.19851330e-04 
 1.01377605e-07  0.00000000e+00  1.19999988e+00 -4.16363195e-04 
 1.01395490e-07  0.00000000e+00  1.19999988e+00 -3.62086735e-04 
 1.01414113e-07  0.00000000e+00  1.19999988e+00 -4.10254362e-04 
 1.01431659e-07  0.00000000e+00  1.19999988e+00 -4.54068814e-04 
 1.01451121e-07  0.00000000e+00  1.19999988e+00 -3.86830934e-04 
 1.01469768e-07  0.00000000e+00  1.19999988e+00 -4.40758373e-04 
 1.01486985e-07  0.00000000e+00  1.19999988e+00 -3.24880809e-04 
 1.01503537e-07  0.00000000e+00  1.19999988e+00 -4.47717180e-04 
 1.01521674e-07  0.00000000e+00  1.19999988e+00 -4.15763017e-04 
 1.01539868e-07  0.00000000e+00  1.19999988e+00 -4.21466043e-04 
 1.01556417e-07  0.00000000e+00  1.19999988e+00 -4.14289564e-04 
 1.01574330e-07  0.00000000e+00  1.19999988e+00 -3.62767096e-04 
 1.01593012e-07  0.00000000e+00  1.19999988e+00 -4.10545960e-04 
 1.01610483e-07  0.00000000e+00  1.19999988e+00 -4.55041953e-04 
 1.01630027e-07  0.00000000e+00  1.19999988e+00 -3.86563651e-04 
 1.01648718e-07  0.00000000e+00  1.19999988e+00 -4.40099229e-04 
 1.01665934e-07  0.00000000e+00  1.19999988e+00 -3.23825576e-04 
 1.01682396e-07  0.00000000e+00  1.19999988e+00 -4.49612279e-04 
 1.01700511e-07  0.00000000e+00  1.19999988e+00 -4.14844679e-04 
 1.01718695e-07  0.00000000e+00  1.19999988e+00 -4.22731734e-04 
 1.01735203e-07  0.00000000e+00  1.19999988e+00 -4.12740696e-04 
 1.01753142e-07  0.00000000e+00  1.19999988e+00 -3.63206701e-04 
 1.01771870e-07  0.00000000e+00  1.19999988e+00 -4.10777918e-04 
 1.01789273e-07  0.00000000e+00  1.19999988e+00 -4.55841875e-04 
 1.01808900e-07  0.00000000e+00  1.19999988e+00 -3.86435550e-04 
 1.01827614e-07  0.00000000e+00  1.19999988e+00 -4.39456302e-04 
 1.01844844e-07  0.00000000e+00  1.19999988e+00 -3.23140960e-04 
 1.01861249e-07  0.00000000e+00  1.19999988e+00 -4.51016603e-04 
 1.01879345e-07  0.00000000e+00  1.19999988e+00 -4.14294141e-04 
 1.01897536e-07  0.00000000e+00  1.19999988e+00 -4.23649083e-04 
 1.01914014e-07  0.00000000e+00  1.19999988e+00 -4.11526555e-04 
 1.01931979e-07  0.00000000e+00  1.19999988e+00 -3.63303085e-04 
 1.01950756e-07  0.00000000e+00  1.19999988e+00 -4.11447378e-04 
 1.01968093e-07  0.00000000e+00  1.19999988e+00 -4.56201193e-04 
 1.01987796e-07  0.00000000e+00  1.19999988e+00 -3.86686358e-04 
 1.02006543e-07  0.00000000e+00  1.19999988e+00 -4.38420479e-04 
 1.02023777e-07  0.00000000e+00  1.19999988e+00 -3.22821989e-04 
 1.02040119e-07  0.00000000e+00  1.19999988e+00 -4.52130375e-04 
 1.02058199e-07  0.00000000e+00  1.19999988e+00 -4.13983219e-04 
 1.02076386e-07  0.00000000e+00  1.19999988e+00 -4.24268690e-04 
 1.02092827e-07  0.00000000e+00  1.19999988e+00 -4.10662642e-04 
 1.02110816e-07  0.00000000e+00  1.19999988e+00 -3.63164632e-04 
 1.02129639e-07  0.00000000e+00  1.19999988e+00 -4.12265681e-04 
 1.02146916e-07  0.00000000e+00  1.19999988e+00 -4.56307943e-04 
 1.02166691e-07  0.00000000e+00  1.19999988e+00 -3.87144708e-04 
 1.02185465e-07  0.00000000e+00  1.19999988e+00 -4.37235763e-04 
 1.02202705e-07  0.00000000e+00  1.19999988e+00 -3.22793506e-04 
 1.02218993e-07  0.00000000e+00  1.19999988e+00 -4.52919511e-04 
 1.02237060e-07  0.00000000e+00  1.19999988e+00 -4.13917771e-04 
 1.02255244e-07  0.00000000e+00  1.19999988e+00 -4.24622012e-04 
 1.02271649e-07  0.00000000e+00  1.19999988e+00 -4.10083084e-04 
 1.02289663e-07  0.00000000e+00  1.19999988e+00 -3.62805440e-04 
 1.02308530e-07  0.00000000e+00  1.19999988e+00 -4.13284916e-04 
 1.02325749e-07  0.00000000e+00  1.19999988e+00 -4.56151255e-04 
 1.02345591e-07  0.00000000e+00  1.19999988e+00 -3.87819796e-04 
 1.02364395e-07  0.00000000e+00  1.19999988e+00 -4.35861901e-04 
 1.02381638e-07  0.00000000e+00  1.19999988e+00 -3.23025011e-04 
 1.02397874e-07  0.00000000e+00  1.19999988e+00 -4.53448297e-04 
 1.02415931e-07  0.00000000e+00  1.19999988e+00 -4.14051491e-04 
 1.02434109e-07  0.00000000e+00  1.19999988e+00 -4.24744820e-04 
 1.02450478e-07  0.00000000e+00  1.19999988e+00 -4.09761318e-04 
 1.02468513e-07  0.00000000e+00  1.19999988e+00 -3.62264476e-04 
 1.02487423e-07  0.00000000e+00  1.19999988e+00 -4.14440176e-04 
 1.02504589e-07  0.00000000e+00  1.19999988e+00 -4.55787489e-04 
 1.02524494e-07  0.00000000e+00  1.19999988e+00 -3.88661435e-04 
 1.02543326e-07  0.00000000e+00  1.19999988e+00 -4.34360219e-04 
 1.02560572e-07  0.00000000e+00  1.19999988e+00 -3.23475521e-04 
 1.02576760e-07  0.00000000e+00  1.19999988e+00 -4.53735708e-04 
 1.02594808e-07  0.00000000e+00  1.19999988e+00 -4.14366258e-04 
 1.02612980e-07  0.00000000e+00  1.19999988e+00 -4.24663736e-04 
 1.02629312e-07  0.00000000e+00  1.19999988e+00 -4.09662535e-04 
 1.02647370e-07  0.00000000e+00  1.19999988e+00 -3.61564184e-04 
 1.02666319e-07  0.00000000e+00  1.19999988e+00 -4.15720245e-04 
 1.02683437e-07  0.00000000e+00  1.19999988e+00 -4.55238256e-04 
 1.02703400e-07  0.00000000e+00  1.19999988e+00 -3.89650640e-04 
 1.02722260e-07  0.00000000e+00  1.19999988e+00 -4.32743462e-04 
 1.02739507e-07  0.00000000e+00  1.19999988e+00 -3.24116707e-04 
 1.02755651e-07  0.00000000e+00  1.19999988e+00 -4.53812843e-04 
 1.02773693e-07  0.00000000e+00  1.19999988e+00 -4.14837980e-04 
 1.02791857e-07  0.00000000e+00  1.19999988e+00 -4.24403388e-04 
 1.02808152e-07  0.00000000e+00  1.19999988e+00 -4.09761471e-04 
 1.02826231e-07  0.00000000e+00  1.19999988e+00 -3.60727142e-04 
 1.02843304e-07  0.00000000e+00  1.19999988e+00 -4.05630452e-04 
 1.02861258e-07  0.00000000e+00  1.19999988e+00 -4.58149856e-04 
 1.02880513e-07  0.00000000e+00  1.19999988e+00 -3.86015974e-04 
 1.02899340e-07  0.00000000e+00  1.19999988e+00 -4.38739497e-04 
 1.02916865e-07  0.00000000e+00  1.19999988e+00 -3.25789535e-04 
 1.02933682e-07  0.00000000e+00  1.19999988e+00 -4.46901252e-04 
 1.02951912e-07  0.00000000e+00  1.19999988e+00 -4.19696009e-04 
 1.02970555e-07  0.00000000e+00  1.19999988e+00 -4.21447270e-04 
 1.02987344e-07  0.00000000e+00  1.19999988e+00 -4.10845188e-04 
 1.03005472e-07  0.00000000e+00  1.19999988e+00 -3.57245350e-04 
 1.03022494e-07  0.00000000e+00  1.19999988e+00 -4.11833435e-04 
 1.03040491e-07  0.00000000e+00  1.19999988e+00 -4.53372099e-04 
 1.03059663e-07  0.00000000e+00  1.19999988e+00 -3.90334499e-04 
 1.03078841e-07  0.00000000e+00  1.19999988e+00 -4.32667163e-04 
 1.03096123e-07  0.00000000e+00  1.19999988e+00 -3.28524747e-04 
 1.03112643e-07  0.00000000e+00  1.19999988e+00 -4.46089083e-04 
 1.03130853e-07  0.00000000e+00  1.19999988e+00 -4.21110923e-04 
 1.03149300e-07  0.00000000e+00  1.19999988e+00 -4.19477455e-04 
 1.03165900e-07  0.00000000e+00  1.19999988e+00 -4.13406627e-04 
 1.03184043e-07  0.00000000e+00  1.19999988e+00 -3.55526480e-04 
 1.03201097e-07  0.00000000e+00  1.19999988e+00 -4.12622368e-04 
 1.03219083e-07  0.00000000e+00  1.19999988e+00 -4.52295763e-04 
 1.03238367e-07  0.00000000e+00  1.19999988e+00 -3.91749747e-04 
 1.03257462e-07  0.00000000e+00  1.19999988e+00 -4.31530134e-04 
 1.03274853e-07  0.00000000e+00  1.19999988e+00 -3.29982937e-04 
 1.03291433e-07  0.00000000e+00  1.19999988e+00 -4.44766131e-04 
 1.03309647e-07  0.00000000e+00  1.19999988e+00 -4.22544559e-04 
 1.03328146e-07  0.00000000e+00  1.19999988e+00 -4.18186783e-04 
 1.03344744e-07  0.00000000e+00  1.19999988e+00 -4.14555081e-04 
 1.03362910e-07  0.00000000e+00  1.19999988e+00 -3.53794232e-04 
 1.03379924e-07  0.00000000e+00  1.19999988e+00 -4.14751760e-04 
 1.03397903e-07  0.00000000e+00  1.19999988e+00 -4.50500753e-04 
 1.03417178e-07  0.00000000e+00  1.19999988e+00 -3.93491628e-04 
 1.03436361e-07  0.00000000e+00  1.19999988e+00 -4.29360719e-04 
 1.03453713e-07  0.00000000e+00  1.19999988e+00 -3.31475209e-04 
 1.03470240e-07  0.00000000e+00  1.19999988e+00 -4.43741461e-04 
 1.03488460e-07  0.00000000e+00  1.19999988e+00 -4.23685504e-04 
 1.03506934e-07  0.00000000e+00  1.19999988e+00 -4.16983179e-04 
 1.03523487e-07  0.00000000e+00  1.19999988e+00 -4.15836452e-04 
 1.03541673e-07  0.00000000e+00  1.19999988e+00 -3.52491620e-04 
 1.03558684e-07  0.00000000e+00  1.19999988e+00 -4.16031778e-04 
 1.03576660e-07  0.00000000e+00  1.19999988e+00 -4.49305365e-04 
 1.03595965e-07  0.00000000e+00  1.19999988e+00 -3.94751034e-04 
 1.03615178e-07  0.00000000e+00  1.19999988e+00 -4.27917849e-04 
 1.03632539e-07  0.00000000e+00  1.19999988e+00 -3.32586193e-04 
 1.03649048e-07  0.00000000e+00  1.19999988e+00 -4.42985471e-04 
 1.03667273e-07  0.00000000e+00  1.19999988e+00 -4.24545295e-04 
 1.03685744e-07  0.00000000e+00  1.19999988e+00 -4.16095802e-04 
 1.03702264e-07  0.00000000e+00  1.19999988e+00 -4.16765518e-04 
 1.03720469e-07  0.00000000e+00  1.19999988e+00 -3.51407222e-04 
 1.03737468e-07  0.00000000e+00  1.19999988e+00 -4.17208732e-04 
 1.03755438e-07  0.00000000e+00  1.19999988e+00 -4.48252906e-04 
 1.03774761e-07  0.00000000e+00  1.19999988e+00 -3.95822060e-04 
 1.03794017e-07  0.00000000e+00  1.19999988e+00 -4.26602883e-04 
 1.03811372e-07  0.00000000e+00  1.19999988e+00 -3.33527689e-04 
 1.03827858e-07  0.00000000e+00  1.19999988e+00 -4.42395217e-04 
 1.03846088e-07  0.00000000e+00  1.19999988e+00 -4.25212954e-04 
 1.03864548e-07  0.00000000e+00  1.19999988e+00 -4.15373360e-04 
 1.03881034e-07  0.00000000e+00  1.19999988e+00 -4.17560300e-04 
 1.03899257e-07  0.00000000e+00  1.19999988e+00 -3.50534711e-04 
 1.03916249e-07  0.00000000e+00  1.19999988e+00 -4.18133926e-04 
 1.03934215e-07  0.00000000e+00  1.19999988e+00 -4.47408944e-04 
 1.03953557e-07  0.00000000e+00  1.19999988e+00 -3.96683999e-04 
 1.03970910e-07  0.00000000e+00  1.19999988e+00 -4.32318720e-04 
 1.03989148e-07  0.00000000e+00  1.19999988e+00 -3.34105615e-04 
 1.04006197e-07  0.00000000e+00  1.19999988e+00 -4.37437484e-04 
 1.04024262e-07  0.00000000e+00  1.19999988e+00 -4.29957957e-04 
 1.04043370e-07  0.00000000e+00  1.19999988e+00 -4.12742630e-04 
 1.04060366e-07  0.00000000e+00  1.19999988e+00 -4.17865025e-04 
 1.04078603e-07  0.00000000e+00  1.19999988e+00 -3.47357724e-04 
 1.04095497e-07  0.00000000e+00  1.19999988e+00 -4.24221453e-04 
 1.04113498e-07  0.00000000e+00  1.19999988e+00 -4.42748464e-04 
 1.04132626e-07  0.00000000e+00  1.19999988e+00 -4.00753976e-04 
 1.04149682e-07  0.00000000e+00  1.19999988e+00 -4.28996530e-04 
 1.04167924e-07  0.00000000e+00  1.19999988e+00 -3.36963316e-04 
 1.04184867e-07  0.00000000e+00  1.19999988e+00 -4.33906080e-04 
 1.04202883e-07  0.00000000e+00  1.19999988e+00 -4.33596321e-04 
 1.04222051e-07  0.00000000e+00  1.19999988e+00 -4.09666178e-04 
 1.04239140e-07  0.00000000e+00  1.19999988e+00 -4.20365146e-04 
 1.04257391e-07  0.00000000e+00  1.19999988e+00 -3.44629188e-04 
 1.04274312e-07  0.00000000e+00  1.19999988e+00 -4.27088459e-04 
 1.04292329e-07  0.00000000e+00  1.19999988e+00 -4.40177941e-04 
 1.04311483e-07  0.00000000e+00  1.19999988e+00 -4.03587544e-04 
 1.04328548e-07  0.00000000e+00  1.19999988e+00 -4.25913887e-04 
 1.04346806e-07  0.00000000e+00  1.19999987e+00 -3.39285264e-04 
 1.04363708e-07  0.00000000e+00  1.19999988e+00 -4.31966406e-04 
 1.04381720e-07  0.00000000e+00  1.19999987e+00 -4.35875032e-04 
 1.04400885e-07  0.00000000e+00  1.19999988e+00 -4.07630575e-04 
 1.04417959e-07  0.00000000e+00  1.19999988e+00 -4.22178922e-04 
 1.04436224e-07  0.00000000e+00  1.19999986e+00 -3.42371161e-04 
 1.04453117e-07  0.00000000e+00  1.19999989e+00 -4.29415927e-04 
 1.04471131e-07  0.00000000e+00  1.19999989e+00 -4.38158960e-04 
 1.04490301e-07  0.00000000e+00  1.19999990e+00 -4.05845818e-04 
 1.04507376e-07  0.00000000e+00  1.20000003e+00 -4.23431550e-04 
 1.04525648e-07  0.00000000e+00  1.19999938e+00 -3.41243629e-04 
 1.04542528e-07  0.00000000e+00  1.19999949e+00 -4.30235491e-04 
 1.04560541e-07  0.00000000e+00  1.20000002e+00 -4.37858183e-04 
 1.04579715e-07  0.00000000e+00  1.20000154e+00 -4.05912561e-04 
 1.04596790e-07  0.00000000e+00  1.20000890e+00 -4.23648487e-04 
 1.04615069e-07  0.00000000e+00  1.19999487e+00 -3.40438083e-04 
 1.04631937e-07  0.00000000e+00  1.19996851e+00 -4.31475625e-04 
 1.04649949e-07  0.00000000e+00  1.19994924e+00 -4.36384868e-04 
 1.04669129e-07  0.00000000e+00  1.20000496e+00 -4.07847339e-04 
 1.04686205e-07  0.00000000e+00  1.20041376e+00 -4.21537010e-04 
 1.04704490e-07  0.00000000e+00  1.20059056e+00 -3.42824272e-04 
 1.04721348e-07  0.00000000e+00  1.19950320e+00 -4.28152825e-04 
 1.04739359e-07  0.00000000e+00  1.19634426e+00 -4.37967384e-04 
 1.04758543e-07  0.00000000e+00  1.19338521e+00 -4.03724701e-04 
 1.04775620e-07  0.00000000e+00  1.20742260e+00 -4.35765776e-04 
 1.04793911e-07  0.00000000e+00  1.24391947e+00 -3.53110265e-04 
 1.04810238e-07  0.00000000e+00  1.25359366e+00 -4.23466569e-04 
 1.04825878e-07  0.00000000e+00  1.18016348e+00 -4.08025224e-04 
 1.04842339e-07  0.00000000e+00  1.01061547e+00 -3.41828135e-04 
 1.04857162e-07  0.00000000e+00  8.21070532e-01 -3.51692670e-04 
 1.04873971e-07  0.00000000e+00  6.02949178e-01 -3.30017226e-04 
 1.04891285e-07  0.00000000e+00  3.95556242e-01 -3.11194084e-04 
 1.04906913e-07  0.00000000e+00  2.40675843e-01 -3.94052219e-04 
 1.04923435e-07  0.00000000e+00  1.25733874e-01 -3.26918016e-04 
 1.04940824e-07  0.00000000e+00  5.71136465e-02 -3.31369778e-04 
 1.04956442e-07  0.00000000e+00  2.70268361e-02 -3.24919959e-04 
 1.04974279e-07  0.00000000e+00  1.11162852e-02 -2.95998710e-04 
 1.04989538e-07  0.00000000e+00  5.25114175e-03 -3.47827700e-04 
 1.05007468e-07  0.00000000e+00  2.12342088e-03 -3.56015112e-04 
 1.05025848e-07  0.00000000e+00  8.48446419e-04 -3.00105509e-04 
 1.05042423e-07  0.00000000e+00  3.64327498e-04 -3.43105881e-04 
 1.05060723e-07  0.00000000e+00  1.52685524e-04 -2.80711792e-04 
 1.05079638e-07  0.00000000e+00  5.14549426e-05 -3.62556896e-04 
 1.05096902e-07  0.00000000e+00  2.90967008e-05 -3.43280776e-04 
 1.05117019e-07  0.00000000e+00  3.66740286e-06 -3.14784784e-04 
 1.05134302e-07  0.00000000e+00  8.52875608e-06 -3.26757308e-04 
 1.05152475e-07  0.00000000e+00 -3.20033920e-06 -2.91864336e-04 
 1.05168830e-07  0.00000000e+00  5.29795751e-06 -3.51016819e-04 
 1.05186789e-07  0.00000000e+00 -4.14479503e-06 -3.52438630e-04 
 1.05205563e-07  0.00000000e+00  4.52635762e-06 -3.03086613e-04 
 1.05222173e-07  0.00000000e+00 -4.13503436e-06 -3.40055125e-04 
 1.05240465e-07  0.00000000e+00  4.21634971e-06 -2.81123076e-04 
 1.05257266e-07  0.00000000e+00 -3.95417174e-06 -3.56593453e-04 
 1.05275221e-07  0.00000000e+00  3.98733948e-06 -3.46007778e-04 
 1.05294592e-07  0.00000000e+00 -3.76632331e-06 -3.12573216e-04 
 1.05311942e-07  0.00000000e+00  3.79199999e-06 -3.28710079e-04 
 1.05330261e-07  0.00000000e+00 -3.57425334e-06 -2.92014456e-04 
 1.05347138e-07  0.00000000e+00  3.60114745e-06 -3.47871026e-04 
 1.05365188e-07  0.00000000e+00 -3.38747484e-06 -3.55078874e-04 
 1.05384368e-07  0.00000000e+00  3.43034715e-06 -3.02009488e-04 
 1.05401401e-07  0.00000000e+00 -3.21614386e-06 -3.40223880e-04 
 1.05419718e-07  0.00000000e+00  3.25959526e-06 -2.80039899e-04 
 1.05436465e-07  0.00000000e+00 -3.04860021e-06 -3.59709401e-04 
 1.05454463e-07  0.00000000e+00  3.09500998e-06 -3.43218135e-04 
 1.05473656e-07  0.00000000e+00 -2.89884610e-06 -3.14373634e-04 
 1.05490737e-07  0.00000000e+00  2.94523864e-06 -3.27455212e-04 
 1.05509057e-07  0.00000000e+00 -2.74948183e-06 -2.93074081e-04 
 1.05525847e-07  0.00000000e+00  2.79871830e-06 -3.46337040e-04 
 1.05543855e-07  0.00000000e+00 -2.60550276e-06 -3.56761336e-04 
 1.05563079e-07  0.00000000e+00  2.66771079e-06 -3.00790884e-04 
 1.05580187e-07  0.00000000e+00 -2.47446899e-06 -3.41129100e-04 
 1.05598513e-07  0.00000000e+00  2.53701472e-06 -2.79078103e-04 
 1.05615289e-07  0.00000000e+00 -2.34603617e-06 -3.60710033e-04 
 1.05633300e-07  0.00000000e+00  2.41085639e-06 -3.42294833e-04 
 1.05652511e-07  0.00000000e+00 -2.23119635e-06 -3.15361211e-04 
 1.05669596e-07  0.00000000e+00  2.29596449e-06 -3.26405575e-04 
 1.05687926e-07  0.00000000e+00 -2.11659923e-06 -2.93872455e-04 
 1.05704691e-07  0.00000000e+00  2.18343951e-06 -3.45736671e-04 
 1.05722698e-07  0.00000000e+00 -2.00599989e-06 -3.57465209e-04 
 1.05741916e-07  0.00000000e+00  2.08285812e-06 -3.00133148e-04 
 1.05759009e-07  0.00000000e+00 -1.90536056e-06 -3.41720999e-04 
 1.05777343e-07  0.00000000e+00  1.98250750e-06 -2.78347959e-04 
 1.05794105e-07  0.00000000e+00 -1.80675404e-06 -3.61445151e-04 
 1.05812114e-07  0.00000000e+00  1.88561584e-06 -3.41670858e-04 
 1.05831334e-07  0.00000000e+00 -1.71861845e-06 -3.16082137e-04 
 1.05848426e-07  0.00000000e+00  1.79745713e-06 -3.25605036e-04 
 1.05866764e-07  0.00000000e+00 -1.63068333e-06 -2.94500720e-04 
 1.05883519e-07  0.00000000e+00  1.71106080e-06 -3.45205244e-04 
 1.05901528e-07  0.00000000e+00 -1.54575173e-06 -3.58075001e-04 
 1.05920750e-07  0.00000000e+00  1.63385018e-06 -2.99605213e-04 
 1.05937841e-07  0.00000000e+00 -1.46849223e-06 -3.42165800e-04 
 1.05956182e-07  0.00000000e+00  1.55681351e-06 -2.77758565e-04 
 1.05972932e-07  0.00000000e+00 -1.39276963e-06 -3.62091719e-04 
 1.05990940e-07  0.00000000e+00  1.48238782e-06 -3.41126862e-04 
 1.06010165e-07  0.00000000e+00 -1.32510594e-06 -3.16688469e-04 
 1.06027257e-07  0.00000000e+00  1.41470172e-06 -3.24940107e-04 
 1.06045601e-07  0.00000000e+00 -1.25759722e-06 -2.95009132e-04 
 1.06062345e-07  0.00000000e+00  1.34834886e-06 -3.44770692e-04 
 1.06080354e-07  0.00000000e+00 -1.19235767e-06 -3.58583854e-04 
 1.06099581e-07  0.00000000e+00  1.28906470e-06 -2.99178880e-04 
 1.06116672e-07  0.00000000e+00 -1.13303716e-06 -3.42511983e-04 
 1.06135020e-07  0.00000000e+00  1.22991492e-06 -2.77281441e-04 
 1.06151759e-07  0.00000000e+00 -1.07487686e-06 -3.62622054e-04 
 1.06169767e-07  0.00000000e+00  1.17273742e-06 -3.40687902e-04 
 1.06188997e-07  0.00000000e+00 -1.02291780e-06 -3.17185778e-04 
 1.06206088e-07  0.00000000e+00  1.12075763e-06 -3.24387524e-04 
 1.06224439e-07  0.00000000e+00 -9.71077498e-07 -2.95418014e-04 
 1.06241173e-07  0.00000000e+00  1.06978628e-06 -3.44431202e-04 
 1.06259181e-07  0.00000000e+00 -9.20952834e-07 -3.58992648e-04 
 1.06278412e-07  0.00000000e+00  1.02425459e-06 -2.98843616e-04 
 1.06295504e-07  0.00000000e+00 -8.75393053e-07 -3.42775256e-04 
 1.06313858e-07  0.00000000e+00  9.78826103e-07 -2.76897603e-04 
 1.06330587e-07  0.00000000e+00 -8.30710843e-07 -3.63054543e-04 
 1.06348595e-07  0.00000000e+00  9.34889610e-07 -3.40337975e-04 
 1.06367828e-07  0.00000000e+00 -7.90800631e-07 -3.17591012e-04 
 1.06384920e-07  0.00000000e+00  8.94961187e-07 -3.23929882e-04 
 1.06403277e-07  0.00000000e+00 -7.50981187e-07 -2.95744925e-04 
 1.06420001e-07  0.00000000e+00  8.55795903e-07 -3.44167390e-04 
 1.06438009e-07  0.00000000e+00 -7.12460236e-07 -3.59320573e-04 
 1.06457244e-07  0.00000000e+00  8.20816709e-07 -2.98582346e-04 
 1.06474335e-07  0.00000000e+00 -6.77458915e-07 -3.42971140e-04 
 1.06492695e-07  0.00000000e+00  7.85916336e-07 -2.76590411e-04 
 1.06509415e-07  0.00000000e+00 -6.43121941e-07 -3.63407290e-04 
 1.06527423e-07  0.00000000e+00  7.52145872e-07 -3.40059998e-04 
 1.06546660e-07  0.00000000e+00 -6.12457312e-07 -3.17920583e-04 
 1.06563751e-07  0.00000000e+00  7.21465543e-07 -3.23551177e-04 
 1.06582114e-07  0.00000000e+00 -5.81861802e-07 -2.96004584e-04 
 1.06598829e-07  0.00000000e+00  6.91363167e-07 -3.43964810e-04 
 1.06616838e-07  0.00000000e+00 -5.52250056e-07 -3.59582422e-04 
 1.06636076e-07  0.00000000e+00  6.64482401e-07 -2.98381233e-04 
 1.06653167e-07  0.00000000e+00 -5.25351652e-07 -3.43112647e-04 
 1.06671532e-07  0.00000000e+00  6.37661565e-07 -2.76346290e-04 
 1.06688243e-07  0.00000000e+00 -4.98956449e-07 -3.63693891e-04 
 1.06706252e-07  0.00000000e+00  6.11697188e-07 -3.39841174e-04 
 1.06725492e-07  0.00000000e+00 -4.75387629e-07 -3.18187457e-04 
 1.06742583e-07  0.00000000e+00  5.88114989e-07 -3.23238343e-04 
 1.06760951e-07  0.00000000e+00 -4.51871167e-07 -2.96208897e-04 
 1.06777658e-07  0.00000000e+00  5.64970695e-07 -3.43812219e-04 
 1.06795667e-07  0.00000000e+00 -4.29100697e-07 -3.59789750e-04 
 1.06814908e-07  0.00000000e+00  5.44306033e-07 -2.98229295e-04 
 1.06831999e-07  0.00000000e+00 -4.08421799e-07 -3.43210189e-04 
 1.06850369e-07  0.00000000e+00  5.23686668e-07 -2.76154219e-04 
 1.06867073e-07  0.00000000e+00 -3.88124264e-07 -3.63925415e-04 
 1.06885081e-07  0.00000000e+00  5.03717059e-07 -3.39671160e-04 
 1.06904324e-07  0.00000000e+00 -3.70002281e-07 -3.18402180e-04 
 1.06921415e-07  0.00000000e+00  4.85583710e-07 -3.22980701e-04 
 1.06939787e-07  0.00000000e+00 -3.51919696e-07 -2.96367549e-04 
 1.06956487e-07  0.00000000e+00  4.67782332e-07 -3.43700459e-04 
 1.06974496e-07  0.00000000e+00 -3.34403268e-07 -3.59952011e-04 
 1.06993740e-07  0.00000000e+00  4.51889759e-07 -2.98117608e-04 
 1.07010832e-07  0.00000000e+00 -3.18499074e-07 -3.43272182e-04 
 1.07029206e-07  0.00000000e+00  4.36031153e-07 -2.76005196e-04 
 1.07045902e-07  0.00000000e+00 -3.02883999e-07 -3.64110982e-04 
 1.07063911e-07  0.00000000e+00  4.20665877e-07 -3.39541472e-04 
 1.07083157e-07  0.00000000e+00 -2.88943802e-07 -3.18573419e-04 
 1.07100248e-07  0.00000000e+00  4.06716047e-07 -3.22769450e-04 
 1.07118624e-07  0.00000000e+00 -2.75033011e-07 -2.96488456e-04 
 1.07135317e-07  0.00000000e+00  3.93017920e-07 -3.43622076e-04 
 1.07153326e-07  0.00000000e+00 -2.61552192e-07 -3.60076946e-04 
 1.07172573e-07  0.00000000e+00  3.80789471e-07 -2.98038896e-04 
 1.07189664e-07  0.00000000e+00 -2.49314182e-07 -3.43305452e-04 
 1.07208042e-07  0.00000000e+00  3.68586269e-07 -2.75891844e-04 
 1.07224732e-07  0.00000000e+00 -2.37295354e-07 -3.64258106e-04 
 1.07242741e-07  0.00000000e+00  3.56757838e-07 -3.39445152e-04 
 1.07261989e-07  0.00000000e+00 -2.26566276e-07 -3.18708313e-04 
 1.07279080e-07  0.00000000e+00  3.46020593e-07 -3.22597311e-04 
 1.07297460e-07  0.00000000e+00 -2.15858871e-07 -2.96578108e-04 
 1.07314147e-07  0.00000000e+00  3.35474161e-07 -3.43570994e-04 
 1.07332156e-07  0.00000000e+00 -2.05478239e-07 -3.60170905e-04 
 1.07351405e-07  0.00000000e+00  3.26059582e-07 -2.97987218e-04 
 1.07368497e-07  0.00000000e+00 -1.96055719e-07 -3.43315544e-04 
 1.07386878e-07  0.00000000e+00  3.16663560e-07 -2.75808099e-04 
 1.07403562e-07  0.00000000e+00 -1.86799336e-07 -3.64373002e-04 
 1.07421572e-07  0.00000000e+00  3.07552365e-07 -3.39376482e-04 
 1.07440822e-07  0.00000000e+00 -1.78536409e-07 -3.18812759e-04 
 1.07457913e-07  0.00000000e+00  2.99282497e-07 -3.22458240e-04 
 1.07476296e-07  0.00000000e+00 -1.70289266e-07 -2.96641838e-04 
 1.07492978e-07  0.00000000e+00  2.91157220e-07 -3.43542254e-04 
 1.07510987e-07  0.00000000e+00 -1.62290532e-07 -3.60239114e-04 
 1.07530238e-07  0.00000000e+00  2.83903974e-07 -2.97957712e-04 
 1.07547329e-07  0.00000000e+00 -1.55030577e-07 -3.43306970e-04 
 1.07565714e-07  0.00000000e+00  2.76664065e-07 -2.75748964e-04 
 1.07582393e-07  0.00000000e+00 -1.47896493e-07 -3.64460819e-04 
 1.07600402e-07  0.00000000e+00  2.69640761e-07 -3.39330748e-04 
 1.07619654e-07  0.00000000e+00 -1.41527933e-07 -3.18891645e-04 
 1.07636746e-07  0.00000000e+00  2.63266233e-07 -3.22347205e-04 
 1.07655132e-07  0.00000000e+00 -1.35170612e-07 -2.96684042e-04 
 1.07671808e-07  0.00000000e+00  2.57001235e-07 -3.43531794e-04 
 1.07689818e-07  0.00000000e+00 -1.29002196e-07 -3.60285880e-04 
 1.07709071e-07  0.00000000e+00  2.51408340e-07 -2.97946391e-04 
 1.07726162e-07  0.00000000e+00 -1.23403570e-07 -3.43283406e-04 
 1.07744550e-07  0.00000000e+00  2.45824814e-07 -2.75710309e-04 
 1.07761224e-07  0.00000000e+00 -1.17900251e-07 -3.64525842e-04 
 1.07779233e-07  0.00000000e+00  2.40405990e-07 -3.39304054e-04 
 1.07798487e-07  0.00000000e+00 -1.12987102e-07 -3.18949033e-04 
 1.07815579e-07  0.00000000e+00  2.35487681e-07 -3.22259998e-04 
 1.07833967e-07  0.00000000e+00 -1.08081700e-07 -2.96708351e-04 
 1.07850639e-07  0.00000000e+00  2.30652215e-07 -3.43536285e-04 
 1.07868649e-07  0.00000000e+00 -1.03319926e-07 -3.60314768e-04 
 1.07887903e-07  0.00000000e+00  2.26335051e-07 -2.97949980e-04 
 1.07904995e-07  0.00000000e+00 -9.89978517e-08 -3.43247848e-04 
 1.07923385e-07  0.00000000e+00  2.22024222e-07 -2.75688716e-04 
 1.07940055e-07  0.00000000e+00 -9.47477634e-08 -3.64571646e-04 
 1.07958064e-07  0.00000000e+00  2.17838620e-07 -3.39293177e-04 
 1.07977320e-07  0.00000000e+00 -9.09529677e-08 -3.18988309e-04 
 1.07994412e-07  0.00000000e+00  2.14039307e-07 -3.22193093e-04 
 1.08012803e-07  0.00000000e+00 -8.71632631e-08 -2.96717773e-04 
 1.08029470e-07  0.00000000e+00  2.10302548e-07 -3.43552992e-04 
 1.08047480e-07  0.00000000e+00 -8.34827309e-08 -3.60328731e-04 
 1.08066736e-07  0.00000000e+00  2.06965779e-07 -2.97965782e-04 
 1.08083828e-07  0.00000000e+00 -8.01416597e-08 -3.43202741e-04 
 1.08102220e-07  0.00000000e+00  2.03632985e-07 -2.75681346e-04 
 1.08118886e-07  0.00000000e+00 -7.68548863e-08 -3.64601217e-04 
 1.08136896e-07  0.00000000e+00  2.00395394e-07 -3.39295440e-04 
 1.08156153e-07  0.00000000e+00 -7.39195823e-08 -3.19012302e-04 
 1.08173245e-07  0.00000000e+00  1.97456122e-07 -3.22143522e-04 
 1.08191638e-07  0.00000000e+00 -7.09873504e-08 -2.96714801e-04 
 1.08208302e-07  0.00000000e+00  1.94563958e-07 -3.43579670e-04 
 1.08226312e-07  0.00000000e+00 -6.81380739e-08 -3.60330222e-04 
 1.08245569e-07  0.00000000e+00  1.91980727e-07 -2.97991578e-04 
 1.08262661e-07  0.00000000e+00 -6.55510227e-08 -3.43150079e-04 
 1.08281056e-07  0.00000000e+00  1.89399722e-07 -2.75685841e-04 
 1.08297717e-07  0.00000000e+00 -6.30048132e-08 -3.64617062e-04 
 1.08315728e-07  0.00000000e+00  1.86890979e-07 -3.39308619e-04 
 1.08334985e-07  0.00000000e+00 -6.07302439e-08 -3.19023382e-04 
 1.08352078e-07  0.00000000e+00  1.84612824e-07 -3.22108786e-04 
 1.08370473e-07  0.00000000e+00 -5.84571390e-08 -2.96701510e-04 
 1.08387133e-07  0.00000000e+00  1.82370023e-07 -3.43614467e-04 
 1.08405143e-07  0.00000000e+00 -5.62469931e-08 -3.60321284e-04 
 1.08424402e-07  0.00000000e+00  1.80366105e-07 -2.98025534e-04 
 1.08441494e-07  0.00000000e+00 -5.42396643e-08 -3.43091490e-04 
 1.08459891e-07  0.00000000e+00  1.78363031e-07 -2.75700234e-04 
 1.08476549e-07  0.00000000e+00 -5.22628782e-08 -3.64621285e-04 
 1.08494559e-07  0.00000000e+00  1.76414774e-07 -3.39330862e-04 
 1.08513818e-07  0.00000000e+00 -5.04962867e-08 -3.19023537e-04 
 1.08530911e-07  0.00000000e+00  1.74644944e-07 -3.22086767e-04 
 1.08549308e-07  0.00000000e+00 -4.87299473e-08 -2.96679627e-04 
 1.08565965e-07  0.00000000e+00  1.72901481e-07 -3.43655859e-04 
 1.08583975e-07  0.00000000e+00 -4.70113599e-08 -3.60303619e-04 
 1.08603235e-07  0.00000000e+00  1.71343017e-07 -2.98066139e-04 
 1.08620327e-07  0.00000000e+00 -4.54497595e-08 -3.43028299e-04 
 1.08638726e-07  0.00000000e+00  1.69784325e-07 -2.75722885e-04 
 1.08655381e-07  0.00000000e+00 -4.39108945e-08 -3.64615657e-04 
 1.08673391e-07  0.00000000e+00  1.68267177e-07 -3.39360627e-04 
 1.08692651e-07  0.00000000e+00 -4.25349418e-08 -3.19014442e-04 
 1.08709744e-07  0.00000000e+00  1.66888209e-07 -3.22075671e-04 
 1.08728143e-07  0.00000000e+00 -4.11583407e-08 -2.96650592e-04 
 1.08744797e-07  0.00000000e+00  1.65528824e-07 -3.43702591e-04 
 1.08762807e-07  0.00000000e+00 -3.98178179e-08 -3.60278650e-04 
 1.08782068e-07  0.00000000e+00  1.64312934e-07 -2.98112143e-04 
 1.08799160e-07  0.00000000e+00 -3.85990582e-08 -3.42961587e-04 
 1.08817561e-07  0.00000000e+00  1.63096041e-07 -2.75752424e-04 
 1.08834212e-07  0.00000000e+00 -3.73970335e-08 -3.64601675e-04 
 1.08852223e-07  0.00000000e+00  1.61910495e-07 -3.39396624e-04 
 1.08871484e-07  0.00000000e+00 -3.63215513e-08 -3.18997507e-04 
 1.08888577e-07  0.00000000e+00  1.60832209e-07 -3.22073973e-04 
 1.08906978e-07  0.00000000e+00 -3.52447069e-08 -2.96615608e-04 
 1.08923628e-07  0.00000000e+00  1.59768271e-07 -3.43753625e-04 
 1.08941640e-07  0.00000000e+00 -3.41950713e-08 -3.60247567e-04 
 1.08960901e-07  0.00000000e+00  1.58815913e-07 -2.98162513e-04 
 1.08977994e-07  0.00000000e+00 -3.32400211e-08 -3.42892231e-04 
 1.08996395e-07  0.00000000e+00  1.57861942e-07 -2.75787704e-04 
 1.09013045e-07  0.00000000e+00 -3.22971752e-08 -3.64580601e-04 
 1.09031056e-07  0.00000000e+00  1.56931548e-07 -3.39437777e-04 
 1.09050318e-07  0.00000000e+00 -3.14528363e-08 -3.18973923e-04 
 1.09067410e-07  0.00000000e+00  1.56084598e-07 -3.22080373e-04 
 1.09085813e-07  0.00000000e+00 -3.06066258e-08 -2.96575680e-04 
 1.09102461e-07  0.00000000e+00  1.55248000e-07 -3.43808109e-04 
 1.09120472e-07  0.00000000e+00 -2.97808303e-08 -3.60211368e-04 
 1.09139734e-07  0.00000000e+00  1.54498404e-07 -2.98216395e-04 
 1.09156827e-07  0.00000000e+00 -2.90287008e-08 -3.42820945e-04 
 1.09175230e-07  0.00000000e+00  1.53746740e-07 -2.75827763e-04 
 1.09191877e-07  0.00000000e+00 -2.82852893e-08 -3.64553506e-04 
 1.09209888e-07  0.00000000e+00  1.53012728e-07 -3.39483186e-04 
 1.09229151e-07  0.00000000e+00 -2.76188265e-08 -3.18944699e-04 
 1.09246244e-07  0.00000000e+00  1.52343776e-07 -3.22093760e-04 
 1.09264647e-07  0.00000000e+00 -2.69501055e-08 -2.96531651e-04 
 1.09281293e-07  0.00000000e+00  1.51682155e-07 -3.43865337e-04 
 1.09299304e-07  0.00000000e+00 -2.62965984e-08 -3.60170890e-04 
 1.09318567e-07  0.00000000e+00  1.51088631e-07 -2.98273084e-04 
 1.09335660e-07  0.00000000e+00 -2.57006413e-08 -3.42748304e-04 
 1.09354064e-07  0.00000000e+00  1.50492665e-07 -2.75871796e-04 
 1.09370709e-07  0.00000000e+00 -2.51107616e-08 -3.64521656e-04 
 1.09388721e-07  0.00000000e+00  1.49909817e-07 -3.39531052e-04 
 1.09407984e-07  0.00000000e+00 -2.45812211e-08 -3.18912048e-04 
 1.09425077e-07  0.00000000e+00  1.49377910e-07 -3.22111212e-04 
 1.09443482e-07  0.00000000e+00 -2.40490995e-08 -2.96484204e-04 
 1.09460125e-07  0.00000000e+00  1.48850995e-07 -3.43926035e-04 
 1.09478137e-07  0.00000000e+00 -2.35282533e-08 -3.60126134e-04 
 1.09497400e-07  0.00000000e+00  1.48377586e-07 -2.98334109e-04 
 1.09514493e-07  0.00000000e+00 -2.30525371e-08 -3.42670985e-04 
 1.09532899e-07  0.00000000e+00  1.47901521e-07 -2.75919263e-04 
 1.09549541e-07  0.00000000e+00 -2.25808656e-08 -3.64485805e-04 
 1.09567553e-07  0.00000000e+00  1.47435058e-07 -3.39584460e-04 
 1.09586816e-07  0.00000000e+00 -2.21567402e-08 -3.18874952e-04 
 1.09603910e-07  0.00000000e+00  1.47008680e-07 -3.22132516e-04 
 1.09622316e-07  0.00000000e+00 -2.17298376e-08 -2.96433978e-04 
 1.09638957e-07  0.00000000e+00  1.46585496e-07 -3.43987395e-04 
 1.09656969e-07  0.00000000e+00 -2.13111304e-08 -3.60080857e-04 
 1.09676233e-07  0.00000000e+00  1.46204619e-07 -2.98395649e-04 
 1.09693326e-07  0.00000000e+00 -2.09280303e-08 -3.42593683e-04 
 1.09711733e-07  0.00000000e+00  1.45820870e-07 -2.75969275e-04 
 1.09728373e-07  0.00000000e+00 -2.05474092e-08 -3.64446238e-04 
 1.09746385e-07  0.00000000e+00  1.45444081e-07 -3.39639887e-04 
 1.09765649e-07  0.00000000e+00 -2.02044783e-08 -3.18834470e-04 
 1.09782743e-07  0.00000000e+00  1.45098986e-07 -3.22158498e-04 
 1.09801150e-07  0.00000000e+00 -1.98586389e-08 -2.96381488e-04 
 1.09817789e-07  0.00000000e+00  1.44755707e-07 -3.44050190e-04 
 1.09835801e-07  0.00000000e+00 -1.95186232e-08 -3.60032793e-04 
 1.09855066e-07  0.00000000e+00  1.44446125e-07 -2.98458488e-04 
 1.09872159e-07  0.00000000e+00 -1.92068562e-08 -3.42516481e-04 
 1.09890567e-07  0.00000000e+00  1.44133507e-07 -2.76021547e-04 
 1.09907205e-07  0.00000000e+00 -1.88964114e-08 -3.64403373e-04 
 1.09925217e-07  0.00000000e+00  1.43825820e-07 -3.39697190e-04 
 1.09944482e-07  0.00000000e+00 -1.86160702e-08 -3.18790999e-04 
 1.09961576e-07  0.00000000e+00  1.43543348e-07 -3.22188620e-04 
 1.09979984e-07  0.00000000e+00 -1.83326432e-08 -2.96327082e-04 
 1.09989992e-07  0.00000000e+00  1.43166206e-07 -3.10907303e-04 
 1.10000000e-07  1.58818678e-13 -1.78565878e-08 -3.68884164e-04 
 1.10002002e-07  2.40197380e-02  6.22615164e-08 -3.44813231e-04 
 1.10006005e-07  7.20592140e-02  6.27927477e-08 -3.53266475e-04 
 1.10014012e-07  1.68138166e-01  6.22927063e-08 -3.22797686e-04 
 1.10030025e-07  3.60296070e-01  6.27782581e-08 -2.73919740e-04 
 1.10045710e-07  5.48516204e-01  6.23020234e-08 -3.14115120e-04 
 1.10062278e-07  7.47340704e-01  6.27693171e-08 -2.89873400e-04 
 1.10080605e-07  9.67264955e-01  6.23100686e-08 -3.50092221e-04 
 1.10090303e-07  1.08363248e+00  6.27586954e-08 -4.03568911e-04 
 1.10100000e-07  1.20000000e+00  6.23234840e-08 -4.41368597e-04 
 1.10101939e-07  1.20000000e+00  6.25302804e-08 -4.40530030e-04 
 1.10105818e-07  1.20000000e+00  6.25445124e-08 -4.19545578e-04 
 1.10113576e-07  1.20000000e+00  6.25315092e-08 -3.78698808e-04 
 1.10126790e-07  1.20000000e+00  6.25439030e-08 -3.72121962e-04 
 1.10141105e-07  1.20000000e+00  6.25319106e-08 -3.88954869e-04 
 1.10156020e-07  1.20000000e+00  6.25435339e-08 -3.74257993e-04 
 1.10170547e-07  1.20000000e+00  6.25322617e-08 -4.19864550e-04 
 1.10187739e-07  1.20000000e+00  6.25432032e-08 -4.67843618e-04 
 1.10206537e-07  1.20000000e+00  6.25325446e-08 -3.80418188e-04 
 1.10223889e-07  1.20000000e+00  6.25429422e-08 -3.91169718e-04 
 1.10240106e-07  1.20000000e+00  6.25328259e-08 -3.81823029e-04 
 1.10257863e-07  1.20000000e+00  6.25426739e-08 -4.05355728e-04 
 1.10275147e-07  1.20000000e+00  6.25330669e-08 -4.76259537e-04 
 1.10293561e-07  1.20000000e+00  6.25424313e-08 -3.85040731e-04 
 1.10310856e-07  1.20000000e+00  6.25333141e-08 -3.91716692e-04 
 1.10327157e-07  1.20000000e+00  6.25421847e-08 -3.81964069e-04 
 1.10345040e-07  1.20000000e+00  6.25335519e-08 -3.97028013e-04 
 1.10361345e-07  1.20000000e+00  6.25419527e-08 -4.73236490e-04 
 1.10379712e-07  1.20000000e+00  6.25337619e-08 -4.03379012e-04 
 1.10396510e-07  1.20000000e+00  6.25417523e-08 -3.83642875e-04 
 1.10412619e-07  1.20000000e+00  6.25339928e-08 -3.89211640e-04 
 1.10430507e-07  1.20000000e+00  6.25415462e-08 -3.81309948e-04 
 1.10446849e-07  1.20000000e+00  6.25341798e-08 -4.64050530e-04 
 1.10464486e-07  1.20000000e+00  6.25413391e-08 -4.30942634e-04 
 1.10482205e-07  1.20000000e+00  6.25343588e-08 -3.76375417e-04 
 1.10500065e-07  1.20000000e+00  6.25411718e-08 -3.92865679e-04 
 1.10517057e-07  1.20000000e+00  6.25345313e-08 -3.76148752e-04 
 1.10533623e-07  1.20000000e+00  6.25409877e-08 -4.52240662e-04 
 1.10550989e-07  1.20000000e+00  6.25347052e-08 -4.47426672e-04 
 1.10567925e-07  1.20000000e+00  6.25408384e-08 -3.75469260e-04 
 1.10585621e-07  1.20000000e+00  6.25348750e-08 -3.93750554e-04 
 1.10602739e-07  1.20000000e+00  6.25406782e-08 -3.76215555e-04 
 1.10620440e-07  1.20000000e+00  6.25350229e-08 -4.35466707e-04 
 1.10638062e-07  1.20000000e+00  6.25405376e-08 -4.62186688e-04 
 1.10654792e-07  1.20000000e+00  6.25351486e-08 -3.74154236e-04 
 1.10672724e-07  1.20000000e+00  6.25403999e-08 -3.96647089e-04 
 1.10690493e-07  1.20000000e+00  6.25352937e-08 -3.72712526e-04 
 1.10707584e-07  1.20000000e+00  6.25402683e-08 -4.27586711e-04 
 1.10726745e-07  1.20000000e+00  6.25354065e-08 -4.61463985e-04 
 1.10745201e-07  1.20000000e+00  6.25401538e-08 -3.75628630e-04 
 1.10763037e-07  1.20000000e+00  6.25355354e-08 -3.93869350e-04 
 1.10779609e-07  1.20000000e+00  6.25400323e-08 -3.76613634e-04 
 1.10797342e-07  1.20000000e+00  6.25356268e-08 -4.26545400e-04 
 1.10815330e-07  1.20000000e+00  6.25399191e-08 -4.66964611e-04 
 1.10834452e-07  1.20000000e+00  6.25357417e-08 -3.71968006e-04 
 1.10851739e-07  1.20000000e+00  6.25398282e-08 -3.97134077e-04 
 1.10868162e-07  1.20000000e+00  6.25358614e-08 -3.72543692e-04 
 1.10885867e-07  1.20000000e+00  6.25397192e-08 -4.26585942e-04 
 1.10903871e-07  1.20000000e+00  6.25359344e-08 -4.64678240e-04 
 1.10922939e-07  1.20000000e+00  6.25396306e-08 -3.78973572e-04 
 1.10940614e-07  1.20000000e+00  6.25360344e-08 -3.90943669e-04 
 1.10957042e-07  1.20000000e+00  6.25395441e-08 -3.78210547e-04 
 1.10974825e-07  1.20000000e+00  6.25361292e-08 -4.18951808e-04 
 1.10993174e-07  1.20000000e+00  6.25394553e-08 -4.70839521e-04 
 1.11012009e-07  1.20000000e+00  6.25361924e-08 -3.74038247e-04 
 1.11030133e-07  1.20000000e+00  6.25393786e-08 -3.96830317e-04 
 1.11046695e-07  1.20000000e+00  6.25362776e-08 -3.70888298e-04 
 1.11064512e-07  1.20000000e+00  6.25392962e-08 -4.28374269e-04 
 1.11082908e-07  1.20000000e+00  6.25363535e-08 -4.62262818e-04 
 1.11101816e-07  1.20000000e+00  6.25392432e-08 -3.81129682e-04 
 1.11119886e-07  1.20000000e+00  6.25364185e-08 -3.89218311e-04 
 1.11136525e-07  1.20000000e+00  6.25391607e-08 -3.77442515e-04 
 1.11154296e-07  1.20000000e+00  6.25364944e-08 -4.23995831e-04 
 1.11172420e-07  1.20000000e+00  6.25391137e-08 -4.68678068e-04 
 1.11191480e-07  1.20000000e+00  6.25365663e-08 -3.73709255e-04 
 1.11209339e-07  1.20000000e+00  6.25390430e-08 -3.96551190e-04 
 1.11226000e-07  1.20000000e+00  6.25365987e-08 -3.69001315e-04 
 1.11243723e-07  1.20000000e+00  6.25389794e-08 -4.33000100e-04 
 1.11261683e-07  1.20000000e+00  6.25366632e-08 -4.60178596e-04 
 1.11280827e-07  1.20000000e+00  6.25389194e-08 -3.82876563e-04 
 1.11298688e-07  1.20000000e+00  6.25367182e-08 -3.87425573e-04 
 1.11315394e-07  1.20000000e+00  6.25388751e-08 -3.77383378e-04 
 1.11333117e-07  1.20000000e+00  6.25367673e-08 -4.24728735e-04 
 1.11351044e-07  1.20000000e+00  6.25388196e-08 -4.68782080e-04 
 1.11370214e-07  1.20000000e+00  6.25368102e-08 -3.74444929e-04 
 1.11388154e-07  1.20000000e+00  6.25387807e-08 -3.96142125e-04 
 1.11404927e-07  1.20000000e+00  6.25368733e-08 -3.67635376e-04 
 1.11422653e-07  1.20000000e+00  6.25387398e-08 -4.35591324e-04 
 1.11440536e-07  1.20000000e+00  6.25369187e-08 -4.58397508e-04 
 1.11459748e-07  1.20000000e+00  6.25386943e-08 -3.84586484e-04 
 1.11477689e-07  1.20000000e+00  6.25369429e-08 -3.85905483e-04 
 1.11494516e-07  1.20000000e+00  6.25386580e-08 -3.77106925e-04 
 1.11512226e-07  1.20000000e+00  6.25370000e-08 -4.27217778e-04 
 1.11530018e-07  1.20000000e+00  6.25386102e-08 -4.67613760e-04 
 1.11549297e-07  1.20000000e+00  6.25370156e-08 -3.74929672e-04 
 1.11567199e-07  1.20000000e+00  6.25385637e-08 -3.95648021e-04 
 1.11585915e-07  1.20000000e+00  6.25370635e-08 -3.65329635e-04 
 1.11602783e-07  1.20000000e+00  6.25385499e-08 -4.44923323e-04 
 1.11621317e-07  1.20000000e+00  6.25370950e-08 -4.49907464e-04 
 1.11640413e-07  1.20000000e+00  6.25385062e-08 -3.85120385e-04 
 1.11657981e-07  1.20000000e+00  6.25371216e-08 -3.84206524e-04 
 1.11676392e-07  1.20000000e+00  6.25384793e-08 -3.77053414e-04 
 1.11693231e-07  1.20000000e+00  6.25371594e-08 -4.39604687e-04 
 1.11711199e-07  1.20000000e+00  6.25384521e-08 -4.58286912e-04 
 1.11728288e-07  1.20000000e+00  6.25371815e-08 -3.76887829e-04 
 1.11746429e-07  1.20000000e+00  6.25384225e-08 -3.94800034e-04 
 1.11763743e-07  1.20000000e+00  6.25372106e-08 -3.66757006e-04 
 1.11781013e-07  1.20000000e+00  6.25383894e-08 -4.41624700e-04 
 1.11798986e-07  1.20000000e+00  6.25372436e-08 -4.53749939e-04 
 1.11818212e-07  1.20000000e+00  6.25383696e-08 -3.85657932e-04 
 1.11835977e-07  1.20000000e+00  6.25372595e-08 -3.84792492e-04 
 1.11854447e-07  1.20000000e+00  6.25383584e-08 -3.76011302e-04 
 1.11871356e-07  1.20000000e+00  6.25372957e-08 -4.36937960e-04 
 1.11889551e-07  1.20000000e+00  6.25383173e-08 -4.59278147e-04 
 1.11908873e-07  1.20000000e+00  6.25373054e-08 -3.75157294e-04 
 1.11926262e-07  1.20000000e+00  6.25383012e-08 -3.94559244e-04 
 1.11944639e-07  1.20000000e+00  6.25373287e-08 -3.66057946e-04 
 1.11961480e-07  1.20000000e+00  6.25382802e-08 -4.51280536e-04 
 1.11979348e-07  1.20000000e+00  6.25373477e-08 -4.46630484e-04 
 1.11996502e-07  1.20000000e+00  6.25382560e-08 -3.88862589e-04 
 1.12014682e-07  1.20000000e+00  6.25373670e-08 -3.83262319e-04 
 1.12031936e-07  1.20000000e+00  6.25382488e-08 -3.77781879e-04 
 1.12049241e-07  1.20000000e+00  6.25373937e-08 -4.30889811e-04 
 1.12067155e-07  1.20000000e+00  6.25382294e-08 -4.64439824e-04 
 1.12086431e-07  1.20000000e+00  6.25374025e-08 -3.75070704e-04 
 1.12104322e-07  1.20000000e+00  6.25381954e-08 -3.95951570e-04 
 1.12122681e-07  1.20000000e+00  6.25374158e-08 -3.64245605e-04 
 1.12139694e-07  1.20000000e+00  6.25381982e-08 -4.49836147e-04 
 1.12157791e-07  1.20000000e+00  6.25374452e-08 -4.46514059e-04 
 1.12175215e-07  1.20000000e+00  6.25381786e-08 -3.90341301e-04 
 1.12193627e-07  1.20000000e+00  6.25374510e-08 -3.82089521e-04 
 1.12210979e-07  1.20000000e+00  6.25381636e-08 -3.78389595e-04 
 1.12228331e-07  1.20000000e+00  6.25374582e-08 -4.32249112e-04 
 1.12246247e-07  1.20000000e+00  6.25381428e-08 -4.63425455e-04 
 1.12265596e-07  1.20000000e+00  6.25374775e-08 -3.74759080e-04 
 1.12283428e-07  1.20000000e+00  6.25381421e-08 -3.96275994e-04 
 1.12301690e-07  1.20000000e+00  6.25374868e-08 -3.63524594e-04 
 1.12318736e-07  1.20000000e+00  6.25381151e-08 -4.52354231e-04 
 1.12336671e-07  1.20000000e+00  6.25375060e-08 -4.44612740e-04 
 1.12356018e-07  1.20000000e+00  6.25381122e-08 -3.89608599e-04 
 1.12373440e-07  1.20000000e+00  6.25375040e-08 -3.80837280e-04 
 1.12391624e-07  1.20000000e+00  6.25381007e-08 -3.78742049e-04 
 1.12408570e-07  1.20000000e+00  6.25375294e-08 -4.39664569e-04 
 1.12426281e-07  1.20000000e+00  6.25381004e-08 -4.58424574e-04 
 1.12443586e-07  1.20000000e+00  6.25375456e-08 -3.77383914e-04 
 1.12461862e-07  1.20000000e+00  6.25380898e-08 -3.95562845e-04 
 1.12479018e-07  1.20000000e+00  6.25375490e-08 -3.64215999e-04 
 1.12496409e-07  1.20000000e+00  6.25380700e-08 -4.45781378e-04 
 1.12514186e-07  1.20000000e+00  6.25375498e-08 -4.49646382e-04 
 1.12533589e-07  1.20000000e+00  6.25380581e-08 -3.89869148e-04 
 1.12551646e-07  1.20000000e+00  6.25375521e-08 -3.81776581e-04 
 1.12569819e-07  1.20000000e+00  6.25380518e-08 -3.77367097e-04 
 1.12587009e-07  1.20000000e+00  6.25375713e-08 -4.38877495e-04 
 1.12604905e-07  1.20000000e+00  6.25380453e-08 -4.58022190e-04 
 1.12624261e-07  1.20000000e+00  6.25375792e-08 -3.76507917e-04 
 1.12641815e-07  1.20000000e+00  6.25380449e-08 -3.94355518e-04 
 1.12659895e-07  1.20000000e+00  6.25375930e-08 -3.64478273e-04 
 1.12676930e-07  1.20000000e+00  6.25380290e-08 -4.54948180e-04 
 1.12694565e-07  1.20000000e+00  6.25375845e-08 -4.43217619e-04 
 1.12713798e-07  1.20000000e+00  6.25380182e-08 -3.90633905e-04 
 1.12731196e-07  1.20000000e+00  6.25376023e-08 -3.80414591e-04 
 1.12749191e-07  1.20000000e+00  6.25380194e-08 -3.78154773e-04 
 1.12766210e-07  1.20000000e+00  6.25376064e-08 -4.40359376e-04 
 1.12783795e-07  1.20000000e+00  6.25380080e-08 -4.57785999e-04 
 1.12803096e-07  1.20000000e+00  6.25376096e-08 -3.76998844e-04 
 1.12820562e-07  1.20000000e+00  6.25380023e-08 -3.94242264e-04 
 1.12838571e-07  1.20000000e+00  6.25376117e-08 -3.64056901e-04 
 1.12855619e-07  1.20000000e+00  6.25379986e-08 -4.54225686e-04 
 1.12873222e-07  1.20000000e+00  6.25376325e-08 -4.43760402e-04 
 1.12892535e-07  1.20000000e+00  6.25380095e-08 -3.91282524e-04 
 1.12910063e-07  1.20000000e+00  6.25376311e-08 -3.80010738e-04 
 1.12928051e-07  1.20000000e+00  6.25379917e-08 -3.78041418e-04 
 1.12945130e-07  1.20000000e+00  6.25376350e-08 -4.40631999e-04 
 1.12962714e-07  1.20000000e+00  6.25379726e-08 -4.57438883e-04 
 1.12982017e-07  1.20000000e+00  6.25376405e-08 -3.77584164e-04 
 1.12999569e-07  1.20000000e+00  6.25379784e-08 -3.93784154e-04 
 1.13017522e-07  1.20000000e+00  6.25376383e-08 -3.63996185e-04 
 1.13034624e-07  1.20000000e+00  6.25379723e-08 -4.55010621e-04 
 1.13052181e-07  1.20000000e+00  6.25376370e-08 -4.43134128e-04 
 1.13071479e-07  1.20000000e+00  6.25379757e-08 -3.91979987e-04 
 1.13089058e-07  1.20000000e+00  6.25376673e-08 -3.79458314e-04 
 1.13106981e-07  1.20000000e+00  6.25379725e-08 -3.78073371e-04 
 1.13124107e-07  1.20000000e+00  6.25376519e-08 -4.41160556e-04 
 1.13141639e-07  1.20000000e+00  6.25379597e-08 -4.57046033e-04 
 1.13160937e-07  1.20000000e+00  6.25376572e-08 -3.78170103e-04 
 1.13178547e-07  1.20000000e+00  6.25379646e-08 -3.93354135e-04 
 1.13196442e-07  1.20000000e+00  6.25376649e-08 -3.63914836e-04 
 1.13213593e-07  1.20000000e+00  6.25379469e-08 -4.55581246e-04 
 1.13231104e-07  1.20000000e+00  6.25376634e-08 -4.42668485e-04 
 1.13250399e-07  1.20000000e+00  6.25379547e-08 -3.92641805e-04 
 1.13268041e-07  1.20000000e+00  6.25376625e-08 -3.78949969e-04 
 1.13285907e-07  1.20000000e+00  6.25379531e-08 -3.78071823e-04 
 1.13303083e-07  1.20000000e+00  6.25376799e-08 -4.41689860e-04 
 1.13320571e-07  1.20000000e+00  6.25379487e-08 -4.56617287e-04 
 1.13339864e-07  1.20000000e+00  6.25376708e-08 -3.78764434e-04 
 1.13357535e-07  1.20000000e+00  6.25379343e-08 -3.92904888e-04 
 1.13375373e-07  1.20000000e+00  6.25376739e-08 -3.63861681e-04 
 1.13392574e-07  1.20000000e+00  6.25379434e-08 -4.56177515e-04 
 1.13410038e-07  1.20000000e+00  6.25376789e-08 -4.42174980e-04 
 1.13429330e-07  1.20000000e+00  6.25379456e-08 -3.93281467e-04 
 1.13447031e-07  1.20000000e+00  6.25376894e-08 -3.78455940e-04 
 1.13464839e-07  1.20000000e+00  6.25379385e-08 -3.78066252e-04 
 1.13482066e-07  1.20000000e+00  6.25376864e-08 -4.42244213e-04 
 1.13499508e-07  1.20000000e+00  6.25379303e-08 -4.56157489e-04 
 1.13518796e-07  1.20000000e+00  6.25376783e-08 -3.79361260e-04 
 1.13536527e-07  1.20000000e+00  6.25379296e-08 -3.92449050e-04 
 1.13554307e-07  1.20000000e+00  6.25376914e-08 -3.63826261e-04 
 1.13571559e-07  1.20000000e+00  6.25379324e-08 -4.56763903e-04 
 1.13588978e-07  1.20000000e+00  6.25376955e-08 -4.41679258e-04 
 1.13608264e-07  1.20000000e+00  6.25379296e-08 -3.93898418e-04 
 1.13626025e-07  1.20000000e+00  6.25376903e-08 -3.77979710e-04 
 1.13643777e-07  1.20000000e+00  6.25379280e-08 -3.78055430e-04 
 1.13661054e-07  1.20000000e+00  6.25376967e-08 -4.42813892e-04 
 1.13678450e-07  1.20000000e+00  6.25379347e-08 -4.55670215e-04 
 1.13697733e-07  1.20000000e+00  6.25377013e-08 -3.79957338e-04 
 1.13715523e-07  1.20000000e+00  6.25379223e-08 -3.91989399e-04 
 1.13733247e-07  1.20000000e+00  6.25377012e-08 -3.63807594e-04 
 1.13750549e-07  1.20000000e+00  6.25379213e-08 -4.57343874e-04 
 1.13767923e-07  1.20000000e+00  6.25376932e-08 -4.41176982e-04 
 1.13787204e-07  1.20000000e+00  6.25379107e-08 -3.94493987e-04 
 1.13805023e-07  1.20000000e+00  6.25376959e-08 -3.77520382e-04 
 1.13822718e-07  1.20000000e+00  6.25379219e-08 -3.78041819e-04 
 1.13840046e-07  1.20000000e+00  6.25377078e-08 -4.43393972e-04 
 1.13857398e-07  1.20000000e+00  6.25379182e-08 -4.55158909e-04 
 1.13876675e-07  1.20000000e+00  6.25377124e-08 -3.80549954e-04 
 1.13894523e-07  1.20000000e+00  6.25379106e-08 -3.91529589e-04 
 1.13912191e-07  1.20000000e+00  6.25377101e-08 -3.63803618e-04 
 1.13929543e-07  1.20000000e+00  6.25379062e-08 -4.57915346e-04 
 1.13946873e-07  1.20000000e+00  6.25376735e-08 -4.40668286e-04 
 1.13966148e-07  1.20000000e+00  6.25379871e-08 -3.95069190e-04 
 1.13984024e-07  1.20000000e+00  6.25375683e-08 -3.77077923e-04 
 1.14001664e-07  1.20000000e+00  6.25380460e-08 -3.78026864e-04 
 1.14019042e-07  1.20000000e+00  6.25378623e-08 -4.43979848e-04 
 1.14036350e-07  1.20000000e+00  6.25370450e-08 -4.54626373e-04 
 1.14055621e-07  1.20000000e+00  6.25394137e-08 -3.81137076e-04 
 1.14073525e-07  1.20000000e+00  6.25357916e-08 -3.91072574e-04 
 1.14091139e-07  1.20000000e+00  6.25378188e-08 -3.63812717e-04 
 1.14108541e-07  1.20000000e+00  6.25460027e-08 -4.58477086e-04 
 1.14125829e-07  1.20000000e+00  6.25171239e-08 -4.40152850e-04 
 1.14145096e-07  1.20000000e+00  6.25651112e-08 -3.95625084e-04 
 1.14163027e-07  1.20000000e+00  6.25174663e-08 -3.76652340e-04 
 1.14180614e-07  1.20000000e+00  6.24824927e-08 -3.78011720e-04 
 1.14198041e-07  1.20000000e+00  6.27808115e-08 -4.44567627e-04 
 1.14215308e-07  1.20000000e+00  6.21984007e-08 -4.54074996e-04 
 1.14234571e-07  1.20000000e+00  6.28369070e-08 -3.81717229e-04 
 1.14252530e-07  1.20000000e+00  6.25360794e-08 -3.90620904e-04 
 1.14270091e-07  1.20000000e+00  6.00077431e-08 -3.63833430e-04 
 1.14287542e-07  1.20000000e+00  6.77715613e-08 -4.59027904e-04 
 1.14304788e-07  1.20000000e+00  6.05009791e-08 -4.39630504e-04 
 1.14324048e-07  1.20000000e+00  6.67334943e-08 -3.96162761e-04 
 1.14342029e-07  1.20000000e+00  7.19902365e-08 -3.76251696e-04 
 1.14359566e-07  1.20000000e+00 -2.77225883e-08 -3.77991509e-04 
 1.14377039e-07  1.20000000e+00  1.00670158e-07 -4.45132321e-04 
 1.14394266e-07  1.20000000e+00  1.22574126e-07 -4.53522349e-04 
 1.14413522e-07  1.20000000e+00  3.37728903e-07 -3.82287841e-04 
 1.14431510e-07  1.20000000e+00  9.24380418e-07 -3.90223905e-04 
 1.14449031e-07  1.20000000e+00 -2.28572539e-06 -3.63828547e-04 
 1.14466519e-07  1.20000000e+00 -3.50706742e-06 -4.59448940e-04 
 1.14483730e-07  1.20000000e+00 -2.29536892e-06 -4.39186588e-04 
 1.14502984e-07  1.20000000e+00  1.13746155e-05 -3.96680280e-04 
 1.14520982e-07  1.20000000e+00  5.98822774e-05 -3.75971596e-04 
 1.14538490e-07  1.20000000e+00  5.69132572e-06 -3.77853921e-04 
 1.14555993e-07  1.20000000e+00 -1.87029931e-04 -4.45459916e-04 
 1.14573192e-07  1.20000000e+00 -4.50763880e-04 -4.53029006e-04 
 1.14592445e-07  1.20000000e+00 -2.14733039e-04 -3.83061507e-04 
 1.14610454e-07  1.20000000e+00  2.54257883e-03 -3.91030898e-04 
 1.14627949e-07  1.20000000e+00  5.21260578e-03 -3.63495421e-04 
 1.14645467e-07  1.20000000e+00 -1.24420944e-04 -4.56917461e-04 
 1.14662647e-07  1.20000000e+00 -2.16971839e-02 -4.30892740e-04 
 1.14681903e-07  1.20000000e+00 -4.69169871e-02 -3.92432963e-04 
 1.14696348e-07  1.20000000e+00 -1.10809739e-02 -4.21539140e-04 
 1.14712461e-07  1.20000000e+00  1.16380357e-01 -4.44059662e-04 
 1.14727279e-07  1.20000000e+00  2.68440298e-01 -4.55959939e-04 
 1.14743189e-07  1.20000000e+00  4.31165262e-01 -4.98755053e-04 
 1.14761093e-07  1.20000000e+00  6.05248269e-01 -4.17296081e-04 
 1.14778229e-07  1.20000000e+00  7.56450436e-01 -3.90505897e-04 
 1.14796206e-07  1.20000000e+00  8.90873516e-01 -3.77211439e-04 
 1.14813455e-07  1.20000000e+00  9.91429138e-01 -3.92482150e-04 
 1.14831554e-07  1.20000000e+00  1.06716950e+00 -4.18029717e-04 
 1.14848747e-07  1.20000000e+00  1.11556458e+00 -3.55416430e-04 
 1.14866497e-07  1.20000000e+00  1.14798516e+00 -3.04111870e-04 
 1.14883875e-07  1.20000000e+00  1.16794158e+00 -3.19209801e-04 
 1.14901373e-07  1.20000000e+00  1.18043003e+00 -3.28037706e-04 
 1.14918946e-07  1.20000000e+00  1.18812415e+00 -3.90620397e-04 
 1.14936206e-07  1.20000000e+00  1.19274265e+00 -3.31199137e-04 
 1.14953855e-07  1.20000000e+00  1.19562172e+00 -2.96340777e-04 
 1.14971182e-07  1.20000000e+00  1.19733555e+00 -2.98645607e-04 
 1.14988448e-07  1.20000000e+00  1.19837607e+00 -3.26578843e-04 
 1.15005809e-07  1.20000000e+00  1.19901361e+00 -3.73802988e-04 
 1.15022875e-07  1.20000000e+00  1.19939539e+00 -3.51930544e-04 
 1.15041136e-07  1.20000000e+00  1.19964271e+00 -2.83515709e-04 
 1.15058432e-07  1.20000000e+00  1.19978240e+00 -3.07419691e-04 
 1.15075728e-07  1.20000000e+00  1.19986772e+00 -3.11643867e-04 
 1.15092914e-07  1.20000000e+00  1.19991905e+00 -3.78433767e-04 
 1.15109978e-07  1.20000000e+00  1.19995051e+00 -3.50635968e-04 
 1.15128968e-07  1.20000000e+00  1.19997119e+00 -2.94541117e-04 
 1.15146856e-07  1.20000000e+00  1.19998288e+00 -2.95912448e-04 
 1.15164249e-07  1.20000000e+00  1.19998942e+00 -3.21087952e-04 
 1.15181718e-07  1.20000000e+00  1.19999369e+00 -3.65234040e-04 
 1.15198862e-07  1.20000000e+00  1.19999595e+00 -3.63983734e-04 
 1.15218147e-07  1.20000000e+00  1.19999777e+00 -2.83355146e-04 
 1.15236174e-07  1.20000000e+00  1.19999848e+00 -3.07342069e-04 
 1.15253679e-07  1.20000000e+00  1.19999917e+00 -3.09285516e-04 
 1.15271232e-07  1.20000000e+00  1.19999931e+00 -3.77200307e-04 
 1.15288413e-07  1.20000000e+00  1.19999967e+00 -3.51672448e-04 
 1.15307704e-07  1.20000000e+00  1.19999962e+00 -2.95356355e-04 
 1.15325748e-07  1.20000000e+00  1.19999986e+00 -2.95396246e-04 
 1.15343238e-07  1.20000000e+00  1.19999973e+00 -3.21416588e-04 
 1.15360800e-07  1.20000000e+00  1.19999992e+00 -3.65503738e-04 
 1.15377960e-07  1.20000000e+00  1.19999977e+00 -3.63346405e-04 
 1.15397222e-07  1.20000000e+00  1.19999995e+00 -2.83279223e-04 
 1.15415266e-07  1.20000000e+00  1.19999978e+00 -3.07701338e-04 
 1.15432726e-07  1.20000000e+00  1.19999995e+00 -3.09018259e-04 
 1.15450297e-07  1.20000000e+00  1.19999979e+00 -3.78159369e-04 
 1.15467437e-07  1.20000000e+00  1.19999996e+00 -3.50550825e-04 
 1.15486690e-07  1.20000000e+00  1.19999979e+00 -2.96097255e-04 
 1.15504740e-07  1.20000000e+00  1.19999996e+00 -2.94977441e-04 
 1.15522185e-07  1.20000000e+00  1.19999979e+00 -3.21721334e-04 
 1.15539768e-07  1.20000000e+00  1.19999996e+00 -3.65446847e-04 
 1.15556896e-07  1.20000000e+00  1.19999979e+00 -3.63249103e-04 
 1.15576149e-07  1.20000000e+00  1.19999996e+00 -2.83369420e-04 
 1.15594209e-07  1.20000000e+00  1.19999979e+00 -3.07917868e-04 
 1.15611643e-07  1.20000000e+00  1.19999996e+00 -3.08637390e-04 
 1.15629242e-07  1.20000000e+00  1.19999980e+00 -3.78640974e-04 
 1.15646359e-07  1.20000000e+00  1.19999996e+00 -3.49917798e-04 
 1.15665612e-07  1.20000000e+00  1.19999980e+00 -2.96754813e-04 
 1.15683682e-07  1.20000000e+00  1.19999996e+00 -2.94635480e-04 
 1.15701105e-07  1.20000000e+00  1.19999980e+00 -3.21892639e-04 
 1.15718718e-07  1.20000000e+00  1.19999996e+00 -3.65408842e-04 
 1.15735825e-07  1.20000000e+00  1.19999980e+00 -3.63114867e-04 
 1.15755076e-07  1.20000000e+00  1.19999995e+00 -2.83508613e-04 
 1.15773156e-07  1.20000000e+00  1.19999980e+00 -3.08072960e-04 
 1.15790568e-07  1.20000000e+00  1.19999995e+00 -3.08341121e-04 
 1.15808195e-07  1.20000000e+00  1.19999980e+00 -3.79076551e-04 
 1.15825292e-07  1.20000000e+00  1.19999995e+00 -3.49324046e-04 
 1.15844541e-07  1.20000000e+00  1.19999980e+00 -2.97322764e-04 
 1.15862630e-07  1.20000000e+00  1.19999995e+00 -2.94367096e-04 
 1.15880031e-07  1.20000000e+00  1.19999980e+00 -3.22016743e-04 
 1.15897672e-07  1.20000000e+00  1.19999995e+00 -3.65439191e-04 
 1.15914758e-07  1.20000000e+00  1.19999980e+00 -3.62916514e-04 
 1.15934006e-07  1.20000000e+00  1.19999995e+00 -2.83684812e-04 
 1.15952104e-07  1.20000000e+00  1.19999980e+00 -3.08179469e-04 
 1.15969494e-07  1.20000000e+00  1.19999995e+00 -3.08107212e-04 
 1.15987148e-07  1.20000000e+00  1.19999980e+00 -3.79453170e-04 
 1.16004225e-07  1.20000000e+00  1.19999995e+00 -3.48791238e-04 
 1.16023471e-07  1.20000000e+00  1.19999980e+00 -2.97820183e-04 
 1.16041578e-07  1.20000000e+00  1.19999995e+00 -2.94155759e-04 
 1.16058957e-07  1.20000000e+00  1.19999980e+00 -3.22097139e-04 
 1.16076624e-07  1.20000000e+00  1.19999995e+00 -3.65509654e-04 
 1.16093692e-07  1.20000000e+00  1.19999980e+00 -3.62681841e-04 
 1.16112936e-07  1.20000000e+00  1.19999995e+00 -2.83887465e-04 
 1.16131051e-07  1.20000000e+00  1.19999980e+00 -3.08248663e-04 
 1.16148420e-07  1.20000000e+00  1.19999995e+00 -3.07921435e-04 
 1.16166100e-07  1.20000000e+00  1.19999980e+00 -3.79781001e-04 
 1.16183158e-07  1.20000000e+00  1.19999995e+00 -3.48308449e-04 
 1.16202400e-07  1.20000000e+00  1.19999980e+00 -2.98259214e-04 
 1.16220525e-07  1.20000000e+00  1.19999995e+00 -2.93990242e-04 
 1.16237884e-07  1.20000000e+00  1.19999980e+00 -3.22144369e-04 
 1.16255576e-07  1.20000000e+00  1.19999995e+00 -3.65610956e-04 
 1.16272625e-07  1.20000000e+00  1.19999980e+00 -3.62419417e-04 
 1.16291865e-07  1.20000000e+00  1.19999996e+00 -2.84108118e-04 
 1.16309998e-07  1.20000000e+00  1.19999980e+00 -3.08289446e-04 
 1.16327347e-07  1.20000000e+00  1.19999996e+00 -3.07774495e-04 
 1.16345052e-07  1.20000000e+00  1.19999980e+00 -3.80069103e-04 
 1.16362092e-07  1.20000000e+00  1.19999996e+00 -3.47866699e-04 
 1.16381330e-07  1.20000000e+00  1.19999980e+00 -2.98649688e-04 
 1.16399471e-07  1.20000000e+00  1.19999996e+00 -2.93861681e-04 
 1.16416811e-07  1.20000000e+00  1.19999980e+00 -3.22166134e-04 
 1.16434527e-07  1.20000000e+00  1.19999996e+00 -3.65734890e-04 
 1.16451558e-07  1.20000000e+00  1.19999980e+00 -3.62137121e-04 
 1.16470795e-07  1.20000000e+00  1.19999996e+00 -2.84340511e-04 
 1.16488944e-07  1.20000000e+00  1.19999980e+00 -3.08308653e-04 
 1.16506274e-07  1.20000000e+00  1.19999996e+00 -3.07658769e-04 
 1.16524003e-07  1.20000000e+00  1.19999980e+00 -3.80324191e-04 
 1.16541025e-07  1.20000000e+00  1.19999996e+00 -3.47459308e-04 
 1.16560260e-07  1.20000000e+00  1.19999980e+00 -2.98999463e-04 
 1.16578416e-07  1.20000000e+00  1.19999996e+00 -2.93763131e-04 
 1.16595737e-07  1.20000000e+00  1.19999979e+00 -3.22168322e-04 
 1.16613478e-07  1.20000000e+00  1.19999996e+00 -3.65875143e-04 
 1.16630491e-07  1.20000000e+00  1.19999979e+00 -3.61840970e-04 
 1.16649725e-07  1.20000000e+00  1.19999996e+00 -2.84579945e-04 
 1.16667889e-07  1.20000000e+00  1.19999979e+00 -3.08311580e-04 
 1.16685201e-07  1.20000000e+00  1.19999996e+00 -3.07568266e-04 
 1.16702952e-07  1.20000000e+00  1.19999979e+00 -3.80551629e-04 
 1.16719958e-07  1.20000000e+00  1.19999996e+00 -3.47080919e-04 
 1.16739189e-07  1.20000000e+00  1.19999979e+00 -2.99314857e-04 
 1.16757361e-07  1.20000000e+00  1.19999996e+00 -2.93689127e-04 
 1.16774664e-07  1.20000000e+00  1.19999979e+00 -3.22155479e-04 
 1.16792426e-07  1.20000000e+00  1.19999996e+00 -3.66026862e-04 
 1.16809424e-07  1.20000000e+00  1.19999979e+00 -3.61535576e-04 
 1.16828654e-07  1.20000000e+00  1.19999996e+00 -2.84822914e-04 
 1.16846833e-07  1.20000000e+00  1.19999979e+00 -3.08302333e-04 
 1.16864127e-07  1.20000000e+00  1.19999996e+00 -3.07498232e-04 
 1.16881900e-07  1.20000000e+00  1.19999979e+00 -3.80755685e-04 
 1.16898891e-07  1.20000000e+00  1.19999996e+00 -3.46727253e-04 
 1.16918118e-07  1.20000000e+00  1.19999979e+00 -2.99600979e-04 
 1.16936304e-07  1.20000000e+00  1.19999996e+00 -2.93635349e-04 
 1.16953591e-07  1.20000000e+00  1.19999979e+00 -3.22131111e-04 
 1.16971374e-07  1.20000000e+00  1.19999996e+00 -3.66186312e-04 
 1.16988357e-07  1.20000000e+00  1.19999979e+00 -3.61224473e-04 
 1.17007583e-07  1.20000000e+00  1.19999996e+00 -2.85066817e-04 
 1.17025775e-07  1.20000000e+00  1.19999979e+00 -3.08284103e-04 
 1.17043054e-07  1.20000000e+00  1.19999996e+00 -3.07444880e-04 
 1.17060848e-07  1.20000000e+00  1.19999979e+00 -3.80939787e-04 
 1.17077823e-07  1.20000000e+00  1.19999996e+00 -3.46394863e-04 
 1.17097047e-07  1.20000000e+00  1.19999979e+00 -2.99861995e-04 
 1.17115246e-07  1.20000000e+00  1.19999996e+00 -2.93598364e-04 
 1.17132517e-07  1.20000000e+00  1.19999979e+00 -3.22097928e-04 
 1.17150321e-07  1.20000000e+00  1.19999996e+00 -3.66350621e-04 
 1.17167289e-07  1.20000000e+00  1.19999979e+00 -3.60910364e-04 
 1.17186511e-07  1.20000000e+00  1.19999996e+00 -2.85309744e-04 
 1.17204717e-07  1.20000000e+00  1.19999979e+00 -3.08259374e-04 
 1.17221980e-07  1.20000000e+00  1.19999996e+00 -3.07405174e-04 
 1.17239793e-07  1.20000000e+00  1.19999979e+00 -3.81106710e-04 
 1.17256755e-07  1.20000000e+00  1.19999996e+00 -3.46080949e-04 
 1.17275975e-07  1.20000000e+00  1.19999979e+00 -3.00101322e-04 
 1.17294187e-07  1.20000000e+00  1.19999996e+00 -2.93575432e-04 
 1.17311443e-07  1.20000000e+00  1.19999979e+00 -3.22058025e-04 
 1.17329266e-07  1.20000000e+00  1.19999996e+00 -3.66517590e-04 
 1.17346220e-07  1.20000000e+00  1.19999979e+00 -3.60595306e-04 
 1.17365439e-07  1.20000000e+00  1.19999996e+00 -2.85550306e-04 
 1.17383658e-07  1.20000000e+00  1.19999979e+00 -3.08230081e-04 
 1.17400905e-07  1.20000000e+00  1.19999996e+00 -3.07376674e-04 
 1.17418738e-07  1.20000000e+00  1.19999979e+00 -3.81258717e-04 
 1.17435686e-07  1.20000000e+00  1.19999996e+00 -3.45783214e-04 
 1.17454902e-07  1.20000000e+00  1.19999979e+00 -3.00321784e-04 
 1.17473127e-07  1.20000000e+00  1.19999996e+00 -2.93564352e-04 
 1.17490368e-07  1.20000000e+00  1.19999979e+00 -3.22013026e-04 
 1.17508209e-07  1.20000000e+00  1.19999996e+00 -3.66685541e-04 
 1.17525151e-07  1.20000000e+00  1.19999979e+00 -3.60280855e-04 
 1.17544366e-07  1.20000000e+00  1.19999996e+00 -2.85787514e-04 
 1.17562597e-07  1.20000000e+00  1.19999979e+00 -3.08197733e-04 
 1.17579830e-07  1.20000000e+00  1.19999996e+00 -3.07357405e-04 
 1.17597681e-07  1.20000000e+00  1.19999979e+00 -3.81397668e-04 
 1.17614616e-07  1.20000000e+00  1.19999996e+00 -3.45499762e-04 
 1.17633829e-07  1.20000000e+00  1.19999979e+00 -3.00525732e-04 
 1.17652066e-07  1.20000000e+00  1.19999996e+00 -2.93563346e-04 
 1.17669293e-07  1.20000000e+00  1.19999979e+00 -3.21964191e-04 
 1.17687152e-07  1.20000000e+00  1.19999996e+00 -3.66853199e-04 
 1.17704081e-07  1.20000000e+00  1.19999979e+00 -3.59968180e-04 
 1.17723292e-07  1.20000000e+00  1.19999996e+00 -2.86020679e-04 
 1.17741535e-07  1.20000000e+00  1.19999979e+00 -3.08163504e-04 
 1.17758755e-07  1.20000000e+00  1.19999996e+00 -3.07345762e-04 
 1.17776622e-07  1.20000000e+00  1.19999979e+00 -3.81525110e-04 
 1.17793546e-07  1.20000000e+00  1.19999996e+00 -3.45229007e-04 
 1.17812755e-07  1.20000000e+00  1.19999979e+00 -3.00715138e-04 
 1.17831004e-07  1.20000000e+00  1.19999996e+00 -2.93570972e-04 
 1.17848217e-07  1.20000000e+00  1.19999979e+00 -3.21912496e-04 
 1.17866093e-07  1.20000000e+00  1.19999996e+00 -3.67019604e-04 
 1.17883011e-07  1.20000000e+00  1.19999979e+00 -3.59658144e-04 
 1.17902218e-07  1.20000000e+00  1.19999996e+00 -2.86249341e-04 
 1.17920472e-07  1.20000000e+00  1.19999979e+00 -3.08128310e-04 
 1.17937679e-07  1.20000000e+00  1.19999996e+00 -3.07340437e-04 
 1.17955563e-07  1.20000000e+00  1.19999979e+00 -3.81642335e-04 
 1.17972475e-07  1.20000000e+00  1.19999996e+00 -3.44969616e-04 
 1.17991681e-07  1.20000000e+00  1.19999979e+00 -3.00891664e-04 
 1.18009940e-07  1.20000000e+00  1.19999996e+00 -2.93586048e-04 
 1.18027141e-07  1.20000000e+00  1.19999979e+00 -3.21858700e-04 
 1.18045032e-07  1.20000000e+00  1.19999996e+00 -3.67184043e-04 
 1.18061940e-07  1.20000000e+00  1.19999979e+00 -3.59351376e-04 
 1.18081143e-07  1.20000000e+00  1.19999996e+00 -2.86473211e-04 
 1.18099408e-07  1.20000000e+00  1.19999979e+00 -3.08092863e-04 
 1.18116602e-07  1.20000000e+00  1.19999996e+00 -3.07340356e-04 
 1.18134502e-07  1.20000000e+00  1.19999979e+00 -3.81750433e-04 
 1.18151404e-07  1.20000000e+00  1.19999996e+00 -3.44720455e-04 
 1.18170605e-07  1.20000000e+00  1.19999979e+00 -3.01056725e-04 
 1.18188875e-07  1.20000000e+00  1.19999996e+00 -2.93607603e-04 
 1.18206064e-07  1.20000000e+00  1.19999979e+00 -3.21803391e-04 
 1.18223971e-07  1.20000000e+00  1.19999996e+00 -3.67345993e-04 
 1.18240868e-07  1.20000000e+00  1.19999979e+00 -3.59048323e-04 
 1.18260067e-07  1.20000000e+00  1.19999996e+00 -2.86692135e-04 
 1.18278342e-07  1.20000000e+00  1.19999979e+00 -3.08057714e-04 
 1.18295525e-07  1.20000000e+00  1.19999996e+00 -3.07344634e-04 
 1.18313439e-07  1.20000000e+00  1.19999979e+00 -3.81850334e-04 
 1.18330331e-07  1.20000000e+00  1.19999996e+00 -3.44480552e-04 
 1.18349529e-07  1.20000000e+00  1.19999979e+00 -3.01211533e-04 
 1.18367809e-07  1.20000000e+00  1.19999996e+00 -2.93634832e-04 
 1.18384986e-07  1.20000000e+00  1.19999979e+00 -3.21747026e-04 
 1.18402908e-07  1.20000000e+00  1.19999996e+00 -3.67505077e-04 
 1.18419795e-07  1.20000000e+00  1.19999979e+00 -3.58749287e-04 
 1.18438991e-07  1.20000000e+00  1.19999996e+00 -2.86906050e-04 
 1.18457276e-07  1.20000000e+00  1.19999980e+00 -3.08023287e-04 
 1.18474447e-07  1.20000000e+00  1.19999996e+00 -3.07352539e-04 
 1.18492375e-07  1.20000000e+00  1.19999980e+00 -3.81942834e-04 
 1.18509258e-07  1.20000000e+00  1.19999996e+00 -3.44249063e-04 
 1.18528452e-07  1.20000000e+00  1.19999980e+00 -3.01357132e-04 
 1.18546742e-07  1.20000000e+00  1.19999996e+00 -2.93667065e-04 
 1.18563908e-07  1.20000000e+00  1.19999980e+00 -3.21689960e-04 
 1.18581843e-07  1.20000000e+00  1.19999996e+00 -3.67661038e-04 
 1.18598721e-07  1.20000000e+00  1.19999980e+00 -3.58454458e-04 
 1.18617913e-07  1.20000000e+00  1.19999996e+00 -2.87114971e-04 
 1.18636208e-07  1.20000000e+00  1.19999980e+00 -3.07989908e-04 
 1.18653368e-07  1.20000000e+00  1.19999996e+00 -3.07363466e-04 
 1.18671310e-07  1.20000000e+00  1.19999980e+00 -3.82028621e-04 
 1.18688184e-07  1.20000000e+00  1.19999996e+00 -3.44025254e-04 
 1.18707374e-07  1.20000000e+00  1.19999980e+00 -3.01494427e-04 
 1.18725674e-07  1.20000000e+00  1.19999996e+00 -2.93703740e-04 
 1.18742829e-07  1.20000000e+00  1.19999980e+00 -3.21632466e-04 
 1.18760777e-07  1.20000000e+00  1.19999995e+00 -3.67813706e-04 
 1.18777647e-07  1.20000000e+00  1.19999980e+00 -3.58163943e-04 
 1.18796835e-07  1.20000000e+00  1.19999995e+00 -2.87318965e-04 
 1.18815139e-07  1.20000000e+00  1.19999980e+00 -3.07957822e-04 
 1.18832289e-07  1.20000000e+00  1.19999995e+00 -3.07376908e-04 
 1.18850244e-07  1.20000000e+00  1.19999980e+00 -3.82108295e-04 
 1.18867109e-07  1.20000000e+00  1.19999995e+00 -3.43808478e-04 
 1.18886296e-07  1.20000000e+00  1.19999980e+00 -3.01624209e-04 
 1.18904604e-07  1.20000000e+00  1.19999995e+00 -2.93744379e-04 
 1.18921749e-07  1.20000000e+00  1.19999980e+00 -3.21574758e-04 
 1.18939711e-07  1.20000000e+00  1.19999995e+00 -3.67962981e-04 
 1.18956572e-07  1.20000000e+00  1.19999980e+00 -3.57877778e-04 
 1.18975756e-07  1.20000000e+00  1.19999995e+00 -2.87518135e-04 
 1.18994069e-07  1.20000000e+00  1.19999980e+00 -3.07927213e-04 
 1.19011209e-07  1.20000000e+00  1.19999995e+00 -3.07392442e-04 
 1.19029177e-07  1.20000000e+00  1.19999980e+00 -3.82182381e-04 
 1.19046034e-07  1.20000000e+00  1.19999995e+00 -3.43598160e-04 
 1.19065217e-07  1.20000000e+00  1.19999980e+00 -3.01747170e-04 
 1.19083533e-07  1.20000000e+00  1.19999995e+00 -2.93788578e-04 
 1.19100669e-07  1.20000000e+00  1.19999980e+00 -3.21516999e-04 
 1.19118642e-07  1.20000000e+00  1.19999995e+00 -3.68108817e-04 
 1.19135495e-07  1.20000000e+00  1.19999980e+00 -3.57595949e-04 
 1.19154677e-07  1.20000000e+00  1.19999995e+00 -2.87712617e-04 
 1.19172998e-07  1.20000000e+00  1.19999980e+00 -3.07898213e-04 
 1.19190128e-07  1.20000000e+00  1.19999995e+00 -3.07409714e-04 
 1.19208108e-07  1.20000000e+00  1.19999980e+00 -3.82251343e-04 
 1.19224957e-07  1.20000000e+00  1.19999995e+00 -3.43393788e-04 
 1.19244137e-07  1.20000000e+00  1.19999980e+00 -3.01863925e-04 
 1.19262462e-07  1.20000000e+00  1.19999995e+00 -2.93835989e-04 
 1.19279588e-07  1.20000000e+00  1.19999980e+00 -3.21459314e-04 
 1.19297573e-07  1.20000000e+00  1.19999995e+00 -3.68251208e-04 
 1.19314419e-07  1.20000000e+00  1.19999980e+00 -3.57318402e-04 
 1.19333596e-07  1.20000000e+00  1.19999995e+00 -2.87902561e-04 
 1.19351925e-07  1.20000000e+00  1.19999980e+00 -3.07870919e-04 
 1.19369047e-07  1.20000000e+00  1.19999995e+00 -3.07428426e-04 
 1.19387038e-07  1.20000000e+00  1.19999980e+00 -3.82315593e-04 
 1.19403880e-07  1.20000000e+00  1.19999995e+00 -3.43194899e-04 
 1.19423056e-07  1.20000000e+00  1.19999980e+00 -3.01975016e-04 
 1.19441389e-07  1.20000000e+00  1.19999995e+00 -2.93886315e-04 
 1.19458506e-07  1.20000000e+00  1.19999980e+00 -3.21401800e-04 
 1.19476502e-07  1.20000000e+00  1.19999995e+00 -3.68390183e-04 
 1.19493341e-07  1.20000000e+00  1.19999980e+00 -3.57045052e-04 
 1.19512515e-07  1.20000000e+00  1.19999995e+00 -2.88088134e-04 
 1.19530852e-07  1.20000000e+00  1.19999980e+00 -3.07845391e-04 
 1.19547965e-07  1.20000000e+00  1.19999995e+00 -3.07448327e-04 
 1.19565967e-07  1.20000000e+00  1.19999980e+00 -3.82375499e-04 
 1.19582802e-07  1.20000000e+00  1.19999995e+00 -3.43001074e-04 
 1.19601974e-07  1.20000000e+00  1.19999980e+00 -3.02080930e-04 
 1.19620315e-07  1.20000000e+00  1.19999995e+00 -2.93939293e-04 
 1.19637424e-07  1.20000000e+00  1.19999980e+00 -3.21344528e-04 
 1.19655431e-07  1.20000000e+00  1.19999995e+00 -3.68525792e-04 
 1.19672263e-07  1.20000000e+00  1.19999980e+00 -3.56775793e-04 
 1.19691433e-07  1.20000000e+00  1.19999995e+00 -2.88269509e-04 
 1.19709778e-07  1.20000000e+00  1.19999980e+00 -3.07821669e-04 
 1.19726882e-07  1.20000000e+00  1.19999995e+00 -3.07469205e-04 
 1.19744895e-07  1.20000000e+00  1.19999980e+00 -3.82431392e-04 
 1.19761723e-07  1.20000000e+00  1.19999995e+00 -3.42811927e-04 
 1.19780892e-07  1.20000000e+00  1.19999980e+00 -3.02182111e-04 
 1.19799240e-07  1.20000000e+00  1.19999995e+00 -2.93994701e-04 
 1.19816341e-07  1.20000000e+00  1.19999980e+00 -3.21287540e-04 
 1.19834358e-07  1.20000000e+00  1.19999995e+00 -3.68658094e-04 
 1.19851183e-07  1.20000000e+00  1.19999980e+00 -3.56510618e-04 
 1.19870351e-07  1.20000000e+00  1.19999995e+00 -2.88446678e-04 
 1.19888702e-07  1.20000000e+00  1.19999980e+00 -3.07799817e-04 
 1.19905799e-07  1.20000000e+00  1.19999995e+00 -3.07491056e-04 
 1.19923821e-07  1.20000000e+00  1.19999980e+00 -3.82483582e-04 
 1.19940643e-07  1.20000000e+00  1.19999995e+00 -3.42625724e-04 
 1.19959809e-07  1.20000000e+00  1.19999980e+00 -3.02281455e-04 
 1.19978164e-07  1.20000000e+00  1.19999995e+00 -2.94050378e-04 
 1.19995257e-07  1.20000000e+00  1.19999980e+00 -3.21231383e-04 
 1.20013284e-07  1.20000000e+00  1.19999995e+00 -3.68787006e-04 
 1.20030103e-07  1.20000000e+00  1.19999980e+00 -3.56252923e-04 
 1.20049267e-07  1.20000000e+00  1.19999995e+00 -2.88616900e-04 
 1.20067626e-07  1.20000000e+00  1.19999980e+00 -3.07781350e-04 
 1.20083813e-07  1.20000000e+00  1.19999995e+00 -3.06626115e-04 
 1.20100000e-07  1.20000000e+00  1.19999980e+00 -3.74356000e-04 
 1.20101848e-07  1.17782186e+00  1.19999988e+00 -3.82669978e-04 
 1.20105545e-07  1.13346557e+00  1.19999988e+00 -3.89643407e-04 
 1.20112937e-07  1.04475300e+00  1.19999988e+00 -3.85019037e-04 
 1.20127587e-07  8.68951024e-01  1.19999988e+00 -3.25525428e-04 
 1.20142395e-07  6.91260863e-01  1.19999988e+00 -3.25315910e-04 
 1.20159150e-07  4.90198260e-01  1.19999988e+00 -3.27016655e-04 
 1.20176093e-07  2.86887169e-01  1.19999988e+00 -3.72079099e-04 
 1.20188046e-07  1.43443584e-01  1.19999988e+00 -4.17134346e-04 
 1.20200000e-07  1.68087766e-13  1.19999988e+00 -4.54121627e-04 
 1.20201997e-07  0.00000000e+00  1.19999988e+00 -4.28141354e-04 
 1.20205991e-07  0.00000000e+00  1.19999988e+00 -4.20664544e-04 
 1.20213979e-07  0.00000000e+00  1.19999988e+00 -4.03791461e-04 
 1.20228249e-07  0.00000000e+00  1.19999988e+00 -3.92126356e-04 
 1.20243288e-07  0.00000000e+00  1.19999988e+00 -3.83781993e-04 
 1.20260144e-07  0.00000000e+00  1.19999988e+00 -4.16113498e-04 
 1.20276354e-07  0.00000000e+00  1.19999988e+00 -4.16500295e-04 
 1.20293516e-07  0.00000000e+00  1.19999988e+00 -4.33754895e-04 
 1.20310236e-07  0.00000000e+00  1.19999988e+00 -3.82119015e-04 
 1.20328315e-07  0.00000000e+00  1.19999988e+00 -3.99053334e-04 
 1.20345877e-07  0.00000000e+00  1.19999988e+00 -4.00323518e-04 
 1.20364594e-07  0.00000000e+00  1.19999988e+00 -4.29635097e-04 
 1.20381604e-07  0.00000000e+00  1.19999988e+00 -4.20759789e-04 
 1.20397998e-07  0.00000000e+00  1.19999988e+00 -4.00652719e-04 
 1.20415795e-07  0.00000000e+00  1.19999988e+00 -3.83618858e-04 
 1.20433344e-07  0.00000000e+00  1.19999988e+00 -4.13476534e-04 
 1.20451466e-07  0.00000000e+00  1.19999988e+00 -4.11128727e-04 
 1.20468978e-07  0.00000000e+00  1.19999988e+00 -4.37330025e-04 
 1.20487462e-07  0.00000000e+00  1.19999988e+00 -3.85429275e-04 
 1.20504181e-07  0.00000000e+00  1.19999988e+00 -3.97347711e-04 
 1.20522492e-07  0.00000000e+00  1.19999988e+00 -3.99292166e-04 
 1.20539923e-07  0.00000000e+00  1.19999988e+00 -4.23602884e-04 
 1.20558097e-07  0.00000000e+00  1.19999988e+00 -4.24224338e-04 
 1.20576001e-07  0.00000000e+00  1.19999988e+00 -4.00077523e-04 
 1.20593044e-07  0.00000000e+00  1.19999988e+00 -3.84236030e-04 
 1.20611018e-07  0.00000000e+00  1.19999988e+00 -4.11488048e-04 
 1.20628527e-07  0.00000000e+00  1.19999988e+00 -4.10170036e-04 
 1.20646471e-07  0.00000000e+00  1.19999988e+00 -4.37693426e-04 
 1.20664309e-07  0.00000000e+00  1.19999988e+00 -3.89518943e-04 
 1.20681324e-07  0.00000000e+00  1.19999988e+00 -3.96216705e-04 
 1.20699189e-07  0.00000000e+00  1.19999988e+00 -3.97683290e-04 
 1.20716567e-07  0.00000000e+00  1.19999988e+00 -4.20889159e-04 
 1.20734332e-07  0.00000000e+00  1.19999988e+00 -4.27095622e-04 
 1.20751953e-07  0.00000000e+00  1.19999988e+00 -4.05504789e-04 
 1.20769042e-07  0.00000000e+00  1.19999988e+00 -3.83095958e-04 
 1.20786734e-07  0.00000000e+00  1.19999988e+00 -4.07283132e-04 
 1.20804029e-07  0.00000000e+00  1.19999988e+00 -4.06824010e-04 
 1.20821513e-07  0.00000000e+00  1.19999988e+00 -4.41191018e-04 
 1.20838920e-07  0.00000000e+00  1.19999988e+00 -3.99360197e-04 
 1.20856270e-07  0.00000000e+00  1.19999988e+00 -3.93034883e-04 
 1.20873917e-07  0.00000000e+00  1.19999988e+00 -3.92920940e-04 
 1.20891188e-07  0.00000000e+00  1.19999988e+00 -4.16787960e-04 
 1.20908423e-07  0.00000000e+00  1.19999988e+00 -4.30773607e-04 
 1.20925650e-07  0.00000000e+00  1.19999988e+00 -4.16769157e-04 
 1.20943266e-07  0.00000000e+00  1.19999988e+00 -3.80112087e-04 
 1.20961556e-07  0.00000000e+00  1.19999988e+00 -4.02422637e-04 
 1.20978322e-07  0.00000000e+00  1.19999988e+00 -4.05141040e-04 
 1.20995965e-07  0.00000000e+00  1.19999988e+00 -4.40450467e-04 
 1.21012823e-07  0.00000000e+00  1.19999988e+00 -4.10498560e-04 
 1.21031342e-07  0.00000000e+00  1.19999988e+00 -3.90129259e-04 
 1.21049689e-07  0.00000000e+00  1.19999988e+00 -3.90912680e-04 
 1.21066577e-07  0.00000000e+00  1.19999988e+00 -4.15825552e-04 
 1.21084534e-07  0.00000000e+00  1.19999988e+00 -4.28096088e-04 
 1.21101350e-07  0.00000000e+00  1.19999988e+00 -4.23426929e-04 
 1.21120414e-07  0.00000000e+00  1.19999988e+00 -3.78848673e-04 
 1.21138179e-07  0.00000000e+00  1.19999988e+00 -4.01471584e-04 
 1.21155487e-07  0.00000000e+00  1.19999988e+00 -4.04712379e-04 
 1.21173313e-07  0.00000000e+00  1.19999988e+00 -4.37687827e-04 
 1.21190258e-07  0.00000000e+00  1.19999988e+00 -4.14214424e-04 
 1.21209406e-07  0.00000000e+00  1.19999988e+00 -3.89338374e-04 
 1.21227003e-07  0.00000000e+00  1.19999988e+00 -3.90601673e-04 
 1.21244473e-07  0.00000000e+00  1.19999988e+00 -4.14993907e-04 
 1.21262301e-07  0.00000000e+00  1.19999988e+00 -4.26140440e-04 
 1.21279320e-07  0.00000000e+00  1.19999988e+00 -4.25964892e-04 
 1.21298576e-07  0.00000000e+00  1.19999988e+00 -3.78693219e-04 
 1.21316053e-07  0.00000000e+00  1.19999988e+00 -4.00875022e-04 
 1.21333662e-07  0.00000000e+00  1.19999988e+00 -4.04331411e-04 
 1.21351483e-07  0.00000000e+00  1.19999988e+00 -4.35763984e-04 
 1.21368562e-07  0.00000000e+00  1.19999988e+00 -4.16626268e-04 
 1.21387883e-07  0.00000000e+00  1.19999988e+00 -3.88781199e-04 
 1.21405326e-07  0.00000000e+00  1.19999988e+00 -3.90606760e-04 
 1.21423008e-07  0.00000000e+00  1.19999988e+00 -4.14267003e-04 
 1.21440821e-07  0.00000000e+00  1.19999988e+00 -4.25142407e-04 
 1.21457933e-07  0.00000000e+00  1.19999988e+00 -4.27506959e-04 
 1.21477280e-07  0.00000000e+00  1.19999988e+00 -3.78494940e-04 
 1.21494756e-07  0.00000000e+00  1.19999988e+00 -4.00752747e-04 
 1.21512450e-07  0.00000000e+00  1.19999988e+00 -4.03959703e-04 
 1.21530261e-07  0.00000000e+00  1.19999988e+00 -4.34889186e-04 
 1.21547380e-07  0.00000000e+00  1.19999988e+00 -4.18124934e-04 
 1.21566731e-07  0.00000000e+00  1.19999988e+00 -3.88276311e-04 
 1.21584280e-07  0.00000000e+00  1.19999988e+00 -3.90986161e-04 
 1.21601945e-07  0.00000000e+00  1.19999988e+00 -4.13573654e-04 
 1.21619764e-07  0.00000000e+00  1.19999988e+00 -4.24886815e-04 
 1.21636871e-07  0.00000000e+00  1.19999988e+00 -4.28450388e-04 
 1.21656215e-07  0.00000000e+00  1.19999988e+00 -3.78311661e-04 
 1.21673861e-07  0.00000000e+00  1.19999988e+00 -4.00989134e-04 
 1.21691473e-07  0.00000000e+00  1.19999988e+00 -4.03518973e-04 
 1.21709309e-07  0.00000000e+00  1.19999988e+00 -4.34570954e-04 
 1.21726393e-07  0.00000000e+00  1.19999988e+00 -4.19148636e-04 
 1.21745723e-07  0.00000000e+00  1.19999988e+00 -3.87850614e-04 
 1.21763483e-07  0.00000000e+00  1.19999988e+00 -3.91618763e-04 
 1.21781026e-07  0.00000000e+00  1.19999988e+00 -4.12815041e-04 
 1.21798887e-07  0.00000000e+00  1.19999988e+00 -4.25016759e-04 
 1.21815940e-07  0.00000000e+00  1.19999988e+00 -4.29020983e-04 
 1.21835252e-07  0.00000000e+00  1.19999988e+00 -3.78192190e-04 
 1.21853139e-07  0.00000000e+00  1.19999988e+00 -4.01469578e-04 
 1.21870603e-07  0.00000000e+00  1.19999988e+00 -4.02965738e-04 
 1.21888496e-07  0.00000000e+00  1.19999988e+00 -4.34617915e-04 
 1.21905511e-07  0.00000000e+00  1.19999988e+00 -4.19768471e-04 
 1.21924803e-07  0.00000000e+00  1.19999988e+00 -3.87539735e-04 
 1.21942828e-07  0.00000000e+00  1.19999988e+00 -3.92437497e-04 
 1.21960202e-07  0.00000000e+00  1.19999988e+00 -4.11971470e-04 
 1.21978136e-07  0.00000000e+00  1.19999988e+00 -4.25474146e-04 
 1.21995110e-07  0.00000000e+00  1.19999988e+00 -4.29181457e-04 
 1.22014377e-07  0.00000000e+00  1.19999988e+00 -3.78186545e-04 
 1.22032550e-07  0.00000000e+00  1.19999988e+00 -4.02139622e-04 
 1.22049828e-07  0.00000000e+00  1.19999988e+00 -4.02311835e-04 
 1.22067808e-07  0.00000000e+00  1.19999988e+00 -4.35022906e-04 
 1.22084737e-07  0.00000000e+00  1.19999988e+00 -4.19903433e-04 
 1.22103864e-07  0.00000000e+00  1.19999988e+00 -3.87505897e-04 
 1.22122234e-07  0.00000000e+00  1.19999988e+00 -3.93288836e-04 
 1.22139362e-07  0.00000000e+00  1.19999988e+00 -4.11152907e-04 
 1.22157418e-07  0.00000000e+00  1.19999988e+00 -4.26055542e-04 
 1.22174294e-07  0.00000000e+00  1.19999988e+00 -4.29015627e-04 
 1.22193248e-07  0.00000000e+00  1.19999988e+00 -3.78601545e-04 
 1.22211766e-07  0.00000000e+00  1.19999988e+00 -4.02562019e-04 
 1.22228763e-07  0.00000000e+00  1.19999988e+00 -4.01842503e-04 
 1.22246888e-07  0.00000000e+00  1.19999988e+00 -4.35027852e-04 
 1.22263724e-07  0.00000000e+00  1.19999988e+00 -4.20145024e-04 
 1.22282598e-07  0.00000000e+00  1.19999988e+00 -3.87762214e-04 
 1.22301157e-07  0.00000000e+00  1.19999988e+00 -3.93683825e-04 
 1.22318106e-07  0.00000000e+00  1.19999988e+00 -4.10572665e-04 
 1.22336264e-07  0.00000000e+00  1.19999988e+00 -4.25882246e-04 
 1.22353088e-07  0.00000000e+00  1.19999988e+00 -4.29298014e-04 
 1.22371937e-07  0.00000000e+00  1.19999988e+00 -3.78990858e-04 
 1.22390538e-07  0.00000000e+00  1.19999988e+00 -4.02666515e-04 
 1.22407464e-07  0.00000000e+00  1.19999988e+00 -4.01483930e-04 
 1.22425662e-07  0.00000000e+00  1.19999988e+00 -4.34571836e-04 
 1.22442479e-07  0.00000000e+00  1.19999988e+00 -4.20642184e-04 
 1.22461308e-07  0.00000000e+00  1.19999988e+00 -3.87905330e-04 
 1.22479942e-07  0.00000000e+00  1.19999988e+00 -3.94011276e-04 
 1.22496848e-07  0.00000000e+00  1.19999988e+00 -4.10013961e-04 
 1.22515077e-07  0.00000000e+00  1.19999988e+00 -4.25734148e-04 
 1.22531887e-07  0.00000000e+00  1.19999988e+00 -4.29472270e-04 
 1.22550684e-07  0.00000000e+00  1.19999988e+00 -3.79322827e-04 
 1.22569350e-07  0.00000000e+00  1.19999988e+00 -4.02820998e-04 
 1.22586233e-07  0.00000000e+00  1.19999988e+00 -4.01129078e-04 
 1.22604489e-07  0.00000000e+00  1.19999988e+00 -4.34294627e-04 
 1.22621291e-07  0.00000000e+00  1.19999988e+00 -4.20936743e-04 
 1.22640059e-07  0.00000000e+00  1.19999988e+00 -3.88058395e-04 
 1.22658755e-07  0.00000000e+00  1.19999988e+00 -3.94342477e-04 
 1.22675616e-07  0.00000000e+00  1.19999988e+00 -4.09500217e-04 
 1.22693900e-07  0.00000000e+00  1.19999988e+00 -4.25652253e-04 
 1.22710694e-07  0.00000000e+00  1.19999988e+00 -4.29557065e-04 
 1.22729435e-07  0.00000000e+00  1.19999988e+00 -3.79654870e-04 
 1.22746274e-07  0.00000000e+00  1.19999988e+00 -4.01543963e-04 
 1.22763935e-07  0.00000000e+00  1.19999988e+00 -4.01018267e-04 
 1.22781347e-07  0.00000000e+00  1.19999988e+00 -4.30027310e-04 
 1.22798538e-07  0.00000000e+00  1.19999988e+00 -4.24289262e-04 
 1.22817903e-07  0.00000000e+00  1.19999988e+00 -3.88138583e-04 
 1.22835993e-07  0.00000000e+00  1.19999988e+00 -3.93138853e-04 
 1.22853584e-07  0.00000000e+00  1.19999988e+00 -4.09314288e-04 
 1.22871794e-07  0.00000000e+00  1.19999988e+00 -4.23200603e-04 
 1.22888885e-07  0.00000000e+00  1.19999988e+00 -4.31956142e-04 
 1.22908087e-07  0.00000000e+00  1.19999988e+00 -3.78910014e-04 
 1.22926490e-07  0.00000000e+00  1.19999988e+00 -4.03025980e-04 
 1.22943722e-07  0.00000000e+00  1.19999988e+00 -4.00086824e-04 
 1.22961903e-07  0.00000000e+00  1.19999988e+00 -4.33466843e-04 
 1.22978823e-07  0.00000000e+00  1.19999988e+00 -4.22446353e-04 
 1.22997504e-07  0.00000000e+00  1.19999988e+00 -3.87952195e-04 
 1.23014344e-07  0.00000000e+00  1.19999988e+00 -3.93162848e-04 
 1.23032031e-07  0.00000000e+00  1.19999988e+00 -4.08783353e-04 
 1.23049422e-07  0.00000000e+00  1.19999988e+00 -4.20742954e-04 
 1.23066650e-07  0.00000000e+00  1.19999988e+00 -4.34058210e-04 
 1.23085816e-07  0.00000000e+00  1.19999988e+00 -3.79955781e-04 
 1.23104099e-07  0.00000000e+00  1.19999988e+00 -4.01436606e-04 
 1.23121597e-07  0.00000000e+00  1.19999988e+00 -4.00554470e-04 
 1.23139889e-07  0.00000000e+00  1.19999988e+00 -4.30627573e-04 
 1.23156994e-07  0.00000000e+00  1.19999988e+00 -4.25144919e-04 
 1.23176042e-07  0.00000000e+00  1.19999988e+00 -3.86998307e-04 
 1.23194599e-07  0.00000000e+00  1.19999988e+00 -3.95053314e-04 
 1.23211749e-07  0.00000000e+00  1.19999988e+00 -4.07586816e-04 
 1.23230000e-07  0.00000000e+00  1.19999988e+00 -4.24822477e-04 
 1.23246919e-07  0.00000000e+00  1.19999988e+00 -4.31706007e-04 
 1.23265489e-07  0.00000000e+00  1.19999988e+00 -3.79911048e-04 
 1.23282286e-07  0.00000000e+00  1.19999988e+00 -4.01084256e-04 
 1.23299976e-07  0.00000000e+00  1.19999988e+00 -4.00333942e-04 
 1.23317352e-07  0.00000000e+00  1.19999988e+00 -4.27526376e-04 
 1.23334620e-07  0.00000000e+00  1.19999988e+00 -4.27546902e-04 
 1.23353698e-07  0.00000000e+00  1.19999988e+00 -3.87993353e-04 
 1.23372062e-07  0.00000000e+00  1.19999988e+00 -3.93506254e-04 
 1.23389573e-07  0.00000000e+00  1.19999988e+00 -4.07910342e-04 
 1.23407919e-07  0.00000000e+00  1.19999988e+00 -4.22037392e-04 
 1.23425070e-07  0.00000000e+00  1.19999988e+00 -4.34119477e-04 
 1.23444035e-07  0.00000000e+00  1.19999988e+00 -3.79186469e-04 
 1.23462692e-07  0.00000000e+00  1.19999988e+00 -4.02920412e-04 
 1.23479812e-07  0.00000000e+00  1.19999988e+00 -3.99336745e-04 
 1.23498104e-07  0.00000000e+00  1.19999988e+00 -4.32049449e-04 
 1.23515035e-07  0.00000000e+00  1.19999988e+00 -4.25067850e-04 
 1.23533503e-07  0.00000000e+00  1.19999988e+00 -3.87510665e-04 
 1.23550264e-07  0.00000000e+00  1.19999988e+00 -3.93474521e-04 
 1.23567957e-07  0.00000000e+00  1.19999988e+00 -4.07436592e-04 
 1.23585313e-07  0.00000000e+00  1.19999988e+00 -4.19045321e-04 
 1.23602616e-07  0.00000000e+00  1.19999988e+00 -4.36206233e-04 
 1.23621598e-07  0.00000000e+00  1.19999988e+00 -3.80726647e-04 
 1.23640054e-07  0.00000000e+00  1.19999988e+00 -4.00885007e-04 
 1.23657562e-07  0.00000000e+00  1.19999988e+00 -4.00082505e-04 
 1.23675961e-07  0.00000000e+00  1.19999988e+00 -4.28764681e-04 
 1.23693153e-07  0.00000000e+00  1.19999988e+00 -4.27768270e-04 
 1.23712037e-07  0.00000000e+00  1.19999988e+00 -3.86500213e-04 
 1.23730790e-07  0.00000000e+00  1.19999988e+00 -3.95744417e-04 
 1.23747877e-07  0.00000000e+00  1.19999988e+00 -4.06127339e-04 
 1.23766208e-07  0.00000000e+00  1.19999988e+00 -4.24434466e-04 
 1.23783147e-07  0.00000000e+00  1.19999988e+00 -4.33145894e-04 
 1.23801528e-07  0.00000000e+00  1.19999988e+00 -3.80299157e-04 
 1.23818257e-07  0.00000000e+00  1.19999988e+00 -4.00662956e-04 
 1.23835951e-07  0.00000000e+00  1.19999988e+00 -3.99846315e-04 
 1.23853289e-07  0.00000000e+00  1.19999988e+00 -4.25389029e-04 
 1.23870622e-07  0.00000000e+00  1.19999988e+00 -4.30045710e-04 
 1.23889517e-07  0.00000000e+00  1.19999988e+00 -3.88071862e-04 
 1.23908058e-07  0.00000000e+00  1.19999988e+00 -3.93728477e-04 
 1.23925562e-07  0.00000000e+00  1.19999988e+00 -4.06798897e-04 
 1.23944010e-07  0.00000000e+00  1.19999988e+00 -4.21147679e-04 
 1.23961238e-07  0.00000000e+00  1.19999988e+00 -4.35658466e-04 
 1.23980049e-07  0.00000000e+00  1.19999988e+00 -3.79473909e-04 
 1.23998891e-07  0.00000000e+00  1.19999988e+00 -4.02888888e-04 
 1.24015946e-07  0.00000000e+00  1.19999988e+00 -3.98686460e-04 
 1.24034314e-07  0.00000000e+00  1.19999988e+00 -4.31142347e-04 
 1.24051257e-07  0.00000000e+00  1.19999988e+00 -4.26882786e-04 
 1.24069562e-07  0.00000000e+00  1.19999988e+00 -3.87254786e-04 
 1.24086262e-07  0.00000000e+00  1.19999988e+00 -3.93763920e-04 
 1.24103956e-07  0.00000000e+00  1.19999988e+00 -4.06353860e-04 
 1.24121278e-07  0.00000000e+00  1.19999988e+00 -4.17843662e-04 
 1.24138637e-07  0.00000000e+00  1.19999988e+00 -4.37697680e-04 
 1.24157452e-07  0.00000000e+00  1.19999988e+00 -3.81493014e-04 
 1.24176073e-07  0.00000000e+00  1.19999988e+00 -4.00477894e-04 
 1.24193571e-07  0.00000000e+00  1.19999988e+00 -3.99702818e-04 
 1.24212065e-07  0.00000000e+00  1.19999988e+00 -4.27438795e-04 
 1.24229323e-07  0.00000000e+00  1.19999988e+00 -4.29636626e-04 
 1.24248069e-07  0.00000000e+00  1.19999988e+00 -3.86196507e-04 
 1.24265092e-07  0.00000000e+00  1.19999988e+00 -3.94688563e-04 
 1.24282957e-07  0.00000000e+00  1.19999988e+00 -4.05133227e-04 
 1.24300467e-07  0.00000000e+00  1.19999988e+00 -4.19490016e-04 
 1.24317847e-07  0.00000000e+00  1.19999988e+00 -4.37008643e-04 
 1.24336504e-07  0.00000000e+00  1.19999988e+00 -3.81582165e-04 
 1.24355396e-07  0.00000000e+00  1.19999988e+00 -4.00687706e-04 
 1.24372637e-07  0.00000000e+00  1.19999987e+00 -3.99736859e-04 
 1.24391139e-07  0.00000000e+00  1.19999988e+00 -4.27817712e-04 
 1.24408275e-07  0.00000000e+00  1.19999988e+00 -4.30033118e-04 
 1.24426756e-07  0.00000000e+00  1.19999986e+00 -3.85988302e-04 
 1.24443563e-07  0.00000000e+00  1.19999989e+00 -3.94775163e-04 
 1.24461390e-07  0.00000000e+00  1.19999988e+00 -4.04738127e-04 
 1.24478781e-07  0.00000000e+00  1.19999991e+00 -4.18453303e-04 
 1.24496203e-07  0.00000000e+00  1.20000001e+00 -4.37735306e-04 
 1.24514888e-07  0.00000000e+00  1.19999940e+00 -3.82266218e-04 
 1.24533700e-07  0.00000000e+00  1.19999954e+00 -3.99936548e-04 
 1.24551098e-07  0.00000000e+00  1.19999998e+00 -3.99915149e-04 
 1.24569611e-07  0.00000000e+00  1.20000200e+00 -4.26651215e-04 
 1.24586855e-07  0.00000000e+00  1.20000887e+00 -4.31119590e-04 
 1.24605396e-07  0.00000000e+00  1.19999298e+00 -3.85614296e-04 
 1.24622266e-07  0.00000000e+00  1.19996657e+00 -3.95069281e-04 
 1.24640142e-07  0.00000000e+00  1.19994796e+00 -4.04181233e-04 
 1.24657556e-07  0.00000000e+00  1.20000430e+00 -4.18685157e-04 
 1.24675001e-07  0.00000000e+00  1.20041209e+00 -4.38139400e-04 
 1.24693602e-07  0.00000000e+00  1.20058423e+00 -3.82345808e-04 
 1.24712529e-07  0.00000000e+00  1.19925718e+00 -3.99229024e-04 
 1.24729854e-07  0.00000000e+00  1.19597122e+00 -3.98106595e-04 
 1.24748388e-07  0.00000000e+00  1.19353699e+00 -4.26197704e-04 
 1.24765615e-07  0.00000000e+00  1.20925174e+00 -4.43252411e-04 
 1.24784063e-07  0.00000000e+00  1.24631022e+00 -3.99066477e-04 
 1.24800268e-07  0.00000000e+00  1.25177170e+00 -3.85982837e-04 
 1.24816029e-07  0.00000000e+00  1.16981762e+00 -3.67495965e-04 
 1.24832434e-07  0.00000000e+00  9.95544058e-01 -3.47049054e-04 
 1.24847737e-07  0.00000000e+00  7.98713343e-01 -3.62861025e-04 
 1.24864045e-07  0.00000000e+00  5.87596778e-01 -3.58798844e-04 
 1.24881970e-07  0.00000000e+00  3.75676404e-01 -3.35285541e-04 
 1.24898990e-07  0.00000000e+00  2.14431627e-01 -3.29322639e-04 
 1.24916799e-07  0.00000000e+00  1.03465710e-01 -3.18399980e-04 
 1.24934062e-07  0.00000000e+00  4.64309644e-02 -3.41137637e-04 
 1.24951742e-07  0.00000000e+00  1.95293786e-02 -3.47681200e-04 
 1.24968773e-07  0.00000000e+00  8.37381699e-03 -3.23669161e-04 
 1.24986517e-07  0.00000000e+00  3.44592330e-03 -3.19067646e-04 
 1.25003637e-07  0.00000000e+00  1.45785498e-03 -3.09222447e-04 
 1.25021038e-07  0.00000000e+00  6.17573234e-04 -3.34898022e-04 
 1.25038216e-07  0.00000000e+00  2.55218182e-04 -3.46345343e-04 
 1.25055297e-07  0.00000000e+00  1.15724076e-04 -3.27709570e-04 
 1.25073462e-07  0.00000000e+00  4.00869827e-05 -3.15237084e-04 
 1.25090096e-07  0.00000000e+00  2.40185945e-05 -3.13592185e-04 
 1.25107667e-07  0.00000000e+00  3.86946428e-06 -3.26448493e-04 
 1.25124506e-07  0.00000000e+00  7.77408295e-06 -3.50892510e-04 
 1.25141897e-07  0.00000000e+00 -2.54350671e-06 -3.26399785e-04 
 1.25158280e-07  0.00000000e+00  4.68834053e-06 -3.19871652e-04 
 1.25175737e-07  0.00000000e+00 -3.52818977e-06 -3.11514643e-04 
 1.25192770e-07  0.00000000e+00  3.94168726e-06 -3.23204572e-04 
 1.25210175e-07  0.00000000e+00 -3.55119782e-06 -3.44486441e-04 
 1.25228794e-07  0.00000000e+00  3.65477190e-06 -3.33995800e-04 
 1.25247499e-07  0.00000000e+00 -3.41621453e-06 -3.14223585e-04 
 1.25265208e-07  0.00000000e+00  3.46186754e-06 -3.16936343e-04 
 1.25283866e-07  0.00000000e+00 -3.25016372e-06 -3.19657788e-04 
 1.25301361e-07  0.00000000e+00  3.29054435e-06 -3.52175506e-04 
 1.25320147e-07  0.00000000e+00 -3.08726998e-06 -3.25177990e-04 
 1.25339074e-07  0.00000000e+00  3.13680055e-06 -3.20717444e-04 
 1.25356235e-07  0.00000000e+00 -2.93107207e-06 -3.09152238e-04 
 1.25374603e-07  0.00000000e+00  2.98221378e-06 -3.29161577e-04 
 1.25391625e-07  0.00000000e+00 -2.78021069e-06 -3.45640928e-04 
 1.25409710e-07  0.00000000e+00  2.83419741e-06 -3.32049516e-04 
 1.25426351e-07  0.00000000e+00 -2.63467125e-06 -3.14407218e-04 
 1.25444055e-07  0.00000000e+00  2.69110854e-06 -3.16747166e-04 
 1.25461317e-07  0.00000000e+00 -2.49815492e-06 -3.17905968e-04 
 1.25478747e-07  0.00000000e+00  2.55729690e-06 -3.51326468e-04 
 1.25497278e-07  0.00000000e+00 -2.37236832e-06 -3.27276136e-04 
 1.25516206e-07  0.00000000e+00  2.43984373e-06 -3.20557398e-04 
 1.25533651e-07  0.00000000e+00 -2.25440843e-06 -3.10077913e-04 
 1.25552289e-07  0.00000000e+00  2.32404432e-06 -3.26691254e-04 
 1.25569627e-07  0.00000000e+00 -2.14140000e-06 -3.45947722e-04 
 1.25588149e-07  0.00000000e+00  2.21362751e-06 -3.31955869e-04 
 1.25605054e-07  0.00000000e+00 -2.03261787e-06 -3.14681238e-04 
 1.25622976e-07  0.00000000e+00  2.10601718e-06 -3.16150507e-04 
 1.25640408e-07  0.00000000e+00 -1.92960236e-06 -3.18619867e-04 
 1.25657885e-07  0.00000000e+00  2.00453461e-06 -3.51867248e-04 
 1.25676340e-07  0.00000000e+00 -1.83354311e-06 -3.26846625e-04 
 1.25695429e-07  0.00000000e+00  1.91506033e-06 -3.20527912e-04 
 1.25712684e-07  0.00000000e+00 -1.74336509e-06 -3.09740763e-04 
 1.25731286e-07  0.00000000e+00  1.82608571e-06 -3.27175055e-04 
 1.25748511e-07  0.00000000e+00 -1.65675233e-06 -3.46279604e-04 
 1.25766835e-07  0.00000000e+00  1.74110588e-06 -3.31944691e-04 
 1.25783604e-07  0.00000000e+00 -1.57298450e-06 -3.14809084e-04 
 1.25801472e-07  0.00000000e+00  1.65855889e-06 -3.16099429e-04 
 1.25818831e-07  0.00000000e+00 -1.49413562e-06 -3.18054668e-04 
 1.25836327e-07  0.00000000e+00  1.58103903e-06 -3.51860702e-04 
 1.25854794e-07  0.00000000e+00 -1.42094231e-06 -3.27186347e-04 
 1.25873842e-07  0.00000000e+00  1.51274894e-06 -3.20555680e-04 
 1.25891205e-07  0.00000000e+00 -1.35231195e-06 -3.09724651e-04 
 1.25909825e-07  0.00000000e+00  1.44513040e-06 -3.26741036e-04 
 1.25927127e-07  0.00000000e+00 -1.28641986e-06 -3.46539557e-04 
 1.25945489e-07  0.00000000e+00  1.38050614e-06 -3.31895966e-04 
 1.25962291e-07  0.00000000e+00 -1.22262803e-06 -3.14914724e-04 
 1.25980197e-07  0.00000000e+00  1.31764017e-06 -3.15860983e-04 
 1.25997564e-07  0.00000000e+00 -1.16253032e-06 -3.18056025e-04 
 1.26015077e-07  0.00000000e+00  1.25851529e-06 -3.52127656e-04 
 1.26033491e-07  0.00000000e+00 -1.10661685e-06 -3.27161877e-04 
 1.26052575e-07  0.00000000e+00  1.20636111e-06 -3.20614313e-04 
 1.26069907e-07  0.00000000e+00 -1.05423267e-06 -3.09551827e-04 
 1.26088523e-07  0.00000000e+00  1.15469283e-06 -3.26704486e-04 
 1.26105822e-07  0.00000000e+00 -1.00392569e-06 -3.46733282e-04 
 1.26124135e-07  0.00000000e+00  1.10529477e-06 -3.31943570e-04 
 1.26140921e-07  0.00000000e+00 -9.55145398e-07 -3.14962622e-04 
 1.26158825e-07  0.00000000e+00  1.05728010e-06 -3.15771690e-04 
 1.26176181e-07  0.00000000e+00 -9.09253872e-07 -3.17800878e-04 
 1.26193710e-07  0.00000000e+00  1.01215083e-06 -3.52324814e-04 
 1.26212103e-07  0.00000000e+00 -8.66565822e-07 -3.27212675e-04 
 1.26231192e-07  0.00000000e+00  9.72315598e-07 -3.20709918e-04 
 1.26248547e-07  0.00000000e+00 -8.26604069e-07 -3.09391209e-04 
 1.26267166e-07  0.00000000e+00  9.32895849e-07 -3.26595043e-04 
 1.26284490e-07  0.00000000e+00 -7.88223879e-07 -3.46881945e-04 
 1.26302787e-07  0.00000000e+00  8.95187738e-07 -3.32000733e-04 
 1.26319575e-07  0.00000000e+00 -7.50960010e-07 -3.14980513e-04 
 1.26337491e-07  0.00000000e+00  8.58532853e-07 -3.15680177e-04 
 1.26354843e-07  0.00000000e+00 -7.15919088e-07 -3.17618631e-04 
 1.26372386e-07  0.00000000e+00  8.24074191e-07 -3.52568811e-04 
 1.26390748e-07  0.00000000e+00 -6.83301574e-07 -3.27193331e-04 
 1.26409852e-07  0.00000000e+00  7.93632496e-07 -3.20827509e-04 
 1.26427208e-07  0.00000000e+00 -6.52790011e-07 -3.09197296e-04 
 1.26445828e-07  0.00000000e+00  7.63521665e-07 -3.26563764e-04 
 1.26463165e-07  0.00000000e+00 -6.23482111e-07 -3.46987460e-04 
 1.26481437e-07  0.00000000e+00  7.34705497e-07 -3.32093201e-04 
 1.26498220e-07  0.00000000e+00 -5.94989700e-07 -3.14968710e-04 
 1.26516142e-07  0.00000000e+00  7.06700152e-07 -3.15634364e-04 
 1.26533488e-07  0.00000000e+00 -5.68216115e-07 -3.17391939e-04 
 1.26551044e-07  0.00000000e+00  6.80374968e-07 -3.52808923e-04 
 1.26569382e-07  0.00000000e+00 -5.43284915e-07 -3.27165403e-04 
 1.26588497e-07  0.00000000e+00  6.57101490e-07 -3.20964350e-04 
 1.26605861e-07  0.00000000e+00 -5.19978824e-07 -3.08993628e-04 
 1.26624483e-07  0.00000000e+00  6.34094954e-07 -3.26547613e-04 
 1.26641835e-07  0.00000000e+00 -4.97589231e-07 -3.47059312e-04 
 1.26660088e-07  0.00000000e+00  6.12067008e-07 -3.32202595e-04 
 1.26676869e-07  0.00000000e+00 -4.75795990e-07 -3.14934981e-04 
 1.26694798e-07  0.00000000e+00  5.90660046e-07 -3.15608336e-04 
 1.26712140e-07  0.00000000e+00 -4.55328381e-07 -3.17170605e-04 
 1.26729708e-07  0.00000000e+00  5.70536344e-07 -3.53058013e-04 
 1.26748021e-07  0.00000000e+00 -4.36259741e-07 -3.27113236e-04 
 1.26767147e-07  0.00000000e+00  5.52732334e-07 -3.21114923e-04 
 1.26784516e-07  0.00000000e+00 -4.18444652e-07 -3.08778067e-04 
 1.26803141e-07  0.00000000e+00  5.35140655e-07 -3.26561731e-04 
 1.26820506e-07  0.00000000e+00 -4.01327515e-07 -3.47101556e-04 
 1.26838739e-07  0.00000000e+00  5.18289258e-07 -3.32329509e-04 
 1.26855517e-07  0.00000000e+00 -3.84646599e-07 -3.14882577e-04 
 1.26873452e-07  0.00000000e+00  5.01913801e-07 -3.15605596e-04 
 1.26890790e-07  0.00000000e+00 -3.68988260e-07 -3.16940654e-04 
 1.26908369e-07  0.00000000e+00  4.86519347e-07 -3.53307384e-04 
 1.26926659e-07  0.00000000e+00 -3.54393320e-07 -3.27047645e-04 
 1.26945795e-07  0.00000000e+00  4.72889624e-07 -3.21276316e-04 
 1.26963170e-07  0.00000000e+00 -3.40764810e-07 -3.08555944e-04 
 1.26981796e-07  0.00000000e+00  4.59428146e-07 -3.26594887e-04 
 1.26999174e-07  0.00000000e+00 -3.27667932e-07 -3.47118903e-04 
 1.27017390e-07  0.00000000e+00  4.46526762e-07 -3.32468806e-04 
 1.27034165e-07  0.00000000e+00 -3.14890226e-07 -3.14815008e-04 
 1.27052106e-07  0.00000000e+00  4.33989591e-07 -3.15620088e-04 
 1.27069440e-07  0.00000000e+00 -3.02900755e-07 -3.16710385e-04 
 1.27087029e-07  0.00000000e+00  4.22202347e-07 -3.53557293e-04 
 1.27105299e-07  0.00000000e+00 -2.91719859e-07 -3.26968683e-04 
 1.27124444e-07  0.00000000e+00  4.11758789e-07 -3.21445811e-04 
 1.27141824e-07  0.00000000e+00 -2.81283791e-07 -3.08328850e-04 
 1.27160452e-07  0.00000000e+00  4.01447622e-07 -3.26646448e-04 
 1.27177841e-07  0.00000000e+00 -2.71252704e-07 -3.47114617e-04 
 1.27196041e-07  0.00000000e+00  3.91560348e-07 -3.32618561e-04 
 1.27212813e-07  0.00000000e+00 -2.61455077e-07 -3.14734653e-04 
 1.27230759e-07  0.00000000e+00  3.81951582e-07 -3.15650272e-04 
 1.27248090e-07  0.00000000e+00 -2.52264901e-07 -3.16479071e-04 
 1.27265689e-07  0.00000000e+00  3.72916278e-07 -3.53805652e-04 
 1.27283940e-07  0.00000000e+00 -2.43689951e-07 -3.26879393e-04 
 1.27303093e-07  0.00000000e+00  3.64905064e-07 -3.21621502e-04 
 1.27320477e-07  0.00000000e+00 -2.35688870e-07 -3.08098833e-04 
 1.27339108e-07  0.00000000e+00  3.56997474e-07 -3.26712912e-04 
 1.27356507e-07  0.00000000e+00 -2.27996316e-07 -3.47091596e-04 
 1.27374692e-07  0.00000000e+00  3.49410693e-07 -3.32776502e-04 
 1.27391462e-07  0.00000000e+00 -2.20474399e-07 -3.14643509e-04 
 1.27409412e-07  0.00000000e+00  3.42036609e-07 -3.15693734e-04 
 1.27426741e-07  0.00000000e+00 -2.13420502e-07 -3.16248583e-04 
 1.27444348e-07  0.00000000e+00  3.35101185e-07 -3.54051852e-04 
 1.27462581e-07  0.00000000e+00 -2.06834970e-07 -3.26781071e-04 
 1.27481742e-07  0.00000000e+00  3.28947149e-07 -3.21801856e-04 
 1.27499130e-07  0.00000000e+00 -2.00691566e-07 -3.07867137e-04 
 1.27517763e-07  0.00000000e+00  3.22873682e-07 -3.26792499e-04 
 1.27535171e-07  0.00000000e+00 -1.94783154e-07 -3.47052160e-04 
 1.27553343e-07  0.00000000e+00  3.17043073e-07 -3.32941120e-04 
 1.27570110e-07  0.00000000e+00 -1.88999288e-07 -3.14543105e-04 
 1.27588065e-07  0.00000000e+00  3.11374625e-07 -3.15748961e-04 
 1.27605391e-07  0.00000000e+00 -1.83575996e-07 -3.16019360e-04 
 1.27623006e-07  0.00000000e+00  3.06041842e-07 -3.54295232e-04 
 1.27641223e-07  0.00000000e+00 -1.78509517e-07 -3.26675121e-04 
 1.27660391e-07  0.00000000e+00  3.01306053e-07 -3.21985719e-04 
 1.27677782e-07  0.00000000e+00 -1.73783659e-07 -3.07634790e-04 
 1.27696418e-07  0.00000000e+00  2.96632510e-07 -3.26883370e-04 
 1.27713835e-07  0.00000000e+00 -1.69236786e-07 -3.46998280e-04 
 1.27731994e-07  0.00000000e+00  2.92142741e-07 -3.33111120e-04 
 1.27748761e-07  0.00000000e+00 -1.64780887e-07 -3.14433907e-04 
 1.27766719e-07  0.00000000e+00  2.87776607e-07 -3.15814344e-04 
 1.27784044e-07  0.00000000e+00 -1.60602445e-07 -3.15795942e-04 
 1.27801666e-07  0.00000000e+00  2.83667292e-07 -3.54536812e-04 
 1.27819866e-07  0.00000000e+00 -1.56695901e-07 -3.26560683e-04 
 1.27839042e-07  0.00000000e+00  2.80014730e-07 -3.22172456e-04 
 1.27856435e-07  0.00000000e+00 -1.53051938e-07 -3.07402047e-04 
 1.27875074e-07  0.00000000e+00  2.76409785e-07 -3.26985818e-04 
 1.27892497e-07  0.00000000e+00 -1.49544255e-07 -3.46930475e-04 
 1.27910644e-07  0.00000000e+00  2.72943934e-07 -3.33286714e-04 
 1.27927412e-07  0.00000000e+00 -1.46102816e-07 -3.14317014e-04 
 1.27945373e-07  0.00000000e+00  2.69572147e-07 -3.15890183e-04 
 1.27962697e-07  0.00000000e+00 -1.42874967e-07 -3.15573342e-04 
 1.27980324e-07  0.00000000e+00  2.66396990e-07 -3.54774702e-04 
 1.27998510e-07  0.00000000e+00 -1.39854498e-07 -3.26440525e-04 
 1.28017692e-07  0.00000000e+00  2.63571958e-07 -3.22361384e-04 
 1.28035087e-07  0.00000000e+00 -1.37036523e-07 -3.07169719e-04 
 1.28053728e-07  0.00000000e+00  2.60783056e-07 -3.27097253e-04 
 1.28071159e-07  0.00000000e+00 -1.34322280e-07 -3.46850578e-04 
 1.28089295e-07  0.00000000e+00  2.58099324e-07 -3.33466249e-04 
 1.28106063e-07  0.00000000e+00 -1.31655986e-07 -3.14193434e-04 
 1.28124026e-07  0.00000000e+00  2.55486970e-07 -3.15974621e-04 
 1.28141349e-07  0.00000000e+00 -1.29154149e-07 -3.15353406e-04 
 1.28158982e-07  0.00000000e+00  2.53025253e-07 -3.55009284e-04 
 1.28177155e-07  0.00000000e+00 -1.26810691e-07 -3.26314880e-04 
 1.28196343e-07  0.00000000e+00  2.50832529e-07 -3.22551790e-04 
 1.28213739e-07  0.00000000e+00 -1.24623527e-07 -3.06938220e-04 
 1.28232383e-07  0.00000000e+00  2.48666894e-07 -3.27216977e-04 
 1.28249820e-07  0.00000000e+00 -1.22515186e-07 -3.46759913e-04 
 1.28267946e-07  0.00000000e+00  2.46580732e-07 -3.33649130e-04 
 1.28284714e-07  0.00000000e+00 -1.20441288e-07 -3.14063929e-04 
 1.28302679e-07  0.00000000e+00  2.44548517e-07 -3.16067039e-04 
 1.28320002e-07  0.00000000e+00 -1.18494122e-07 -3.15135680e-04 
 1.28337639e-07  0.00000000e+00  2.42631791e-07 -3.55240383e-04 
 1.28355800e-07  0.00000000e+00 -1.16668037e-07 -3.26184586e-04 
 1.28374993e-07  0.00000000e+00  2.40922341e-07 -3.22743190e-04 
 1.28392391e-07  0.00000000e+00 -1.14962699e-07 -3.06707965e-04 
 1.28411038e-07  0.00000000e+00  2.39232877e-07 -3.27343826e-04 
 1.28428479e-07  0.00000000e+00 -1.13317256e-07 -3.46659698e-04 
 1.28446597e-07  0.00000000e+00  2.37603367e-07 -3.33834652e-04 
 1.28463365e-07  0.00000000e+00 -1.11696175e-07 -3.13929149e-04 
 1.28481332e-07  0.00000000e+00  2.36014478e-07 -3.16166603e-04 
 1.28498655e-07  0.00000000e+00 -1.10172847e-07 -3.14920404e-04 
 1.28516296e-07  0.00000000e+00  2.34514197e-07 -3.55468144e-04 
 1.28534446e-07  0.00000000e+00 -1.08742268e-07 -3.26050065e-04 
 1.28553644e-07  0.00000000e+00  2.33174157e-07 -3.22935200e-04 
 1.28571043e-07  0.00000000e+00 -1.07405122e-07 -3.06479189e-04 
 1.28589693e-07  0.00000000e+00  2.31848598e-07 -3.27477041e-04 
 1.28607139e-07  0.00000000e+00 -1.06113357e-07 -3.46550957e-04 
 1.28625248e-07  0.00000000e+00  2.30568192e-07 -3.34022324e-04 
 1.28642016e-07  0.00000000e+00 -1.04838506e-07 -3.13789628e-04 
 1.28659984e-07  0.00000000e+00  2.29318135e-07 -3.16272719e-04 
 1.28677308e-07  0.00000000e+00 -1.03639195e-07 -3.14707465e-04 
 1.28694952e-07  0.00000000e+00  2.28136152e-07 -3.55692678e-04 
 1.28713092e-07  0.00000000e+00 -1.02510984e-07 -3.25911761e-04 
 1.28732295e-07  0.00000000e+00  2.27078616e-07 -3.23127538e-04 
 1.28749695e-07  0.00000000e+00 -1.01455276e-07 -3.06252070e-04 
 1.28768347e-07  0.00000000e+00  2.26031248e-07 -3.27615887e-04 
 1.28785797e-07  0.00000000e+00 -1.00433866e-07 -3.46434587e-04 
 1.28803900e-07  0.00000000e+00  2.25017779e-07 -3.34211719e-04 
 1.28820667e-07  0.00000000e+00 -9.94238253e-08 -3.13645823e-04 
 1.28838637e-07  0.00000000e+00  2.24026783e-07 -3.16384830e-04 
 1.28855961e-07  0.00000000e+00 -9.84722597e-08 -3.14496812e-04 
 1.28873608e-07  0.00000000e+00  2.23088197e-07 -3.55914162e-04 
 1.28891739e-07  0.00000000e+00 -9.75753427e-08 -3.25770008e-04 
 1.28910945e-07  0.00000000e+00  2.22246747e-07 -3.23319993e-04 
 1.28928347e-07  0.00000000e+00 -9.67348193e-08 -3.06026706e-04 
 1.28947001e-07  0.00000000e+00  2.21412098e-07 -3.27759764e-04 
 1.28964455e-07  0.00000000e+00 -9.59201546e-08 -3.46311369e-04 
 1.28982551e-07  0.00000000e+00  2.20602831e-07 -3.34402502e-04 
 1.28999318e-07  0.00000000e+00 -9.51127121e-08 -3.13498119e-04 
 1.29017290e-07  0.00000000e+00  2.19810005e-07 -3.16502470e-04 
 1.29034614e-07  0.00000000e+00 -9.43506371e-08 -3.14288319e-04 
 1.29052264e-07  0.00000000e+00  2.19057600e-07 -3.56132784e-04 
 1.29070387e-07  0.00000000e+00 -9.36307024e-08 -3.25625096e-04 
 1.29089596e-07  0.00000000e+00  2.18381477e-07 -3.23512413e-04 
 1.29106998e-07  0.00000000e+00 -9.29547976e-08 -3.05803149e-04 
 1.29125656e-07  0.00000000e+00  2.17709594e-07 -3.27908141e-04 
 1.29143112e-07  0.00000000e+00 -9.22982964e-08 -3.46181988e-04 
 1.29161202e-07  0.00000000e+00  2.17056562e-07 -3.34594396e-04 
 1.29177970e-07  0.00000000e+00 -9.16459197e-08 -3.13346852e-04 
 1.29195942e-07  0.00000000e+00  2.16415401e-07 -3.16625222e-04 
 1.29213267e-07  0.00000000e+00 -9.10288680e-08 -3.14081858e-04 
 1.29230919e-07  0.00000000e+00  2.15805450e-07 -3.56348746e-04 
 1.29249034e-07  0.00000000e+00 -9.04444038e-08 -3.25477268e-04 
 1.29268247e-07  0.00000000e+00  2.15255917e-07 -3.23704691e-04 
 1.29285650e-07  0.00000000e+00 -8.98944882e-08 -3.05581410e-04 
 1.29304310e-07  0.00000000e+00  2.14708609e-07 -3.28060562e-04 
 1.29321769e-07  0.00000000e+00 -8.93590297e-08 -3.46047048e-04 
 1.29339854e-07  0.00000000e+00  2.14175223e-07 -3.34787176e-04 
 1.29356621e-07  0.00000000e+00 -8.88253977e-08 -3.13192313e-04 
 1.29374594e-07  0.00000000e+00  2.13650148e-07 -3.16752717e-04 
 1.29391920e-07  0.00000000e+00 -8.83193915e-08 -3.13877283e-04 
 1.29409574e-07  0.00000000e+00  2.13149277e-07 -3.56562253e-04 
 1.29427682e-07  0.00000000e+00 -8.78386841e-08 -3.25326734e-04 
 1.29446898e-07  0.00000000e+00  2.12696718e-07 -3.23896756e-04 
 1.29464302e-07  0.00000000e+00 -8.73852370e-08 -3.05361471e-04 
 1.29482964e-07  0.00000000e+00  2.12244807e-07 -3.28216624e-04 
 1.29500425e-07  0.00000000e+00 -8.69425075e-08 -3.45907082e-04 
 1.29518505e-07  0.00000000e+00  2.11803062e-07 -3.34980658e-04 
 1.29535273e-07  0.00000000e+00 -8.64998638e-08 -3.13034760e-04 
 1.29553247e-07  0.00000000e+00  2.11366928e-07 -3.16884627e-04 
 1.29570574e-07  0.00000000e+00 -8.60789039e-08 -3.13674445e-04 
 1.29588229e-07  0.00000000e+00  2.10949664e-07 -3.56773508e-04 
 1.29606331e-07  0.00000000e+00 -8.56777375e-08 -3.25173674e-04 
 1.29625549e-07  0.00000000e+00  2.10571383e-07 -3.24088563e-04 
 1.29642953e-07  0.00000000e+00 -8.52982125e-08 -3.05143293e-04 
 1.29661617e-07  0.00000000e+00  2.10192620e-07 -3.28375976e-04 
 1.29679081e-07  0.00000000e+00 -8.49265321e-08 -3.45762565e-04 
 1.29697157e-07  0.00000000e+00  2.09821114e-07 -3.35174695e-04 
 1.29713924e-07  0.00000000e+00 -8.45536528e-08 -3.12874421e-04 
 1.29731899e-07  0.00000000e+00  2.09453197e-07 -3.17020655e-04 
 1.29749227e-07  0.00000000e+00 -8.41979177e-08 -3.13473190e-04 
 1.29766883e-07  0.00000000e+00  2.09099993e-07 -3.56982713e-04 
 1.29784980e-07  0.00000000e+00 -8.38577501e-08 -3.25018246e-04 
 1.29804200e-07  0.00000000e+00  2.08778726e-07 -3.24280092e-04 
 1.29821605e-07  0.00000000e+00 -8.35349380e-08 -3.04926820e-04 
 1.29840271e-07  0.00000000e+00  2.08456038e-07 -3.28538309e-04 
 1.29857736e-07  0.00000000e+00 -8.32177588e-08 -3.45613910e-04 
 1.29875808e-07  0.00000000e+00  2.08138450e-07 -3.35369172e-04 
 1.29892576e-07  0.00000000e+00 -8.28983921e-08 -3.12711500e-04 
 1.29910551e-07  0.00000000e+00  2.07822867e-07 -3.17160519e-04 
 1.29927880e-07  0.00000000e+00 -8.25927409e-08 -3.13273370e-04 
 1.29945538e-07  0.00000000e+00  2.07518847e-07 -3.57190141e-04 
 1.29963629e-07  0.00000000e+00 -8.22993885e-08 -3.24860423e-04 
 1.29981814e-07  0.00000000e+00  2.07233779e-07 -3.24867437e-04 
 1.29990907e-07  0.00000000e+00 -8.18813237e-08 -3.11835429e-04 
 1.30000000e-07  0.00000000e+00  2.06687198e-07 -3.20999677e-04 
 1.30001819e-07  2.18228202e-02  6.28608183e-08 -2.86755692e-04 
 1.30005456e-07  6.54684606e-02  6.22337093e-08 -2.84161352e-04 
 1.30012730e-07  1.52759741e-01  6.28337525e-08 -2.88747727e-04 
 1.30027279e-07  3.27342303e-01  6.22461683e-08 -3.09930184e-04 
 1.30041653e-07  4.99837003e-01  6.28256884e-08 -3.24790530e-04 
 1.30057464e-07  6.89571893e-01  6.22535196e-08 -3.13267200e-04 
 1.30074690e-07  8.96279468e-01  6.28190527e-08 -3.34302446e-04 
 1.30087345e-07  1.04813973e+00  6.22607046e-08 -3.45804652e-04 
 1.30100000e-07  1.20000000e+00  6.28109933e-08 -3.80570431e-04 
 1.30101927e-07  1.20000000e+00  6.25438241e-08 -3.96742083e-04 
 1.30105782e-07  1.20000000e+00  6.25324826e-08 -4.02931672e-04 
 1.30113491e-07  1.20000000e+00  6.25428307e-08 -4.03658632e-04 
 1.30126778e-07  1.20000000e+00  6.25329609e-08 -4.00144206e-04 
 1.30141094e-07  1.20000000e+00  6.25425048e-08 -3.93586668e-04 
 1.30155994e-07  1.20000000e+00  6.25332558e-08 -4.03911749e-04 
 1.30172687e-07  1.20000000e+00  6.25422523e-08 -4.03090608e-04 
 1.30189806e-07  1.20000000e+00  6.25334900e-08 -4.11562182e-04 
 1.30207659e-07  1.20000000e+00  6.25420102e-08 -4.17755771e-04 
 1.30225024e-07  1.20000000e+00  6.25337085e-08 -3.98768111e-04 
 1.30242879e-07  1.20000000e+00  6.25418115e-08 -4.04499619e-04 
 1.30259789e-07  1.20000000e+00  6.25339150e-08 -4.05807288e-04 
 1.30277758e-07  1.20000000e+00  6.25416026e-08 -4.09967038e-04 
 1.30294941e-07  1.20000000e+00  6.25341118e-08 -4.20030770e-04 
 1.30312943e-07  1.20000000e+00  6.25414152e-08 -3.99837449e-04 
 1.30330170e-07  1.20000000e+00  6.25343030e-08 -4.03960180e-04 
 1.30347429e-07  1.20000000e+00  6.25412362e-08 -4.06700155e-04 
 1.30364960e-07  1.20000000e+00  6.25344799e-08 -4.06595006e-04 
 1.30382271e-07  1.20000000e+00  6.25410653e-08 -4.21985251e-04 
 1.30399776e-07  1.20000000e+00  6.25346384e-08 -4.02384789e-04 
 1.30416966e-07  1.20000000e+00  6.25408967e-08 -4.03675900e-04 
 1.30434322e-07  1.20000000e+00  6.25347998e-08 -4.06231408e-04 
 1.30451508e-07  1.20000000e+00  6.25407433e-08 -4.04587586e-04 
 1.30468687e-07  1.20000000e+00  6.25349502e-08 -4.21931840e-04 
 1.30485836e-07  1.20000000e+00  6.25405976e-08 -4.07787572e-04 
 1.30502883e-07  1.20000000e+00  6.25350976e-08 -4.01073743e-04 
 1.30521061e-07  1.20000000e+00  6.25404573e-08 -4.06668795e-04 
 1.30537637e-07  1.20000000e+00  6.25352326e-08 -4.02862316e-04 
 1.30555286e-07  1.20000000e+00  6.25403304e-08 -4.21154435e-04 
 1.30572142e-07  1.20000000e+00  6.25353655e-08 -4.11137739e-04 
 1.30589514e-07  1.20000000e+00  6.25401919e-08 -3.99562396e-04 
 1.30605898e-07  1.20000000e+00  6.25354812e-08 -4.06395632e-04 
 1.30623611e-07  1.20000000e+00  6.25400942e-08 -4.02529243e-04 
 1.30640901e-07  1.20000000e+00  6.25355902e-08 -4.18237974e-04 
 1.30658643e-07  1.20000000e+00  6.25399589e-08 -4.14052570e-04 
 1.30676056e-07  1.20000000e+00  6.25357067e-08 -3.97987901e-04 
 1.30692943e-07  1.20000000e+00  6.25398687e-08 -4.06119440e-04 
 1.30710855e-07  1.20000000e+00  6.25357971e-08 -4.02788800e-04 
 1.30729153e-07  1.20000000e+00  6.25397659e-08 -4.17090749e-04 
 1.30747229e-07  1.20000000e+00  6.25359015e-08 -4.14844947e-04 
 1.30764683e-07  1.20000000e+00  6.25396769e-08 -3.97868423e-04 
 1.30783401e-07  1.20000000e+00  6.25359876e-08 -4.05615257e-04 
 1.30800249e-07  1.20000000e+00  6.25395923e-08 -4.03241199e-04 
 1.30819537e-07  1.20000000e+00  6.25360646e-08 -4.17813786e-04 
 1.30837136e-07  1.20000000e+00  6.25395090e-08 -4.14577336e-04 
 1.30855013e-07  1.20000000e+00  6.25361599e-08 -3.97677081e-04 
 1.30873717e-07  1.20000000e+00  6.25394407e-08 -4.06030360e-04 
 1.30890758e-07  1.20000000e+00  6.25362261e-08 -4.02461450e-04 
 1.30910034e-07  1.20000000e+00  6.25393570e-08 -4.19531155e-04 
 1.30927554e-07  1.20000000e+00  6.25362902e-08 -4.12837616e-04 
 1.30945544e-07  1.20000000e+00  6.25392971e-08 -3.98784603e-04 
 1.30962716e-07  1.20000000e+00  6.25363713e-08 -4.05660011e-04 
 1.30980743e-07  1.20000000e+00  6.25392147e-08 -4.02569128e-04 
 1.30998677e-07  1.20000000e+00  6.25364235e-08 -4.19114417e-04 
 1.31016500e-07  1.20000000e+00  6.25391591e-08 -4.13565518e-04 
 1.31034060e-07  1.20000000e+00  6.25364929e-08 -3.98073375e-04 
 1.31050994e-07  1.20000000e+00  6.25391015e-08 -4.05837225e-04 
 1.31069003e-07  1.20000000e+00  6.25365556e-08 -4.02339352e-04 
 1.31087062e-07  1.20000000e+00  6.25390367e-08 -4.18606637e-04 
 1.31105151e-07  1.20000000e+00  6.25366038e-08 -4.14063659e-04 
 1.31122559e-07  1.20000000e+00  6.25389952e-08 -3.98075727e-04 
 1.31139376e-07  1.20000000e+00  6.25366642e-08 -4.05117114e-04 
 1.31157241e-07  1.20000000e+00  6.25389359e-08 -4.03246544e-04 
 1.31175626e-07  1.20000000e+00  6.25367069e-08 -4.17171662e-04 
 1.31193655e-07  1.20000000e+00  6.25388708e-08 -4.15834326e-04 
 1.31211153e-07  1.20000000e+00  6.25367438e-08 -3.96974318e-04 
 1.31229857e-07  1.20000000e+00  6.25388459e-08 -4.05574379e-04 
 1.31246691e-07  1.20000000e+00  6.25368097e-08 -4.02680524e-04 
 1.31266077e-07  1.20000000e+00  6.25388023e-08 -4.18983037e-04 
 1.31283649e-07  1.20000000e+00  6.25368540e-08 -4.14427757e-04 
 1.31301563e-07  1.20000000e+00  6.25387623e-08 -3.97841718e-04 
 1.31320289e-07  1.20000000e+00  6.25368721e-08 -4.04961905e-04 
 1.31337306e-07  1.20000000e+00  6.25387112e-08 -4.02997821e-04 
 1.31356488e-07  1.20000000e+00  6.25369230e-08 -4.19613292e-04 
 1.31373918e-07  1.20000000e+00  6.25386792e-08 -4.13906397e-04 
 1.31391909e-07  1.20000000e+00  6.25369527e-08 -3.97723579e-04 
 1.31409027e-07  1.20000000e+00  6.25386458e-08 -4.05712140e-04 
 1.31427039e-07  1.20000000e+00  6.25369934e-08 -4.01970182e-04 
 1.31444948e-07  1.20000000e+00  6.25386079e-08 -4.20167147e-04 
 1.31462737e-07  1.20000000e+00  6.25370177e-08 -4.13596628e-04 
 1.31480272e-07  1.20000000e+00  6.25385881e-08 -3.98204333e-04 
 1.31497145e-07  1.20000000e+00  6.25370612e-08 -4.04568431e-04 
 1.31515104e-07  1.20000000e+00  6.25385411e-08 -4.03112744e-04 
 1.31533218e-07  1.20000000e+00  6.25370704e-08 -4.18144890e-04 
 1.31551290e-07  1.20000000e+00  6.25385260e-08 -4.15589864e-04 
 1.31568700e-07  1.20000000e+00  6.25371250e-08 -3.96849447e-04 
 1.31585475e-07  1.20000000e+00  6.25384925e-08 -4.05161598e-04 
 1.31603276e-07  1.20000000e+00  6.25371362e-08 -4.02731667e-04 
 1.31621620e-07  1.20000000e+00  6.25384765e-08 -4.17883266e-04 
 1.31639531e-07  1.20000000e+00  6.25371700e-08 -4.16252892e-04 
 1.31657094e-07  1.20000000e+00  6.25384408e-08 -3.97209261e-04 
 1.31675582e-07  1.20000000e+00  6.25371864e-08 -4.04026685e-04 
 1.31692430e-07  1.20000000e+00  6.25384174e-08 -4.03818501e-04 
 1.31711573e-07  1.20000000e+00  6.25372011e-08 -4.17799772e-04 
 1.31729014e-07  1.20000000e+00  6.25384009e-08 -4.16995744e-04 
 1.31746952e-07  1.20000000e+00  6.25372424e-08 -3.96172839e-04 
 1.31765287e-07  1.20000000e+00  6.25383879e-08 -4.04758747e-04 
 1.31782287e-07  1.20000000e+00  6.25372584e-08 -4.02716681e-04 
 1.31801545e-07  1.20000000e+00  6.25383647e-08 -4.19656239e-04 
 1.31819127e-07  1.20000000e+00  6.25372732e-08 -4.15356359e-04 
 1.31837016e-07  1.20000000e+00  6.25383410e-08 -3.97104375e-04 
 1.31855674e-07  1.20000000e+00  6.25372784e-08 -4.03979460e-04 
 1.31872620e-07  1.20000000e+00  6.25383199e-08 -4.03189440e-04 
 1.31891864e-07  1.20000000e+00  6.25373082e-08 -4.20182715e-04 
 1.31909248e-07  1.20000000e+00  6.25383103e-08 -4.15075345e-04 
 1.31927226e-07  1.20000000e+00  6.25373156e-08 -3.96737461e-04 
 1.31944242e-07  1.20000000e+00  6.25382832e-08 -4.04682025e-04 
 1.31962150e-07  1.20000000e+00  6.25373317e-08 -4.02182462e-04 
 1.31980183e-07  1.20000000e+00  6.25382681e-08 -4.20560044e-04 
 1.31997933e-07  1.20000000e+00  6.25373546e-08 -4.15010515e-04 
 1.32015459e-07  1.20000000e+00  6.25382620e-08 -3.97235412e-04 
 1.32032248e-07  1.20000000e+00  6.25373695e-08 -4.03430951e-04 
 1.32050081e-07  1.20000000e+00  6.25382539e-08 -4.03504521e-04 
 1.32068424e-07  1.20000000e+00  6.25373822e-08 -4.18305975e-04 
 1.32086421e-07  1.20000000e+00  6.25382340e-08 -4.17202865e-04 
 1.32103942e-07  1.20000000e+00  6.25373938e-08 -3.95897524e-04 
 1.32120714e-07  1.20000000e+00  6.25382237e-08 -4.03959025e-04 
 1.32138394e-07  1.20000000e+00  6.25373975e-08 -4.03174305e-04 
 1.32156701e-07  1.20000000e+00  6.25382126e-08 -4.17829918e-04 
 1.32174422e-07  1.20000000e+00  6.25374189e-08 -4.18151218e-04 
 1.32192184e-07  1.20000000e+00  6.25381948e-08 -3.96438063e-04 
 1.32210339e-07  1.20000000e+00  6.25374250e-08 -4.02587003e-04 
 1.32227268e-07  1.20000000e+00  6.25381831e-08 -4.04539785e-04 
 1.32246090e-07  1.20000000e+00  6.25374379e-08 -4.17010644e-04 
 1.32263406e-07  1.20000000e+00  6.25381832e-08 -4.19633395e-04 
 1.32281534e-07  1.20000000e+00  6.25374491e-08 -3.95192048e-04 
 1.32299412e-07  1.20000000e+00  6.25381821e-08 -4.03070358e-04 
 1.32316500e-07  1.20000000e+00  6.25374569e-08 -4.03774819e-04 
 1.32335170e-07  1.20000000e+00  6.25381558e-08 -4.17818427e-04 
 1.32352536e-07  1.20000000e+00  6.25374585e-08 -4.19293483e-04 
 1.32370664e-07  1.20000000e+00  6.25381545e-08 -3.95859903e-04 
 1.32388510e-07  1.20000000e+00  6.25374760e-08 -4.01752529e-04 
 1.32405600e-07  1.20000000e+00  6.25381357e-08 -4.04835391e-04 
 1.32424230e-07  1.20000000e+00  6.25374818e-08 -4.16788414e-04 
 1.32441561e-07  1.20000000e+00  6.25381382e-08 -4.20801933e-04 
 1.32459792e-07  1.20000000e+00  6.25374886e-08 -3.94784847e-04 
 1.32477530e-07  1.20000000e+00  6.25381319e-08 -4.02101917e-04 
 1.32494673e-07  1.20000000e+00  6.25374947e-08 -4.04219763e-04 
 1.32513203e-07  1.20000000e+00  6.25381204e-08 -4.17281399e-04 
 1.32530524e-07  1.20000000e+00  6.25375057e-08 -4.20732435e-04 
 1.32548869e-07  1.20000000e+00  6.25381151e-08 -3.95435761e-04 
 1.32566486e-07  1.20000000e+00  6.25375061e-08 -4.00691216e-04 
 1.32583695e-07  1.20000000e+00  6.25381120e-08 -4.05359949e-04 
 1.32602100e-07  1.20000000e+00  6.25375135e-08 -4.15845547e-04 
 1.32619417e-07  1.20000000e+00  6.25381037e-08 -4.22527961e-04 
 1.32637918e-07  1.20000000e+00  6.25375200e-08 -3.94363918e-04 
 1.32655391e-07  1.20000000e+00  6.25381019e-08 -4.00966932e-04 
 1.32672696e-07  1.20000000e+00  6.25375312e-08 -4.04778999e-04 
 1.32690945e-07  1.20000000e+00  6.25380939e-08 -4.15963281e-04 
 1.32708278e-07  1.20000000e+00  6.25375175e-08 -4.22681600e-04 
 1.32726972e-07  1.20000000e+00  6.25380745e-08 -3.95049065e-04 
 1.32744289e-07  1.20000000e+00  6.25375403e-08 -3.99446740e-04 
 1.32761723e-07  1.20000000e+00  6.25380896e-08 -4.05951693e-04 
 1.32779804e-07  1.20000000e+00  6.25375343e-08 -4.14218643e-04 
 1.32797174e-07  1.20000000e+00  6.25380711e-08 -4.24648966e-04 
 1.32815826e-07  1.20000000e+00  6.25375417e-08 -3.94280485e-04 
 1.32833077e-07  1.20000000e+00  6.25380751e-08 -3.99647237e-04 
 1.32850550e-07  1.20000000e+00  6.25375496e-08 -4.05401550e-04 
 1.32868494e-07  1.20000000e+00  6.25380788e-08 -4.13901769e-04 
 1.32885860e-07  1.20000000e+00  6.25375644e-08 -4.24892962e-04 
 1.32904334e-07  1.20000000e+00  6.25380608e-08 -3.95964669e-04 
 1.32921535e-07  1.20000000e+00  6.25375552e-08 -3.97870591e-04 
 1.32939022e-07  1.20000000e+00  6.25380650e-08 -4.06727380e-04 
 1.32956772e-07  1.20000000e+00  6.25375568e-08 -4.10992216e-04 
 1.32974139e-07  1.20000000e+00  6.25380495e-08 -4.27059640e-04 
 1.32992329e-07  1.20000000e+00  6.25375558e-08 -3.96933146e-04 
 1.33009473e-07  1.20000000e+00  6.25380537e-08 -3.97860687e-04 
 1.33027036e-07  1.20000000e+00  6.25375725e-08 -4.05921873e-04 
 1.33044492e-07  1.20000000e+00  6.25380546e-08 -4.09226917e-04 
 1.33061963e-07  1.20000000e+00  6.25375717e-08 -4.27094170e-04 
 1.33079704e-07  1.20000000e+00  6.25380557e-08 -4.01564284e-04 
 1.33096858e-07  1.20000000e+00  6.25375742e-08 -3.96121747e-04 
 1.33114544e-07  1.20000000e+00  6.25380504e-08 -4.06205813e-04 
 1.33131663e-07  1.20000000e+00  6.25375815e-08 -4.05702623e-04 
 1.33149286e-07  1.20000000e+00  6.25380420e-08 -4.28107668e-04 
 1.33166527e-07  1.20000000e+00  6.25375704e-08 -4.06400060e-04 
 1.33183716e-07  1.20000000e+00  6.25380334e-08 -3.96079995e-04 
 1.33201359e-07  1.20000000e+00  6.25375827e-08 -4.03932825e-04 
 1.33218238e-07  1.20000000e+00  6.25380384e-08 -4.04875594e-04 
 1.33235648e-07  1.20000000e+00  6.25375817e-08 -4.26065656e-04 
 1.33252618e-07  1.20000000e+00  6.25380399e-08 -4.14459105e-04 
 1.33269791e-07  1.20000000e+00  6.25375899e-08 -3.93188027e-04 
 1.33286300e-07  1.20000000e+00  6.25380255e-08 -4.02984537e-04 
 1.33303691e-07  1.20000000e+00  6.25375893e-08 -4.02773117e-04 
 1.33320482e-07  1.20000000e+00  6.25380273e-08 -4.23897827e-04 
 1.33337770e-07  1.20000000e+00  6.25375906e-08 -4.19074216e-04 
 1.33355142e-07  1.20000000e+00  6.25380324e-08 -3.93641977e-04 
 1.33371704e-07  1.20000000e+00  6.25375938e-08 -3.99456591e-04 
 1.33389480e-07  1.20000000e+00  6.25380354e-08 -4.05203167e-04 
 1.33407191e-07  1.20000000e+00  6.25375970e-08 -4.18228294e-04 
 1.33425289e-07  1.20000000e+00  6.25380254e-08 -4.23020114e-04 
 1.33442865e-07  1.20000000e+00  6.25376021e-08 -3.92682867e-04 
 1.33461218e-07  1.20000000e+00  6.25380262e-08 -4.00131459e-04 
 1.33478006e-07  1.20000000e+00  6.25375905e-08 -4.04796563e-04 
 1.33495240e-07  1.20000000e+00  6.25380138e-08 -4.17462649e-04 
 1.33513134e-07  1.20000000e+00  6.25376045e-08 -4.23375267e-04 
 1.33530892e-07  1.20000000e+00  6.25380225e-08 -3.94996259e-04 
 1.33548805e-07  1.20000000e+00  6.25375897e-08 -3.97579805e-04 
 1.33565800e-07  1.20000000e+00  6.25380086e-08 -4.07017866e-04 
 1.33584361e-07  1.20000000e+00  6.25376024e-08 -4.14640830e-04 
 1.33601530e-07  1.20000000e+00  6.25380119e-08 -4.26668666e-04 
 1.33620563e-07  1.20000000e+00  6.25376078e-08 -3.91816625e-04 
 1.33637726e-07  1.20000000e+00  6.25380247e-08 -3.99035390e-04 
 1.33655315e-07  1.20000000e+00  6.25376075e-08 -4.04999774e-04 
 1.33673334e-07  1.20000000e+00  6.25380173e-08 -4.16051870e-04 
 1.33690812e-07  1.20000000e+00  6.25376098e-08 -4.25612666e-04 
 1.33709580e-07  1.20000000e+00  6.25380190e-08 -3.93787589e-04 
 1.33726860e-07  1.20000000e+00  6.25376134e-08 -3.96571588e-04 
 1.33744387e-07  1.20000000e+00  6.25380069e-08 -4.07128088e-04 
 1.33762394e-07  1.20000000e+00  6.25376030e-08 -4.13598157e-04 
 1.33779836e-07  1.20000000e+00  6.25380096e-08 -4.28363330e-04 
 1.33798555e-07  1.20000000e+00  6.25375997e-08 -3.92141729e-04 
 1.33815789e-07  1.20000000e+00  6.25380026e-08 -3.97645753e-04 
 1.33833345e-07  1.20000000e+00  6.25376231e-08 -4.05636865e-04 
 1.33851239e-07  1.20000000e+00  6.25380117e-08 -4.14358091e-04 
 1.33868683e-07  1.20000000e+00  6.25376101e-08 -4.27584434e-04 
 1.33887265e-07  1.20000000e+00  6.25380087e-08 -3.94619830e-04 
 1.33904467e-07  1.20000000e+00  6.25376095e-08 -3.94966213e-04 
 1.33922058e-07  1.20000000e+00  6.25380154e-08 -4.07762009e-04 
 1.33939791e-07  1.20000000e+00  6.25376241e-08 -4.11013209e-04 
 1.33957238e-07  1.20000000e+00  6.25379771e-08 -4.30376299e-04 
 1.33975594e-07  1.20000000e+00  6.25376856e-08 -3.94465923e-04 
 1.33992779e-07  1.20000000e+00  6.25379527e-08 -3.95632051e-04 
 1.34010441e-07  1.20000000e+00  6.25375844e-08 -4.06276156e-04 
 1.34027941e-07  1.20000000e+00  6.25382813e-08 -4.10599777e-04 
 1.34045436e-07  1.20000000e+00  6.25369577e-08 -4.29455812e-04 
 1.34063442e-07  1.20000000e+00  6.25387038e-08 -3.99243726e-04 
 1.34080617e-07  1.20000000e+00  6.25377371e-08 -3.92770898e-04 
 1.34098474e-07  1.20000000e+00  6.25354717e-08 -4.07841692e-04 
 1.34115646e-07  1.20000000e+00  6.25442390e-08 -4.06463428e-04 
 1.34133358e-07  1.20000000e+00  6.25311380e-08 -4.31369802e-04 
 1.34150854e-07  1.20000000e+00  6.25345596e-08 -4.02285559e-04 
 1.34168108e-07  1.20000000e+00  6.25630338e-08 -3.93608436e-04 
 1.34185707e-07  1.20000000e+00  6.24707907e-08 -4.05143554e-04 
 1.34202777e-07  1.20000000e+00  6.26117991e-08 -4.06081255e-04 
 1.34220450e-07  1.20000000e+00  6.26237762e-08 -4.28671069e-04 
 1.34237596e-07  1.20000000e+00  6.22276578e-08 -4.11284338e-04 
 1.34254798e-07  1.20000000e+00  6.31299060e-08 -3.90593705e-04 
 1.34272391e-07  1.20000000e+00  6.15934353e-08 -4.04947124e-04 
 1.34289243e-07  1.20000000e+00  6.12019960e-08 -4.03042239e-04 
 1.34306662e-07  1.20000000e+00  6.77707116e-08 -4.28369558e-04 
 1.34323578e-07  1.20000000e+00  5.87415650e-08 -4.17470635e-04 
 1.34340840e-07  1.20000000e+00  7.08599377e-08 -3.90767595e-04 
 1.34359390e-07  1.20000000e+00  6.42489880e-08 -4.01639278e-04 
 1.34376090e-07  1.20000000e+00 -2.38322676e-08 -4.04275072e-04 
 1.34393830e-07  1.20000000e+00  1.04696904e-07 -4.24952856e-04 
 1.34410799e-07  1.20000000e+00  1.11019256e-07 -4.21672505e-04 
 1.34428538e-07  1.20000000e+00  3.23580037e-07 -3.89593784e-04 
 1.34445291e-07  1.20000000e+00  1.01593463e-06 -4.00253604e-04 
 1.34463124e-07  1.20000000e+00 -1.83987912e-06 -4.03780865e-04 
 1.34480223e-07  1.20000000e+00 -3.51482686e-06 -4.22011585e-04 
 1.34497970e-07  1.20000000e+00 -2.38633831e-06 -4.23521799e-04 
 1.34515351e-07  1.20000000e+00  5.40658860e-06 -3.91887354e-04 
 1.34531963e-07  1.20000000e+00  5.00534524e-05 -3.96837463e-04 
 1.34549475e-07  1.20000000e+00  3.64431296e-05 -4.06941261e-04 
 1.34567416e-07  1.20000000e+00 -1.22377469e-04 -4.15684814e-04 
 1.34585124e-07  1.20000000e+00 -3.76715857e-04 -4.28164791e-04 
 1.34603717e-07  1.20000000e+00 -4.61510978e-04 -3.90257965e-04 
 1.34621266e-07  1.20000000e+00  1.49099006e-03 -3.98823185e-04 
 1.34638630e-07  1.20000000e+00  4.75903804e-03 -4.06042055e-04 
 1.34656985e-07  1.20000000e+00  2.51021311e-03 -4.15332437e-04 
 1.34674473e-07  1.20000000e+00 -1.45301795e-02 -4.21095882e-04 
 1.34693396e-07  1.20000000e+00 -4.52582983e-02 -3.81345461e-04 
 1.34710803e-07  1.20000000e+00 -1.97272841e-02 -4.28783922e-04 
 1.34726690e-07  1.20000000e+00  9.62346664e-02 -4.76872686e-04 
 1.34744193e-07  1.20000000e+00  2.73893683e-01 -4.61640287e-04 
 1.34760669e-07  1.20000000e+00  4.42422128e-01 -4.56446707e-04 
 1.34778165e-07  1.20000000e+00  6.11931485e-01 -4.10800333e-04 
 1.34795442e-07  1.20000000e+00  7.63478214e-01 -3.85840005e-04 
 1.34812690e-07  1.20000000e+00  8.91779455e-01 -4.18922287e-04 
 1.34830259e-07  1.20000000e+00  9.93689384e-01 -4.01106166e-04 
 1.34847615e-07  1.20000000e+00  1.06615002e+00 -3.83813937e-04 
 1.34863891e-07  1.20000000e+00  1.11272198e+00 -3.46542926e-04 
 1.34881662e-07  1.20000000e+00  1.14622219e+00 -3.05135269e-04 
 1.34898661e-07  1.20000000e+00  1.16646861e+00 -3.45846397e-04 
 1.34915952e-07  1.20000000e+00  1.17939976e+00 -3.51727093e-04 
 1.34933240e-07  1.20000000e+00  1.18738635e+00 -3.49309048e-04 
 1.34949439e-07  1.20000000e+00  1.19204684e+00 -3.30820411e-04 
 1.34966966e-07  1.20000000e+00  1.19518082e+00 -2.89661155e-04 
 1.34984557e-07  1.20000000e+00  1.19709252e+00 -3.23225680e-04 
 1.35001460e-07  1.20000000e+00  1.19820606e+00 -3.48915375e-04 
 1.35018813e-07  1.20000000e+00  1.19891247e+00 -3.44793298e-04 
 1.35035301e-07  1.20000000e+00  1.19931939e+00 -3.35028544e-04 
 1.35053169e-07  1.20000000e+00  1.19959530e+00 -2.90477176e-04 
 1.35069906e-07  1.20000000e+00  1.19974714e+00 -3.10336463e-04 
 1.35087663e-07  1.20000000e+00  1.19985055e+00 -3.48871414e-04 
 1.35104947e-07  1.20000000e+00  1.19990670e+00 -3.44657042e-04 
 1.35123568e-07  1.20000000e+00  1.19994761e+00 -3.35849006e-04 
 1.35140767e-07  1.20000000e+00  1.19996579e+00 -2.94528068e-04 
 1.35157287e-07  1.20000000e+00  1.19998081e+00 -3.03506327e-04 
 1.35174857e-07  1.20000000e+00  1.19998630e+00 -3.49568279e-04 
 1.35192504e-07  1.20000000e+00  1.19999372e+00 -3.42617831e-04 
 1.35210372e-07  1.20000000e+00  1.19999423e+00 -3.40640699e-04 
 1.35228912e-07  1.20000000e+00  1.19999847e+00 -2.94989877e-04 
 1.35246516e-07  1.20000000e+00  1.19999715e+00 -3.03246659e-04 
 1.35263883e-07  1.20000000e+00  1.20000006e+00 -3.49039489e-04 
 1.35282249e-07  1.20000000e+00  1.19999821e+00 -3.42685149e-04 
 1.35299749e-07  1.20000000e+00  1.20000062e+00 -3.40841696e-04 
 1.35318711e-07  1.20000000e+00  1.19999862e+00 -2.93625975e-04 
 1.35336127e-07  1.20000000e+00  1.20000079e+00 -3.03667735e-04 
 1.35353632e-07  1.20000000e+00  1.19999880e+00 -3.49697005e-04 
 1.35371980e-07  1.20000000e+00  1.20000082e+00 -3.42195574e-04 
 1.35389614e-07  1.20000000e+00  1.19999889e+00 -3.41494268e-04 
 1.35408493e-07  1.20000000e+00  1.20000080e+00 -2.91637498e-04 
 1.35426082e-07  1.20000000e+00  1.19999895e+00 -3.06031470e-04 
 1.35443491e-07  1.20000000e+00  1.20000077e+00 -3.49130786e-04 
 1.35462074e-07  1.20000000e+00  1.19999900e+00 -3.42987390e-04 
 1.35479772e-07  1.20000000e+00  1.20000073e+00 -3.40465390e-04 
 1.35498458e-07  1.20000000e+00  1.19999904e+00 -2.90611890e-04 
 1.35516345e-07  1.20000000e+00  1.20000069e+00 -3.08238448e-04 
 1.35533555e-07  1.20000000e+00  1.19999908e+00 -3.49645396e-04 
 1.35551969e-07  1.20000000e+00  1.20000066e+00 -3.42689112e-04 
 1.35569930e-07  1.20000000e+00  1.19999911e+00 -3.40407391e-04 
 1.35588155e-07  1.20000000e+00  1.20000062e+00 -2.89193945e-04 
 1.35606517e-07  1.20000000e+00  1.19999915e+00 -3.11524257e-04 
 1.35623426e-07  1.20000000e+00  1.20000059e+00 -3.48583228e-04 
 1.35641798e-07  1.20000000e+00  1.19999918e+00 -3.43863815e-04 
 1.35659919e-07  1.20000000e+00  1.20000056e+00 -3.38768912e-04 
 1.35677863e-07  1.20000000e+00  1.19999921e+00 -2.89399985e-04 
 1.35694551e-07  1.20000000e+00  1.20000053e+00 -3.07525654e-04 
 1.35712170e-07  1.20000000e+00  1.19999924e+00 -3.49220919e-04 
 1.35729587e-07  1.20000000e+00  1.20000050e+00 -3.42568048e-04 
 1.35748032e-07  1.20000000e+00  1.19999927e+00 -3.41615536e-04 
 1.35766077e-07  1.20000000e+00  1.20000047e+00 -2.90903912e-04 
 1.35784466e-07  1.20000000e+00  1.19999929e+00 -3.08742807e-04 
 1.35801424e-07  1.20000000e+00  1.20000045e+00 -3.48987722e-04 
 1.35819963e-07  1.20000000e+00  1.19999932e+00 -3.42731632e-04 
 1.35837859e-07  1.20000000e+00  1.20000042e+00 -3.41248196e-04 
 1.35856389e-07  1.20000000e+00  1.19999934e+00 -2.88253400e-04 
 1.35874704e-07  1.20000000e+00  1.20000040e+00 -3.12126895e-04 
 1.35891709e-07  1.20000000e+00  1.19999936e+00 -3.48498310e-04 
 1.35910066e-07  1.20000000e+00  1.20000038e+00 -3.43460659e-04 
 1.35928389e-07  1.20000000e+00  1.19999938e+00 -3.39677950e-04 
 1.35946325e-07  1.20000000e+00  1.20000036e+00 -2.87270778e-04 
 1.35962894e-07  1.20000000e+00  1.19999940e+00 -3.09664172e-04 
 1.35980588e-07  1.20000000e+00  1.20000034e+00 -3.47883695e-04 
 1.35997812e-07  1.20000000e+00  1.19999942e+00 -3.43286893e-04 
 1.36016579e-07  1.20000000e+00  1.20000032e+00 -3.41171555e-04 
 1.36034499e-07  1.20000000e+00  1.19999944e+00 -2.90411639e-04 
 1.36051324e-07  1.20000000e+00  1.20000030e+00 -3.05466224e-04 
 1.36068997e-07  1.20000000e+00  1.19999946e+00 -3.49102250e-04 
 1.36086642e-07  1.20000000e+00  1.20000028e+00 -3.41071622e-04 
 1.36104944e-07  1.20000000e+00  1.19999948e+00 -3.44584256e-04 
 1.36123512e-07  1.20000000e+00  1.20000027e+00 -2.89004762e-04 
 1.36141665e-07  1.20000000e+00  1.19999949e+00 -3.09347238e-04 
 1.36158918e-07  1.20000000e+00  1.20000025e+00 -3.47852780e-04 
 1.36177419e-07  1.20000000e+00  1.19999951e+00 -3.42847455e-04 
 1.36195546e-07  1.20000000e+00  1.20000024e+00 -3.42240571e-04 
 1.36214268e-07  1.20000000e+00  1.19999952e+00 -2.86432746e-04 
 1.36232804e-07  1.20000000e+00  1.20000022e+00 -3.14833697e-04 
 1.36249808e-07  1.20000000e+00  1.19999953e+00 -3.47555261e-04 
 1.36268123e-07  1.20000000e+00  1.20000021e+00 -3.43785354e-04 
 1.36286932e-07  1.20000000e+00  1.19999955e+00 -3.39397591e-04 
 1.36304472e-07  1.20000000e+00  1.20000020e+00 -2.85014281e-04 
 1.36320709e-07  1.20000000e+00  1.19999956e+00 -3.11983728e-04 
 1.36338511e-07  1.20000000e+00  1.20000019e+00 -3.46511405e-04 
 1.36355292e-07  1.20000000e+00  1.19999957e+00 -3.43354192e-04 
 1.36374685e-07  1.20000000e+00  1.20000018e+00 -3.41495535e-04 
 1.36392296e-07  1.20000000e+00  1.19999958e+00 -2.89332417e-04 
 1.36408901e-07  1.20000000e+00  1.20000017e+00 -3.06222413e-04 
 1.36426715e-07  1.20000000e+00  1.19999959e+00 -3.48491554e-04 
 1.36443984e-07  1.20000000e+00  1.20000016e+00 -3.40198372e-04 
 1.36462722e-07  1.20000000e+00  1.19999960e+00 -3.46166325e-04 
 1.36481142e-07  1.20000000e+00  1.20000015e+00 -2.87676285e-04 
 1.36499667e-07  1.20000000e+00  1.19999961e+00 -3.11845023e-04 
 1.36516859e-07  1.20000000e+00  1.20000014e+00 -3.46618652e-04 
 1.36535328e-07  1.20000000e+00  1.19999962e+00 -3.43191880e-04 
 1.36553817e-07  1.20000000e+00  1.20000013e+00 -3.42315894e-04 
 1.36571851e-07  1.20000000e+00  1.19999963e+00 -2.85827232e-04 
 1.36588396e-07  1.20000000e+00  1.20000012e+00 -3.10283336e-04 
 1.36606162e-07  1.20000000e+00  1.19999963e+00 -3.46814952e-04 
 1.36623338e-07  1.20000000e+00  1.20000011e+00 -3.41692193e-04 
 1.36642532e-07  1.20000000e+00  1.19999964e+00 -3.44258513e-04 
 1.36660281e-07  1.20000000e+00  1.20000011e+00 -2.87604646e-04 
 1.36676970e-07  1.20000000e+00  1.19999965e+00 -3.07816867e-04 
 1.36694805e-07  1.20000000e+00  1.20000010e+00 -3.46618955e-04 
 1.36712142e-07  1.20000000e+00  1.19999966e+00 -3.40967584e-04 
 1.36731013e-07  1.20000000e+00  1.20000009e+00 -3.45919748e-04 
 1.36749255e-07  1.20000000e+00  1.19999966e+00 -2.88265280e-04 
 1.36768056e-07  1.20000000e+00  1.20000009e+00 -3.12082431e-04 
 1.36785148e-07  1.20000000e+00  1.19999967e+00 -3.47037216e-04 
 1.36803630e-07  1.20000000e+00  1.20000008e+00 -3.42094288e-04 
 1.36822345e-07  1.20000000e+00  1.19999967e+00 -3.43751395e-04 
 1.36840002e-07  1.20000000e+00  1.20000008e+00 -2.84025651e-04 
 1.36856280e-07  1.20000000e+00  1.19999968e+00 -3.11631162e-04 
 1.36874094e-07  1.20000000e+00  1.20000007e+00 -3.44673476e-04 
 1.36891033e-07  1.20000000e+00  1.19999968e+00 -3.42420178e-04 
 1.36910464e-07  1.20000000e+00  1.20000006e+00 -3.44068856e-04 
 1.36927989e-07  1.20000000e+00  1.19999969e+00 -2.89688626e-04 
 1.36944675e-07  1.20000000e+00  1.20000006e+00 -3.05458388e-04 
 1.36962585e-07  1.20000000e+00  1.19999969e+00 -3.47559369e-04 
 1.36979914e-07  1.20000000e+00  1.20000006e+00 -3.38589628e-04 
 1.36998826e-07  1.20000000e+00  1.19999970e+00 -3.48959121e-04 
 1.37017038e-07  1.20000000e+00  1.20000005e+00 -2.86939768e-04 
 1.37035873e-07  1.20000000e+00  1.19999970e+00 -3.13294665e-04 
 1.37053059e-07  1.20000000e+00  1.20000005e+00 -3.44829180e-04 
 1.37071572e-07  1.20000000e+00  1.19999971e+00 -3.43362816e-04 
 1.37090380e-07  1.20000000e+00  1.20000004e+00 -3.43111673e-04 
 1.37107961e-07  1.20000000e+00  1.19999971e+00 -2.85380409e-04 
 1.37124216e-07  1.20000000e+00  1.20000004e+00 -3.10141931e-04 
 1.37142059e-07  1.20000000e+00  1.19999971e+00 -3.45567830e-04 
 1.37158971e-07  1.20000000e+00  1.20000004e+00 -3.40327493e-04 
 1.37176321e-07  1.20000000e+00  1.19999972e+00 -3.49498194e-04 
 1.37194741e-07  1.20000000e+00  1.20000003e+00 -2.90620305e-04 
 1.37213016e-07  1.20000000e+00  1.19999972e+00 -3.06842385e-04 
 1.37230338e-07  1.20000000e+00  1.20000003e+00 -3.46411333e-04 
 1.37249169e-07  1.20000000e+00  1.19999972e+00 -3.39955974e-04 
 1.37267398e-07  1.20000000e+00  1.20000003e+00 -3.48219952e-04 
 1.37285895e-07  1.20000000e+00  1.19999973e+00 -2.84717616e-04 
 1.37304770e-07  1.20000000e+00  1.20000002e+00 -3.16295936e-04 
 1.37321778e-07  1.20000000e+00  1.19999973e+00 -3.44236442e-04 
 1.37340233e-07  1.20000000e+00  1.20000002e+00 -3.44068349e-04 
 1.37357287e-07  1.20000000e+00  1.19999973e+00 -3.45695041e-04 
 1.37375342e-07  1.20000000e+00  1.20000002e+00 -2.85797016e-04 
 1.37391775e-07  1.20000000e+00  1.19999973e+00 -3.08723145e-04 
 1.37409424e-07  1.20000000e+00  1.20000002e+00 -3.45328387e-04 
 1.37426820e-07  1.20000000e+00  1.19999974e+00 -3.39892028e-04 
 1.37445924e-07  1.20000000e+00  1.20000001e+00 -3.47895535e-04 
 1.37463731e-07  1.20000000e+00  1.19999974e+00 -2.88346593e-04 
 1.37480703e-07  1.20000000e+00  1.20000001e+00 -3.06892728e-04 
 1.37498680e-07  1.20000000e+00  1.19999974e+00 -3.45559465e-04 
 1.37516236e-07  1.20000000e+00  1.20000001e+00 -3.39497937e-04 
 1.37535242e-07  1.20000000e+00  1.19999974e+00 -3.48630647e-04 
 1.37553231e-07  1.20000000e+00  1.20000001e+00 -2.87249492e-04 
 1.37570262e-07  1.20000000e+00  1.19999974e+00 -3.08224773e-04 
 1.37588255e-07  1.20000000e+00  1.20000001e+00 -3.44899952e-04 
 1.37605811e-07  1.20000000e+00  1.19999975e+00 -3.40136331e-04 
 1.37624983e-07  1.20000000e+00  1.20000000e+00 -3.47895555e-04 
 1.37642732e-07  1.20000000e+00  1.19999975e+00 -2.87169935e-04 
 1.37659560e-07  1.20000000e+00  1.20000000e+00 -3.08073068e-04 
 1.37677567e-07  1.20000000e+00  1.19999975e+00 -3.44891077e-04 
 1.37694917e-07  1.20000000e+00  1.20000000e+00 -3.39580189e-04 
 1.37714236e-07  1.20000000e+00  1.19999975e+00 -3.48526237e-04 
 1.37731851e-07  1.20000000e+00  1.20000000e+00 -2.87543338e-04 
 1.37748695e-07  1.20000000e+00  1.19999975e+00 -3.07662946e-04 
 1.37766746e-07  1.20000000e+00  1.20000000e+00 -3.44551492e-04 
 1.37784094e-07  1.20000000e+00  1.19999975e+00 -3.39418803e-04 
 1.37803399e-07  1.20000000e+00  1.20000000e+00 -3.48915584e-04 
 1.37821050e-07  1.20000000e+00  1.19999976e+00 -2.87949301e-04 
 1.37837973e-07  1.20000000e+00  1.19999999e+00 -3.07383249e-04 
 1.37856052e-07  1.20000000e+00  1.19999976e+00 -3.44576420e-04 
 1.37873454e-07  1.20000000e+00  1.19999999e+00 -3.39113817e-04 
 1.37892781e-07  1.20000000e+00  1.19999976e+00 -3.49331423e-04 
 1.37910397e-07  1.20000000e+00  1.19999999e+00 -2.87530791e-04 
 1.37927294e-07  1.20000000e+00  1.19999976e+00 -3.07834959e-04 
 1.37945389e-07  1.20000000e+00  1.19999999e+00 -3.44032353e-04 
 1.37962750e-07  1.20000000e+00  1.19999976e+00 -3.39333229e-04 
 1.37982161e-07  1.20000000e+00  1.19999999e+00 -3.49147219e-04 
 1.37999686e-07  1.20000000e+00  1.19999976e+00 -2.87936187e-04 
 1.38016549e-07  1.20000000e+00  1.19999999e+00 -3.07426255e-04 
 1.38034670e-07  1.20000000e+00  1.19999976e+00 -3.44145623e-04 
 1.38051985e-07  1.20000000e+00  1.19999999e+00 -3.38811428e-04 
 1.38069457e-07  1.20000000e+00  1.19999976e+00 -3.52370240e-04 
 1.38087882e-07  1.20000000e+00  1.19999999e+00 -2.90240251e-04 
 1.38106319e-07  1.20000000e+00  1.19999976e+00 -3.07696441e-04 
 1.38123858e-07  1.20000000e+00  1.19999999e+00 -3.44844686e-04 
 1.38142590e-07  1.20000000e+00  1.19999977e+00 -3.39539816e-04 
 1.38161343e-07  1.20000000e+00  1.19999999e+00 -3.49532518e-04 
 1.38179179e-07  1.20000000e+00  1.19999977e+00 -2.84004622e-04 
 1.38195825e-07  1.20000000e+00  1.19999998e+00 -3.11243499e-04 
 1.38213814e-07  1.20000000e+00  1.19999977e+00 -3.42352446e-04 
 1.38230974e-07  1.20000000e+00  1.19999998e+00 -3.40696886e-04 
 1.38247973e-07  1.20000000e+00  1.19999977e+00 -3.51394331e-04 
 1.38266297e-07  1.20000000e+00  1.19999998e+00 -2.92249954e-04 
 1.38284720e-07  1.20000000e+00  1.19999977e+00 -3.05333157e-04 
 1.38302163e-07  1.20000000e+00  1.19999998e+00 -3.46211078e-04 
 1.38320995e-07  1.20000000e+00  1.19999977e+00 -3.37610659e-04 
 1.38339585e-07  1.20000000e+00  1.19999998e+00 -3.51937799e-04 
 1.38357587e-07  1.20000000e+00  1.19999977e+00 -2.83049490e-04 
 1.38374429e-07  1.20000000e+00  1.19999998e+00 -3.12110866e-04 
 1.38392428e-07  1.20000000e+00  1.19999977e+00 -3.41215635e-04 
 1.38409742e-07  1.20000000e+00  1.19999998e+00 -3.41803662e-04 
 1.38426792e-07  1.20000000e+00  1.19999977e+00 -3.50474723e-04 
 1.38445111e-07  1.20000000e+00  1.19999998e+00 -2.92596652e-04 
 1.38463613e-07  1.20000000e+00  1.19999977e+00 -3.05177868e-04 
 1.38481017e-07  1.20000000e+00  1.19999998e+00 -3.47053053e-04 
 1.38499781e-07  1.20000000e+00  1.19999977e+00 -3.36888932e-04 
 1.38518501e-07  1.20000000e+00  1.19999998e+00 -3.52639071e-04 
 1.38536317e-07  1.20000000e+00  1.19999977e+00 -2.81949097e-04 
 1.38553026e-07  1.20000000e+00  1.19999998e+00 -3.12876967e-04 
 1.38571043e-07  1.20000000e+00  1.19999977e+00 -3.40233353e-04 
 1.38588218e-07  1.20000000e+00  1.19999998e+00 -3.42392883e-04 
 1.38605211e-07  1.20000000e+00  1.19999977e+00 -3.50127537e-04 
 1.38623534e-07  1.20000000e+00  1.19999998e+00 -2.94178203e-04 
 1.38641964e-07  1.20000000e+00  1.19999977e+00 -3.03134838e-04 
 1.38659483e-07  1.20000000e+00  1.19999998e+00 -3.48000064e-04 
 1.38678258e-07  1.20000000e+00  1.19999977e+00 -3.35557037e-04 
 1.38696929e-07  1.20000000e+00  1.19999998e+00 -3.54271569e-04 
 1.38714861e-07  1.20000000e+00  1.19999978e+00 -2.81098569e-04 
 1.38731700e-07  1.20000000e+00  1.19999998e+00 -3.13734914e-04 
 1.38749743e-07  1.20000000e+00  1.19999978e+00 -3.39360607e-04 
 1.38766991e-07  1.20000000e+00  1.19999998e+00 -3.43270887e-04 
 1.38783960e-07  1.20000000e+00  1.19999978e+00 -3.49515726e-04 
 1.38802273e-07  1.20000000e+00  1.19999997e+00 -2.94494258e-04 
 1.38820758e-07  1.20000000e+00  1.19999978e+00 -3.02916063e-04 
 1.38838237e-07  1.20000000e+00  1.19999997e+00 -3.48611017e-04 
 1.38856975e-07  1.20000000e+00  1.19999978e+00 -3.34964217e-04 
 1.38875724e-07  1.20000000e+00  1.19999997e+00 -3.54903384e-04 
 1.38893538e-07  1.20000000e+00  1.19999978e+00 -2.80330061e-04 
 1.38910302e-07  1.20000000e+00  1.19999997e+00 -3.14255239e-04 
 1.38928361e-07  1.20000000e+00  1.19999978e+00 -3.38649809e-04 
 1.38945524e-07  1.20000000e+00  1.19999997e+00 -3.43689249e-04 
 1.38962455e-07  1.20000000e+00  1.19999978e+00 -3.49292168e-04 
 1.38980769e-07  1.20000000e+00  1.19999997e+00 -2.95576087e-04 
 1.38999210e-07  1.20000000e+00  1.19999978e+00 -3.01520260e-04 
 1.39016773e-07  1.20000000e+00  1.19999997e+00 -3.49270930e-04 
 1.39035509e-07  1.20000000e+00  1.19999978e+00 -3.34029329e-04 
 1.39054240e-07  1.20000000e+00  1.19999997e+00 -3.56053783e-04 
 1.39072115e-07  1.20000000e+00  1.19999978e+00 -2.79705888e-04 
 1.39088961e-07  1.20000000e+00  1.19999997e+00 -3.14860630e-04 
 1.39107042e-07  1.20000000e+00  1.19999978e+00 -3.38008639e-04 
 1.39124241e-07  1.20000000e+00  1.19999997e+00 -3.44292660e-04 
 1.39141146e-07  1.20000000e+00  1.19999978e+00 -3.48917591e-04 
 1.39159452e-07  1.20000000e+00  1.19999997e+00 -2.95882225e-04 
 1.39177926e-07  1.20000000e+00  1.19999978e+00 -3.01232454e-04 
 1.39195472e-07  1.20000000e+00  1.19999997e+00 -3.49718963e-04 
 1.39214183e-07  1.20000000e+00  1.19999978e+00 -3.33544791e-04 
 1.39232966e-07  1.20000000e+00  1.19999997e+00 -3.56602154e-04 
 1.39250768e-07  1.20000000e+00  1.19999978e+00 -2.79146375e-04 
 1.39267574e-07  1.20000000e+00  1.19999997e+00 -3.15244499e-04 
 1.39285671e-07  1.20000000e+00  1.19999978e+00 -3.37480607e-04 
 1.39302816e-07  1.20000000e+00  1.19999997e+00 -3.44607230e-04 
 1.39319688e-07  1.20000000e+00  1.19999978e+00 -3.48774501e-04 
 1.39337994e-07  1.20000000e+00  1.19999997e+00 -2.96629899e-04 
 1.39356442e-07  1.20000000e+00  1.19999978e+00 -3.00268159e-04 
 1.39374048e-07  1.20000000e+00  1.19999997e+00 -3.50184986e-04 
 1.39392752e-07  1.20000000e+00  1.19999978e+00 -3.32876009e-04 
 1.39411532e-07  1.20000000e+00  1.19999997e+00 -3.57431588e-04 
 1.39429364e-07  1.20000000e+00  1.19999978e+00 -2.78683471e-04 
 1.39446221e-07  1.20000000e+00  1.19999997e+00 -3.15673502e-04 
 1.39464338e-07  1.20000000e+00  1.19999978e+00 -3.37002963e-04 
 1.39481497e-07  1.20000000e+00  1.19999997e+00 -3.45024723e-04 
 1.39498344e-07  1.20000000e+00  1.19999978e+00 -3.48550749e-04 
 1.39516644e-07  1.20000000e+00  1.19999997e+00 -2.96911029e-04 
 1.39535112e-07  1.20000000e+00  1.19999978e+00 -2.99963083e-04 
 1.39552716e-07  1.20000000e+00  1.19999997e+00 -3.50518051e-04 
 1.39571400e-07  1.20000000e+00  1.19999978e+00 -3.32479895e-04 
 1.39590218e-07  1.20000000e+00  1.19999997e+00 -3.57900218e-04 
 1.39608003e-07  1.20000000e+00  1.19999978e+00 -2.78268532e-04 
 1.39624841e-07  1.20000000e+00  1.19999997e+00 -3.15962101e-04 
 1.39642972e-07  1.20000000e+00  1.19999978e+00 -3.36602997e-04 
 1.39660096e-07  1.20000000e+00  1.19999997e+00 -3.45264659e-04 
 1.39676915e-07  1.20000000e+00  1.19999978e+00 -3.48462960e-04 
 1.39695214e-07  1.20000000e+00  1.19999997e+00 -2.97439253e-04 
 1.39713667e-07  1.20000000e+00  1.19999978e+00 -2.99279615e-04 
 1.39731314e-07  1.20000000e+00  1.19999997e+00 -3.50853461e-04 
 1.39749989e-07  1.20000000e+00  1.19999978e+00 -3.31989542e-04 
 1.39768812e-07  1.20000000e+00  1.19999997e+00 -3.58514824e-04 
 1.39786610e-07  1.20000000e+00  1.19999978e+00 -2.77918661e-04 
 1.39803480e-07  1.20000000e+00  1.19999997e+00 -3.16271600e-04 
 1.39821629e-07  1.20000000e+00  1.19999978e+00 -3.36240158e-04 
 1.39838756e-07  1.20000000e+00  1.19999997e+00 -3.45558867e-04 
 1.39855550e-07  1.20000000e+00  1.19999978e+00 -3.48333080e-04 
 1.39873846e-07  1.20000000e+00  1.19999997e+00 -2.97689295e-04 
 1.39892309e-07  1.20000000e+00  1.19999978e+00 -2.98985262e-04 
 1.39909963e-07  1.20000000e+00  1.19999997e+00 -3.51105465e-04 
 1.39928623e-07  1.20000000e+00  1.19999978e+00 -3.31665294e-04 
 1.39947474e-07  1.20000000e+00  1.19999997e+00 -3.58911412e-04 
 1.39965240e-07  1.20000000e+00  1.19999978e+00 -2.77604729e-04 
 1.39982103e-07  1.20000000e+00  1.19999997e+00 -3.16491836e-04 
 1.40000265e-07  1.20000000e+00  1.19999978e+00 -3.35930809e-04 
 1.40017367e-07  1.20000000e+00  1.19999997e+00 -3.45741781e-04 
 1.40034138e-07  1.20000000e+00  1.19999978e+00 -3.48285312e-04 
 1.40052432e-07  1.20000000e+00  1.19999997e+00 -2.98072127e-04 
 1.40070887e-07  1.20000000e+00  1.19999978e+00 -2.98486739e-04 
 1.40085443e-07  1.20000000e+00  1.19999997e+00 -3.50754790e-04 
 1.40100000e-07  1.20000000e+00  1.19999978e+00 -3.25436483e-04 
 1.40102059e-07  1.17528810e+00  1.19999988e+00 -3.49625140e-04 
 1.40106178e-07  1.12586430e+00  1.19999988e+00 -3.53806032e-04 
 1.40114415e-07  1.02701669e+00  1.19999988e+00 -3.64499522e-04 
 1.40130890e-07  8.29321475e-01  1.19999988e+00 -3.50386617e-04 
 1.40146967e-07  6.36400695e-01  1.19999988e+00 -3.02687609e-04 
 1.40164010e-07  4.31880660e-01  1.19999988e+00 -3.58919624e-04 
 1.40180822e-07  2.30133761e-01  1.19999988e+00 -3.91297113e-04 
 1.40190411e-07  1.15066880e-01  1.19999988e+00 -3.96809147e-04 
 1.40200000e-07  0.00000000e+00  1.19999988e+00 -4.26326427e-04 
 1.40201918e-07  0.00000000e+00  1.19999988e+00 -4.07960542e-04 
 1.40205753e-07  0.00000000e+00  1.19999988e+00 -4.22718819e-04 
 1.40213424e-07  0.00000000e+00  1.19999988e+00 -4.26945611e-04 
 1.40228548e-07  0.00000000e+00  1.19999988e+00 -3.91653545e-04 
 1.40243124e-07  0.00000000e+00  1.19999988e+00 -3.71718759e-04 
 1.40259923e-07  0.00000000e+00  1.19999988e+00 -4.41369487e-04 
 1.40277985e-07  0.00000000e+00  1.19999988e+00 -3.90161795e-04 
 1.40295050e-07  0.00000000e+00  1.19999988e+00 -4.26311446e-04 
 1.40311360e-07  0.00000000e+00  1.19999988e+00 -4.09902129e-04 
 1.40329301e-07  0.00000000e+00  1.19999988e+00 -3.71257932e-04 
 1.40346223e-07  0.00000000e+00  1.19999988e+00 -4.32647470e-04 
 1.40363786e-07  0.00000000e+00  1.19999988e+00 -4.07317601e-04 
 1.40380937e-07  0.00000000e+00  1.19999988e+00 -4.09387635e-04 
 1.40396508e-07  0.00000000e+00  1.19999988e+00 -4.30379800e-04 
 1.40414418e-07  0.00000000e+00  1.19999988e+00 -3.63782432e-04 
 1.40431621e-07  0.00000000e+00  1.19999988e+00 -4.26699181e-04 
 1.40448641e-07  0.00000000e+00  1.19999988e+00 -4.16900151e-04 
 1.40465901e-07  0.00000000e+00  1.19999988e+00 -4.02811963e-04 
 1.40481255e-07  0.00000000e+00  1.19999988e+00 -4.28913775e-04 
 1.40499137e-07  0.00000000e+00  1.19999988e+00 -3.81861184e-04 
 1.40515844e-07  0.00000000e+00  1.19999988e+00 -3.94418471e-04 
 1.40533525e-07  0.00000000e+00  1.19999988e+00 -4.38720230e-04 
 1.40551394e-07  0.00000000e+00  1.19999988e+00 -3.86766050e-04 
 1.40570038e-07  0.00000000e+00  1.19999988e+00 -4.38461931e-04 
 1.40587680e-07  0.00000000e+00  1.19999988e+00 -3.75958861e-04 
 1.40606491e-07  0.00000000e+00  1.19999988e+00 -4.08054720e-04 
 1.40624520e-07  0.00000000e+00  1.19999988e+00 -4.26961771e-04 
 1.40642786e-07  0.00000000e+00  1.19999988e+00 -3.97297759e-04 
 1.40659917e-07  0.00000000e+00  1.19999988e+00 -4.30265665e-04 
 1.40677918e-07  0.00000000e+00  1.19999988e+00 -3.80282152e-04 
 1.40696733e-07  0.00000000e+00  1.19999988e+00 -4.04815916e-04 
 1.40714015e-07  0.00000000e+00  1.19999988e+00 -4.34326654e-04 
 1.40732483e-07  0.00000000e+00  1.19999988e+00 -3.89751254e-04 
 1.40749429e-07  0.00000000e+00  1.19999988e+00 -4.38216966e-04 
 1.40767316e-07  0.00000000e+00  1.19999988e+00 -3.71471237e-04 
 1.40786243e-07  0.00000000e+00  1.19999988e+00 -4.14379314e-04 
 1.40803327e-07  0.00000000e+00  1.19999988e+00 -4.25493367e-04 
 1.40821868e-07  0.00000000e+00  1.19999988e+00 -3.99124634e-04 
 1.40838824e-07  0.00000000e+00  1.19999988e+00 -4.28368845e-04 
 1.40856687e-07  0.00000000e+00  1.19999988e+00 -3.81041639e-04 
 1.40873720e-07  0.00000000e+00  1.19999988e+00 -3.97286211e-04 
 1.40891636e-07  0.00000000e+00  1.19999988e+00 -4.37696708e-04 
 1.40909330e-07  0.00000000e+00  1.19999988e+00 -3.87661490e-04 
 1.40928372e-07  0.00000000e+00  1.19999988e+00 -4.37994465e-04 
 1.40945671e-07  0.00000000e+00  1.19999988e+00 -3.73132898e-04 
 1.40963024e-07  0.00000000e+00  1.19999988e+00 -4.06964012e-04 
 1.40981375e-07  0.00000000e+00  1.19999988e+00 -4.26923585e-04 
 1.40998803e-07  0.00000000e+00  1.19999988e+00 -3.98058661e-04 
 1.41015918e-07  0.00000000e+00  1.19999988e+00 -4.27589690e-04 
 1.41034046e-07  0.00000000e+00  1.19999988e+00 -3.85920306e-04 
 1.41052437e-07  0.00000000e+00  1.19999988e+00 -3.95583440e-04 
 1.41070392e-07  0.00000000e+00  1.19999988e+00 -4.39257442e-04 
 1.41088939e-07  0.00000000e+00  1.19999988e+00 -3.86274096e-04 
 1.41107677e-07  0.00000000e+00  1.19999988e+00 -4.40038739e-04 
 1.41125241e-07  0.00000000e+00  1.19999988e+00 -3.67446716e-04 
 1.41142228e-07  0.00000000e+00  1.19999988e+00 -4.12882862e-04 
 1.41160421e-07  0.00000000e+00  1.19999988e+00 -4.22947088e-04 
 1.41177610e-07  0.00000000e+00  1.19999988e+00 -4.01187942e-04 
 1.41194353e-07  0.00000000e+00  1.19999988e+00 -4.24824086e-04 
 1.41212423e-07  0.00000000e+00  1.19999988e+00 -3.89242955e-04 
 1.41230783e-07  0.00000000e+00  1.19999988e+00 -3.91723630e-04 
 1.41248679e-07  0.00000000e+00  1.19999988e+00 -4.42578711e-04 
 1.41267328e-07  0.00000000e+00  1.19999988e+00 -3.83362889e-04 
 1.41285919e-07  0.00000000e+00  1.19999988e+00 -4.42620334e-04 
 1.41303665e-07  0.00000000e+00  1.19999988e+00 -3.65417187e-04 
 1.41320854e-07  0.00000000e+00  1.19999988e+00 -4.15048689e-04 
 1.41339063e-07  0.00000000e+00  1.19999988e+00 -4.20847734e-04 
 1.41356399e-07  0.00000000e+00  1.19999988e+00 -4.03357791e-04 
 1.41373194e-07  0.00000000e+00  1.19999988e+00 -4.22972467e-04 
 1.41391281e-07  0.00000000e+00  1.19999988e+00 -3.90131812e-04 
 1.41409737e-07  0.00000000e+00  1.19999988e+00 -3.91548897e-04 
 1.41427517e-07  0.00000000e+00  1.19999988e+00 -4.43861936e-04 
 1.41446116e-07  0.00000000e+00  1.19999988e+00 -3.81952909e-04 
 1.41464826e-07  0.00000000e+00  1.19999988e+00 -4.44176768e-04 
 1.41482412e-07  0.00000000e+00  1.19999988e+00 -3.63350590e-04 
 1.41499428e-07  0.00000000e+00  1.19999988e+00 -4.16753399e-04 
 1.41517635e-07  0.00000000e+00  1.19999988e+00 -4.19222246e-04 
 1.41534829e-07  0.00000000e+00  1.19999988e+00 -4.05007940e-04 
 1.41551589e-07  0.00000000e+00  1.19999988e+00 -4.21099848e-04 
 1.41569692e-07  0.00000000e+00  1.19999988e+00 -3.92539983e-04 
 1.41588079e-07  0.00000000e+00  1.19999988e+00 -3.88521977e-04 
 1.41605981e-07  0.00000000e+00  1.19999988e+00 -4.46045623e-04 
 1.41624594e-07  0.00000000e+00  1.19999988e+00 -3.80017732e-04 
 1.41643269e-07  0.00000000e+00  1.19999988e+00 -4.45975355e-04 
 1.41660976e-07  0.00000000e+00  1.19999988e+00 -3.61675320e-04 
 1.41678104e-07  0.00000000e+00  1.19999988e+00 -4.18622894e-04 
 1.41696332e-07  0.00000000e+00  1.19999988e+00 -4.17515386e-04 
 1.41713587e-07  0.00000000e+00  1.19999988e+00 -4.06652032e-04 
 1.41730339e-07  0.00000000e+00  1.19999988e+00 -4.19739396e-04 
 1.41748450e-07  0.00000000e+00  1.19999988e+00 -3.93300575e-04 
 1.41766901e-07  0.00000000e+00  1.19999988e+00 -3.88201384e-04 
 1.41784716e-07  0.00000000e+00  1.19999988e+00 -4.47081037e-04 
 1.41803306e-07  0.00000000e+00  1.19999988e+00 -3.78925183e-04 
 1.41822053e-07  0.00000000e+00  1.19999988e+00 -4.47141638e-04 
 1.41839666e-07  0.00000000e+00  1.19999988e+00 -3.60198018e-04 
 1.41856694e-07  0.00000000e+00  1.19999988e+00 -4.19869855e-04 
 1.41874923e-07  0.00000000e+00  1.19999988e+00 -4.16325188e-04 
 1.41892093e-07  0.00000000e+00  1.19999988e+00 -4.07857028e-04 
 1.41908823e-07  0.00000000e+00  1.19999988e+00 -4.18418300e-04 
 1.41926949e-07  0.00000000e+00  1.19999988e+00 -3.94902466e-04 
 1.41945361e-07  0.00000000e+00  1.19999988e+00 -3.86235851e-04 
 1.41963250e-07  0.00000000e+00  1.19999988e+00 -4.48571153e-04 
 1.41981844e-07  0.00000000e+00  1.19999988e+00 -3.77583375e-04 
 1.42000581e-07  0.00000000e+00  1.19999988e+00 -4.48416019e-04 
 1.42018261e-07  0.00000000e+00  1.19999988e+00 -3.58952502e-04 
 1.42035350e-07  0.00000000e+00  1.19999988e+00 -4.21221133e-04 
 1.42053593e-07  0.00000000e+00  1.19999988e+00 -4.15088849e-04 
 1.42070790e-07  0.00000000e+00  1.19999988e+00 -4.09041751e-04 
 1.42087507e-07  0.00000000e+00  1.19999988e+00 -4.17415495e-04 
 1.42105641e-07  0.00000000e+00  1.19999988e+00 -3.95556140e-04 
 1.42124092e-07  0.00000000e+00  1.19999988e+00 -3.85820410e-04 
 1.42141933e-07  0.00000000e+00  1.19999988e+00 -4.49391704e-04 
 1.42160513e-07  0.00000000e+00  1.19999988e+00 -3.76739336e-04 
 1.42179298e-07  0.00000000e+00  1.19999988e+00 -4.49303916e-04 
 1.42196925e-07  0.00000000e+00  1.19999988e+00 -3.57857318e-04 
 1.42213955e-07  0.00000000e+00  1.19999988e+00 -4.22181300e-04 
 1.42232203e-07  0.00000000e+00  1.19999988e+00 -4.14178929e-04 
 1.42249346e-07  0.00000000e+00  1.19999988e+00 -4.09946273e-04 
 1.42266045e-07  0.00000000e+00  1.19999988e+00 -4.16466350e-04 
 1.42284190e-07  0.00000000e+00  1.19999988e+00 -3.96646434e-04 
 1.42302621e-07  0.00000000e+00  1.19999988e+00 -3.84517523e-04 
 1.42320505e-07  0.00000000e+00  1.19999988e+00 -4.50433999e-04 
 1.42339084e-07  0.00000000e+00  1.19999988e+00 -3.75784367e-04 
 1.42357873e-07  0.00000000e+00  1.19999988e+00 -4.50229587e-04 
 1.42375536e-07  0.00000000e+00  1.19999988e+00 -3.56918352e-04 
 1.42392597e-07  0.00000000e+00  1.19999988e+00 -4.23174551e-04 
 1.42410857e-07  0.00000000e+00  1.19999988e+00 -4.13265435e-04 
 1.42428007e-07  0.00000000e+00  1.19999988e+00 -4.10815783e-04 
 1.42444693e-07  0.00000000e+00  1.19999988e+00 -4.15717579e-04 
 1.42462846e-07  0.00000000e+00  1.19999988e+00 -3.97192679e-04 
 1.42481299e-07  0.00000000e+00  1.19999988e+00 -3.84095597e-04 
 1.42499159e-07  0.00000000e+00  1.19999988e+00 -4.51081016e-04 
 1.42517729e-07  0.00000000e+00  1.19999988e+00 -3.75126032e-04 
 1.42536552e-07  0.00000000e+00  1.19999988e+00 -4.50919261e-04 
 1.42554185e-07  0.00000000e+00  1.19999988e+00 -3.56088536e-04 
 1.42571211e-07  0.00000000e+00  1.19999988e+00 -4.23925505e-04 
 1.42589476e-07  0.00000000e+00  1.19999988e+00 -4.12554525e-04 
 1.42606591e-07  0.00000000e+00  1.19999988e+00 -4.11506270e-04 
 1.42623260e-07  0.00000000e+00  1.19999988e+00 -4.15022411e-04 
 1.42641423e-07  0.00000000e+00  1.19999988e+00 -3.97961404e-04 
 1.42659866e-07  0.00000000e+00  1.19999988e+00 -3.83198096e-04 
 1.42677752e-07  0.00000000e+00  1.19999988e+00 -4.51831111e-04 
 1.42696319e-07  0.00000000e+00  1.19999988e+00 -3.74424069e-04 
 1.42715152e-07  0.00000000e+00  1.19999988e+00 -4.51614097e-04 
 1.42732803e-07  0.00000000e+00  1.19999988e+00 -3.55366812e-04 
 1.42749846e-07  0.00000000e+00  1.19999988e+00 -4.24674877e-04 
 1.42768119e-07  0.00000000e+00  1.19999988e+00 -4.11858863e-04 
 1.42785233e-07  0.00000000e+00  1.19999988e+00 -4.12159768e-04 
 1.42801889e-07  0.00000000e+00  1.19999988e+00 -4.14456686e-04 
 1.42820059e-07  0.00000000e+00  1.19999988e+00 -3.98413341e-04 
 1.42838515e-07  0.00000000e+00  1.19999988e+00 -3.82804524e-04 
 1.42856390e-07  0.00000000e+00  1.19999988e+00 -4.52346413e-04 
 1.42874949e-07  0.00000000e+00  1.19999988e+00 -3.73902208e-04 
 1.42893809e-07  0.00000000e+00  1.19999988e+00 -4.52160812e-04 
 1.42911442e-07  0.00000000e+00  1.19999988e+00 -3.54724569e-04 
 1.42928464e-07  0.00000000e+00  1.19999988e+00 -4.25270488e-04 
 1.42946743e-07  0.00000000e+00  1.19999988e+00 -4.11293556e-04 
 1.42963832e-07  0.00000000e+00  1.19999988e+00 -4.12697526e-04 
 1.42980474e-07  0.00000000e+00  1.19999988e+00 -4.13935299e-04 
 1.42998652e-07  0.00000000e+00  1.19999988e+00 -3.98973206e-04 
 1.43017103e-07  0.00000000e+00  1.19999988e+00 -3.82163621e-04 
 1.43034994e-07  0.00000000e+00  1.19999988e+00 -4.52902896e-04 
 1.43053550e-07  0.00000000e+00  1.19999988e+00 -3.73370279e-04 
 1.43072422e-07  0.00000000e+00  1.19999988e+00 -4.52698025e-04 
 1.43090064e-07  0.00000000e+00  1.19999988e+00 -3.54156767e-04 
 1.43107093e-07  0.00000000e+00  1.19999988e+00 -4.25850934e-04 
 1.43125380e-07  0.00000000e+00  1.19999988e+00 -4.10749225e-04 
 1.43142464e-07  0.00000000e+00  1.19999988e+00 -4.13202111e-04 
 1.43159093e-07  0.00000000e+00  1.19999988e+00 -4.13497585e-04 
 1.43177278e-07  0.00000000e+00  1.19999988e+00 -3.99349440e-04 
 1.43195736e-07  0.00000000e+00  1.19999988e+00 -3.81808980e-04 
 1.43213623e-07  0.00000000e+00  1.19999988e+00 -4.53319270e-04 
 1.43232173e-07  0.00000000e+00  1.19999988e+00 -3.72947720e-04 
 1.43251065e-07  0.00000000e+00  1.19999988e+00 -4.53142871e-04 
 1.43268697e-07  0.00000000e+00  1.19999988e+00 -3.53646235e-04 
 1.43285714e-07  0.00000000e+00  1.19999988e+00 -4.26333630e-04 
 1.43304006e-07  0.00000000e+00  1.19999988e+00 -4.10288231e-04 
 1.43321072e-07  0.00000000e+00  1.19999988e+00 -4.13631596e-04 
 1.43337689e-07  0.00000000e+00  1.19999988e+00 -4.13095161e-04 
 1.43355880e-07  0.00000000e+00  1.19999988e+00 -3.99774684e-04 
 1.43374336e-07  0.00000000e+00  1.19999988e+00 -3.81329220e-04 
 1.43392233e-07  0.00000000e+00  1.19999988e+00 -4.53747494e-04 
 1.43410779e-07  0.00000000e+00  1.19999988e+00 -3.72529174e-04 
 1.43429684e-07  0.00000000e+00  1.19999988e+00 -4.53573715e-04 
 1.43447320e-07  0.00000000e+00  1.19999988e+00 -3.53187608e-04 
 1.43464340e-07  0.00000000e+00  1.19999988e+00 -4.26797124e-04 
 1.43482639e-07  0.00000000e+00  1.19999988e+00 -4.09848142e-04 
 1.43499698e-07  0.00000000e+00  1.19999988e+00 -4.14033673e-04 
 1.43516303e-07  0.00000000e+00  1.19999988e+00 -4.12747199e-04 
 1.43534499e-07  0.00000000e+00  1.19999988e+00 -4.00092846e-04 
 1.43552960e-07  0.00000000e+00  1.19999988e+00 -3.81012482e-04 
 1.43570857e-07  0.00000000e+00  1.19999988e+00 -4.54091336e-04 
 1.43589398e-07  0.00000000e+00  1.19999988e+00 -3.72177661e-04 
 1.43608320e-07  0.00000000e+00  1.19999988e+00 -4.53946530e-04 
 1.43625949e-07  0.00000000e+00  1.19999988e+00 -3.52769943e-04 
 1.43642961e-07  0.00000000e+00  1.19999988e+00 -4.27197798e-04 
 1.43661266e-07  0.00000000e+00  1.19999988e+00 -4.09461813e-04 
 1.43678310e-07  0.00000000e+00  1.19999988e+00 -4.14386771e-04 
 1.43694905e-07  0.00000000e+00  1.19999988e+00 -4.12425887e-04 
 1.43713106e-07  0.00000000e+00  1.19999988e+00 -4.00431124e-04 
 1.43731566e-07  0.00000000e+00  1.19999988e+00 -3.80634417e-04 
 1.43749471e-07  0.00000000e+00  1.19999988e+00 -4.54434468e-04 
 1.43768008e-07  0.00000000e+00  1.19999988e+00 -3.71834734e-04 
 1.43786942e-07  0.00000000e+00  1.19999988e+00 -4.54305626e-04 
 1.43804572e-07  0.00000000e+00  1.19999988e+00 -3.52388524e-04 
 1.43821585e-07  0.00000000e+00  1.19999988e+00 -4.27580192e-04 
 1.43839896e-07  0.00000000e+00  1.19999988e+00 -4.09093575e-04 
 1.43856933e-07  0.00000000e+00  1.19999988e+00 -4.14718553e-04 
 1.43873516e-07  0.00000000e+00  1.19999988e+00 -4.12140020e-04 
 1.43891723e-07  0.00000000e+00  1.19999988e+00 -4.00706666e-04 
 1.43910185e-07  0.00000000e+00  1.19999988e+00 -3.80349492e-04 
 1.43928092e-07  0.00000000e+00  1.19999988e+00 -4.54726447e-04 
 1.43946624e-07  0.00000000e+00  1.19999988e+00 -3.71533128e-04 
 1.43965573e-07  0.00000000e+00  1.19999988e+00 -4.54628099e-04 
 1.43983198e-07  0.00000000e+00  1.19999988e+00 -3.52036147e-04 
 1.44000207e-07  0.00000000e+00  1.19999988e+00 -4.27921838e-04 
 1.44018522e-07  0.00000000e+00  1.19999988e+00 -4.08760252e-04 
 1.44035548e-07  0.00000000e+00  1.19999988e+00 -4.15018384e-04 
 1.44052122e-07  0.00000000e+00  1.19999988e+00 -4.11873379e-04 
 1.44070333e-07  0.00000000e+00  1.19999988e+00 -4.00989013e-04 
 1.44088795e-07  0.00000000e+00  1.19999988e+00 -3.80035667e-04 
 1.44106707e-07  0.00000000e+00  1.19999988e+00 -4.55013444e-04 
 1.44125235e-07  0.00000000e+00  1.19999988e+00 -3.71240300e-04 
 1.44144196e-07  0.00000000e+00  1.19999988e+00 -4.54939079e-04 
 1.44161821e-07  0.00000000e+00  1.19999988e+00 -3.51708967e-04 
 1.44178830e-07  0.00000000e+00  1.19999988e+00 -4.28248134e-04 
 1.44197150e-07  0.00000000e+00  1.19999988e+00 -4.08441353e-04 
 1.44214169e-07  0.00000000e+00  1.19999988e+00 -4.15302447e-04 
 1.44230733e-07  0.00000000e+00  1.19999988e+00 -4.11629557e-04 
 1.44248948e-07  0.00000000e+00  1.19999988e+00 -4.01234623e-04 
 1.44267412e-07  0.00000000e+00  1.19999988e+00 -3.79775128e-04 
 1.44285327e-07  0.00000000e+00  1.19999988e+00 -4.55269427e-04 
 1.44303851e-07  0.00000000e+00  1.19999988e+00 -3.70972906e-04 
 1.44322824e-07  0.00000000e+00  1.19999988e+00 -4.55226982e-04 
 1.44340445e-07  0.00000000e+00  1.19999988e+00 -3.51402100e-04 
 1.44357451e-07  0.00000000e+00  1.19999988e+00 -4.28547900e-04 
 1.44375776e-07  0.00000000e+00  1.19999987e+00 -4.08145150e-04 
 1.44392786e-07  0.00000000e+00  1.19999988e+00 -4.15565848e-04 
 1.44409341e-07  0.00000000e+00  1.19999988e+00 -4.11398925e-04 
 1.44427560e-07  0.00000000e+00  1.19999986e+00 -4.01481568e-04 
 1.44446023e-07  0.00000000e+00  1.19999989e+00 -3.79501594e-04 
 1.44463943e-07  0.00000000e+00  1.19999989e+00 -4.55519969e-04 
 1.44482463e-07  0.00000000e+00  1.19999990e+00 -3.70712743e-04 
 1.44501447e-07  0.00000000e+00  1.20000001e+00 -4.55506187e-04 
 1.44519066e-07  0.00000000e+00  1.19999942e+00 -3.51112109e-04 
 1.44536073e-07  0.00000000e+00  1.19999948e+00 -4.28836175e-04 
 1.44554402e-07  0.00000000e+00  1.20000001e+00 -4.07859627e-04 
 1.44571406e-07  0.00000000e+00  1.20000131e+00 -4.15819275e-04 
 1.44587952e-07  0.00000000e+00  1.20000831e+00 -4.11186698e-04 
 1.44606175e-07  0.00000000e+00  1.19999796e+00 -4.01697216e-04 
 1.44624638e-07  0.00000000e+00  1.19997079e+00 -3.79250530e-04 
 1.44642561e-07  0.00000000e+00  1.19994956e+00 -4.55741687e-04 
 1.44661078e-07  0.00000000e+00  1.19998917e+00 -3.70498815e-04 
 1.44680072e-07  0.00000000e+00  1.20040853e+00 -4.56007319e-04 
 1.44697689e-07  0.00000000e+00  1.20058977e+00 -3.50770659e-04 
 1.44714694e-07  0.00000000e+00  1.19953031e+00 -4.28503647e-04 
 1.44733027e-07  0.00000000e+00  1.19632785e+00 -4.05999299e-04 
 1.44750023e-07  0.00000000e+00  1.19316024e+00 -4.14923048e-04 
 1.44766562e-07  0.00000000e+00  1.20383956e+00 -4.19971069e-04 
 1.44784788e-07  0.00000000e+00  1.23874304e+00 -4.17378067e-04 
 1.44803204e-07  0.00000000e+00  1.25245267e+00 -3.73074648e-04 
 1.44820819e-07  0.00000000e+00  1.16681888e+00 -4.18479180e-04 
 1.44837009e-07  0.00000000e+00  9.95020524e-01 -3.07917501e-04 
 1.44851596e-07  0.00000000e+00  8.07726627e-01 -3.71664155e-04 
 1.44868486e-07  0.00000000e+00  5.89171591e-01 -3.33345121e-04 
 1.44885966e-07  0.00000000e+00  3.81788153e-01 -3.45157787e-04 
 1.44903471e-07  0.00000000e+00  2.15147125e-01 -3.44376481e-04 
 1.44921291e-07  0.00000000e+00  1.03823949e-01 -3.35538985e-04 
 1.44938668e-07  0.00000000e+00  4.63364921e-02 -3.02527385e-04 
 1.44954973e-07  0.00000000e+00  2.09992179e-02 -3.67850769e-04 
 1.44972979e-07  0.00000000e+00  8.53206382e-03 -2.87301734e-04 
 1.44989883e-07  0.00000000e+00  3.67708415e-03 -3.73034086e-04 
 1.45007538e-07  0.00000000e+00  1.51349537e-03 -2.96253180e-04 
 1.45024638e-07  0.00000000e+00  6.47742061e-04 -3.29419492e-04 
 1.45040094e-07  0.00000000e+00  2.99184609e-04 -3.26343526e-04 
 1.45058082e-07  0.00000000e+00  1.24279183e-04 -3.31699579e-04 
 1.45075223e-07  0.00000000e+00  5.00482545e-05 -3.20213645e-04 
 1.45092282e-07  0.00000000e+00  2.42708366e-05 -3.54701280e-04 
 1.45109525e-07  0.00000000e+00  7.56630589e-06 -2.79410242e-04 
 1.45124933e-07  0.00000000e+00  6.34310067e-06 -3.60918078e-04 
 1.45142927e-07  0.00000000e+00  3.09254942e-08 -3.02134606e-04 
 1.45159771e-07  0.00000000e+00  2.61846220e-06 -3.42614320e-04 
 1.45177593e-07  0.00000000e+00 -1.35822318e-06 -3.28979226e-04 
 1.45195431e-07  0.00000000e+00  1.89226790e-06 -3.15227321e-04 
 1.45214336e-07  0.00000000e+00 -1.55016728e-06 -3.23053267e-04 
 1.45232271e-07  0.00000000e+00  1.70822574e-06 -3.40224239e-04 
 1.45251485e-07  0.00000000e+00 -1.52078182e-06 -3.11611866e-04 
 1.45269443e-07  0.00000000e+00  1.62079862e-06 -3.60223873e-04 
 1.45287626e-07  0.00000000e+00 -1.45686678e-06 -2.77980274e-04 
 1.45304417e-07  0.00000000e+00  1.54714691e-06 -3.62634139e-04 
 1.45322535e-07  0.00000000e+00 -1.38840524e-06 -2.99767637e-04 
 1.45339450e-07  0.00000000e+00  1.47921517e-06 -3.46177004e-04 
 1.45357436e-07  0.00000000e+00 -1.32246681e-06 -3.26085105e-04 
 1.45374888e-07  0.00000000e+00  1.41569243e-06 -3.15268841e-04 
 1.45392012e-07  0.00000000e+00 -1.25905802e-06 -3.21534088e-04 
 1.45410300e-07  0.00000000e+00  1.35516926e-06 -3.40937317e-04 
 1.45428931e-07  0.00000000e+00 -1.20246599e-06 -3.08513861e-04 
 1.45446903e-07  0.00000000e+00  1.29942200e-06 -3.62989597e-04 
 1.45465344e-07  0.00000000e+00 -1.14772554e-06 -2.77860822e-04 
 1.45484510e-07  0.00000000e+00  1.24763844e-06 -3.64094429e-04 
 1.45501956e-07  0.00000000e+00 -1.09570507e-06 -2.99107118e-04 
 1.45518741e-07  0.00000000e+00  1.19343481e-06 -3.47803689e-04 
 1.45537002e-07  0.00000000e+00 -1.04395491e-06 -3.24129321e-04 
 1.45553835e-07  0.00000000e+00  1.14308230e-06 -3.15053307e-04 
 1.45570309e-07  0.00000000e+00 -9.92284689e-07 -3.21717559e-04 
 1.45588534e-07  0.00000000e+00  1.09458754e-06 -3.41152775e-04 
 1.45607077e-07  0.00000000e+00 -9.47748981e-07 -3.07735937e-04 
 1.45624980e-07  0.00000000e+00  1.05071927e-06 -3.63544960e-04 
 1.45643593e-07  0.00000000e+00 -9.04968486e-07 -2.78261819e-04 
 1.45662460e-07  0.00000000e+00  1.01002853e-06 -3.62422875e-04 
 1.45680231e-07  0.00000000e+00 -8.64285037e-07 -3.00593318e-04 
 1.45697279e-07  0.00000000e+00  9.68268274e-07 -3.46535186e-04 
 1.45715602e-07  0.00000000e+00 -8.24114910e-07 -3.25079226e-04 
 1.45732656e-07  0.00000000e+00  9.29117451e-07 -3.14048656e-04 
 1.45749245e-07  0.00000000e+00 -7.84001457e-07 -3.23379819e-04 
 1.45767486e-07  0.00000000e+00  8.91239224e-07 -3.39434269e-04 
 1.45786144e-07  0.00000000e+00 -7.49191124e-07 -3.09969758e-04 
 1.45803906e-07  0.00000000e+00  8.56797836e-07 -3.61936978e-04 
 1.45822469e-07  0.00000000e+00 -7.15457450e-07 -2.79112045e-04 
 1.45841486e-07  0.00000000e+00  8.24966570e-07 -3.62408158e-04 
 1.45859025e-07  0.00000000e+00 -6.83462658e-07 -3.00849057e-04 
 1.45875894e-07  0.00000000e+00  7.91833558e-07 -3.46085941e-04 
 1.45894176e-07  0.00000000e+00 -6.51766553e-07 -3.25592409e-04 
 1.45911089e-07  0.00000000e+00  7.60986230e-07 -3.13710867e-04 
 1.45927631e-07  0.00000000e+00 -6.20158258e-07 -3.23180502e-04 
 1.45945872e-07  0.00000000e+00  7.31262890e-07 -3.39813202e-04 
 1.45964426e-07  0.00000000e+00 -5.92811604e-07 -3.09115077e-04 
 1.45982330e-07  0.00000000e+00  7.04314358e-07 -3.62242416e-04 
 1.46000904e-07  0.00000000e+00 -5.66499229e-07 -2.79194869e-04 
 1.46019847e-07  0.00000000e+00  6.79335410e-07 -3.61903769e-04 
 1.46037539e-07  0.00000000e+00 -5.41496036e-07 -3.01243325e-04 
 1.46054538e-07  0.00000000e+00  6.53585061e-07 -3.45903564e-04 
 1.46072855e-07  0.00000000e+00 -5.16779837e-07 -3.25615808e-04 
 1.46089856e-07  0.00000000e+00  6.29495940e-07 -3.13454141e-04 
 1.46106411e-07  0.00000000e+00 -4.92079658e-07 -3.23827995e-04 
 1.46124654e-07  0.00000000e+00  6.06208716e-07 -3.39179956e-04 
 1.46143266e-07  0.00000000e+00 -4.70679076e-07 -3.10000474e-04 
 1.46161081e-07  0.00000000e+00  5.85066014e-07 -3.61688796e-04 
 1.46179640e-07  0.00000000e+00 -4.49994853e-07 -2.79381204e-04 
 1.46198647e-07  0.00000000e+00  5.65512972e-07 -3.62097619e-04 
 1.46216230e-07  0.00000000e+00 -4.30370086e-07 -3.01186942e-04 
 1.46233148e-07  0.00000000e+00  5.45222978e-07 -3.45863091e-04 
 1.46251449e-07  0.00000000e+00 -4.10946091e-07 -3.25658524e-04 
 1.46268386e-07  0.00000000e+00  5.26304124e-07 -3.13488050e-04 
 1.46284922e-07  0.00000000e+00 -3.91547346e-07 -3.23548986e-04 
 1.46303166e-07  0.00000000e+00  5.08049871e-07 -3.39569954e-04 
 1.46321726e-07  0.00000000e+00 -3.74760064e-07 -3.09376353e-04 
 1.46339614e-07  0.00000000e+00  4.91497950e-07 -3.62029731e-04 
 1.46358174e-07  0.00000000e+00 -3.58590451e-07 -2.79192145e-04 
 1.46377153e-07  0.00000000e+00  4.76169221e-07 -3.62123036e-04 
 1.46394804e-07  0.00000000e+00 -3.43235787e-07 -3.01132792e-04 
 1.46411784e-07  0.00000000e+00  4.60332213e-07 -3.46025321e-04 
 1.46430102e-07  0.00000000e+00 -3.28052890e-07 -3.25401875e-04 
 1.46447079e-07  0.00000000e+00  4.45532517e-07 -3.13601350e-04 
 1.46463615e-07  0.00000000e+00 -3.12869876e-07 -3.23630475e-04 
 1.46481860e-07  0.00000000e+00  4.31229121e-07 -3.39522571e-04 
 1.46500444e-07  0.00000000e+00 -2.99723871e-07 -3.09526804e-04 
 1.46518293e-07  0.00000000e+00  4.18252921e-07 -3.62012788e-04 
 1.46536843e-07  0.00000000e+00 -2.87036284e-07 -2.79021367e-04 
 1.46555856e-07  0.00000000e+00  4.06248562e-07 -3.62486002e-04 
 1.46573457e-07  0.00000000e+00 -2.74996978e-07 -3.00853493e-04 
 1.46590401e-07  0.00000000e+00  3.93808378e-07 -3.46265864e-04 
 1.46608714e-07  0.00000000e+00 -2.63085737e-07 -3.25141234e-04 
 1.46625660e-07  0.00000000e+00  3.82199998e-07 -3.13868830e-04 
 1.46642185e-07  0.00000000e+00 -2.51174912e-07 -3.23263474e-04 
 1.46660431e-07  0.00000000e+00  3.70989190e-07 -3.39966393e-04 
 1.46678988e-07  0.00000000e+00 -2.40867959e-07 -3.08964993e-04 
 1.46696873e-07  0.00000000e+00  3.60825180e-07 -3.62425267e-04 
 1.46715422e-07  0.00000000e+00 -2.30936584e-07 -2.78657813e-04 
 1.46734426e-07  0.00000000e+00  3.51416388e-07 -3.62795405e-04 
 1.46752057e-07  0.00000000e+00 -2.21508974e-07 -3.00552235e-04 
 1.46769031e-07  0.00000000e+00  3.41684805e-07 -3.46621969e-04 
 1.46787353e-07  0.00000000e+00 -2.12185673e-07 -3.24722366e-04 
 1.46804316e-07  0.00000000e+00  3.32594228e-07 -3.14194355e-04 
 1.46820838e-07  0.00000000e+00 -2.02854480e-07 -3.23039641e-04 
 1.46839084e-07  0.00000000e+00  3.23807085e-07 -3.40230141e-04 
 1.46857650e-07  0.00000000e+00 -1.94778044e-07 -3.08736697e-04 
 1.46875520e-07  0.00000000e+00  3.15838945e-07 -3.62695367e-04 
 1.46894062e-07  0.00000000e+00 -1.86989140e-07 -2.78284453e-04 
 1.46913085e-07  0.00000000e+00  3.08466263e-07 -3.63273754e-04 
 1.46930691e-07  0.00000000e+00 -1.79597662e-07 -3.00131966e-04 
 1.46947651e-07  0.00000000e+00  3.00829563e-07 -3.47028961e-04 
 1.46965973e-07  0.00000000e+00 -1.72285924e-07 -3.24287601e-04 
 1.46982921e-07  0.00000000e+00  2.93700151e-07 -3.14606098e-04 
 1.46999434e-07  0.00000000e+00 -1.64966054e-07 -3.22594722e-04 
 1.47017682e-07  0.00000000e+00  2.86809848e-07 -3.40733233e-04 
 1.47036232e-07  0.00000000e+00 -1.58632062e-07 -3.08169521e-04 
 1.47054122e-07  0.00000000e+00  2.80563690e-07 -3.63176080e-04 
 1.47072661e-07  0.00000000e+00 -1.52528121e-07 -2.77808728e-04 
 1.47091683e-07  0.00000000e+00  2.74782326e-07 -3.63742240e-04 
 1.47109302e-07  0.00000000e+00 -1.46734339e-07 -2.99686836e-04 
 1.47126277e-07  0.00000000e+00  2.68798604e-07 -3.47503025e-04 
 1.47144605e-07  0.00000000e+00 -1.41003894e-07 -3.23767464e-04 
 1.47161559e-07  0.00000000e+00  2.63209104e-07 -3.15058837e-04 
 1.47178068e-07  0.00000000e+00 -1.35263055e-07 -3.22200156e-04 
 1.47196317e-07  0.00000000e+00  2.57803840e-07 -3.41167718e-04 
 1.47214868e-07  0.00000000e+00 -1.30294700e-07 -3.07740823e-04 
 1.47232754e-07  0.00000000e+00  2.52903432e-07 -3.63606061e-04 
 1.47251287e-07  0.00000000e+00 -1.25504775e-07 -2.77316141e-04 
 1.47270322e-07  0.00000000e+00  2.48368237e-07 -3.64298248e-04 
 1.47287928e-07  0.00000000e+00 -1.20958604e-07 -2.99175810e-04 
 1.47304898e-07  0.00000000e+00  2.43670619e-07 -3.48011337e-04 
 1.47323228e-07  0.00000000e+00 -1.16461191e-07 -3.23229980e-04 
 1.47340174e-07  0.00000000e+00  2.39283145e-07 -3.15562337e-04 
 1.47356677e-07  0.00000000e+00 -1.11953580e-07 -3.21692959e-04 
 1.47374926e-07  0.00000000e+00  2.35039679e-07 -3.41722008e-04 
 1.47393468e-07  0.00000000e+00 -1.08052654e-07 -3.07147820e-04 
 1.47411365e-07  0.00000000e+00  2.31192859e-07 -3.64142791e-04 
 1.47429895e-07  0.00000000e+00 -1.04292864e-07 -2.76766707e-04 
 1.47448932e-07  0.00000000e+00  2.27631776e-07 -3.64859606e-04 
 1.47466544e-07  0.00000000e+00 -1.00723617e-07 -2.98643011e-04 
 1.47483522e-07  0.00000000e+00  2.23943884e-07 -3.48560244e-04 
 1.47501856e-07  0.00000000e+00 -9.71924860e-08 -3.22644535e-04 
 1.47518804e-07  0.00000000e+00  2.20497942e-07 -3.16094879e-04 
 1.47535303e-07  0.00000000e+00 -9.36509472e-08 -3.21197821e-04 
 1.47553553e-07  0.00000000e+00  2.17163397e-07 -3.42254756e-04 
 1.47572093e-07  0.00000000e+00 -9.05854647e-08 -3.06608326e-04 
 1.47589990e-07  0.00000000e+00  2.14140080e-07 -3.64666620e-04 
 1.47608515e-07  0.00000000e+00 -8.76300378e-08 -2.76200644e-04 
 1.47627561e-07  0.00000000e+00  2.11341018e-07 -3.65468509e-04 
 1.47645166e-07  0.00000000e+00 -8.48240275e-08 -2.98071549e-04 
 1.47662144e-07  0.00000000e+00  2.08440694e-07 -3.49133012e-04 
 1.47680479e-07  0.00000000e+00 -8.20472538e-08 -3.22043761e-04 
 1.47697424e-07  0.00000000e+00  2.05730217e-07 -3.16659189e-04 
 1.47713917e-07  0.00000000e+00 -7.92606335e-08 -3.20642340e-04 
 1.47732167e-07  0.00000000e+00  2.03106411e-07 -3.42850076e-04 
 1.47750701e-07  0.00000000e+00 -7.68481510e-08 -3.05986593e-04 
 1.47768606e-07  0.00000000e+00  2.00727233e-07 -3.65247330e-04 
 1.47787127e-07  0.00000000e+00 -7.45222127e-08 -2.75601071e-04 
 1.47806177e-07  0.00000000e+00  1.98523723e-07 -3.66086943e-04 
 1.47823783e-07  0.00000000e+00 -7.23131854e-08 -2.97482370e-04 
 1.47840766e-07  0.00000000e+00  1.96240149e-07 -3.49731738e-04 
 1.47859105e-07  0.00000000e+00 -7.01266160e-08 -3.21414507e-04 
 1.47876050e-07  0.00000000e+00  1.94105021e-07 -3.17244568e-04 
 1.47892539e-07  0.00000000e+00 -6.79306096e-08 -3.20083981e-04 
 1.47910790e-07  0.00000000e+00  1.92036959e-07 -3.43442956e-04 
 1.47929320e-07  0.00000000e+00 -6.60288245e-08 -3.05382088e-04 
 1.47947227e-07  0.00000000e+00  1.90161120e-07 -3.65829951e-04 
 1.47965745e-07  0.00000000e+00 -6.41945887e-08 -2.74987099e-04 
 1.47984801e-07  0.00000000e+00  1.88423229e-07 -3.66732907e-04 
 1.48002404e-07  0.00000000e+00 -6.24519450e-08 -2.96868851e-04 
 1.48019387e-07  0.00000000e+00  1.86621141e-07 -3.50347793e-04 
 1.48037729e-07  0.00000000e+00 -6.07262971e-08 -3.20772548e-04 
 1.48054670e-07  0.00000000e+00  1.84935501e-07 -3.17851246e-04 
 1.48071155e-07  0.00000000e+00 -5.89918446e-08 -3.19490911e-04 
 1.48089406e-07  0.00000000e+00  1.83301801e-07 -3.44070633e-04 
 1.48107932e-07  0.00000000e+00 -5.74891455e-08 -3.04734292e-04 
 1.48125845e-07  0.00000000e+00  1.81819439e-07 -3.66445104e-04 
 1.48144359e-07  0.00000000e+00 -5.60393432e-08 -2.74351872e-04 
 1.48163420e-07  0.00000000e+00  1.80445361e-07 -3.67388644e-04 
 1.48181021e-07  0.00000000e+00 -5.46612398e-08 -2.96241117e-04 
 1.48198009e-07  0.00000000e+00  1.79019831e-07 -3.50981557e-04 
 1.48216353e-07  0.00000000e+00 -5.32959112e-08 -3.20112457e-04 
 1.48233294e-07  0.00000000e+00  1.77685536e-07 -3.18473773e-04 
 1.48249775e-07  0.00000000e+00 -5.19222897e-08 -3.18889779e-04 
 1.48268027e-07  0.00000000e+00  1.76391355e-07 -3.44703071e-04 
 1.48286549e-07  0.00000000e+00 -5.07315172e-08 -3.04088733e-04 
 1.48304465e-07  0.00000000e+00  1.75216398e-07 -3.67067370e-04 
 1.48322975e-07  0.00000000e+00 -4.95819998e-08 -2.73704618e-04 
 1.48342041e-07  0.00000000e+00  1.74126611e-07 -3.68061634e-04 
 1.48359641e-07  0.00000000e+00 -4.84886598e-08 -2.95596816e-04 
 1.48376630e-07  0.00000000e+00  1.72995139e-07 -3.51628490e-04 
 1.48394976e-07  0.00000000e+00 -4.74047420e-08 -3.19441960e-04 
 1.48411915e-07  0.00000000e+00  1.71935301e-07 -3.19111623e-04 
 1.48428392e-07  0.00000000e+00 -4.63130391e-08 -3.18266817e-04 
 1.48446644e-07  0.00000000e+00  1.70906410e-07 -3.45356549e-04 
 1.48465162e-07  0.00000000e+00 -4.53659991e-08 -3.03418645e-04 
 1.48483083e-07  0.00000000e+00  1.69971651e-07 -3.67709976e-04 
 1.48501590e-07  0.00000000e+00 -4.44511213e-08 -2.73042751e-04 
 1.48520660e-07  0.00000000e+00  1.69103948e-07 -3.68743457e-04 
 1.48538259e-07  0.00000000e+00 -4.35802739e-08 -2.94940975e-04 
 1.48555251e-07  0.00000000e+00  1.68202298e-07 -3.52288356e-04 
 1.48573599e-07  0.00000000e+00 -4.27161818e-08 -3.18758978e-04 
 1.48590537e-07  0.00000000e+00  1.67356918e-07 -3.19761898e-04 
 1.48607011e-07  0.00000000e+00 -4.18448289e-08 -3.17634525e-04 
 1.48625264e-07  0.00000000e+00  1.66535295e-07 -3.46017073e-04 
 1.48643778e-07  0.00000000e+00 -4.10881968e-08 -3.02744974e-04 
 1.48661702e-07  0.00000000e+00  1.65788161e-07 -3.68361032e-04 
 1.48680206e-07  0.00000000e+00 -4.03566218e-08 -2.72370840e-04 
 1.48699280e-07  0.00000000e+00  1.65093944e-07 -3.69437076e-04 
 1.48716877e-07  0.00000000e+00 -3.96595161e-08 -2.94272957e-04 
 1.48733871e-07  0.00000000e+00  1.64371788e-07 -3.52958691e-04 
 1.48752221e-07  0.00000000e+00 -3.89671481e-08 -3.18067375e-04 
 1.48769158e-07  0.00000000e+00  1.63693907e-07 -3.20423935e-04 
 1.48785629e-07  0.00000000e+00 -3.82678952e-08 -3.16987118e-04 
 1.48803881e-07  0.00000000e+00  1.63034213e-07 -3.46691609e-04 
 1.48822393e-07  0.00000000e+00 -3.76600277e-08 -3.02056030e-04 
 1.48840320e-07  0.00000000e+00  1.62433667e-07 -3.69026092e-04 
 1.48858821e-07  0.00000000e+00 -3.70716082e-08 -2.71688072e-04 
 1.48877899e-07  0.00000000e+00  1.61874968e-07 -3.70138403e-04 
 1.48895495e-07  0.00000000e+00 -3.65102725e-08 -2.93595359e-04 
 1.48912491e-07  0.00000000e+00  1.61293014e-07 -3.53639087e-04 
 1.48930844e-07  0.00000000e+00 -3.59519959e-08 -3.17366482e-04 
 1.48947779e-07  0.00000000e+00  1.60745981e-07 -3.21096105e-04 
 1.48964247e-07  0.00000000e+00 -3.53872463e-08 -3.16330577e-04 
 1.48982500e-07  0.00000000e+00  1.60212786e-07 -3.47373537e-04 
 1.49001008e-07  0.00000000e+00 -3.48955646e-08 -3.01361544e-04 
 1.49018938e-07  0.00000000e+00  1.59726742e-07 -3.69699484e-04 
 1.49037437e-07  0.00000000e+00 -3.44190036e-08 -2.70996796e-04 
 1.49056519e-07  0.00000000e+00  1.59273876e-07 -3.70848497e-04 
 1.49074113e-07  0.00000000e+00 -3.39636659e-08 -2.92908194e-04 
 1.49091111e-07  0.00000000e+00  1.58801457e-07 -3.54328145e-04 
 1.49109465e-07  0.00000000e+00 -3.35101272e-08 -3.16658299e-04 
 1.49126400e-07  0.00000000e+00  1.58356629e-07 -3.21777807e-04 
 1.49142865e-07  0.00000000e+00 -3.30504283e-08 -3.15662611e-04 
 1.49161118e-07  0.00000000e+00  1.57922262e-07 -3.48065721e-04 
 1.49179623e-07  0.00000000e+00 -3.26495453e-08 -3.00656519e-04 
 1.49197557e-07  0.00000000e+00  1.57525646e-07 -3.70383411e-04 
 1.49216052e-07  0.00000000e+00 -3.22603347e-08 -2.70296903e-04 
 1.49235138e-07  0.00000000e+00  1.57155462e-07 -3.71565301e-04 
 1.49252730e-07  0.00000000e+00 -3.18878205e-08 -2.92212880e-04 
 1.49269731e-07  0.00000000e+00  1.56768602e-07 -3.55025453e-04 
 1.49288087e-07  0.00000000e+00 -3.15160852e-08 -3.15942726e-04 
 1.49305021e-07  0.00000000e+00  1.56403616e-07 -3.22468056e-04 
 1.49321482e-07  0.00000000e+00 -3.11384784e-08 -3.14986180e-04 
 1.49339736e-07  0.00000000e+00  1.56046439e-07 -3.48764947e-04 
 1.49358238e-07  0.00000000e+00 -3.08085107e-08 -2.99945556e-04 
 1.49376175e-07  0.00000000e+00  1.55719709e-07 -3.71075075e-04 
 1.49394668e-07  0.00000000e+00 -3.04875428e-08 -2.69589670e-04 
 1.49413757e-07  0.00000000e+00  1.55414121e-07 -3.72289092e-04 
 1.49431348e-07  0.00000000e+00 -3.01797143e-08 -2.91509647e-04 
 1.49448350e-07  0.00000000e+00  1.55094089e-07 -3.55730166e-04 
 1.49466708e-07  0.00000000e+00 -2.98719148e-08 -3.15220848e-04 
 1.49483641e-07  0.00000000e+00  1.54791483e-07 -3.23166353e-04 
 1.49500100e-07  0.00000000e+00 -2.95584241e-08 -3.14300497e-04 
 1.49518354e-07  0.00000000e+00  1.54494653e-07 -3.49472295e-04 
 1.49536853e-07  0.00000000e+00 -2.92838807e-08 -2.99226611e-04 
 1.49554793e-07  0.00000000e+00  1.54222485e-07 -3.71775237e-04 
 1.49573283e-07  0.00000000e+00 -2.90162293e-08 -2.68875243e-04 
 1.49592375e-07  0.00000000e+00  1.53967389e-07 -3.73018778e-04 
 1.49609965e-07  0.00000000e+00 -2.87589656e-08 -2.90799329e-04 
 1.49626969e-07  0.00000000e+00  1.53699568e-07 -3.56441918e-04 
 1.49645329e-07  0.00000000e+00 -2.85010919e-08 -3.14492777e-04 
 1.49662261e-07  0.00000000e+00  1.53445710e-07 -3.23872057e-04 
 1.49678718e-07  0.00000000e+00 -2.82377380e-08 -3.13607109e-04 
 1.49696972e-07  0.00000000e+00  1.53196031e-07 -3.50186133e-04 
 1.49715468e-07  0.00000000e+00 -2.80064999e-08 -2.98501926e-04 
 1.49733411e-07  0.00000000e+00  1.52966537e-07 -3.72482442e-04 
 1.49751899e-07  0.00000000e+00 -2.77805264e-08 -2.68154370e-04 
 1.49770994e-07  0.00000000e+00  1.52750871e-07 -3.73754332e-04 
 1.49788583e-07  0.00000000e+00 -2.75627717e-08 -2.90082206e-04 
 1.49805588e-07  0.00000000e+00  1.52523890e-07 -3.57160162e-04 
 1.49823950e-07  0.00000000e+00 -2.73439223e-08 -3.13759143e-04 
 1.49840880e-07  0.00000000e+00  1.52308127e-07 -3.24584760e-04 
 1.49857335e-07  0.00000000e+00 -2.71197599e-08 -3.12905862e-04 
 1.49875589e-07  0.00000000e+00  1.52095318e-07 -3.50906773e-04 
 1.49894083e-07  0.00000000e+00 -2.69223963e-08 -2.97770746e-04 
 1.49912028e-07  0.00000000e+00  1.51899159e-07 -3.73196860e-04 
 1.49930514e-07  0.00000000e+00 -2.67290083e-08 -2.67427236e-04 
 1.49949612e-07  0.00000000e+00  1.51714362e-07 -3.74495127e-04 
 1.49967200e-07  0.00000000e+00 -2.65421318e-08 -2.89358878e-04 
 1.49983600e-07  0.00000000e+00  1.51515673e-07 -3.56198758e-04 
 1.50000000e-07  0.00000000e+00 -2.63395778e-08 -3.18841445e-04 
 1.50001868e-07  2.24203670e-02  6.23260019e-08 -3.17274300e-04 
 1.50005605e-07  6.72611011e-02  6.27365764e-08 -3.02762510e-04 
 1.50013079e-07  1.56942569e-01  6.23451929e-08 -2.82253453e-04 
 1.50028025e-07  3.36305505e-01  6.27276503e-08 -2.86186591e-04 
 1.50042940e-07  5.15285542e-01  6.23508315e-08 -3.23084037e-04 
 1.50060794e-07  7.29524103e-01  6.27225541e-08 -3.00532411e-04 
 1.50077257e-07  9.27085353e-01  6.23555141e-08 -3.65245288e-04 
 1.50088629e-07  1.06354268e+00  6.27167542e-08 -3.78877463e-04 
 1.50100000e-07  1.20000000e+00  6.23621302e-08 -3.81963938e-04 
 1.50102021e-07  1.20000000e+00  6.25335518e-08 -3.90620314e-04 
 1.50106062e-07  1.20000000e+00  6.25416321e-08 -3.85581075e-04 
 1.50114145e-07  1.20000000e+00  6.25341757e-08 -3.76433907e-04 
 1.50127371e-07  1.20000000e+00  6.25413192e-08 -3.91190270e-04 
 1.50141684e-07  1.20000000e+00  6.25343972e-08 -3.93047621e-04 
 1.50156666e-07  1.20000000e+00  6.25411061e-08 -3.96005353e-04 
 1.50173628e-07  1.20000000e+00  6.25345800e-08 -4.42517889e-04 
 1.50191218e-07  1.20000000e+00  6.25409661e-08 -4.04056980e-04 
 1.50208792e-07  1.20000000e+00  6.25347462e-08 -3.95310831e-04 
 1.50226279e-07  1.20000000e+00  6.25408014e-08 -3.99175865e-04 
 1.50243828e-07  1.20000000e+00  6.25348835e-08 -3.93533105e-04 
 1.50260961e-07  1.20000000e+00  6.25406669e-08 -4.42394570e-04 
 1.50278681e-07  1.20000000e+00  6.25350301e-08 -4.10882830e-04 
 1.50295978e-07  1.20000000e+00  6.25405249e-08 -3.92559601e-04 
 1.50314124e-07  1.20000000e+00  6.25351470e-08 -4.01803532e-04 
 1.50331228e-07  1.20000000e+00  6.25403941e-08 -3.89525662e-04 
 1.50348606e-07  1.20000000e+00  6.25352899e-08 -4.42254077e-04 
 1.50365855e-07  1.20000000e+00  6.25402702e-08 -4.15186732e-04 
 1.50383219e-07  1.20000000e+00  6.25354088e-08 -3.93115052e-04 
 1.50399804e-07  1.20000000e+00  6.25401483e-08 -4.02070024e-04 
 1.50417367e-07  1.20000000e+00  6.25355272e-08 -3.91194628e-04 
 1.50434177e-07  1.20000000e+00  6.25400517e-08 -4.30081383e-04 
 1.50451410e-07  1.20000000e+00  6.25356448e-08 -4.28759226e-04 
 1.50468365e-07  1.20000000e+00  6.25399278e-08 -3.89642754e-04 
 1.50484367e-07  1.20000000e+00  6.25357454e-08 -4.04491669e-04 
 1.50501896e-07  1.20000000e+00  6.25398289e-08 -3.90997628e-04 
 1.50519678e-07  1.20000000e+00  6.25358316e-08 -4.18198401e-04 
 1.50536867e-07  1.20000000e+00  6.25397301e-08 -4.35689088e-04 
 1.50554792e-07  1.20000000e+00  6.25359408e-08 -3.93567848e-04 
 1.50571916e-07  1.20000000e+00  6.25396263e-08 -4.00548325e-04 
 1.50589977e-07  1.20000000e+00  6.25360153e-08 -3.94321859e-04 
 1.50608617e-07  1.20000000e+00  6.25395665e-08 -4.13986625e-04 
 1.50626542e-07  1.20000000e+00  6.25361106e-08 -4.38223245e-04 
 1.50644923e-07  1.20000000e+00  6.25394810e-08 -3.89440053e-04 
 1.50662240e-07  1.20000000e+00  6.25361782e-08 -4.03762108e-04 
 1.50680450e-07  1.20000000e+00  6.25394120e-08 -3.90859845e-04 
 1.50699484e-07  1.20000000e+00  6.25362583e-08 -4.22074223e-04 
 1.50716913e-07  1.20000000e+00  6.25393259e-08 -4.33760537e-04 
 1.50735275e-07  1.20000000e+00  6.25363170e-08 -3.90785645e-04 
 1.50752223e-07  1.20000000e+00  6.25392524e-08 -4.01315154e-04 
 1.50770149e-07  1.20000000e+00  6.25363930e-08 -3.93618894e-04 
 1.50788863e-07  1.20000000e+00  6.25391984e-08 -4.19763560e-04 
 1.50806030e-07  1.20000000e+00  6.25364516e-08 -4.36970416e-04 
 1.50824254e-07  1.20000000e+00  6.25391304e-08 -3.88453022e-04 
 1.50841174e-07  1.20000000e+00  6.25365237e-08 -4.03051692e-04 
 1.50859069e-07  1.20000000e+00  6.25390721e-08 -3.91800034e-04 
 1.50877859e-07  1.20000000e+00  6.25365757e-08 -4.20887525e-04 
 1.50895087e-07  1.20000000e+00  6.25390086e-08 -4.35439778e-04 
 1.50913426e-07  1.20000000e+00  6.25366365e-08 -3.90758831e-04 
 1.50930479e-07  1.20000000e+00  6.25389687e-08 -4.00076416e-04 
 1.50948445e-07  1.20000000e+00  6.25366815e-08 -3.94602546e-04 
 1.50967274e-07  1.20000000e+00  6.25389064e-08 -4.18560173e-04 
 1.50984541e-07  1.20000000e+00  6.25367343e-08 -4.38176665e-04 
 1.51002890e-07  1.20000000e+00  6.25388615e-08 -3.87733616e-04 
 1.51019935e-07  1.20000000e+00  6.25367874e-08 -4.02424585e-04 
 1.51037900e-07  1.20000000e+00  6.25388260e-08 -3.92174538e-04 
 1.51056563e-07  1.20000000e+00  6.25368267e-08 -4.21139654e-04 
 1.51073852e-07  1.20000000e+00  6.25387588e-08 -4.35836128e-04 
 1.51092122e-07  1.20000000e+00  6.25368664e-08 -3.90400879e-04 
 1.51109165e-07  1.20000000e+00  6.25387309e-08 -3.99195858e-04 
 1.51127140e-07  1.20000000e+00  6.25369213e-08 -3.95316510e-04 
 1.51145736e-07  1.20000000e+00  6.25386905e-08 -4.17758402e-04 
 1.51163081e-07  1.20000000e+00  6.25369569e-08 -4.39179467e-04 
 1.51181348e-07  1.20000000e+00  6.25386483e-08 -3.87463312e-04 
 1.51198443e-07  1.20000000e+00  6.25369812e-08 -4.01643921e-04 
 1.51216455e-07  1.20000000e+00  6.25386104e-08 -3.92733192e-04 
 1.51235019e-07  1.20000000e+00  6.25370265e-08 -4.20434712e-04 
 1.51252413e-07  1.20000000e+00  6.25385830e-08 -4.36615610e-04 
 1.51270672e-07  1.20000000e+00  6.25370613e-08 -3.90141761e-04 
 1.51287785e-07  1.20000000e+00  6.25385501e-08 -3.98436123e-04 
 1.51305815e-07  1.20000000e+00  6.25370900e-08 -3.95891668e-04 
 1.51324297e-07  1.20000000e+00  6.25385153e-08 -4.17314647e-04 
 1.51341727e-07  1.20000000e+00  6.25371235e-08 -4.39899645e-04 
 1.51359951e-07  1.20000000e+00  6.25384836e-08 -3.87029732e-04 
 1.51377076e-07  1.20000000e+00  6.25371457e-08 -4.01115551e-04 
 1.51395120e-07  1.20000000e+00  6.25384555e-08 -3.93125025e-04 
 1.51413540e-07  1.20000000e+00  6.25371715e-08 -4.20037637e-04 
 1.51431012e-07  1.20000000e+00  6.25384235e-08 -4.37206205e-04 
 1.51449217e-07  1.20000000e+00  6.25372124e-08 -3.89984835e-04 
 1.51466367e-07  1.20000000e+00  6.25384137e-08 -3.97730815e-04 
 1.51484435e-07  1.20000000e+00  6.25372263e-08 -3.96458912e-04 
 1.51502807e-07  1.20000000e+00  6.25383741e-08 -4.16684613e-04 
 1.51520320e-07  1.20000000e+00  6.25372545e-08 -4.40655747e-04 
 1.51538510e-07  1.20000000e+00  6.25383618e-08 -3.86667334e-04 
 1.51555677e-07  1.20000000e+00  6.25372769e-08 -4.00675256e-04 
 1.51573763e-07  1.20000000e+00  6.25383342e-08 -3.93449609e-04 
 1.51592079e-07  1.20000000e+00  6.25372958e-08 -4.19714320e-04 
 1.51609629e-07  1.20000000e+00  6.25383070e-08 -4.37693909e-04 
 1.51627795e-07  1.20000000e+00  6.25373137e-08 -3.89798429e-04 
 1.51644976e-07  1.20000000e+00  6.25382915e-08 -3.97168188e-04 
 1.51663077e-07  1.20000000e+00  6.25373379e-08 -3.96932779e-04 
 1.51681342e-07  1.20000000e+00  6.25382745e-08 -4.16183456e-04 
 1.51698929e-07  1.20000000e+00  6.25373567e-08 -4.41296870e-04 
 1.51717075e-07  1.20000000e+00  6.25382584e-08 -3.86341880e-04 
 1.51734273e-07  1.20000000e+00  6.25373729e-08 -4.00314925e-04 
 1.51752391e-07  1.20000000e+00  6.25382345e-08 -3.93734445e-04 
 1.51770610e-07  1.20000000e+00  6.25373851e-08 -4.19375425e-04 
 1.51788235e-07  1.20000000e+00  6.25382268e-08 -4.38142906e-04 
 1.51806362e-07  1.20000000e+00  6.25374063e-08 -3.89643010e-04 
 1.51823574e-07  1.20000000e+00  6.25381958e-08 -3.96692975e-04 
 1.51841708e-07  1.20000000e+00  6.25374212e-08 -3.97347653e-04 
 1.51859882e-07  1.20000000e+00  6.25382021e-08 -4.15725436e-04 
 1.51877541e-07  1.20000000e+00  6.25374418e-08 -4.41860964e-04 
 1.51895648e-07  1.20000000e+00  6.25381794e-08 -3.86031748e-04 
 1.51912871e-07  1.20000000e+00  6.25374438e-08 -4.00040021e-04 
 1.51931021e-07  1.20000000e+00  6.25381574e-08 -3.93968932e-04 
 1.51949152e-07  1.20000000e+00  6.25374614e-08 -4.19086046e-04 
 1.51966844e-07  1.20000000e+00  6.25381572e-08 -4.38525656e-04 
 1.51984933e-07  1.20000000e+00  6.25374794e-08 -3.89498989e-04 
 1.52002168e-07  1.20000000e+00  6.25381422e-08 -3.96301873e-04 
 1.52020332e-07  1.20000000e+00  6.25374913e-08 -3.97709925e-04 
 1.52038424e-07  1.20000000e+00  6.25381219e-08 -4.15298134e-04 
 1.52056149e-07  1.20000000e+00  6.25374916e-08 -4.42361869e-04 
 1.52074220e-07  1.20000000e+00  6.25381140e-08 -3.85752521e-04 
 1.52091465e-07  1.20000000e+00  6.25375036e-08 -3.99826117e-04 
 1.52109642e-07  1.20000000e+00  6.25381056e-08 -3.94169143e-04 
 1.52127697e-07  1.20000000e+00  6.25375263e-08 -4.18816725e-04 
 1.52145454e-07  1.20000000e+00  6.25380944e-08 -4.38859988e-04 
 1.52163506e-07  1.20000000e+00  6.25375385e-08 -3.89360566e-04 
 1.52180760e-07  1.20000000e+00  6.25380897e-08 -3.95988781e-04 
 1.52198951e-07  1.20000000e+00  6.25375247e-08 -3.98020860e-04 
 1.52216970e-07  1.20000000e+00  6.25380807e-08 -4.14913466e-04 
 1.52234758e-07  1.20000000e+00  6.25375482e-08 -4.42797326e-04 
 1.52252792e-07  1.20000000e+00  6.25380689e-08 -3.85498155e-04 
 1.52270055e-07  1.20000000e+00  6.25375546e-08 -3.99665228e-04 
 1.52288258e-07  1.20000000e+00  6.25380486e-08 -3.94340972e-04 
 1.52306244e-07  1.20000000e+00  6.25375612e-08 -4.18562754e-04 
 1.52324061e-07  1.20000000e+00  6.25380652e-08 -4.39153503e-04 
 1.52342079e-07  1.20000000e+00  6.25375825e-08 -3.89229804e-04 
 1.52359349e-07  1.20000000e+00  6.25380426e-08 -3.95741515e-04 
 1.52377564e-07  1.20000000e+00  6.25375751e-08 -3.98287990e-04 
 1.52395519e-07  1.20000000e+00  6.25380354e-08 -4.14561803e-04 
 1.52413365e-07  1.20000000e+00  6.25375801e-08 -4.43175893e-04 
 1.52431365e-07  1.20000000e+00  6.25380363e-08 -3.85266812e-04 
 1.52448643e-07  1.20000000e+00  6.25376014e-08 -3.99549387e-04 
 1.52466868e-07  1.20000000e+00  6.25380315e-08 -3.94488490e-04 
 1.52484794e-07  1.20000000e+00  6.25376026e-08 -4.18324366e-04 
 1.52502668e-07  1.20000000e+00  6.25380151e-08 -4.39409791e-04 
 1.52520651e-07  1.20000000e+00  6.25375925e-08 -3.89104308e-04 
 1.52537935e-07  1.20000000e+00  6.25380124e-08 -3.95552333e-04 
 1.52556171e-07  1.20000000e+00  6.25376193e-08 -3.98516165e-04 
 1.52574069e-07  1.20000000e+00  6.25380134e-08 -4.14239929e-04 
 1.52591971e-07  1.20000000e+00  6.25376116e-08 -4.43503367e-04 
 1.52609938e-07  1.20000000e+00  6.25380019e-08 -3.85057828e-04 
 1.52627227e-07  1.20000000e+00  6.25376207e-08 -3.99470578e-04 
 1.52645473e-07  1.20000000e+00  6.25379965e-08 -3.94616237e-04 
 1.52663345e-07  1.20000000e+00  6.25376222e-08 -4.18097683e-04 
 1.52681273e-07  1.20000000e+00  6.25379913e-08 -4.39634121e-04 
 1.52699224e-07  1.20000000e+00  6.25376326e-08 -3.88983385e-04 
 1.52716518e-07  1.20000000e+00  6.25379930e-08 -3.95413764e-04 
 1.52734774e-07  1.20000000e+00  6.25376397e-08 -3.98709739e-04 
 1.52752620e-07  1.20000000e+00  6.25379810e-08 -4.13945535e-04 
 1.52770575e-07  1.20000000e+00  6.25376389e-08 -4.43784617e-04 
 1.52788510e-07  1.20000000e+00  6.25379704e-08 -3.84869298e-04 
 1.52805809e-07  1.20000000e+00  6.25376340e-08 -3.99422893e-04 
 1.52824074e-07  1.20000000e+00  6.25379829e-08 -3.94727366e-04 
 1.52841896e-07  1.20000000e+00  6.25376553e-08 -4.17881032e-04 
 1.52859876e-07  1.20000000e+00  6.25379841e-08 -4.39830416e-04 
 1.52877796e-07  1.20000000e+00  6.25376520e-08 -3.88866873e-04 
 1.52895099e-07  1.20000000e+00  6.25379556e-08 -3.95318832e-04 
 1.52913372e-07  1.20000000e+00  6.25376422e-08 -3.98872957e-04 
 1.52931172e-07  1.20000000e+00  6.25379640e-08 -4.13675499e-04 
 1.52949177e-07  1.20000000e+00  6.25376619e-08 -4.44024698e-04 
 1.52967082e-07  1.20000000e+00  6.25379576e-08 -3.84699658e-04 
 1.52984388e-07  1.20000000e+00  6.25376484e-08 -3.99401264e-04 
 1.53002670e-07  1.20000000e+00  6.25379533e-08 -3.94824391e-04 
 1.53020449e-07  1.20000000e+00  6.25376642e-08 -4.17673306e-04 
 1.53038478e-07  1.20000000e+00  6.25379617e-08 -4.40001919e-04 
 1.53056368e-07  1.20000000e+00  6.25376764e-08 -3.88754514e-04 
 1.53073676e-07  1.20000000e+00  6.25379544e-08 -3.95261546e-04 
 1.53091966e-07  1.20000000e+00  6.25376635e-08 -3.99009481e-04 
 1.53109725e-07  1.20000000e+00  6.25379494e-08 -4.13427367e-04 
 1.53127778e-07  1.20000000e+00  6.25376760e-08 -4.44228097e-04 
 1.53145654e-07  1.20000000e+00  6.25379576e-08 -3.84547444e-04 
 1.53162964e-07  1.20000000e+00  6.25376823e-08 -3.99401379e-04 
 1.53181261e-07  1.20000000e+00  6.25379389e-08 -3.94909404e-04 
 1.53199001e-07  1.20000000e+00  6.25376615e-08 -4.17473493e-04 
 1.53217077e-07  1.20000000e+00  6.25379429e-08 -4.40151538e-04 
 1.53234939e-07  1.20000000e+00  6.25376803e-08 -3.88646242e-04 
 1.53252252e-07  1.20000000e+00  6.25379458e-08 -3.95236588e-04 
 1.53270555e-07  1.20000000e+00  6.25376882e-08 -3.99122558e-04 
 1.53288278e-07  1.20000000e+00  6.25379344e-08 -4.13198974e-04 
 1.53306376e-07  1.20000000e+00  6.25376755e-08 -4.44398871e-04 
 1.53324224e-07  1.20000000e+00  6.25379383e-08 -3.84411198e-04 
 1.53341538e-07  1.20000000e+00  6.25376841e-08 -3.99419658e-04 
 1.53359849e-07  1.20000000e+00  6.25379356e-08 -3.94984066e-04 
 1.53377554e-07  1.20000000e+00  6.25376895e-08 -4.17280918e-04 
 1.53395675e-07  1.20000000e+00  6.25379275e-08 -4.40281768e-04 
 1.53413509e-07  1.20000000e+00  6.25376849e-08 -3.88542063e-04 
 1.53430825e-07  1.20000000e+00  6.25379382e-08 -3.95239267e-04 
 1.53449141e-07  1.20000000e+00  6.25376925e-08 -3.99215075e-04 
 1.53466831e-07  1.20000000e+00  6.25379305e-08 -4.12988343e-04 
 1.53484973e-07  1.20000000e+00  6.25376961e-08 -4.44540725e-04 
 1.53502794e-07  1.20000000e+00  6.25379331e-08 -3.84289570e-04 
 1.53520110e-07  1.20000000e+00  6.25376924e-08 -3.99453076e-04 
 1.53538433e-07  1.20000000e+00  6.25379235e-08 -3.95049725e-04 
 1.53556107e-07  1.20000000e+00  6.25376923e-08 -4.17095089e-04 
 1.53574270e-07  1.20000000e+00  6.25379229e-08 -4.40394777e-04 
 1.53592079e-07  1.20000000e+00  6.25377009e-08 -3.88441993e-04 
 1.53609396e-07  1.20000000e+00  6.25379291e-08 -3.95265488e-04 
 1.53627724e-07  1.20000000e+00  6.25376905e-08 -3.99289560e-04 
 1.53645384e-07  1.20000000e+00  6.25379217e-08 -4.12793738e-04 
 1.53663567e-07  1.20000000e+00  6.25377070e-08 -4.44656988e-04 
 1.53681363e-07  1.20000000e+00  6.25379238e-08 -3.84181303e-04 
 1.53698680e-07  1.20000000e+00  6.25376920e-08 -3.99499072e-04 
 1.53717014e-07  1.20000000e+00  6.25379131e-08 -3.95107492e-04 
 1.53734660e-07  1.20000000e+00  6.25377044e-08 -4.16915624e-04 
 1.53752864e-07  1.20000000e+00  6.25379283e-08 -4.40492482e-04 
 1.53770647e-07  1.20000000e+00  6.25377079e-08 -3.88346055e-04 
 1.53787965e-07  1.20000000e+00  6.25379215e-08 -3.95311670e-04 
 1.53806303e-07  1.20000000e+00  6.25376972e-08 -3.99348234e-04 
 1.53823937e-07  1.20000000e+00  6.25379066e-08 -4.12613625e-04 
 1.53842160e-07  1.20000000e+00  6.25377007e-08 -4.44750651e-04 
 1.53859931e-07  1.20000000e+00  6.25379196e-08 -3.84085233e-04 
 1.53877249e-07  1.20000000e+00  6.25377014e-08 -3.99555475e-04 
 1.53895592e-07  1.20000000e+00  6.25379051e-08 -3.95158281e-04 
 1.53913213e-07  1.20000000e+00  6.25377223e-08 -4.16742229e-04 
 1.53931456e-07  1.20000000e+00  6.25379196e-08 -4.40576576e-04 
 1.53949215e-07  1.20000000e+00  6.25376824e-08 -3.88254265e-04 
 1.53966532e-07  1.20000000e+00  6.25379875e-08 -3.95374690e-04 
 1.53984880e-07  1.20000000e+00  6.25376005e-08 -3.99393040e-04 
 1.54002490e-07  1.20000000e+00  6.25379867e-08 -4.12446645e-04 
 1.54020751e-07  1.20000000e+00  6.25378735e-08 -4.44824396e-04 
 1.54038499e-07  1.20000000e+00  6.25371502e-08 -3.84000292e-04 
 1.54055815e-07  1.20000000e+00  6.25391212e-08 -3.99620437e-04 
 1.54074167e-07  1.20000000e+00  6.25364424e-08 -3.95202856e-04 
 1.54091766e-07  1.20000000e+00  6.25370218e-08 -4.16574670e-04 
 1.54110046e-07  1.20000000e+00  6.25454166e-08 -4.40648561e-04 
 1.54127782e-07  1.20000000e+00  6.25208659e-08 -3.88166623e-04 
 1.54145098e-07  1.20000000e+00  6.25579261e-08 -3.95451831e-04 
 1.54163454e-07  1.20000000e+00  6.25285976e-08 -3.99425678e-04 
 1.54181042e-07  1.20000000e+00  6.24750753e-08 -4.12291593e-04 
 1.54199341e-07  1.20000000e+00  6.27473439e-08 -4.44880622e-04 
 1.54217065e-07  1.20000000e+00  6.22829137e-08 -3.83925499e-04 
 1.54234380e-07  1.20000000e+00  6.27102564e-08 -3.99692378e-04 
 1.54252740e-07  1.20000000e+00  6.27154949e-08 -3.95241859e-04 
 1.54270319e-07  1.20000000e+00  6.01149541e-08 -4.16412751e-04 
 1.54288635e-07  1.20000000e+00  6.66964418e-08 -4.40709785e-04 
 1.54306348e-07  1.20000000e+00  6.17946209e-08 -3.88083097e-04 
 1.54323662e-07  1.20000000e+00  6.48631295e-08 -3.95540738e-04 
 1.54342026e-07  1.20000000e+00  7.54371968e-08 -3.99447629e-04 
 1.54359595e-07  1.20000000e+00 -1.58054323e-08 -4.12147361e-04 
 1.54377928e-07  1.20000000e+00  7.74235533e-08 -4.44921578e-04 
 1.54395631e-07  1.20000000e+00  1.26606526e-07 -3.83859858e-04 
 1.54412944e-07  1.20000000e+00  2.67000232e-07 -3.99770119e-04 
 1.54431311e-07  1.20000000e+00  9.62879995e-07 -3.95275986e-04 
 1.54448871e-07  1.20000000e+00 -1.67182843e-06 -4.16254642e-04 
 1.54467222e-07  1.20000000e+00 -3.51084138e-06 -4.40762711e-04 
 1.54484914e-07  1.20000000e+00 -2.50923781e-06 -3.88003185e-04 
 1.54502225e-07  1.20000000e+00  6.57482153e-06 -3.95644472e-04 
 1.54520595e-07  1.20000000e+00  5.42301239e-05 -3.99476963e-04 
 1.54538147e-07  1.20000000e+00  2.41651083e-05 -4.11971533e-04 
 1.54556515e-07  1.20000000e+00 -1.57439601e-04 -4.44907049e-04 
 1.54574196e-07  1.20000000e+00 -4.23982782e-04 -3.83739463e-04 
 1.54591506e-07  1.20000000e+00 -3.98858640e-04 -3.99981078e-04 
 1.54609879e-07  1.20000000e+00  1.96184900e-03 -3.96348592e-04 
 1.54627423e-07  1.20000000e+00  5.04255005e-03 -4.16189145e-04 
 1.54645807e-07  1.20000000e+00  1.14095178e-03 -4.38365702e-04 
 1.54663469e-07  1.20000000e+00 -1.89878002e-02 -3.80606795e-04 
 1.54680773e-07  1.20000000e+00 -4.67049678e-02 -3.87488468e-04 
 1.54695221e-07  1.20000000e+00 -2.85834618e-02 -4.31850149e-04 
 1.54711908e-07  1.20000000e+00  8.73665969e-02 -4.66559783e-04 
 1.54728107e-07  1.20000000e+00  2.51333781e-01 -5.00591142e-04 
 1.54744966e-07  1.20000000e+00  4.24268396e-01 -4.37509613e-04 
 1.54761341e-07  1.20000000e+00  5.84527301e-01 -4.00589773e-04 
 1.54779141e-07  1.20000000e+00  7.43604735e-01 -3.96347685e-04 
 1.54796126e-07  1.20000000e+00  8.73703358e-01 -4.01938515e-04 
 1.54813772e-07  1.20000000e+00  9.80546455e-01 -4.40904384e-04 
 1.54830813e-07  1.20000000e+00  1.05580252e+00 -3.82012042e-04 
 1.54848692e-07  1.20000000e+00  1.10970084e+00 -3.20675746e-04 
 1.54866125e-07  1.20000000e+00  1.14376749e+00 -3.20147565e-04 
 1.54883300e-07  1.20000000e+00  1.16508908e+00 -3.29117956e-04 
 1.54900538e-07  1.20000000e+00  1.17851030e+00 -3.83937854e-04 
 1.54917572e-07  1.20000000e+00  1.18673920e+00 -3.53593123e-04 
 1.54936231e-07  1.20000000e+00  1.19222765e+00 -2.95237764e-04 
 1.54954313e-07  1.20000000e+00  1.19536756e+00 -3.02364484e-04 
 1.54971409e-07  1.20000000e+00  1.19716421e+00 -3.17219188e-04 
 1.54989035e-07  1.20000000e+00  1.19828715e+00 -3.73419762e-04 
 1.55005995e-07  1.20000000e+00  1.19894992e+00 -3.54790747e-04 
 1.55025095e-07  1.20000000e+00  1.19939179e+00 -2.91271084e-04 
 1.55043256e-07  1.20000000e+00  1.19964222e+00 -3.02701797e-04 
 1.55060499e-07  1.20000000e+00  1.19977907e+00 -3.13674214e-04 
 1.55078254e-07  1.20000000e+00  1.19987013e+00 -3.74252217e-04 
 1.55095255e-07  1.20000000e+00  1.19991752e+00 -3.52930505e-04 
 1.55114473e-07  1.20000000e+00  1.19995518e+00 -2.93430408e-04 
 1.55132677e-07  1.20000000e+00  1.19997086e+00 -3.00217932e-04 
 1.55149958e-07  1.20000000e+00  1.19998473e+00 -3.16018745e-04 
 1.55167755e-07  1.20000000e+00  1.19998836e+00 -3.71804478e-04 
 1.55184759e-07  1.20000000e+00  1.19999521e+00 -3.55309023e-04 
 1.55203982e-07  1.20000000e+00  1.19999491e+00 -2.90712963e-04 
 1.55222189e-07  1.20000000e+00  1.19999920e+00 -3.03100603e-04 
 1.55239463e-07  1.20000000e+00  1.19999723e+00 -3.13038301e-04 
 1.55257263e-07  1.20000000e+00  1.20000046e+00 -3.75121884e-04 
 1.55274257e-07  1.20000000e+00  1.19999810e+00 -3.51799043e-04 
 1.55293467e-07  1.20000000e+00  1.20000089e+00 -2.94157420e-04 
 1.55311675e-07  1.20000000e+00  1.19999846e+00 -2.99662742e-04 
 1.55328937e-07  1.20000000e+00  1.20000100e+00 -3.16542155e-04 
 1.55346742e-07  1.20000000e+00  1.19999862e+00 -3.71638011e-04 
 1.55363727e-07  1.20000000e+00  1.20000101e+00 -3.55307485e-04 
 1.55382931e-07  1.20000000e+00  1.19999871e+00 -2.90531216e-04 
 1.55401145e-07  1.20000000e+00  1.20000098e+00 -3.03471816e-04 
 1.55418398e-07  1.20000000e+00  1.19999878e+00 -3.12602936e-04 
 1.55436212e-07  1.20000000e+00  1.20000094e+00 -3.75715209e-04 
 1.55453189e-07  1.20000000e+00  1.19999883e+00 -3.51087555e-04 
 1.55472393e-07  1.20000000e+00  1.20000089e+00 -2.94802235e-04 
 1.55490613e-07  1.20000000e+00  1.19999888e+00 -2.99230867e-04 
 1.55507859e-07  1.20000000e+00  1.20000085e+00 -3.16870980e-04 
 1.55525684e-07  1.20000000e+00  1.19999892e+00 -3.71440199e-04 
 1.55542653e-07  1.20000000e+00  1.20000081e+00 -3.55368019e-04 
 1.55561856e-07  1.20000000e+00  1.19999896e+00 -2.90436173e-04 
 1.55580083e-07  1.20000000e+00  1.20000077e+00 -3.03757633e-04 
 1.55597322e-07  1.20000000e+00  1.19999900e+00 -3.12239113e-04 
 1.55615156e-07  1.20000000e+00  1.20000073e+00 -3.76199034e-04 
 1.55632118e-07  1.20000000e+00  1.19999904e+00 -3.50481922e-04 
 1.55651320e-07  1.20000000e+00  1.20000069e+00 -2.95345139e-04 
 1.55669552e-07  1.20000000e+00  1.19999908e+00 -2.98890775e-04 
 1.55686785e-07  1.20000000e+00  1.20000066e+00 -3.17124109e-04 
 1.55704627e-07  1.20000000e+00  1.19999911e+00 -3.71327649e-04 
 1.55721583e-07  1.20000000e+00  1.20000062e+00 -3.55342331e-04 
 1.55740783e-07  1.20000000e+00  1.19999914e+00 -2.90406139e-04 
 1.55759022e-07  1.20000000e+00  1.20000059e+00 -3.03973389e-04 
 1.55776247e-07  1.20000000e+00  1.19999917e+00 -3.11955411e-04 
 1.55794099e-07  1.20000000e+00  1.20000056e+00 -3.76608298e-04 
 1.55811048e-07  1.20000000e+00  1.19999920e+00 -3.49948593e-04 
 1.55830247e-07  1.20000000e+00  1.20000054e+00 -2.95808804e-04 
 1.55848491e-07  1.20000000e+00  1.19999923e+00 -2.98622602e-04 
 1.55865709e-07  1.20000000e+00  1.20000051e+00 -3.17315125e-04 
 1.55883570e-07  1.20000000e+00  1.19999925e+00 -3.71271569e-04 
 1.55900512e-07  1.20000000e+00  1.20000048e+00 -3.55262169e-04 
 1.55919710e-07  1.20000000e+00  1.19999928e+00 -2.90426212e-04 
 1.55937959e-07  1.20000000e+00  1.20000046e+00 -3.04135085e-04 
 1.55955172e-07  1.20000000e+00  1.19999930e+00 -3.11731510e-04 
 1.55973041e-07  1.20000000e+00  1.20000044e+00 -3.76953849e-04 
 1.55989977e-07  1.20000000e+00  1.19999933e+00 -3.49477988e-04 
 1.56009173e-07  1.20000000e+00  1.20000042e+00 -2.96208383e-04 
 1.56027428e-07  1.20000000e+00  1.19999935e+00 -2.98412061e-04 
 1.56044634e-07  1.20000000e+00  1.20000040e+00 -3.17456868e-04 
 1.56062511e-07  1.20000000e+00  1.19999937e+00 -3.71258825e-04 
 1.56079441e-07  1.20000000e+00  1.20000038e+00 -3.55140187e-04 
 1.56098635e-07  1.20000000e+00  1.19999938e+00 -2.90484193e-04 
 1.56116896e-07  1.20000000e+00  1.20000036e+00 -3.04254950e-04 
 1.56134095e-07  1.20000000e+00  1.19999940e+00 -3.11555266e-04 
 1.56151981e-07  1.20000000e+00  1.20000034e+00 -3.77248379e-04 
 1.56168905e-07  1.20000000e+00  1.19999942e+00 -3.49057593e-04 
 1.56188098e-07  1.20000000e+00  1.20000032e+00 -2.96555910e-04 
 1.56206364e-07  1.20000000e+00  1.19999944e+00 -2.98247795e-04 
 1.56223557e-07  1.20000000e+00  1.20000031e+00 -3.17560026e-04 
 1.56241451e-07  1.20000000e+00  1.19999945e+00 -3.71279322e-04 
 1.56258369e-07  1.20000000e+00  1.20000029e+00 -3.54986212e-04 
 1.56277560e-07  1.20000000e+00  1.19999947e+00 -2.90570791e-04 
 1.56295831e-07  1.20000000e+00  1.20000028e+00 -3.04342455e-04 
 1.56313019e-07  1.20000000e+00  1.19999948e+00 -3.11416944e-04 
 1.56330920e-07  1.20000000e+00  1.20000026e+00 -3.77501421e-04 
 1.56347832e-07  1.20000000e+00  1.19999949e+00 -3.48678141e-04 
 1.56367022e-07  1.20000000e+00  1.20000025e+00 -2.96860901e-04 
 1.56385299e-07  1.20000000e+00  1.19999951e+00 -2.98120908e-04 
 1.56402480e-07  1.20000000e+00  1.20000024e+00 -3.17632779e-04 
 1.56420389e-07  1.20000000e+00  1.19999952e+00 -3.71325108e-04 
 1.56437296e-07  1.20000000e+00  1.20000023e+00 -3.54808006e-04 
 1.56456484e-07  1.20000000e+00  1.19999953e+00 -2.90678828e-04 
 1.56474766e-07  1.20000000e+00  1.20000022e+00 -3.04404982e-04 
 1.56491942e-07  1.20000000e+00  1.19999954e+00 -3.11308884e-04 
 1.56509858e-07  1.20000000e+00  1.20000021e+00 -3.77720518e-04 
 1.56526759e-07  1.20000000e+00  1.19999955e+00 -3.48332283e-04 
 1.56545946e-07  1.20000000e+00  1.20000020e+00 -2.97130897e-04 
 1.56564232e-07  1.20000000e+00  1.19999956e+00 -2.98024389e-04 
 1.56581403e-07  1.20000000e+00  1.20000019e+00 -3.17681528e-04 
 1.56599326e-07  1.20000000e+00  1.19999957e+00 -3.71390026e-04 
 1.56616223e-07  1.20000000e+00  1.20000018e+00 -3.54611576e-04 
 1.56635408e-07  1.20000000e+00  1.19999958e+00 -2.90802758e-04 
 1.56653699e-07  1.20000000e+00  1.20000017e+00 -3.04448283e-04 
 1.56670864e-07  1.20000000e+00  1.19999959e+00 -3.11225057e-04 
 1.56688794e-07  1.20000000e+00  1.20000016e+00 -3.77911652e-04 
 1.56705685e-07  1.20000000e+00  1.19999959e+00 -3.48014184e-04 
 1.56724869e-07  1.20000000e+00  1.20000015e+00 -2.97371909e-04 
 1.56743165e-07  1.20000000e+00  1.19999960e+00 -2.97952695e-04 
 1.56760324e-07  1.20000000e+00  1.20000015e+00 -3.17711285e-04 
 1.56778262e-07  1.20000000e+00  1.19999961e+00 -3.71469289e-04 
 1.56795148e-07  1.20000000e+00  1.20000014e+00 -3.54401590e-04 
 1.56814330e-07  1.20000000e+00  1.19999962e+00 -2.90938298e-04 
 1.56832631e-07  1.20000000e+00  1.20000013e+00 -3.04476858e-04 
 1.56849785e-07  1.20000000e+00  1.19999962e+00 -3.11160692e-04 
 1.56867729e-07  1.20000000e+00  1.20000013e+00 -3.78079591e-04 
 1.56884611e-07  1.20000000e+00  1.19999963e+00 -3.47719189e-04 
 1.56903792e-07  1.20000000e+00  1.20000012e+00 -2.97588755e-04 
 1.56922096e-07  1.20000000e+00  1.19999963e+00 -2.97901421e-04 
 1.56939245e-07  1.20000000e+00  1.20000011e+00 -3.17725985e-04 
 1.56957196e-07  1.20000000e+00  1.19999964e+00 -3.71559170e-04 
 1.56974073e-07  1.20000000e+00  1.20000011e+00 -3.54181677e-04 
 1.56993252e-07  1.20000000e+00  1.19999964e+00 -2.91082142e-04 
 1.57011562e-07  1.20000000e+00  1.20000010e+00 -3.04494228e-04 
 1.57028706e-07  1.20000000e+00  1.19999965e+00 -3.11112004e-04 
 1.57046663e-07  1.20000000e+00  1.20000010e+00 -3.78228154e-04 
 1.57063536e-07  1.20000000e+00  1.19999965e+00 -3.47443565e-04 
 1.57082713e-07  1.20000000e+00  1.20000009e+00 -2.97785314e-04 
 1.57101027e-07  1.20000000e+00  1.19999966e+00 -2.97867053e-04 
 1.57118166e-07  1.20000000e+00  1.20000009e+00 -3.17728725e-04 
 1.57136129e-07  1.20000000e+00  1.19999966e+00 -3.71656769e-04 
 1.57152998e-07  1.20000000e+00  1.20000009e+00 -3.53954659e-04 
 1.57172173e-07  1.20000000e+00  1.19999967e+00 -2.91231735e-04 
 1.57190491e-07  1.20000000e+00  1.20000008e+00 -3.04503153e-04 
 1.57207626e-07  1.20000000e+00  1.19999967e+00 -3.11075977e-04 
 1.57225596e-07  1.20000000e+00  1.20000008e+00 -3.78360416e-04 
 1.57242459e-07  1.20000000e+00  1.19999967e+00 -3.47184298e-04 
 1.57261634e-07  1.20000000e+00  1.20000007e+00 -2.97964726e-04 
 1.57279956e-07  1.20000000e+00  1.19999968e+00 -2.97846773e-04 
 1.57297085e-07  1.20000000e+00  1.20000007e+00 -3.17721953e-04 
 1.57315061e-07  1.20000000e+00  1.19999968e+00 -3.71759825e-04 
 1.57331921e-07  1.20000000e+00  1.20000007e+00 -3.53722727e-04 
 1.57351094e-07  1.20000000e+00  1.19999968e+00 -2.91385109e-04 
 1.57369420e-07  1.20000000e+00  1.20000006e+00 -3.04505804e-04 
 1.57386545e-07  1.20000000e+00  1.19999969e+00 -3.11050203e-04 
 1.57404527e-07  1.20000000e+00  1.20000006e+00 -3.78478866e-04 
 1.57421383e-07  1.20000000e+00  1.19999969e+00 -3.46938940e-04 
 1.57440554e-07  1.20000000e+00  1.20000006e+00 -2.98129554e-04 
 1.57458884e-07  1.20000000e+00  1.19999969e+00 -2.97838313e-04 
 1.57476004e-07  1.20000000e+00  1.20000006e+00 -3.17707605e-04 
 1.57493992e-07  1.20000000e+00  1.19999970e+00 -3.71866582e-04 
 1.57510844e-07  1.20000000e+00  1.20000005e+00 -3.53487581e-04 
 1.57530013e-07  1.20000000e+00  1.19999970e+00 -2.91540751e-04 
 1.57548348e-07  1.20000000e+00  1.20000005e+00 -3.04503885e-04 
 1.57565464e-07  1.20000000e+00  1.19999970e+00 -3.11032747e-04 
 1.57583457e-07  1.20000000e+00  1.20000005e+00 -3.78585532e-04 
 1.57600305e-07  1.20000000e+00  1.19999970e+00 -3.46705492e-04 
 1.57619473e-07  1.20000000e+00  1.20000005e+00 -2.98281894e-04 
 1.57637811e-07  1.20000000e+00  1.19999971e+00 -2.97839834e-04 
 1.57654923e-07  1.20000000e+00  1.20000004e+00 -3.17687222e-04 
 1.57672922e-07  1.20000000e+00  1.19999971e+00 -3.71975670e-04 
 1.57689766e-07  1.20000000e+00  1.20000004e+00 -3.53250537e-04 
 1.57708932e-07  1.20000000e+00  1.19999971e+00 -2.91697503e-04 
 1.57727274e-07  1.20000000e+00  1.20000004e+00 -3.04498738e-04 
 1.57744382e-07  1.20000000e+00  1.19999971e+00 -3.11022052e-04 
 1.57762386e-07  1.20000000e+00  1.20000004e+00 -3.78682074e-04 
 1.57779226e-07  1.20000000e+00  1.19999971e+00 -3.46482309e-04 
 1.57798391e-07  1.20000000e+00  1.20000004e+00 -2.98423479e-04 
 1.57816737e-07  1.20000000e+00  1.19999972e+00 -2.97849843e-04 
 1.57833840e-07  1.20000000e+00  1.20000004e+00 -3.17662028e-04 
 1.57851850e-07  1.20000000e+00  1.19999972e+00 -3.72086029e-04 
 1.57868687e-07  1.20000000e+00  1.20000003e+00 -3.53012606e-04 
 1.57887850e-07  1.20000000e+00  1.19999972e+00 -2.91854482e-04 
 1.57906199e-07  1.20000000e+00  1.20000003e+00 -3.04491419e-04 
 1.57923299e-07  1.20000000e+00  1.19999972e+00 -3.11016860e-04 
 1.57941314e-07  1.20000000e+00  1.20000003e+00 -3.78769863e-04 
 1.57958147e-07  1.20000000e+00  1.19999972e+00 -3.46268026e-04 
 1.57977309e-07  1.20000000e+00  1.20000003e+00 -2.98555745e-04 
 1.57995662e-07  1.20000000e+00  1.19999972e+00 -2.97867116e-04 
 1.58012757e-07  1.20000000e+00  1.20000003e+00 -3.17633004e-04 
 1.58030777e-07  1.20000000e+00  1.19999972e+00 -3.72196840e-04 
 1.58047607e-07  1.20000000e+00  1.20000003e+00 -3.52774563e-04 
 1.58066767e-07  1.20000000e+00  1.19999973e+00 -2.92011020e-04 
 1.58085124e-07  1.20000000e+00  1.20000003e+00 -3.04482757e-04 
 1.58102215e-07  1.20000000e+00  1.19999973e+00 -3.11016153e-04 
 1.58120240e-07  1.20000000e+00  1.20000002e+00 -3.78850031e-04 
 1.58137067e-07  1.20000000e+00  1.19999973e+00 -3.46061506e-04 
 1.58156226e-07  1.20000000e+00  1.20000002e+00 -2.98679894e-04 
 1.58174586e-07  1.20000000e+00  1.19999973e+00 -2.97890648e-04 
 1.58191673e-07  1.20000000e+00  1.20000002e+00 -3.17600932e-04 
 1.58209703e-07  1.20000000e+00  1.19999973e+00 -3.72307470e-04 
 1.58226527e-07  1.20000000e+00  1.20000002e+00 -3.52536996e-04 
 1.58245684e-07  1.20000000e+00  1.19999973e+00 -2.92166618e-04 
 1.58264047e-07  1.20000000e+00  1.20000002e+00 -3.04473405e-04 
 1.58281131e-07  1.20000000e+00  1.19999973e+00 -3.11019100e-04 
 1.58299166e-07  1.20000000e+00  1.20000002e+00 -3.78923528e-04 
 1.58315987e-07  1.20000000e+00  1.19999973e+00 -3.45861791e-04 
 1.58335142e-07  1.20000000e+00  1.20000002e+00 -2.98796933e-04 
 1.58353509e-07  1.20000000e+00  1.19999973e+00 -2.97919608e-04 
 1.58370589e-07  1.20000000e+00  1.20000002e+00 -3.17566444e-04 
 1.58388628e-07  1.20000000e+00  1.19999973e+00 -3.72417437e-04 
 1.58405446e-07  1.20000000e+00  1.20000002e+00 -3.52300345e-04 
 1.58424600e-07  1.20000000e+00  1.19999974e+00 -2.92320911e-04 
 1.58442970e-07  1.20000000e+00  1.20000002e+00 -3.04463874e-04 
 1.58460046e-07  1.20000000e+00  1.19999974e+00 -3.11025025e-04 
 1.58478090e-07  1.20000000e+00  1.20000001e+00 -3.78991149e-04 
 1.58494905e-07  1.20000000e+00  1.19999974e+00 -3.45668070e-04 
 1.58514057e-07  1.20000000e+00  1.20000001e+00 -2.98907720e-04 
 1.58532431e-07  1.20000000e+00  1.19999974e+00 -2.97953305e-04 
 1.58549504e-07  1.20000000e+00  1.20000001e+00 -3.17530047e-04 
 1.58567552e-07  1.20000000e+00  1.19999974e+00 -3.72526376e-04 
 1.58584364e-07  1.20000000e+00  1.20000001e+00 -3.52064932e-04 
 1.58603515e-07  1.20000000e+00  1.19999974e+00 -2.92473636e-04 
 1.58621892e-07  1.20000000e+00  1.20000001e+00 -3.04454563e-04 
 1.58638961e-07  1.20000000e+00  1.19999974e+00 -3.11033376e-04 
 1.58657014e-07  1.20000000e+00  1.20000001e+00 -3.79053565e-04 
 1.58673823e-07  1.20000000e+00  1.19999974e+00 -3.45479648e-04 
 1.58692972e-07  1.20000000e+00  1.20000001e+00 -2.99012982e-04 
 1.58711352e-07  1.20000000e+00  1.19999974e+00 -2.97991160e-04 
 1.58728418e-07  1.20000000e+00  1.20000001e+00 -3.17492150e-04 
 1.58746475e-07  1.20000000e+00  1.19999974e+00 -3.72634014e-04 
 1.58763282e-07  1.20000000e+00  1.20000001e+00 -3.51830987e-04 
 1.58782429e-07  1.20000000e+00  1.19999974e+00 -2.92624609e-04 
 1.58800812e-07  1.20000000e+00  1.20000001e+00 -3.04445782e-04 
 1.58817875e-07  1.20000000e+00  1.19999974e+00 -3.11043698e-04 
 1.58835937e-07  1.20000000e+00  1.20000001e+00 -3.79111349e-04 
 1.58852740e-07  1.20000000e+00  1.19999974e+00 -3.45295928e-04 
 1.58871886e-07  1.20000000e+00  1.20000001e+00 -2.99113344e-04 
 1.58890272e-07  1.20000000e+00  1.19999974e+00 -2.98032687e-04 
 1.58907332e-07  1.20000000e+00  1.20000001e+00 -3.17453085e-04 
 1.58925397e-07  1.20000000e+00  1.19999974e+00 -3.72740152e-04 
 1.58942198e-07  1.20000000e+00  1.20000001e+00 -3.51598667e-04 
 1.58961343e-07  1.20000000e+00  1.19999974e+00 -2.92773713e-04 
 1.58979732e-07  1.20000000e+00  1.20000001e+00 -3.04437772e-04 
 1.58996788e-07  1.20000000e+00  1.19999975e+00 -3.11055618e-04 
 1.59014858e-07  1.20000000e+00  1.20000001e+00 -3.79164990e-04 
 1.59031656e-07  1.20000000e+00  1.19999975e+00 -3.45116392e-04 
 1.59050799e-07  1.20000000e+00  1.20000001e+00 -2.99209348e-04 
 1.59069192e-07  1.20000000e+00  1.19999975e+00 -2.98077478e-04 
 1.59086244e-07  1.20000000e+00  1.20000000e+00 -3.17413121e-04 
 1.59104319e-07  1.20000000e+00  1.19999975e+00 -3.72844648e-04 
 1.59121114e-07  1.20000000e+00  1.20000000e+00 -3.51368070e-04 
 1.59140256e-07  1.20000000e+00  1.19999975e+00 -2.92920879e-04 
 1.59158651e-07  1.20000000e+00  1.20000000e+00 -3.04430716e-04 
 1.59175701e-07  1.20000000e+00  1.19999975e+00 -3.11068829e-04 
 1.59193779e-07  1.20000000e+00  1.20000000e+00 -3.79214910e-04 
 1.59210572e-07  1.20000000e+00  1.19999975e+00 -3.44940584e-04 
 1.59229712e-07  1.20000000e+00  1.20000000e+00 -2.99301463e-04 
 1.59248110e-07  1.20000000e+00  1.19999975e+00 -2.98125182e-04 
 1.59265157e-07  1.20000000e+00  1.20000000e+00 -3.17372476e-04 
 1.59283239e-07  1.20000000e+00  1.19999975e+00 -3.72947406e-04 
 1.59300030e-07  1.20000000e+00  1.20000000e+00 -3.51139248e-04 
 1.59319168e-07  1.20000000e+00  1.19999975e+00 -2.93066075e-04 
 1.59337569e-07  1.20000000e+00  1.20000000e+00 -3.04424751e-04 
 1.59354613e-07  1.20000000e+00  1.19999975e+00 -3.11083077e-04 
 1.59372698e-07  1.20000000e+00  1.20000000e+00 -3.79261473e-04 
 1.59389487e-07  1.20000000e+00  1.19999975e+00 -3.44768104e-04 
 1.59408624e-07  1.20000000e+00  1.20000000e+00 -2.99390101e-04 
 1.59427028e-07  1.20000000e+00  1.19999975e+00 -2.98175501e-04 
 1.59444068e-07  1.20000000e+00  1.20000000e+00 -3.17331329e-04 
 1.59462158e-07  1.20000000e+00  1.19999975e+00 -3.73048365e-04 
 1.59478944e-07  1.20000000e+00  1.20000000e+00 -3.50912214e-04 
 1.59498080e-07  1.20000000e+00  1.19999975e+00 -2.93209304e-04 
 1.59516486e-07  1.20000000e+00  1.20000000e+00 -3.04419981e-04 
 1.59533524e-07  1.20000000e+00  1.19999975e+00 -3.11098153e-04 
 1.59551617e-07  1.20000000e+00  1.20000000e+00 -3.79304998e-04 
 1.59568401e-07  1.20000000e+00  1.19999975e+00 -3.44598595e-04 
 1.59587535e-07  1.20000000e+00  1.20000000e+00 -2.99475624e-04 
 1.59605945e-07  1.20000000e+00  1.19999975e+00 -2.98228180e-04 
 1.59622979e-07  1.20000000e+00  1.20000000e+00 -3.17289826e-04 
 1.59641076e-07  1.20000000e+00  1.19999975e+00 -3.73147492e-04 
 1.59657858e-07  1.20000000e+00  1.20000000e+00 -3.50686956e-04 
 1.59676991e-07  1.20000000e+00  1.19999975e+00 -2.93350588e-04 
 1.59695403e-07  1.20000000e+00  1.20000000e+00 -3.04416478e-04 
 1.59712435e-07  1.20000000e+00  1.19999975e+00 -3.11113884e-04 
 1.59730535e-07  1.20000000e+00  1.20000000e+00 -3.79345765e-04 
 1.59747315e-07  1.20000000e+00  1.19999975e+00 -3.44431732e-04 
 1.59766446e-07  1.20000000e+00  1.20000000e+00 -2.99558360e-04 
 1.59784861e-07  1.20000000e+00  1.19999975e+00 -2.98283001e-04 
 1.59801890e-07  1.20000000e+00  1.20000000e+00 -3.17248076e-04 
 1.59819994e-07  1.20000000e+00  1.19999975e+00 -3.73244772e-04 
 1.59836772e-07  1.20000000e+00  1.20000000e+00 -3.50463520e-04 
 1.59855901e-07  1.20000000e+00  1.19999975e+00 -2.93489838e-04 
 1.59874318e-07  1.20000000e+00  1.20000000e+00 -3.04414312e-04 
 1.59891345e-07  1.20000000e+00  1.19999975e+00 -3.11130282e-04 
 1.59909452e-07  1.20000000e+00  1.20000000e+00 -3.79384028e-04 
 1.59926228e-07  1.20000000e+00  1.19999975e+00 -3.44266081e-04 
 1.59945356e-07  1.20000000e+00  1.20000000e+00 -2.99640682e-04 
 1.59963776e-07  1.20000000e+00  1.19999975e+00 -2.98338262e-04 
 1.59980799e-07  1.20000000e+00  1.20000000e+00 -3.17206333e-04 
 1.59998911e-07  1.20000000e+00  1.19999975e+00 -3.73340136e-04 
 1.60015684e-07  1.20000000e+00  1.20000000e+00 -3.50246014e-04 
 1.60034811e-07  1.20000000e+00  1.19999975e+00 -2.93621856e-04 
 1.60053234e-07  1.20000000e+00  1.20000000e+00 -3.04417760e-04 
 1.60070255e-07  1.20000000e+00  1.19999975e+00 -3.11143769e-04 
 1.60085127e-07  1.20000000e+00  1.20000000e+00 -3.70630271e-04 
 1.60100000e-07  1.20000000e+00  1.19999976e+00 -3.59183914e-04 
 1.60101827e-07  1.17807903e+00  1.19999988e+00 -3.72881292e-04 
 1.60105480e-07  1.13423708e+00  1.19999988e+00 -3.57756675e-04 
 1.60112787e-07  1.04655319e+00  1.19999988e+00 -3.32745824e-04 
 1.60127401e-07  8.71185402e-01  1.19999988e+00 -3.13808959e-04 
 1.60142542e-07  6.89499928e-01  1.19999988e+00 -3.20916460e-04 
 1.60160000e-07  4.80003394e-01  1.19999988e+00 -3.50943016e-04 
 1.60176346e-07  2.83844781e-01  1.19999988e+00 -4.19029193e-04 
 1.60188173e-07  1.41922391e-01  1.19999988e+00 -4.24618618e-04 
 1.60200000e-07  0.00000000e+00  1.19999988e+00 -4.01959862e-04 
 1.60202229e-07  0.00000000e+00  1.19999988e+00 -3.76244052e-04 
 1.60206687e-07  0.00000000e+00  1.19999988e+00 -3.75481796e-04 
 1.60215603e-07  0.00000000e+00  1.19999988e+00 -3.81195369e-04 
 1.60230919e-07  0.00000000e+00  1.19999988e+00 -3.91448992e-04 
 1.60245760e-07  0.00000000e+00  1.19999988e+00 -4.01002388e-04 
 1.60261607e-07  0.00000000e+00  1.19999988e+00 -4.57961759e-04 
 1.60278283e-07  0.00000000e+00  1.19999988e+00 -4.21479742e-04 
 1.60296278e-07  0.00000000e+00  1.19999988e+00 -3.72454589e-04 
 1.60315045e-07  0.00000000e+00  1.19999988e+00 -3.88348877e-04 
 1.60332478e-07  0.00000000e+00  1.19999988e+00 -4.00644935e-04 
 1.60351675e-07  0.00000000e+00  1.19999988e+00 -4.56703600e-04 
 1.60369671e-07  0.00000000e+00  1.19999988e+00 -4.17719370e-04 
 1.60387923e-07  0.00000000e+00  1.19999988e+00 -3.69255820e-04 
 1.60404937e-07  0.00000000e+00  1.19999988e+00 -3.94605935e-04 
 1.60423008e-07  0.00000000e+00  1.19999988e+00 -3.98077581e-04 
 1.60441168e-07  0.00000000e+00  1.19999988e+00 -4.62102513e-04 
 1.60458798e-07  0.00000000e+00  1.19999988e+00 -4.13238262e-04 
 1.60477127e-07  0.00000000e+00  1.19999988e+00 -3.74546544e-04 
 1.60494234e-07  0.00000000e+00  1.19999988e+00 -3.88894044e-04 
 1.60512245e-07  0.00000000e+00  1.19999988e+00 -4.03583981e-04 
 1.60530501e-07  0.00000000e+00  1.19999988e+00 -4.56422113e-04 
 1.60548111e-07  0.00000000e+00  1.19999988e+00 -4.18918822e-04 
 1.60566497e-07  0.00000000e+00  1.19999988e+00 -3.69181981e-04 
 1.60583631e-07  0.00000000e+00  1.19999988e+00 -3.93987002e-04 
 1.60601653e-07  0.00000000e+00  1.19999988e+00 -3.98758747e-04 
 1.60619860e-07  0.00000000e+00  1.19999988e+00 -4.61450761e-04 
 1.60637474e-07  0.00000000e+00  1.19999988e+00 -4.13733334e-04 
 1.60655899e-07  0.00000000e+00  1.19999988e+00 -3.74416364e-04 
 1.60673054e-07  0.00000000e+00  1.19999988e+00 -3.88592032e-04 
 1.60691083e-07  0.00000000e+00  1.19999988e+00 -4.04424812e-04 
 1.60709224e-07  0.00000000e+00  1.19999988e+00 -4.56097503e-04 
 1.60726840e-07  0.00000000e+00  1.19999988e+00 -4.18848947e-04 
 1.60745306e-07  0.00000000e+00  1.19999988e+00 -3.69403784e-04 
 1.60764276e-07  0.00000000e+00  1.19999988e+00 -3.93056242e-04 
 1.60781498e-07  0.00000000e+00  1.19999988e+00 -4.02999194e-04 
 1.60800359e-07  0.00000000e+00  1.19999988e+00 -4.63614623e-04 
 1.60817526e-07  0.00000000e+00  1.19999988e+00 -4.08034408e-04 
 1.60837057e-07  0.00000000e+00  1.19999988e+00 -3.75638371e-04 
 1.60854736e-07  0.00000000e+00  1.19999988e+00 -3.88498939e-04 
 1.60872413e-07  0.00000000e+00  1.19999988e+00 -4.11935962e-04 
 1.60890334e-07  0.00000000e+00  1.19999988e+00 -4.58833334e-04 
 1.60907402e-07  0.00000000e+00  1.19999988e+00 -4.10740176e-04 
 1.60924474e-07  0.00000000e+00  1.19999988e+00 -3.71932278e-04 
 1.60942586e-07  0.00000000e+00  1.19999988e+00 -3.91893692e-04 
 1.60959319e-07  0.00000000e+00  1.19999988e+00 -4.02404303e-04 
 1.60977542e-07  0.00000000e+00  1.19999988e+00 -4.59265038e-04 
 1.60994717e-07  0.00000000e+00  1.19999988e+00 -4.15972668e-04 
 1.61013698e-07  0.00000000e+00  1.19999988e+00 -3.73523300e-04 
 1.61032012e-07  0.00000000e+00  1.19999988e+00 -3.89335364e-04 
 1.61049578e-07  0.00000000e+00  1.19999988e+00 -4.07007260e-04 
 1.61068189e-07  0.00000000e+00  1.19999988e+00 -4.58527250e-04 
 1.61085403e-07  0.00000000e+00  1.19999988e+00 -4.12823786e-04 
 1.61102895e-07  0.00000000e+00  1.19999988e+00 -3.72804919e-04 
 1.61121367e-07  0.00000000e+00  1.19999988e+00 -3.90829425e-04 
 1.61138212e-07  0.00000000e+00  1.19999988e+00 -4.04023630e-04 
 1.61156690e-07  0.00000000e+00  1.19999988e+00 -4.58750444e-04 
 1.61173856e-07  0.00000000e+00  1.19999988e+00 -4.14807971e-04 
 1.61193163e-07  0.00000000e+00  1.19999988e+00 -3.73363057e-04 
 1.61211043e-07  0.00000000e+00  1.19999988e+00 -3.90034354e-04 
 1.61228788e-07  0.00000000e+00  1.19999988e+00 -4.07894745e-04 
 1.61247029e-07  0.00000000e+00  1.19999988e+00 -4.58744873e-04 
 1.61264218e-07  0.00000000e+00  1.19999988e+00 -4.11704661e-04 
 1.61281350e-07  0.00000000e+00  1.19999988e+00 -3.74130746e-04 
 1.61299657e-07  0.00000000e+00  1.19999988e+00 -3.89712082e-04 
 1.61316463e-07  0.00000000e+00  1.19999988e+00 -4.04134206e-04 
 1.61334859e-07  0.00000000e+00  1.19999988e+00 -4.56384401e-04 
 1.61352112e-07  0.00000000e+00  1.19999988e+00 -4.17659088e-04 
 1.61371261e-07  0.00000000e+00  1.19999988e+00 -3.72581308e-04 
 1.61389335e-07  0.00000000e+00  1.19999988e+00 -3.90590142e-04 
 1.61407094e-07  0.00000000e+00  1.19999988e+00 -4.06361551e-04 
 1.61425510e-07  0.00000000e+00  1.19999988e+00 -4.58809012e-04 
 1.61442770e-07  0.00000000e+00  1.19999988e+00 -4.11601854e-04 
 1.61459946e-07  0.00000000e+00  1.19999988e+00 -3.75195266e-04 
 1.61478303e-07  0.00000000e+00  1.19999988e+00 -3.88698925e-04 
 1.61495152e-07  0.00000000e+00  1.19999988e+00 -4.05228645e-04 
 1.61513564e-07  0.00000000e+00  1.19999988e+00 -4.55163229e-04 
 1.61530834e-07  0.00000000e+00  1.19999988e+00 -4.18315345e-04 
 1.61550088e-07  0.00000000e+00  1.19999988e+00 -3.72098011e-04 
 1.61567995e-07  0.00000000e+00  1.19999988e+00 -3.91177952e-04 
 1.61585864e-07  0.00000000e+00  1.19999988e+00 -4.06112470e-04 
 1.61604154e-07  0.00000000e+00  1.19999988e+00 -4.58945235e-04 
 1.61621438e-07  0.00000000e+00  1.19999988e+00 -4.11098374e-04 
 1.61638490e-07  0.00000000e+00  1.19999988e+00 -3.76267688e-04 
 1.61656787e-07  0.00000000e+00  1.19999988e+00 -3.87702662e-04 
 1.61673651e-07  0.00000000e+00  1.19999988e+00 -4.05820339e-04 
 1.61692024e-07  0.00000000e+00  1.19999988e+00 -4.53539784e-04 
 1.61709346e-07  0.00000000e+00  1.19999988e+00 -4.19870627e-04 
 1.61728572e-07  0.00000000e+00  1.19999988e+00 -3.71538315e-04 
 1.61746490e-07  0.00000000e+00  1.19999988e+00 -3.91671261e-04 
 1.61764422e-07  0.00000000e+00  1.19999988e+00 -4.05339398e-04 
 1.61782724e-07  0.00000000e+00  1.19999988e+00 -4.59051142e-04 
 1.61800058e-07  0.00000000e+00  1.19999988e+00 -4.10804513e-04 
 1.61817076e-07  0.00000000e+00  1.19999988e+00 -3.77223075e-04 
 1.61835368e-07  0.00000000e+00  1.19999988e+00 -3.86772483e-04 
 1.61852261e-07  0.00000000e+00  1.19999988e+00 -4.06631234e-04 
 1.61870614e-07  0.00000000e+00  1.19999988e+00 -4.52264612e-04 
 1.61887970e-07  0.00000000e+00  1.19999988e+00 -4.20874251e-04 
 1.61907230e-07  0.00000000e+00  1.19999988e+00 -3.71029556e-04 
 1.61925077e-07  0.00000000e+00  1.19999988e+00 -3.92157749e-04 
 1.61943089e-07  0.00000000e+00  1.19999988e+00 -4.04889113e-04 
 1.61961333e-07  0.00000000e+00  1.19999988e+00 -4.59181992e-04 
 1.61978702e-07  0.00000000e+00  1.19999988e+00 -4.10443741e-04 
 1.61995667e-07  0.00000000e+00  1.19999988e+00 -3.78121586e-04 
 1.62013923e-07  0.00000000e+00  1.19999988e+00 -3.85888063e-04 
 1.62030845e-07  0.00000000e+00  1.19999988e+00 -4.07331038e-04 
 1.62049162e-07  0.00000000e+00  1.19999988e+00 -4.50978087e-04 
 1.62066557e-07  0.00000000e+00  1.19999988e+00 -4.21994987e-04 
 1.62085822e-07  0.00000000e+00  1.19999988e+00 -3.70525778e-04 
 1.62103635e-07  0.00000000e+00  1.19999988e+00 -3.92600081e-04 
 1.62121715e-07  0.00000000e+00  1.19999988e+00 -4.04362249e-04 
 1.62139927e-07  0.00000000e+00  1.19999988e+00 -4.59303501e-04 
 1.62157337e-07  0.00000000e+00  1.19999988e+00 -4.10145641e-04 
 1.62174264e-07  0.00000000e+00  1.19999988e+00 -3.78945183e-04 
 1.62192501e-07  0.00000000e+00  1.19999988e+00 -3.85053564e-04 
 1.62209452e-07  0.00000000e+00  1.19999988e+00 -4.08045625e-04 
 1.62227739e-07  0.00000000e+00  1.19999988e+00 -4.49821264e-04 
 1.62245168e-07  0.00000000e+00  1.19999988e+00 -4.22964240e-04 
 1.62264448e-07  0.00000000e+00  1.19999988e+00 -3.70035288e-04 
 1.62282217e-07  0.00000000e+00  1.19999988e+00 -3.93025171e-04 
 1.62300364e-07  0.00000000e+00  1.19999988e+00 -4.03922532e-04 
 1.62318531e-07  0.00000000e+00  1.19999988e+00 -4.59437373e-04 
 1.62335978e-07  0.00000000e+00  1.19999988e+00 -4.09841411e-04 
 1.62352868e-07  0.00000000e+00  1.19999988e+00 -3.79710328e-04 
 1.62371082e-07  0.00000000e+00  1.19999988e+00 -3.84264429e-04 
 1.62388061e-07  0.00000000e+00  1.19999988e+00 -4.08725757e-04 
 1.62406313e-07  0.00000000e+00  1.19999988e+00 -4.48724394e-04 
 1.62423777e-07  0.00000000e+00  1.19999988e+00 -4.23902409e-04 
 1.62443066e-07  0.00000000e+00  1.19999988e+00 -3.69553475e-04 
 1.62460799e-07  0.00000000e+00  1.19999988e+00 -3.93429481e-04 
 1.62479007e-07  0.00000000e+00  1.19999988e+00 -4.03492464e-04 
 1.62497135e-07  0.00000000e+00  1.19999988e+00 -4.59575449e-04 
 1.62514618e-07  0.00000000e+00  1.19999988e+00 -4.09554659e-04 
 1.62531477e-07  0.00000000e+00  1.19999988e+00 -3.80418041e-04 
 1.62549673e-07  0.00000000e+00  1.19999988e+00 -3.83519584e-04 
 1.62566679e-07  0.00000000e+00  1.19999988e+00 -4.09392806e-04 
 1.62584898e-07  0.00000000e+00  1.19999988e+00 -4.47706541e-04 
 1.62602394e-07  0.00000000e+00  1.19999988e+00 -4.24767401e-04 
 1.62621692e-07  0.00000000e+00  1.19999988e+00 -3.69078553e-04 
 1.62639390e-07  0.00000000e+00  1.19999988e+00 -3.93821764e-04 
 1.62657656e-07  0.00000000e+00  1.19999988e+00 -4.03096952e-04 
 1.62675742e-07  0.00000000e+00  1.19999988e+00 -4.59722885e-04 
 1.62693261e-07  0.00000000e+00  1.19999988e+00 -4.09270639e-04 
 1.62710092e-07  0.00000000e+00  1.19999988e+00 -3.81075424e-04 
 1.62728270e-07  0.00000000e+00  1.19999988e+00 -3.82816090e-04 
 1.62745301e-07  0.00000000e+00  1.19999988e+00 -4.10039239e-04 
 1.62763487e-07  0.00000000e+00  1.19999988e+00 -4.46750695e-04 
 1.62781015e-07  0.00000000e+00  1.19999988e+00 -4.25583427e-04 
 1.62800320e-07  0.00000000e+00  1.19999988e+00 -3.68609539e-04 
 1.62817987e-07  0.00000000e+00  1.19999988e+00 -3.94203937e-04 
 1.62836305e-07  0.00000000e+00  1.19999988e+00 -4.02719588e-04 
 1.62854352e-07  0.00000000e+00  1.19999988e+00 -4.59878468e-04 
 1.62871904e-07  0.00000000e+00  1.19999988e+00 -4.08991386e-04 
 1.62888711e-07  0.00000000e+00  1.19999988e+00 -3.81686627e-04 
 1.62906873e-07  0.00000000e+00  1.19999988e+00 -3.82151732e-04 
 1.62923930e-07  0.00000000e+00  1.19999988e+00 -4.10669132e-04 
 1.62942082e-07  0.00000000e+00  1.19999988e+00 -4.45855364e-04 
 1.62959640e-07  0.00000000e+00  1.19999988e+00 -4.26347259e-04 
 1.62978951e-07  0.00000000e+00  1.19999988e+00 -3.68145199e-04 
 1.62996590e-07  0.00000000e+00  1.19999988e+00 -3.94579733e-04 
 1.63014957e-07  0.00000000e+00  1.19999988e+00 -4.02361692e-04 
 1.63032964e-07  0.00000000e+00  1.19999988e+00 -4.60043315e-04 
 1.63050549e-07  0.00000000e+00  1.19999988e+00 -4.08712957e-04 
 1.63067335e-07  0.00000000e+00  1.19999988e+00 -3.82256504e-04 
 1.63085482e-07  0.00000000e+00  1.19999988e+00 -3.81523932e-04 
 1.63102562e-07  0.00000000e+00  1.19999988e+00 -4.11281742e-04 
 1.63120682e-07  0.00000000e+00  1.19999988e+00 -4.45013498e-04 
 1.63138269e-07  0.00000000e+00  1.19999988e+00 -4.27066219e-04 
 1.63157585e-07  0.00000000e+00  1.19999988e+00 -3.67685090e-04 
 1.63175198e-07  0.00000000e+00  1.19999988e+00 -3.94951062e-04 
 1.63193609e-07  0.00000000e+00  1.19999988e+00 -4.02018239e-04 
 1.63211579e-07  0.00000000e+00  1.19999988e+00 -4.60217179e-04 
 1.63229194e-07  0.00000000e+00  1.19999988e+00 -4.08434565e-04 
 1.63245970e-07  0.00000000e+00  1.19999988e+00 -3.82781163e-04 
 1.63264100e-07  0.00000000e+00  1.19999988e+00 -3.80936006e-04 
 1.63281205e-07  0.00000000e+00  1.19999988e+00 -4.11892632e-04 
 1.63299291e-07  0.00000000e+00  1.19999988e+00 -4.44230650e-04 
 1.63316905e-07  0.00000000e+00  1.19999988e+00 -4.27726987e-04 
 1.63336228e-07  0.00000000e+00  1.19999988e+00 -3.67228268e-04 
 1.63353812e-07  0.00000000e+00  1.19999988e+00 -3.95319740e-04 
 1.63372265e-07  0.00000000e+00  1.19999988e+00 -4.01696065e-04 
 1.63390196e-07  0.00000000e+00  1.19999988e+00 -4.60396101e-04 
 1.63407840e-07  0.00000000e+00  1.19999988e+00 -4.08159200e-04 
 1.63424608e-07  0.00000000e+00  1.19999988e+00 -3.83269552e-04 
 1.63442721e-07  0.00000000e+00  1.19999988e+00 -3.80381457e-04 
 1.63459851e-07  0.00000000e+00  1.19999988e+00 -4.12484514e-04 
 1.63477903e-07  0.00000000e+00  1.19999988e+00 -4.43490285e-04 
 1.63495544e-07  0.00000000e+00  1.19999988e+00 -4.28352227e-04 
 1.63514871e-07  0.00000000e+00  1.19999988e+00 -3.66776383e-04 
 1.63532430e-07  0.00000000e+00  1.19999988e+00 -3.95684599e-04 
 1.63550922e-07  0.00000000e+00  1.19999988e+00 -4.01384564e-04 
 1.63568815e-07  0.00000000e+00  1.19999988e+00 -4.60580118e-04 
 1.63586487e-07  0.00000000e+00  1.19999988e+00 -4.07885228e-04 
 1.63603249e-07  0.00000000e+00  1.19999988e+00 -3.83726041e-04 
 1.63621346e-07  0.00000000e+00  1.19999988e+00 -3.79857600e-04 
 1.63638500e-07  0.00000000e+00  1.19999988e+00 -4.13059594e-04 
 1.63656520e-07  0.00000000e+00  1.19999988e+00 -4.42790873e-04 
 1.63674185e-07  0.00000000e+00  1.19999988e+00 -4.28941658e-04 
 1.63693516e-07  0.00000000e+00  1.19999988e+00 -3.66328719e-04 
 1.63711053e-07  0.00000000e+00  1.19999988e+00 -3.96047486e-04 
 1.63729579e-07  0.00000000e+00  1.19999988e+00 -4.01084327e-04 
 1.63747436e-07  0.00000000e+00  1.19999988e+00 -4.60770250e-04 
 1.63765135e-07  0.00000000e+00  1.19999988e+00 -4.07610035e-04 
 1.63781892e-07  0.00000000e+00  1.19999988e+00 -3.84154646e-04 
 1.63799975e-07  0.00000000e+00  1.19999988e+00 -3.79361834e-04 
 1.63817151e-07  0.00000000e+00  1.19999988e+00 -4.13617592e-04 
 1.63835140e-07  0.00000000e+00  1.19999988e+00 -4.42127759e-04 
 1.63852829e-07  0.00000000e+00  1.19999988e+00 -4.29500267e-04 
 1.63872163e-07  0.00000000e+00  1.19999988e+00 -3.65880575e-04 
 1.63889680e-07  0.00000000e+00  1.19999988e+00 -3.96412798e-04 
 1.63908237e-07  0.00000000e+00  1.19999988e+00 -4.00790246e-04 
 1.63926061e-07  0.00000000e+00  1.19999988e+00 -4.60967710e-04 
 1.63943785e-07  0.00000000e+00  1.19999988e+00 -4.07330949e-04 
 1.63960537e-07  0.00000000e+00  1.19999988e+00 -3.84560708e-04 
 1.63978608e-07  0.00000000e+00  1.19999988e+00 -3.78892045e-04 
 1.63995803e-07  0.00000000e+00  1.19999988e+00 -4.14158635e-04 
 1.64013763e-07  0.00000000e+00  1.19999988e+00 -4.41498363e-04 
 1.64031475e-07  0.00000000e+00  1.19999988e+00 -4.30029204e-04 
 1.64050812e-07  0.00000000e+00  1.19999988e+00 -3.65443333e-04 
 1.64068310e-07  0.00000000e+00  1.19999988e+00 -3.96773904e-04 
 1.64086896e-07  0.00000000e+00  1.19999988e+00 -4.00504307e-04 
 1.64104687e-07  0.00000000e+00  1.19999988e+00 -4.61170265e-04 
 1.64122435e-07  0.00000000e+00  1.19999988e+00 -4.07050520e-04 
 1.64139184e-07  0.00000000e+00  1.19999988e+00 -3.84945032e-04 
 1.64157243e-07  0.00000000e+00  1.19999988e+00 -3.78445676e-04 
 1.64174456e-07  0.00000000e+00  1.19999988e+00 -4.14683866e-04 
 1.64192389e-07  0.00000000e+00  1.19999988e+00 -4.40899257e-04 
 1.64210123e-07  0.00000000e+00  1.19999988e+00 -4.30532192e-04 
 1.64229462e-07  0.00000000e+00  1.19999988e+00 -3.65010863e-04 
 1.64246944e-07  0.00000000e+00  1.19999988e+00 -3.97134258e-04 
 1.64265555e-07  0.00000000e+00  1.19999988e+00 -4.00223900e-04 
 1.64283316e-07  0.00000000e+00  1.19999988e+00 -4.61378402e-04 
 1.64301086e-07  0.00000000e+00  1.19999988e+00 -4.06768042e-04 
 1.64317832e-07  0.00000000e+00  1.19999987e+00 -3.85310058e-04 
 1.64335881e-07  0.00000000e+00  1.19999988e+00 -3.78020963e-04 
 1.64353110e-07  0.00000000e+00  1.19999987e+00 -4.15194232e-04 
 1.64371017e-07  0.00000000e+00  1.19999988e+00 -4.40328429e-04 
 1.64388773e-07  0.00000000e+00  1.19999988e+00 -4.31010850e-04 
 1.64408113e-07  0.00000000e+00  1.19999986e+00 -3.64583372e-04 
 1.64425580e-07  0.00000000e+00  1.19999989e+00 -3.97493976e-04 
 1.64444214e-07  0.00000000e+00  1.19999989e+00 -3.99948363e-04 
 1.64461947e-07  0.00000000e+00  1.19999990e+00 -4.61591826e-04 
 1.64479738e-07  0.00000000e+00  1.20000001e+00 -4.06483509e-04 
 1.64496482e-07  0.00000000e+00  1.19999940e+00 -3.85657608e-04 
 1.64514521e-07  0.00000000e+00  1.19999954e+00 -3.77616602e-04 
 1.64531766e-07  0.00000000e+00  1.19999993e+00 -4.15689676e-04 
 1.64549648e-07  0.00000000e+00  1.20000131e+00 -4.39784793e-04 
 1.64567424e-07  0.00000000e+00  1.20000837e+00 -4.31471016e-04 
 1.64586766e-07  0.00000000e+00  1.19999582e+00 -3.64150710e-04 
 1.64604219e-07  0.00000000e+00  1.19996790e+00 -3.97843759e-04 
 1.64622873e-07  0.00000000e+00  1.19994836e+00 -3.99669058e-04 
 1.64640579e-07  0.00000000e+00  1.20000419e+00 -4.61850367e-04 
 1.64658391e-07  0.00000000e+00  1.20042191e+00 -4.06440676e-04 
 1.64675133e-07  0.00000000e+00  1.20059678e+00 -3.85920374e-04 
 1.64693163e-07  0.00000000e+00  1.19949718e+00 -3.76644082e-04 
 1.64710421e-07  0.00000000e+00  1.19649389e+00 -4.14579305e-04 
 1.64728282e-07  0.00000000e+00  1.19317570e+00 -4.38150328e-04 
 1.64746076e-07  0.00000000e+00  1.20579476e+00 -4.41738717e-04 
 1.64765419e-07  0.00000000e+00  1.24344939e+00 -3.78482150e-04 
 1.64782860e-07  0.00000000e+00  1.25120941e+00 -3.89837773e-04 
 1.64798679e-07  0.00000000e+00  1.17040704e+00 -3.56453800e-04 
 1.64815325e-07  0.00000000e+00  9.94123755e-01 -3.92227858e-04 
 1.64830587e-07  0.00000000e+00  7.97759883e-01 -3.49673228e-04 
 1.64847001e-07  0.00000000e+00  5.85363231e-01 -3.49915083e-04 
 1.64864872e-07  0.00000000e+00  3.74332173e-01 -3.19243715e-04 
 1.64882083e-07  0.00000000e+00  2.11973662e-01 -3.28801911e-04 
 1.64899842e-07  0.00000000e+00  1.02281006e-01 -3.39227654e-04 
 1.64917336e-07  0.00000000e+00  4.53110707e-02 -3.60149305e-04 
 1.64934887e-07  0.00000000e+00  1.91792686e-02 -3.12871097e-04 
 1.64952342e-07  0.00000000e+00  8.03052905e-03 -3.30647782e-04 
 1.64969832e-07  0.00000000e+00  3.35170716e-03 -2.93707043e-04 
 1.64987225e-07  0.00000000e+00  1.39713151e-03 -3.50671554e-04 
 1.65004630e-07  0.00000000e+00  5.91053544e-04 -3.36617666e-04 
 1.65021980e-07  0.00000000e+00  2.42532845e-04 -3.34552325e-04 
 1.65039556e-07  0.00000000e+00  1.06476013e-04 -3.08287776e-04 
 1.65056694e-07  0.00000000e+00  3.97489766e-05 -3.15363475e-04 
 1.65074006e-07  0.00000000e+00  2.22636241e-05 -3.22926759e-04 
 1.65091102e-07  0.00000000e+00  4.20301087e-06 -3.61692009e-04 
 1.65108269e-07  0.00000000e+00  7.01841543e-06 -3.15705754e-04 
 1.65124787e-07  0.00000000e+00 -1.98233724e-06 -3.30620644e-04 
 1.65142087e-07  0.00000000e+00  4.11209338e-06 -2.97181378e-04 
 1.65158872e-07  0.00000000e+00 -3.00406417e-06 -3.32850830e-04 
 1.65176085e-07  0.00000000e+00  3.42773574e-06 -3.41997826e-04 
 1.65193202e-07  0.00000000e+00 -3.05507311e-06 -3.41167113e-04 
 1.65209711e-07  0.00000000e+00  3.16523771e-06 -3.10552766e-04 
 1.65227648e-07  0.00000000e+00 -2.93399259e-06 -3.21204802e-04 
 1.65245100e-07  0.00000000e+00  2.99486021e-06 -3.04949351e-04 
 1.65263358e-07  0.00000000e+00 -2.79397711e-06 -3.61223380e-04 
 1.65281594e-07  0.00000000e+00  2.85139259e-06 -3.22263278e-04 
 1.65300415e-07  0.00000000e+00 -2.66032543e-06 -3.29655737e-04 
 1.65318644e-07  0.00000000e+00  2.71938658e-06 -3.00027612e-04 
 1.65337188e-07  0.00000000e+00 -2.53125550e-06 -3.30109126e-04 
 1.65355276e-07  0.00000000e+00  2.59284119e-06 -3.43724558e-04 
 1.65373194e-07  0.00000000e+00 -2.40583153e-06 -3.38010529e-04 
 1.65390023e-07  0.00000000e+00  2.46613899e-06 -3.11630973e-04 
 1.65408096e-07  0.00000000e+00 -2.28285266e-06 -3.18112005e-04 
 1.65425335e-07  0.00000000e+00  2.34795564e-06 -3.09907666e-04 
 1.65443178e-07  0.00000000e+00 -2.16692689e-06 -3.61002881e-04 
 1.65460852e-07  0.00000000e+00  2.23650137e-06 -3.22373881e-04 
 1.65478054e-07  0.00000000e+00 -2.05634178e-06 -3.29269044e-04 
 1.65496301e-07  0.00000000e+00  2.13042375e-06 -3.01643599e-04 
 1.65514031e-07  0.00000000e+00 -1.95460486e-06 -3.25673705e-04 
 1.65532291e-07  0.00000000e+00  2.03128766e-06 -3.43653428e-04 
 1.65550338e-07  0.00000000e+00 -1.85884405e-06 -3.39352108e-04 
 1.65569672e-07  0.00000000e+00  1.94045769e-06 -3.11223541e-04 
 1.65587213e-07  0.00000000e+00 -1.76900698e-06 -3.17842612e-04 
 1.65605788e-07  0.00000000e+00  1.85110000e-06 -3.13550586e-04 
 1.65623443e-07  0.00000000e+00 -1.68224543e-06 -3.61776536e-04 
 1.65641155e-07  0.00000000e+00  1.76452918e-06 -3.20010414e-04 
 1.65657743e-07  0.00000000e+00 -1.59525471e-06 -3.29582868e-04 
 1.65675680e-07  0.00000000e+00  1.68029556e-06 -3.00638578e-04 
 1.65692854e-07  0.00000000e+00 -1.51473897e-06 -3.26770433e-04 
 1.65710687e-07  0.00000000e+00  1.60162492e-06 -3.42939603e-04 
 1.65728431e-07  0.00000000e+00 -1.43937090e-06 -3.40622251e-04 
 1.65745834e-07  0.00000000e+00  1.52731567e-06 -3.11491000e-04 
 1.65764168e-07  0.00000000e+00 -1.36808613e-06 -3.19401928e-04 
 1.65782073e-07  0.00000000e+00  1.45888459e-06 -3.08174458e-04 
 1.65800409e-07  0.00000000e+00 -1.30135460e-06 -3.61419542e-04 
 1.65818513e-07  0.00000000e+00  1.39421413e-06 -3.21404283e-04 
 1.65837906e-07  0.00000000e+00 -1.23995350e-06 -3.28774695e-04 
 1.65855389e-07  0.00000000e+00  1.33329906e-06 -3.00107483e-04 
 1.65873942e-07  0.00000000e+00 -1.17922118e-06 -3.31590422e-04 
 1.65891521e-07  0.00000000e+00  1.27431962e-06 -3.44331832e-04 
 1.65909190e-07  0.00000000e+00 -1.12032339e-06 -3.37294673e-04 
 1.65925744e-07  0.00000000e+00  1.21522476e-06 -3.12247363e-04 
 1.65943628e-07  0.00000000e+00 -1.06307461e-06 -3.17944907e-04 
 1.65960777e-07  0.00000000e+00  1.16053432e-06 -3.09501642e-04 
 1.65978580e-07  0.00000000e+00 -1.00965887e-06 -3.60075644e-04 
 1.65996313e-07  0.00000000e+00  1.10939416e-06 -3.23560246e-04 
 1.66013727e-07  0.00000000e+00 -9.59282418e-07 -3.28599044e-04 
 1.66032059e-07  0.00000000e+00  1.06109341e-06 -3.02396251e-04 
 1.66049991e-07  0.00000000e+00 -9.12921474e-07 -3.25136269e-04 
 1.66068340e-07  0.00000000e+00  1.01591015e-06 -3.44411204e-04 
 1.66086464e-07  0.00000000e+00 -8.69114974e-07 -3.38336087e-04 
 1.66105845e-07  0.00000000e+00  9.74298833e-07 -3.11870672e-04 
 1.66123344e-07  0.00000000e+00 -8.27816933e-07 -3.16968085e-04 
 1.66141890e-07  0.00000000e+00  9.33138008e-07 -3.14782740e-04 
 1.66159471e-07  0.00000000e+00 -7.87818261e-07 -3.61116493e-04 
 1.66177140e-07  0.00000000e+00  8.93208340e-07 -3.20519901e-04 
 1.66193694e-07  0.00000000e+00 -7.47743508e-07 -3.28978722e-04 
 1.66211576e-07  0.00000000e+00  8.54388885e-07 -3.01249238e-04 
 1.66228723e-07  0.00000000e+00 -7.10650009e-07 -3.26184834e-04 
 1.66246523e-07  0.00000000e+00  8.18164830e-07 -3.43428406e-04 
 1.66264256e-07  0.00000000e+00 -6.75962795e-07 -3.40157777e-04 
 1.66281664e-07  0.00000000e+00  7.83998223e-07 -3.12035821e-04 
 1.66299995e-07  0.00000000e+00 -6.43196928e-07 -3.18946116e-04 
 1.66317926e-07  0.00000000e+00  7.52557061e-07 -3.08622249e-04 
 1.66336274e-07  0.00000000e+00 -6.12549343e-07 -3.60870198e-04 
 1.66354403e-07  0.00000000e+00  7.22850428e-07 -3.21889796e-04 
 1.66373781e-07  0.00000000e+00 -5.84325041e-07 -3.28296995e-04 
 1.66391283e-07  0.00000000e+00  6.94840917e-07 -3.00580999e-04 
 1.66409830e-07  0.00000000e+00 -5.56405961e-07 -3.31151943e-04 
 1.66427411e-07  0.00000000e+00  6.67711544e-07 -3.44759353e-04 
 1.66445082e-07  0.00000000e+00 -5.29319731e-07 -3.36836292e-04 
 1.66461636e-07  0.00000000e+00  6.40528834e-07 -3.12691210e-04 
 1.66479518e-07  0.00000000e+00 -5.02982814e-07 -3.17518348e-04 
 1.66496666e-07  0.00000000e+00  6.15365403e-07 -3.09957612e-04 
 1.66514466e-07  0.00000000e+00 -4.78404721e-07 -3.59628144e-04 
 1.66532199e-07  0.00000000e+00  5.91832478e-07 -3.23964502e-04 
 1.66549605e-07  0.00000000e+00 -4.55220037e-07 -3.28203492e-04 
 1.66567935e-07  0.00000000e+00  5.69598790e-07 -3.02810694e-04 
 1.66585866e-07  0.00000000e+00 -4.33883464e-07 -3.24745807e-04 
 1.66604213e-07  0.00000000e+00  5.48802090e-07 -3.44756620e-04 
 1.66622344e-07  0.00000000e+00 -4.13723569e-07 -3.37967166e-04 
 1.66641721e-07  0.00000000e+00  5.29650044e-07 -3.12240445e-04 
 1.66659223e-07  0.00000000e+00 -3.94713200e-07 -3.16623946e-04 
 1.66677771e-07  0.00000000e+00  5.10702810e-07 -3.15140710e-04 
 1.66695352e-07  0.00000000e+00 -3.76299128e-07 -3.60741364e-04 
 1.66713025e-07  0.00000000e+00  4.92319040e-07 -3.20861839e-04 
 1.66729579e-07  0.00000000e+00 -3.57847589e-07 -3.28643885e-04 
 1.66747460e-07  0.00000000e+00  4.74441423e-07 -3.01591847e-04 
 1.66764608e-07  0.00000000e+00 -3.40764496e-07 -3.25877785e-04 
 1.66782407e-07  0.00000000e+00  4.57756204e-07 -3.43722801e-04 
 1.66800142e-07  0.00000000e+00 -3.24786980e-07 -3.39835991e-04 
 1.66817545e-07  0.00000000e+00  4.42015191e-07 -3.12349753e-04 
 1.66835875e-07  0.00000000e+00 -3.09688866e-07 -3.18655299e-04 
 1.66853806e-07  0.00000000e+00  4.27527586e-07 -3.08929226e-04 
 1.66872152e-07  0.00000000e+00 -2.95565867e-07 -3.60546423e-04 
 1.66890285e-07  0.00000000e+00  4.13838077e-07 -3.22181287e-04 
 1.66909663e-07  0.00000000e+00 -2.82559393e-07 -3.28010219e-04 
 1.66927164e-07  0.00000000e+00  4.00927216e-07 -3.00878121e-04 
 1.66945713e-07  0.00000000e+00 -2.69690181e-07 -3.30881441e-04 
 1.66963294e-07  0.00000000e+00  3.88420106e-07 -3.45010949e-04 
 1.66980967e-07  0.00000000e+00 -2.57202169e-07 -3.36564468e-04 
 1.66997521e-07  0.00000000e+00  3.75886228e-07 -3.12957365e-04 
 1.67015402e-07  0.00000000e+00 -2.45056117e-07 -3.17268522e-04 
 1.67032551e-07  0.00000000e+00  3.64280100e-07 -3.10229560e-04 
 1.67050348e-07  0.00000000e+00 -2.33718786e-07 -3.59352282e-04 
 1.67068084e-07  0.00000000e+00  3.53423774e-07 -3.24208392e-04 
 1.67085486e-07  0.00000000e+00 -2.23021577e-07 -3.27960778e-04 
 1.67103816e-07  0.00000000e+00  3.43162949e-07 -3.03065799e-04 
 1.67121747e-07  0.00000000e+00 -2.13174821e-07 -3.24513848e-04 
 1.67140092e-07  0.00000000e+00  3.33563854e-07 -3.44967209e-04 
 1.67158226e-07  0.00000000e+00 -2.03869634e-07 -3.37735244e-04 
 1.67177604e-07  0.00000000e+00  3.24722972e-07 -3.12468071e-04 
 1.67195105e-07  0.00000000e+00 -1.95092135e-07 -3.16412437e-04 
 1.67213655e-07  0.00000000e+00  3.15973782e-07 -3.15369722e-04 
 1.67231235e-07  0.00000000e+00 -1.86587936e-07 -3.60503912e-04 
 1.67248910e-07  0.00000000e+00  3.07482378e-07 -3.21074486e-04 
 1.67265463e-07  0.00000000e+00 -1.78064338e-07 -3.28432153e-04 
 1.67283344e-07  0.00000000e+00  2.99221858e-07 -3.01811369e-04 
 1.67300493e-07  0.00000000e+00 -1.70170017e-07 -3.25684987e-04 
 1.67318290e-07  0.00000000e+00  2.91510015e-07 -3.43906289e-04 
 1.67336027e-07  0.00000000e+00 -1.62784515e-07 -3.39630585e-04 
 1.67353427e-07  0.00000000e+00  2.84232232e-07 -3.12549048e-04 
 1.67371756e-07  0.00000000e+00 -1.55802405e-07 -3.18472374e-04 
 1.67389687e-07  0.00000000e+00  2.77531816e-07 -3.09127474e-04 
 1.67408032e-07  0.00000000e+00 -1.49269592e-07 -3.60335280e-04 
 1.67426168e-07  0.00000000e+00  2.71198921e-07 -3.22368249e-04 
 1.67445546e-07  0.00000000e+00 -1.43251971e-07 -3.27823491e-04 
 1.67463047e-07  0.00000000e+00  2.65223765e-07 -3.01073707e-04 
 1.67481597e-07  0.00000000e+00 -1.37295368e-07 -3.30706559e-04 
 1.67499177e-07  0.00000000e+00  2.59433490e-07 -3.45173533e-04 
 1.67516852e-07  0.00000000e+00 -1.31513040e-07 -3.36385037e-04 
 1.67533406e-07  0.00000000e+00  2.53628780e-07 -3.13131461e-04 
 1.67551286e-07  0.00000000e+00 -1.25886464e-07 -3.17105937e-04 
 1.67568435e-07  0.00000000e+00  2.48251199e-07 -3.10411432e-04 
 1.67586231e-07  0.00000000e+00 -1.20632329e-07 -3.59167107e-04 
 1.67603969e-07  0.00000000e+00  2.43219014e-07 -3.24369840e-04 
 1.67621369e-07  0.00000000e+00 -1.15672674e-07 -3.27797359e-04 
 1.67639697e-07  0.00000000e+00  2.38460229e-07 -3.03239287e-04 
 1.67657628e-07  0.00000000e+00 -1.11105271e-07 -3.24358537e-04 
 1.67675972e-07  0.00000000e+00  2.34006617e-07 -3.45107754e-04 
 1.67694110e-07  0.00000000e+00 -1.06787394e-07 -3.37577309e-04 
 1.67713487e-07  0.00000000e+00  2.29903317e-07 -3.12621834e-04 
 1.67730988e-07  0.00000000e+00 -1.02712166e-07 -3.16270406e-04 
 1.67749539e-07  0.00000000e+00  2.25840361e-07 -3.15526706e-04 
 1.67767118e-07  0.00000000e+00 -9.87619204e-08 -3.60339998e-04 
 1.67784794e-07  0.00000000e+00  2.21895071e-07 -3.21219971e-04 
 1.67801348e-07  0.00000000e+00 -9.48006425e-08 -3.28284918e-04 
 1.67819228e-07  0.00000000e+00  2.18054708e-07 -3.01965322e-04 
 1.67836377e-07  0.00000000e+00 -9.11294931e-08 -3.25551957e-04 
 1.67854173e-07  0.00000000e+00  2.14467313e-07 -3.44033426e-04 
 1.67871911e-07  0.00000000e+00 -8.76930110e-08 -3.39485782e-04 
 1.67889310e-07  0.00000000e+00  2.11079768e-07 -3.12688024e-04 
 1.67907638e-07  0.00000000e+00 -8.44419109e-08 -3.18345071e-04 
 1.67925569e-07  0.00000000e+00  2.07959007e-07 -3.09268282e-04 
 1.67943913e-07  0.00000000e+00 -8.13982211e-08 -3.60184794e-04 
 1.67962051e-07  0.00000000e+00  2.05007663e-07 -3.22500568e-04 
 1.67981429e-07  0.00000000e+00 -7.85930231e-08 -3.27689407e-04 
 1.67998930e-07  0.00000000e+00  2.02221062e-07 -3.01215354e-04 
 1.68017481e-07  0.00000000e+00 -7.58142277e-08 -3.30580961e-04 
 1.68035060e-07  0.00000000e+00  1.99518804e-07 -3.45290504e-04 
 1.68052737e-07  0.00000000e+00 -7.31147304e-08 -3.36254464e-04 
 1.68069290e-07  0.00000000e+00  1.96807807e-07 -3.13257041e-04 
 1.68087169e-07  0.00000000e+00 -7.04857890e-08 -3.16988775e-04 
 1.68104319e-07  0.00000000e+00  1.94294156e-07 -3.10544870e-04 
 1.68122115e-07  0.00000000e+00 -6.80288014e-08 -3.59031115e-04 
 1.68139854e-07  0.00000000e+00  1.91940009e-07 -3.24487917e-04 
 1.68157251e-07  0.00000000e+00 -6.57075491e-08 -3.27675743e-04 
 1.68175579e-07  0.00000000e+00  1.89711664e-07 -3.03368869e-04 
 1.68193510e-07  0.00000000e+00 -6.35679691e-08 -3.24243450e-04 
 1.68211853e-07  0.00000000e+00  1.87624420e-07 -3.45212613e-04 
 1.68229993e-07  0.00000000e+00 -6.15435305e-08 -3.37458505e-04 
 1.68249370e-07  0.00000000e+00  1.85699769e-07 -3.12736587e-04 
 1.68266871e-07  0.00000000e+00 -5.96309909e-08 -3.16164440e-04 
 1.68285423e-07  0.00000000e+00  1.83792102e-07 -3.15645127e-04 
 1.68303001e-07  0.00000000e+00 -5.77752591e-08 -3.60216094e-04 
 1.68320679e-07  0.00000000e+00  1.81937760e-07 -3.21329968e-04 
 1.68337232e-07  0.00000000e+00 -5.59124042e-08 -3.28171918e-04 
 1.68355111e-07  0.00000000e+00  1.80130673e-07 -3.02083955e-04 
 1.68372261e-07  0.00000000e+00 -5.41839217e-08 -3.25449838e-04 
 1.68390056e-07  0.00000000e+00  1.78440649e-07 -3.44131752e-04 
 1.68407796e-07  0.00000000e+00 -5.25640509e-08 -3.39373382e-04 
 1.68425193e-07  0.00000000e+00  1.76842825e-07 -3.12794949e-04 
 1.68443521e-07  0.00000000e+00 -5.10295815e-08 -3.18246657e-04 
 1.68461451e-07  0.00000000e+00  1.75368978e-07 -3.09378220e-04 
 1.68479794e-07  0.00000000e+00 -4.95912342e-08 -3.60067694e-04 
 1.68497934e-07  0.00000000e+00  1.73973449e-07 -3.22603850e-04 
 1.68517312e-07  0.00000000e+00 -4.82639813e-08 -3.27583435e-04 
 1.68534813e-07  0.00000000e+00  1.72653975e-07 -3.01327633e-04 
 1.68553364e-07  0.00000000e+00 -4.69473637e-08 -3.30481236e-04 
 1.68570943e-07  0.00000000e+00  1.71372681e-07 -3.45384086e-04 
 1.68588621e-07  0.00000000e+00 -4.56664624e-08 -3.36150016e-04 
 1.68605174e-07  0.00000000e+00  1.70085313e-07 -3.13356858e-04 
 1.68623053e-07  0.00000000e+00 -4.44170444e-08 -3.16895289e-04 
 1.68640203e-07  0.00000000e+00  1.68889702e-07 -3.10651822e-04 
 1.68657998e-07  0.00000000e+00 -4.32474391e-08 -3.58922262e-04 
 1.68675738e-07  0.00000000e+00  1.67768098e-07 -3.24583105e-04 
 1.68693135e-07  0.00000000e+00 -4.21405460e-08 -3.27576345e-04 
 1.68711462e-07  0.00000000e+00  1.66704562e-07 -3.03474420e-04 
 1.68729392e-07  0.00000000e+00 -4.11184815e-08 -3.24149817e-04 
 1.68747735e-07  0.00000000e+00  1.65706612e-07 -3.45299503e-04 
 1.68765876e-07  0.00000000e+00 -4.01497239e-08 -3.37360485e-04 
 1.68785253e-07  0.00000000e+00  1.64784790e-07 -3.12830662e-04 
 1.68802754e-07  0.00000000e+00 -3.92327674e-08 -3.16077056e-04 
 1.68821306e-07  0.00000000e+00  1.63869341e-07 -3.15742861e-04 
 1.68838884e-07  0.00000000e+00 -3.83413218e-08 -3.60114200e-04 
 1.68856563e-07  0.00000000e+00  1.62977656e-07 -3.21421239e-04 
 1.68873116e-07  0.00000000e+00 -3.74445745e-08 -3.28077193e-04 
 1.68890995e-07  0.00000000e+00  1.62106778e-07 -3.02183349e-04 
 1.68908145e-07  0.00000000e+00 -3.66105973e-08 -3.25363535e-04 
 1.68925939e-07  0.00000000e+00  1.61290435e-07 -3.44215507e-04 
 1.68943680e-07  0.00000000e+00 -3.58272368e-08 -3.39278475e-04 
 1.68961076e-07  0.00000000e+00  1.60516804e-07 -3.12884665e-04 
 1.68979404e-07  0.00000000e+00 -3.50833628e-08 -3.18162982e-04 
 1.68997334e-07  0.00000000e+00  1.59801456e-07 -3.09472287e-04 
 1.69015676e-07  0.00000000e+00 -3.43843836e-08 -3.59969333e-04 
 1.69033818e-07  0.00000000e+00  1.59122412e-07 -3.22691491e-04 
 1.69053195e-07  0.00000000e+00 -3.37378034e-08 -3.27492475e-04 
 1.69070696e-07  0.00000000e+00  1.58478739e-07 -3.01423672e-04 
 1.69089248e-07  0.00000000e+00 -3.30946841e-08 -3.30395452e-04 
 1.69106826e-07  0.00000000e+00  1.57851991e-07 -3.45465696e-04 
 1.69124505e-07  0.00000000e+00 -3.24672555e-08 -3.36059739e-04 
 1.69141058e-07  0.00000000e+00  1.57220423e-07 -3.13442932e-04 
 1.69158937e-07  0.00000000e+00 -3.18533782e-08 -3.16814075e-04 
 1.69176087e-07  0.00000000e+00  1.56632070e-07 -3.10744109e-04 
 1.69193881e-07  0.00000000e+00 -3.12768995e-08 -3.58828411e-04 
 1.69211622e-07  0.00000000e+00  1.56078356e-07 -3.24666422e-04 
 1.69229018e-07  0.00000000e+00 -3.07295701e-08 -3.27488709e-04 
 1.69247345e-07  0.00000000e+00  1.55551575e-07 -3.03566647e-04 
 1.69265276e-07  0.00000000e+00 -3.02224879e-08 -3.24067804e-04 
 1.69283618e-07  0.00000000e+00  1.55055620e-07 -3.45377525e-04 
 1.69301760e-07  0.00000000e+00 -2.97402126e-08 -3.37273500e-04 
 1.69321137e-07  0.00000000e+00  1.54595967e-07 -3.12913772e-04 
 1.69338638e-07  0.00000000e+00 -2.92821168e-08 -3.15998993e-04 
 1.69357190e-07  0.00000000e+00  1.54137811e-07 -3.15829709e-04 
 1.69374768e-07  0.00000000e+00 -2.88351511e-08 -3.60024372e-04 
 1.69392447e-07  0.00000000e+00  1.53689858e-07 -3.21502832e-04 
 1.69409000e-07  0.00000000e+00 -2.83837209e-08 -3.27992111e-04 
 1.69426879e-07  0.00000000e+00  1.53250583e-07 -3.02272215e-04 
 1.69444029e-07  0.00000000e+00 -2.79621354e-08 -3.25285210e-04 
 1.69461823e-07  0.00000000e+00  1.52837050e-07 -3.44292040e-04 
 1.69479564e-07  0.00000000e+00 -2.75644656e-08 -3.39193079e-04 
 1.69496960e-07  0.00000000e+00  1.52443446e-07 -3.12965436e-04 
 1.69515287e-07  0.00000000e+00 -2.71851518e-08 -3.18086642e-04 
 1.69533217e-07  0.00000000e+00  1.52077850e-07 -3.09557453e-04 
 1.69551559e-07  0.00000000e+00 -2.68271426e-08 -3.59881215e-04 
 1.69569702e-07  0.00000000e+00  1.51729277e-07 -3.22771219e-04 
 1.69589079e-07  0.00000000e+00 -2.64944588e-08 -3.27409418e-04 
 1.69606580e-07  0.00000000e+00  1.51397282e-07 -3.01510783e-04 
 1.69625132e-07  0.00000000e+00 -2.61620080e-08 -3.30316653e-04 
 1.69642709e-07  0.00000000e+00  1.51072453e-07 -3.45541528e-04 
 1.69660389e-07  0.00000000e+00 -2.58360201e-08 -3.35976984e-04 
 1.69676943e-07  0.00000000e+00  1.50743437e-07 -3.13521909e-04 
 1.69694821e-07  0.00000000e+00 -2.55153787e-08 -3.16738799e-04 
 1.69711970e-07  0.00000000e+00  1.50435230e-07 -3.10828550e-04 
 1.69729765e-07  0.00000000e+00 -2.52125772e-08 -3.58742836e-04 
 1.69747506e-07  0.00000000e+00  1.50143595e-07 -3.24743780e-04 
 1.69764902e-07  0.00000000e+00 -2.49234517e-08 -3.27407298e-04 
 1.69783229e-07  0.00000000e+00  1.49864543e-07 -3.03651603e-04 
 1.69801159e-07  0.00000000e+00 -2.46540440e-08 -3.23991170e-04 
 1.69819501e-07  0.00000000e+00  1.49600277e-07 -3.45451371e-04 
 1.69837644e-07  0.00000000e+00 -2.43963449e-08 -3.37192505e-04 
 1.69857021e-07  0.00000000e+00  1.49353942e-07 -3.12991305e-04 
 1.69874521e-07  0.00000000e+00 -2.41500787e-08 -3.15925352e-04 
 1.69893074e-07  0.00000000e+00  1.49106935e-07 -3.15910570e-04 
 1.69910651e-07  0.00000000e+00 -2.39083151e-08 -3.59941231e-04 
 1.69928331e-07  0.00000000e+00  1.48863870e-07 -3.21579438e-04 
 1.69944885e-07  0.00000000e+00 -2.36625215e-08 -3.27912280e-04 
 1.69962763e-07  0.00000000e+00  1.48623908e-07 -3.02355163e-04 
 1.69979912e-07  0.00000000e+00 -2.34314095e-08 -3.25210573e-04 
 1.69989956e-07  0.00000000e+00  1.48312415e-07 -3.33367700e-04 
 1.70000000e-07  0.00000000e+00 -2.30482982e-08 -3.59857378e-04 
 1.70002009e-07  2.41052020e-02  6.23144692e-08 -3.24491593e-04 
 1.70006026e-07  7.23156060e-02  6.27449748e-08 -3.22313594e-04 
 1.70014061e-07  1.68736414e-01  6.23381132e-08 -3.09948598e-04 
 1.70028753e-07  3.45035389e-01  6.27336163e-08 -2.88633128e-04 
 1.70043007e-07  5.16079137e-01  6.23458873e-08 -2.96222425e-04 
 1.70060051e-07  7.20606970e-01  6.27265714e-08 -2.93637761e-04 
 1.70076935e-07  9.23215883e-01  6.23521465e-08 -3.58975195e-04 
 1.70088467e-07  1.06160794e+00  6.27190768e-08 -3.84030275e-04 
 1.70100000e-07  1.20000000e+00  6.23607623e-08 -4.11183416e-04 
 1.70102057e-07  1.20000000e+00  6.25323030e-08 -4.21053102e-04 
 1.70106170e-07  1.20000000e+00  6.25427264e-08 -4.13833099e-04 
 1.70114397e-07  1.20000000e+00  6.25331477e-08 -3.87357204e-04 
 1.70127649e-07  1.20000000e+00  6.25423130e-08 -3.68874416e-04 
 1.70141954e-07  1.20000000e+00  6.25334478e-08 -3.73072990e-04 
 1.70156982e-07  1.20000000e+00  6.25420439e-08 -4.01429557e-04 
 1.70173757e-07  1.20000000e+00  6.25336910e-08 -4.37340055e-04 
 1.70190137e-07  1.20000000e+00  6.25418111e-08 -4.38962533e-04 
 1.70206593e-07  1.20000000e+00  6.25339060e-08 -3.96228112e-04 
 1.70224293e-07  1.20000000e+00  6.25416040e-08 -3.72743718e-04 
 1.70241835e-07  1.20000000e+00  6.25341122e-08 -3.91617673e-04 
 1.70258820e-07  1.20000000e+00  6.25414198e-08 -4.32212198e-04 
 1.70277067e-07  1.20000000e+00  6.25342928e-08 -4.43469099e-04 
 1.70294267e-07  1.20000000e+00  6.25412362e-08 -4.00567744e-04 
 1.70312132e-07  1.20000000e+00  6.25344714e-08 -3.73854316e-04 
 1.70329463e-07  1.20000000e+00  6.25410584e-08 -3.87385130e-04 
 1.70346658e-07  1.20000000e+00  6.25346380e-08 -4.30334242e-04 
 1.70364366e-07  1.20000000e+00  6.25409077e-08 -4.44681628e-04 
 1.70381658e-07  1.20000000e+00  6.25348034e-08 -4.06911621e-04 
 1.70399251e-07  1.20000000e+00  6.25407420e-08 -3.74355813e-04 
 1.70416580e-07  1.20000000e+00  6.25349427e-08 -3.83761879e-04 
 1.70433988e-07  1.20000000e+00  6.25405934e-08 -4.25735545e-04 
 1.70451252e-07  1.20000000e+00  6.25350968e-08 -4.46075045e-04 
 1.70468542e-07  1.20000000e+00  6.25404525e-08 -4.14173727e-04 
 1.70486199e-07  1.20000000e+00  6.25352371e-08 -3.75789909e-04 
 1.70503186e-07  1.20000000e+00  6.25403236e-08 -3.80795958e-04 
 1.70520527e-07  1.20000000e+00  6.25353653e-08 -4.18723157e-04 
 1.70537508e-07  1.20000000e+00  6.25401877e-08 -4.46027401e-04 
 1.70554644e-07  1.20000000e+00  6.25354861e-08 -4.22866728e-04 
 1.70571036e-07  1.20000000e+00  6.25400721e-08 -3.82206028e-04 
 1.70588377e-07  1.20000000e+00  6.25356124e-08 -3.76420991e-04 
 1.70605180e-07  1.20000000e+00  6.25399548e-08 -4.07100777e-04 
 1.70622579e-07  1.20000000e+00  6.25357214e-08 -4.41381281e-04 
 1.70639962e-07  1.20000000e+00  6.25398497e-08 -4.33954172e-04 
 1.70656640e-07  1.20000000e+00  6.25358360e-08 -3.87663932e-04 
 1.70674464e-07  1.20000000e+00  6.25397437e-08 -3.74997610e-04 
 1.70692331e-07  1.20000000e+00  6.25359233e-08 -3.99866106e-04 
 1.70709598e-07  1.20000000e+00  6.25396427e-08 -4.39532715e-04 
 1.70728836e-07  1.20000000e+00  6.25360175e-08 -4.34038847e-04 
 1.70746742e-07  1.20000000e+00  6.25395623e-08 -3.86406515e-04 
 1.70764523e-07  1.20000000e+00  6.25361065e-08 -3.75019006e-04 
 1.70783221e-07  1.20000000e+00  6.25394781e-08 -4.04051347e-04 
 1.70800077e-07  1.20000000e+00  6.25361759e-08 -4.40825789e-04 
 1.70819225e-07  1.20000000e+00  6.25393913e-08 -4.31813664e-04 
 1.70837515e-07  1.20000000e+00  6.25362604e-08 -3.82966524e-04 
 1.70855061e-07  1.20000000e+00  6.25393150e-08 -3.76594412e-04 
 1.70873752e-07  1.20000000e+00  6.25363345e-08 -4.06802742e-04 
 1.70890771e-07  1.20000000e+00  6.25392527e-08 -4.43303282e-04 
 1.70909213e-07  1.20000000e+00  6.25364205e-08 -4.29359279e-04 
 1.70926330e-07  1.20000000e+00  6.25391845e-08 -3.84959405e-04 
 1.70944251e-07  1.20000000e+00  6.25364737e-08 -3.75245799e-04 
 1.70961962e-07  1.20000000e+00  6.25391109e-08 -4.05640684e-04 
 1.70979561e-07  1.20000000e+00  6.25365434e-08 -4.41502287e-04 
 1.70997715e-07  1.20000000e+00  6.25390509e-08 -4.32674065e-04 
 1.71014739e-07  1.20000000e+00  6.25365910e-08 -3.85109262e-04 
 1.71032613e-07  1.20000000e+00  6.25389845e-08 -3.76118568e-04 
 1.71050504e-07  1.20000000e+00  6.25366618e-08 -4.01963192e-04 
 1.71067862e-07  1.20000000e+00  6.25389291e-08 -4.41854622e-04 
 1.71086573e-07  1.20000000e+00  6.25367171e-08 -4.32141810e-04 
 1.71105009e-07  1.20000000e+00  6.25388757e-08 -3.84273191e-04 
 1.71122398e-07  1.20000000e+00  6.25367648e-08 -3.75421033e-04 
 1.71139265e-07  1.20000000e+00  6.25388336e-08 -4.02296759e-04 
 1.71157045e-07  1.20000000e+00  6.25368249e-08 -4.40217536e-04 
 1.71174886e-07  1.20000000e+00  6.25387834e-08 -4.35958696e-04 
 1.71193681e-07  1.20000000e+00  6.25368662e-08 -3.84047202e-04 
 1.71210713e-07  1.20000000e+00  6.25387286e-08 -3.76199086e-04 
 1.71227263e-07  1.20000000e+00  6.25369033e-08 -3.97452025e-04 
 1.71245032e-07  1.20000000e+00  6.25386789e-08 -4.39870462e-04 
 1.71263140e-07  1.20000000e+00  6.25369499e-08 -4.36643640e-04 
 1.71281375e-07  1.20000000e+00  6.25386501e-08 -3.89672211e-04 
 1.71298841e-07  1.20000000e+00  6.25370025e-08 -3.73299280e-04 
 1.71317401e-07  1.20000000e+00  6.25386183e-08 -4.00274322e-04 
 1.71334127e-07  1.20000000e+00  6.25370374e-08 -4.38050082e-04 
 1.71353552e-07  1.20000000e+00  6.25385728e-08 -4.35924271e-04 
 1.71371099e-07  1.20000000e+00  6.25370655e-08 -3.87505074e-04 
 1.71389181e-07  1.20000000e+00  6.25385271e-08 -3.74889405e-04 
 1.71407534e-07  1.20000000e+00  6.25370909e-08 -4.01020658e-04 
 1.71424468e-07  1.20000000e+00  6.25385057e-08 -4.41467754e-04 
 1.71443854e-07  1.20000000e+00  6.25371489e-08 -4.31808997e-04 
 1.71461803e-07  1.20000000e+00  6.25384713e-08 -3.86462680e-04 
 1.71479590e-07  1.20000000e+00  6.25371549e-08 -3.73829221e-04 
 1.71498275e-07  1.20000000e+00  6.25384391e-08 -4.06571744e-04 
 1.71515140e-07  1.20000000e+00  6.25371904e-08 -4.41409787e-04 
 1.71533937e-07  1.20000000e+00  6.25384140e-08 -4.31810822e-04 
 1.71552595e-07  1.20000000e+00  6.25372189e-08 -3.81623489e-04 
 1.71569897e-07  1.20000000e+00  6.25383829e-08 -3.76670822e-04 
 1.71588423e-07  1.20000000e+00  6.25372538e-08 -4.07059934e-04 
 1.71605456e-07  1.20000000e+00  6.25383595e-08 -4.44291514e-04 
 1.71623592e-07  1.20000000e+00  6.25372774e-08 -4.29267329e-04 
 1.71640501e-07  1.20000000e+00  6.25383337e-08 -3.86603078e-04 
 1.71658402e-07  1.20000000e+00  6.25373043e-08 -3.73534638e-04 
 1.71675888e-07  1.20000000e+00  6.25383123e-08 -4.04885837e-04 
 1.71693459e-07  1.20000000e+00  6.25373211e-08 -4.40596414e-04 
 1.71711658e-07  1.20000000e+00  6.25382932e-08 -4.34502561e-04 
 1.71730515e-07  1.20000000e+00  6.25373431e-08 -3.82210866e-04 
 1.71747606e-07  1.20000000e+00  6.25382571e-08 -3.76546331e-04 
 1.71764377e-07  1.20000000e+00  6.25373564e-08 -4.00191312e-04 
 1.71782096e-07  1.20000000e+00  6.25382462e-08 -4.42204279e-04 
 1.71799765e-07  1.20000000e+00  6.25373903e-08 -4.34575431e-04 
 1.71818592e-07  1.20000000e+00  6.25382305e-08 -3.87549743e-04 
 1.71835599e-07  1.20000000e+00  6.25374009e-08 -3.72930218e-04 
 1.71852065e-07  1.20000000e+00  6.25382001e-08 -3.98607154e-04 
 1.71869762e-07  1.20000000e+00  6.25374210e-08 -4.37414761e-04 
 1.71887995e-07  1.20000000e+00  6.25381956e-08 -4.39072873e-04 
 1.71906053e-07  1.20000000e+00  6.25374379e-08 -3.89894026e-04 
 1.71923887e-07  1.20000000e+00  6.25381714e-08 -3.74088916e-04 
 1.71942211e-07  1.20000000e+00  6.25374504e-08 -3.97370911e-04 
 1.71959061e-07  1.20000000e+00  6.25381543e-08 -4.40209730e-04 
 1.71978331e-07  1.20000000e+00  6.25374652e-08 -4.34386597e-04 
 1.71995886e-07  1.20000000e+00  6.25381579e-08 -3.91781789e-04 
 1.72014160e-07  1.20000000e+00  6.25374887e-08 -3.71247357e-04 
 1.72032410e-07  1.20000000e+00  6.25381342e-08 -4.02457779e-04 
 1.72049360e-07  1.20000000e+00  6.25375031e-08 -4.39185848e-04 
 1.72068854e-07  1.20000000e+00  6.25381015e-08 -4.34410272e-04 
 1.72086697e-07  1.20000000e+00  6.25374971e-08 -3.86281608e-04 
 1.72104694e-07  1.20000000e+00  6.25381114e-08 -3.74332830e-04 
 1.72123268e-07  1.20000000e+00  6.25375231e-08 -4.04075067e-04 
 1.72140104e-07  1.20000000e+00  6.25380880e-08 -4.43366404e-04 
 1.72158951e-07  1.20000000e+00  6.25375390e-08 -4.30334336e-04 
 1.72177537e-07  1.20000000e+00  6.25380842e-08 -3.85593401e-04 
 1.72194880e-07  1.20000000e+00  6.25375380e-08 -3.72809377e-04 
 1.72213358e-07  1.20000000e+00  6.25380702e-08 -4.08604286e-04 
 1.72230261e-07  1.20000000e+00  6.25375659e-08 -4.41692603e-04 
 1.72248478e-07  1.20000000e+00  6.25380660e-08 -4.32455497e-04 
 1.72265400e-07  1.20000000e+00  6.25375601e-08 -3.86486740e-04 
 1.72283290e-07  1.20000000e+00  6.25380404e-08 -3.74001339e-04 
 1.72300827e-07  1.20000000e+00  6.25375701e-08 -4.01897967e-04 
 1.72318182e-07  1.20000000e+00  6.25380463e-08 -4.42404194e-04 
 1.72336555e-07  1.20000000e+00  6.25375899e-08 -4.32935221e-04 
 1.72355161e-07  1.20000000e+00  6.25380350e-08 -3.87164195e-04 
 1.72372463e-07  1.20000000e+00  6.25375978e-08 -3.72479175e-04 
 1.72389158e-07  1.20000000e+00  6.25380261e-08 -4.01162229e-04 
 1.72406794e-07  1.20000000e+00  6.25375976e-08 -4.39746028e-04 
 1.72424648e-07  1.20000000e+00  6.25380093e-08 -4.36946867e-04 
 1.72443237e-07  1.20000000e+00  6.25376017e-08 -3.88375685e-04 
 1.72460606e-07  1.20000000e+00  6.25380078e-08 -3.73476457e-04 
 1.72477127e-07  1.20000000e+00  6.25376208e-08 -3.95752165e-04 
 1.72494756e-07  1.20000000e+00  6.25379989e-08 -4.39857603e-04 
 1.72513205e-07  1.20000000e+00  6.25376217e-08 -4.36103889e-04 
 1.72531139e-07  1.20000000e+00  6.25379992e-08 -3.94245073e-04 
 1.72549485e-07  1.20000000e+00  6.25376383e-08 -3.70387380e-04 
 1.72567644e-07  1.20000000e+00  6.25379890e-08 -4.00002223e-04 
 1.72584668e-07  1.20000000e+00  6.25376262e-08 -4.39220626e-04 
 1.72603912e-07  1.20000000e+00  6.25379709e-08 -4.35215512e-04 
 1.72621658e-07  1.20000000e+00  6.25376429e-08 -3.90462566e-04 
 1.72640018e-07  1.20000000e+00  6.25379747e-08 -3.71931554e-04 
 1.72658545e-07  1.20000000e+00  6.25376469e-08 -4.02700145e-04 
 1.72675386e-07  1.20000000e+00  6.25379687e-08 -4.42553686e-04 
 1.72694551e-07  1.20000000e+00  6.25376562e-08 -4.31175357e-04 
 1.72712827e-07  1.20000000e+00  6.25379730e-08 -3.88448462e-04 
 1.72730551e-07  1.20000000e+00  6.25376617e-08 -3.71009451e-04 
 1.72748905e-07  1.20000000e+00  6.25379621e-08 -4.07455346e-04 
 1.72765789e-07  1.20000000e+00  6.25376571e-08 -4.41687319e-04 
 1.72784130e-07  1.20000000e+00  6.25379497e-08 -4.32708115e-04 
 1.72801182e-07  1.20000000e+00  6.25376711e-08 -3.88856201e-04 
 1.72819132e-07  1.20000000e+00  6.25379537e-08 -3.72198746e-04 
 1.72836706e-07  1.20000000e+00  6.25376732e-08 -4.01701669e-04 
 1.72853927e-07  1.20000000e+00  6.25379479e-08 -4.42448582e-04 
 1.72872323e-07  1.20000000e+00  6.25376829e-08 -4.32825272e-04 
 1.72890896e-07  1.20000000e+00  6.25379457e-08 -3.89629079e-04 
 1.72908400e-07  1.20000000e+00  6.25376836e-08 -3.70769664e-04 
 1.72926935e-07  1.20000000e+00  6.25379430e-08 -4.05225180e-04 
 1.72943676e-07  1.20000000e+00  6.25376771e-08 -4.41247091e-04 
 1.72962334e-07  1.20000000e+00  6.25379255e-08 -4.33220048e-04 
 1.72980892e-07  1.20000000e+00  6.25376932e-08 -3.87028058e-04 
 1.72998357e-07  1.20000000e+00  6.25379360e-08 -3.72354155e-04 
 1.73016762e-07  1.20000000e+00  6.25377002e-08 -4.05250150e-04 
 1.73033570e-07  1.20000000e+00  6.25379237e-08 -4.43178123e-04 
 1.73051926e-07  1.20000000e+00  6.25376761e-08 -4.31342480e-04 
 1.73070875e-07  1.20000000e+00  6.25379192e-08 -3.87415930e-04 
 1.73088034e-07  1.20000000e+00  6.25377053e-08 -3.70907859e-04 
 1.73106500e-07  1.20000000e+00  6.25379261e-08 -4.07982677e-04 
 1.73123263e-07  1.20000000e+00  6.25376989e-08 -4.41570337e-04 
 1.73141445e-07  1.20000000e+00  6.25379152e-08 -4.32927793e-04 
 1.73158428e-07  1.20000000e+00  6.25376998e-08 -3.89951900e-04 
 1.73176414e-07  1.20000000e+00  6.25379119e-08 -3.71417994e-04 
 1.73193906e-07  1.20000000e+00  6.25377062e-08 -4.01446072e-04 
 1.73211122e-07  1.20000000e+00  6.25379149e-08 -4.42011191e-04 
 1.73229566e-07  1.20000000e+00  6.25377111e-08 -4.33016953e-04 
 1.73248103e-07  1.20000000e+00  6.25379116e-08 -3.90833711e-04 
 1.73265817e-07  1.20000000e+00  6.25377120e-08 -3.69962185e-04 
 1.73284289e-07  1.20000000e+00  6.25379154e-08 -4.05382599e-04 
 1.73301086e-07  1.20000000e+00  6.25377180e-08 -4.41068781e-04 
 1.73319768e-07  1.20000000e+00  6.25379019e-08 -4.33173835e-04 
 1.73338398e-07  1.20000000e+00  6.25377105e-08 -3.87632133e-04 
 1.73355941e-07  1.20000000e+00  6.25379014e-08 -3.71662918e-04 
 1.73374295e-07  1.20000000e+00  6.25377161e-08 -4.05855575e-04 
 1.73391128e-07  1.20000000e+00  6.25379040e-08 -4.43084010e-04 
 1.73409415e-07  1.20000000e+00  6.25377291e-08 -4.31232964e-04 
 1.73426534e-07  1.20000000e+00  6.25379004e-08 -3.92257017e-04 
 1.73444590e-07  1.20000000e+00  6.25377173e-08 -3.69114679e-04 
 1.73462109e-07  1.20000000e+00  6.25378958e-08 -4.03750100e-04 
 1.73479309e-07  1.20000000e+00  6.25377277e-08 -4.40331316e-04 
 1.73497709e-07  1.20000000e+00  6.25379018e-08 -4.34507708e-04 
 1.73516361e-07  1.20000000e+00  6.25377193e-08 -3.89260478e-04 
 1.73534086e-07  1.20000000e+00  6.25378970e-08 -3.71370834e-04 
 1.73552485e-07  1.20000000e+00  6.25377262e-08 -4.04026154e-04 
 1.73569325e-07  1.20000000e+00  6.25378923e-08 -4.43110841e-04 
 1.73587862e-07  1.20000000e+00  6.25377304e-08 -4.31050238e-04 
 1.73606686e-07  1.20000000e+00  6.25378873e-08 -3.89851874e-04 
 1.73624162e-07  1.20000000e+00  6.25377234e-08 -3.69195283e-04 
 1.73642501e-07  1.20000000e+00  6.25378856e-08 -4.08397384e-04 
 1.73659336e-07  1.20000000e+00  6.25377339e-08 -4.41014945e-04 
 1.73677522e-07  1.20000000e+00  6.25378899e-08 -4.33176331e-04 
 1.73694527e-07  1.20000000e+00  6.25377355e-08 -3.91134409e-04 
 1.73712561e-07  1.20000000e+00  6.25378891e-08 -3.70700314e-04 
 1.73729990e-07  1.20000000e+00  6.25377288e-08 -4.01151489e-04 
 1.73747189e-07  1.20000000e+00  6.25378856e-08 -4.42264427e-04 
 1.73765581e-07  1.20000000e+00  6.25377317e-08 -4.32307883e-04 
 1.73784214e-07  1.20000000e+00  6.25378743e-08 -3.92796166e-04 
 1.73802161e-07  1.20000000e+00  6.25377321e-08 -3.68419936e-04 
 1.73820484e-07  1.20000000e+00  6.25378946e-08 -4.06243171e-04 
 1.73837412e-07  1.20000000e+00  6.25377434e-08 -4.40783937e-04 
 1.73855944e-07  1.20000000e+00  6.25378883e-08 -4.33146461e-04 
 1.73874854e-07  1.20000000e+00  6.25377386e-08 -3.88202736e-04 
 1.73892285e-07  1.20000000e+00  6.25378685e-08 -3.70978796e-04 
 1.73910634e-07  1.20000000e+00  6.25377480e-08 -4.06291504e-04 
 1.73927453e-07  1.20000000e+00  6.25378838e-08 -4.43305441e-04 
 1.73945596e-07  1.20000000e+00  6.25377057e-08 -4.30649392e-04 
 1.73962556e-07  1.20000000e+00  6.25379725e-08 -3.94534069e-04 
 1.73980543e-07  1.20000000e+00  6.25376082e-08 -3.67794352e-04 
 1.73997941e-07  1.20000000e+00  6.25379573e-08 -4.03224142e-04 
 1.74015113e-07  1.20000000e+00  6.25379691e-08 -4.39640042e-04 
 1.74033505e-07  1.20000000e+00  6.25370949e-08 -4.34588809e-04 
 1.74052126e-07  1.20000000e+00  6.25390789e-08 -3.91636089e-04 
 1.74070130e-07  1.20000000e+00  6.25366811e-08 -3.70304021e-04 
 1.74088448e-07  1.20000000e+00  6.25364926e-08 -4.03488742e-04 
 1.74105403e-07  1.20000000e+00  6.25468981e-08 -4.43161142e-04 
 1.74123955e-07  1.20000000e+00  6.25200862e-08 -4.30474926e-04 
 1.74142879e-07  1.20000000e+00  6.25567861e-08 -3.91745426e-04 
 1.74160306e-07  1.20000000e+00  6.25357600e-08 -3.67860002e-04 
 1.74178660e-07  1.20000000e+00  6.24612086e-08 -4.08747758e-04 
 1.74195472e-07  1.20000000e+00  6.27858013e-08 -4.40634587e-04 
 1.74213612e-07  1.20000000e+00  6.22508608e-08 -4.33076864e-04 
 1.74230558e-07  1.20000000e+00  6.26960866e-08 -3.93042402e-04 
 1.74248530e-07  1.20000000e+00  6.28089667e-08 -3.69910979e-04 
 1.74265923e-07  1.20000000e+00  6.00263627e-08 -4.00320186e-04 
 1.74283070e-07  1.20000000e+00  6.64418086e-08 -4.42102834e-04 
 1.74301473e-07  1.20000000e+00  6.23816505e-08 -4.31692946e-04 
 1.74320091e-07  1.20000000e+00  6.32111432e-08 -3.95459985e-04 
 1.74338089e-07  1.20000000e+00  7.94767823e-08 -3.67189100e-04 
 1.74356423e-07  1.20000000e+00 -1.76161276e-08 -4.05832831e-04 
 1.74373387e-07  1.20000000e+00  6.79213359e-08 -4.40404102e-04 
 1.74391951e-07  1.20000000e+00  1.41528120e-07 -4.32930586e-04 
 1.74410884e-07  1.20000000e+00  2.52802128e-07 -3.90152085e-04 
 1.74428305e-07  1.20000000e+00  1.04990618e-06 -3.69987497e-04 
 1.74446665e-07  1.20000000e+00 -1.89714508e-06 -4.05904042e-04 
 1.74463474e-07  1.20000000e+00 -3.65114399e-06 -4.43206358e-04 
 1.74481616e-07  1.20000000e+00 -2.22222744e-06 -4.30215676e-04 
 1.74498553e-07  1.20000000e+00  6.14443116e-06 -3.96824773e-04 
 1.74516515e-07  1.20000000e+00  5.28415223e-05 -3.66819291e-04 
 1.74533906e-07  1.20000000e+00  2.86190214e-05 -4.02658313e-04 
 1.74551040e-07  1.20000000e+00 -1.34013693e-04 -4.39224250e-04 
 1.74569453e-07  1.20000000e+00 -3.98872586e-04 -4.34026751e-04 
 1.74588072e-07  1.20000000e+00 -4.08678590e-04 -3.93978422e-04 
 1.74606061e-07  1.20000000e+00  1.85831868e-03 -3.70561412e-04 
 1.74624407e-07  1.20000000e+00  5.07402131e-03 -4.02892029e-04 
 1.74641390e-07  1.20000000e+00  1.83548640e-03 -4.40750465e-04 
 1.74659943e-07  1.20000000e+00 -1.85830022e-02 -4.22823396e-04 
 1.74678900e-07  1.20000000e+00 -4.68796968e-02 -3.86438987e-04 
 1.74694061e-07  1.20000000e+00 -1.87739522e-02 -4.03656010e-04 
 1.74710458e-07  1.20000000e+00  1.04431528e-01 -4.65443956e-04 
 1.74727402e-07  1.20000000e+00  2.77534072e-01 -4.85046534e-04 
 1.74743042e-07  1.20000000e+00  4.37482055e-01 -4.63935691e-04 
 1.74761093e-07  1.20000000e+00  6.12472379e-01 -4.21254775e-04 
 1.74778405e-07  1.20000000e+00  7.64243090e-01 -3.67290351e-04 
 1.74796348e-07  1.20000000e+00  8.96951971e-01 -3.95292784e-04 
 1.74814159e-07  1.20000000e+00  9.98717055e-01 -4.25657502e-04 
 1.74832024e-07  1.20000000e+00  1.07136034e+00 -3.86932056e-04 
 1.74849566e-07  1.20000000e+00  1.11911975e+00 -3.48439906e-04 
 1.74867289e-07  1.20000000e+00  1.15019779e+00 -2.87425144e-04 
 1.74884844e-07  1.20000000e+00  1.16948115e+00 -3.29501875e-04 
 1.74902695e-07  1.20000000e+00  1.18157356e+00 -3.72404571e-04 
 1.74920330e-07  1.20000000e+00  1.18884001e+00 -3.55677695e-04 
 1.74937883e-07  1.20000000e+00  1.19324303e+00 -3.25301076e-04 
 1.74955450e-07  1.20000000e+00  1.19591190e+00 -2.75778517e-04 
 1.74972961e-07  1.20000000e+00  1.19752818e+00 -3.12365146e-04 
 1.74990591e-07  1.20000000e+00  1.19850776e+00 -3.68631655e-04 
 1.75008096e-07  1.20000000e+00  1.19909959e+00 -3.52037217e-04 
 1.75025585e-07  1.20000000e+00  1.19945302e+00 -3.29873963e-04 
 1.75043055e-07  1.20000000e+00  1.19967095e+00 -2.74228091e-04 
 1.75060407e-07  1.20000000e+00  1.19979803e+00 -3.05453413e-04 
 1.75077823e-07  1.20000000e+00  1.19987951e+00 -3.64691243e-04 
 1.75095126e-07  1.20000000e+00  1.19992471e+00 -3.56750269e-04 
 1.75112787e-07  1.20000000e+00  1.19995653e+00 -3.33387221e-04 
 1.75130258e-07  1.20000000e+00  1.19997180e+00 -2.79332373e-04 
 1.75147400e-07  1.20000000e+00  1.19998452e+00 -2.94895772e-04 
 1.75164675e-07  1.20000000e+00  1.19998878e+00 -3.61997621e-04 
 1.75181741e-07  1.20000000e+00  1.19999478e+00 -3.59197033e-04 
 1.75200299e-07  1.20000000e+00  1.19999526e+00 -3.38271283e-04 
 1.75218129e-07  1.20000000e+00  1.19999872e+00 -2.82047296e-04 
 1.75235298e-07  1.20000000e+00  1.19999759e+00 -2.90437652e-04 
 1.75252758e-07  1.20000000e+00  1.20000002e+00 -3.58221074e-04 
 1.75269738e-07  1.20000000e+00  1.19999847e+00 -3.61452230e-04 
 1.75288824e-07  1.20000000e+00  1.20000049e+00 -3.39366381e-04 
 1.75306927e-07  1.20000000e+00  1.19999883e+00 -2.84318775e-04 
 1.75324219e-07  1.20000000e+00  1.20000063e+00 -2.88121216e-04 
 1.75341906e-07  1.20000000e+00  1.19999898e+00 -3.57979911e-04 
 1.75358899e-07  1.20000000e+00  1.20000065e+00 -3.61238479e-04 
 1.75378182e-07  1.20000000e+00  1.19999906e+00 -3.40006602e-04 
 1.75396321e-07  1.20000000e+00  1.20000063e+00 -2.84084725e-04 
 1.75413684e-07  1.20000000e+00  1.19999912e+00 -2.88374553e-04 
 1.75431416e-07  1.20000000e+00  1.20000060e+00 -3.58001056e-04 
 1.75448419e-07  1.20000000e+00  1.19999916e+00 -3.61197174e-04 
 1.75467706e-07  1.20000000e+00  1.20000057e+00 -3.39938861e-04 
 1.75485848e-07  1.20000000e+00  1.19999920e+00 -2.83743554e-04 
 1.75503201e-07  1.20000000e+00  1.20000054e+00 -2.88688374e-04 
 1.75520937e-07  1.20000000e+00  1.19999923e+00 -3.58105492e-04 
 1.75537930e-07  1.20000000e+00  1.20000050e+00 -3.61217475e-04 
 1.75557198e-07  1.20000000e+00  1.19999926e+00 -3.39775149e-04 
 1.75575342e-07  1.20000000e+00  1.20000047e+00 -2.83722527e-04 
 1.75592679e-07  1.20000000e+00  1.19999929e+00 -2.88549140e-04 
 1.75610419e-07  1.20000000e+00  1.20000044e+00 -3.58547976e-04 
 1.75627404e-07  1.20000000e+00  1.19999932e+00 -3.60750613e-04 
 1.75646664e-07  1.20000000e+00  1.20000042e+00 -3.40263228e-04 
 1.75664815e-07  1.20000000e+00  1.19999935e+00 -2.83058794e-04 
 1.75682140e-07  1.20000000e+00  1.20000039e+00 -2.89147296e-04 
 1.75699891e-07  1.20000000e+00  1.19999938e+00 -3.58094717e-04 
 1.75716868e-07  1.20000000e+00  1.20000036e+00 -3.61251449e-04 
 1.75736126e-07  1.20000000e+00  1.19999940e+00 -3.39721714e-04 
 1.75754285e-07  1.20000000e+00  1.20000034e+00 -2.83501100e-04 
 1.75771602e-07  1.20000000e+00  1.19999942e+00 -2.88569244e-04 
 1.75789364e-07  1.20000000e+00  1.20000032e+00 -3.58901677e-04 
 1.75806334e-07  1.20000000e+00  1.19999945e+00 -3.60422546e-04 
 1.75825590e-07  1.20000000e+00  1.20000030e+00 -3.40565542e-04 
 1.75843757e-07  1.20000000e+00  1.19999947e+00 -2.82469499e-04 
 1.75861065e-07  1.20000000e+00  1.20000028e+00 -2.89536924e-04 
 1.75878837e-07  1.20000000e+00  1.19999949e+00 -3.58116775e-04 
 1.75895801e-07  1.20000000e+00  1.20000026e+00 -3.61258175e-04 
 1.75915054e-07  1.20000000e+00  1.19999950e+00 -3.39681144e-04 
 1.75933229e-07  1.20000000e+00  1.20000024e+00 -2.83206474e-04 
 1.75950528e-07  1.20000000e+00  1.19999952e+00 -2.88678661e-04 
 1.75968311e-07  1.20000000e+00  1.20000022e+00 -3.59226920e-04 
 1.75985269e-07  1.20000000e+00  1.19999954e+00 -3.60146011e-04 
 1.76004519e-07  1.20000000e+00  1.20000020e+00 -3.40789813e-04 
 1.76022700e-07  1.20000000e+00  1.19999956e+00 -2.81883331e-04 
 1.76039991e-07  1.20000000e+00  1.20000019e+00 -2.89935933e-04 
 1.76057784e-07  1.20000000e+00  1.19999957e+00 -3.58181855e-04 
 1.76074735e-07  1.20000000e+00  1.20000017e+00 -3.61244940e-04 
 1.76093983e-07  1.20000000e+00  1.19999959e+00 -3.39639459e-04 
 1.76112171e-07  1.20000000e+00  1.20000016e+00 -2.82848255e-04 
 1.76129454e-07  1.20000000e+00  1.19999960e+00 -2.88862079e-04 
 1.76147257e-07  1.20000000e+00  1.20000015e+00 -3.59522511e-04 
 1.76164202e-07  1.20000000e+00  1.19999961e+00 -3.59918850e-04 
 1.76183447e-07  1.20000000e+00  1.20000013e+00 -3.40947781e-04 
 1.76201642e-07  1.20000000e+00  1.19999962e+00 -2.81297595e-04 
 1.76218917e-07  1.20000000e+00  1.20000012e+00 -2.90347796e-04 
 1.76236730e-07  1.20000000e+00  1.19999964e+00 -3.58277158e-04 
 1.76253669e-07  1.20000000e+00  1.20000011e+00 -3.61223772e-04 
 1.76272911e-07  1.20000000e+00  1.19999965e+00 -3.39586412e-04 
 1.76291113e-07  1.20000000e+00  1.20000010e+00 -2.82432709e-04 
 1.76308380e-07  1.20000000e+00  1.19999966e+00 -2.89115968e-04 
 1.76326202e-07  1.20000000e+00  1.20000009e+00 -3.59795581e-04 
 1.76343135e-07  1.20000000e+00  1.19999967e+00 -3.59736883e-04 
 1.76362375e-07  1.20000000e+00  1.20000008e+00 -3.41040825e-04 
 1.76380583e-07  1.20000000e+00  1.19999968e+00 -2.80701985e-04 
 1.76397843e-07  1.20000000e+00  1.20000007e+00 -2.90785198e-04 
 1.76415674e-07  1.20000000e+00  1.19999969e+00 -3.58397088e-04 
 1.76432601e-07  1.20000000e+00  1.20000006e+00 -3.61203665e-04 
 1.76451839e-07  1.20000000e+00  1.19999969e+00 -3.39510025e-04 
 1.76470053e-07  1.20000000e+00  1.20000005e+00 -2.81961983e-04 
 1.76487305e-07  1.20000000e+00  1.19999970e+00 -2.89441071e-04 
 1.76505145e-07  1.20000000e+00  1.20000004e+00 -3.60051801e-04 
 1.76522067e-07  1.20000000e+00  1.19999971e+00 -3.59598275e-04 
 1.76541302e-07  1.20000000e+00  1.20000004e+00 -3.41067604e-04 
 1.76559523e-07  1.20000000e+00  1.19999972e+00 -2.80088229e-04 
 1.76576767e-07  1.20000000e+00  1.20000003e+00 -2.91259463e-04 
 1.76594616e-07  1.20000000e+00  1.19999973e+00 -3.58536758e-04 
 1.76611533e-07  1.20000000e+00  1.20000002e+00 -3.61193289e-04 
 1.76630765e-07  1.20000000e+00  1.19999973e+00 -3.39398520e-04 
 1.76648992e-07  1.20000000e+00  1.20000002e+00 -2.81437612e-04 
 1.76666230e-07  1.20000000e+00  1.19999974e+00 -2.89839690e-04 
 1.76684087e-07  1.20000000e+00  1.20000001e+00 -3.60295156e-04 
 1.76700998e-07  1.20000000e+00  1.19999974e+00 -3.59503375e-04 
 1.76720228e-07  1.20000000e+00  1.20000000e+00 -3.41024163e-04 
 1.76738461e-07  1.20000000e+00  1.19999975e+00 -2.79449800e-04 
 1.76755692e-07  1.20000000e+00  1.20000000e+00 -2.91781306e-04 
 1.76773558e-07  1.20000000e+00  1.19999975e+00 -3.58692035e-04 
 1.76790464e-07  1.20000000e+00  1.19999999e+00 -3.61201218e-04 
 1.76809691e-07  1.20000000e+00  1.19999976e+00 -3.39239611e-04 
 1.76827930e-07  1.20000000e+00  1.19999999e+00 -2.80860882e-04 
 1.76845154e-07  1.20000000e+00  1.19999976e+00 -2.90315499e-04 
 1.76863028e-07  1.20000000e+00  1.19999998e+00 -3.60528299e-04 
 1.76879929e-07  1.20000000e+00  1.19999977e+00 -3.59454440e-04 
 1.76899154e-07  1.20000000e+00  1.19999998e+00 -3.40904135e-04 
 1.76917399e-07  1.20000000e+00  1.19999977e+00 -2.78782106e-04 
 1.76934616e-07  1.20000000e+00  1.19999998e+00 -2.92360717e-04 
 1.76952498e-07  1.20000000e+00  1.19999978e+00 -3.58859158e-04 
 1.76969394e-07  1.20000000e+00  1.19999997e+00 -3.61236194e-04 
 1.76988617e-07  1.20000000e+00  1.19999978e+00 -3.39020396e-04 
 1.77006867e-07  1.20000000e+00  1.19999997e+00 -2.80233730e-04 
 1.77024077e-07  1.20000000e+00  1.19999979e+00 -2.90872716e-04 
 1.77041967e-07  1.20000000e+00  1.19999996e+00 -3.60752629e-04 
 1.77058858e-07  1.20000000e+00  1.19999979e+00 -3.59455354e-04 
 1.77078079e-07  1.20000000e+00  1.19999996e+00 -3.40699232e-04 
 1.77096334e-07  1.20000000e+00  1.19999979e+00 -2.78083061e-04 
 1.77113539e-07  1.20000000e+00  1.19999996e+00 -2.93006386e-04 
 1.77131436e-07  1.20000000e+00  1.19999980e+00 -3.59034437e-04 
 1.77148323e-07  1.20000000e+00  1.19999995e+00 -3.61307133e-04 
 1.77167541e-07  1.20000000e+00  1.19999980e+00 -3.38727635e-04 
 1.77185802e-07  1.20000000e+00  1.19999995e+00 -2.79559785e-04 
 1.77203000e-07  1.20000000e+00  1.19999980e+00 -2.91514948e-04 
 1.77220905e-07  1.20000000e+00  1.19999995e+00 -3.60968381e-04 
 1.77237787e-07  1.20000000e+00  1.19999980e+00 -3.59511151e-04 
 1.77257003e-07  1.20000000e+00  1.19999995e+00 -3.40400092e-04 
 1.77275269e-07  1.20000000e+00  1.19999981e+00 -2.77353893e-04 
 1.77292461e-07  1.20000000e+00  1.19999994e+00 -2.93724649e-04 
 1.77310373e-07  1.20000000e+00  1.19999981e+00 -3.59214062e-04 
 1.77327251e-07  1.20000000e+00  1.19999994e+00 -3.61422776e-04 
 1.77346465e-07  1.20000000e+00  1.19999981e+00 -3.38348578e-04 
 1.77364736e-07  1.20000000e+00  1.19999994e+00 -2.78845552e-04 
 1.77381922e-07  1.20000000e+00  1.19999981e+00 -2.92243618e-04 
 1.77399842e-07  1.20000000e+00  1.19999994e+00 -3.61174759e-04 
 1.77416715e-07  1.20000000e+00  1.19999982e+00 -3.59627187e-04 
 1.77435926e-07  1.20000000e+00  1.19999993e+00 -3.39991845e-04 
 1.77454203e-07  1.20000000e+00  1.19999982e+00 -2.76605176e-04 
 1.77471383e-07  1.20000000e+00  1.19999993e+00 -2.94515940e-04 
 1.77489310e-07  1.20000000e+00  1.19999982e+00 -3.59395555e-04 
 1.77506179e-07  1.20000000e+00  1.19999993e+00 -3.61589630e-04 
 1.77525388e-07  1.20000000e+00  1.19999982e+00 -3.37867643e-04 
 1.77543669e-07  1.20000000e+00  1.19999993e+00 -2.78105204e-04 
 1.77560844e-07  1.20000000e+00  1.19999982e+00 -2.93054879e-04 
 1.77578778e-07  1.20000000e+00  1.19999993e+00 -3.61372434e-04 
 1.77595643e-07  1.20000000e+00  1.19999982e+00 -3.59805876e-04 
 1.77614850e-07  1.20000000e+00  1.19999993e+00 -3.39480993e-04 
 1.77633136e-07  1.20000000e+00  1.19999983e+00 -2.75835014e-04 
 1.77650305e-07  1.20000000e+00  1.19999992e+00 -2.95381911e-04 
 1.77668245e-07  1.20000000e+00  1.19999983e+00 -3.59573791e-04 
 1.77685106e-07  1.20000000e+00  1.19999992e+00 -3.61813653e-04 
 1.77704311e-07  1.20000000e+00  1.19999983e+00 -3.37289461e-04 
 1.77722602e-07  1.20000000e+00  1.19999992e+00 -2.77344557e-04 
 1.77739766e-07  1.20000000e+00  1.19999983e+00 -2.93942864e-04 
 1.77757713e-07  1.20000000e+00  1.19999992e+00 -3.61556514e-04 
 1.77774569e-07  1.20000000e+00  1.19999983e+00 -3.60051219e-04 
 1.77793772e-07  1.20000000e+00  1.19999992e+00 -3.38858654e-04 
 1.77812068e-07  1.20000000e+00  1.19999983e+00 -2.75067126e-04 
 1.77829226e-07  1.20000000e+00  1.19999992e+00 -2.96308568e-04 
 1.77847180e-07  1.20000000e+00  1.19999983e+00 -3.59744362e-04 
 1.77864033e-07  1.20000000e+00  1.19999992e+00 -3.62097406e-04 
 1.77883233e-07  1.20000000e+00  1.19999983e+00 -3.36607585e-04 
 1.77901533e-07  1.20000000e+00  1.19999992e+00 -2.76589612e-04 
 1.77918687e-07  1.20000000e+00  1.19999984e+00 -2.94889931e-04 
 1.77936646e-07  1.20000000e+00  1.19999991e+00 -3.61725726e-04 
 1.77953495e-07  1.20000000e+00  1.19999984e+00 -3.60360972e-04 
 1.77972694e-07  1.20000000e+00  1.19999991e+00 -3.38129671e-04 
 1.77990999e-07  1.20000000e+00  1.19999984e+00 -2.74321425e-04 
 1.78008147e-07  1.20000000e+00  1.19999991e+00 -2.97278689e-04 
 1.78026113e-07  1.20000000e+00  1.19999984e+00 -3.59904755e-04 
 1.78042958e-07  1.20000000e+00  1.19999991e+00 -3.62437395e-04 
 1.78062154e-07  1.20000000e+00  1.19999984e+00 -3.35829760e-04 
 1.78080464e-07  1.20000000e+00  1.19999991e+00 -2.75862895e-04 
 1.78097607e-07  1.20000000e+00  1.19999984e+00 -2.95873899e-04 
 1.78115579e-07  1.20000000e+00  1.19999991e+00 -3.61879074e-04 
 1.78132421e-07  1.20000000e+00  1.19999984e+00 -3.60727742e-04 
 1.78151615e-07  1.20000000e+00  1.19999991e+00 -3.37307541e-04 
 1.78169928e-07  1.20000000e+00  1.19999984e+00 -2.73619992e-04 
 1.78187067e-07  1.20000000e+00  1.19999991e+00 -2.98268246e-04 
 1.78205044e-07  1.20000000e+00  1.19999984e+00 -3.60053342e-04 
 1.78221883e-07  1.20000000e+00  1.19999991e+00 -3.62824638e-04 
 1.78241075e-07  1.20000000e+00  1.19999984e+00 -3.34972636e-04 
 1.78259393e-07  1.20000000e+00  1.19999991e+00 -2.75187281e-04 
 1.78276526e-07  1.20000000e+00  1.19999984e+00 -2.96867688e-04 
 1.78294510e-07  1.20000000e+00  1.19999991e+00 -3.62016582e-04 
 1.78311345e-07  1.20000000e+00  1.19999984e+00 -3.61139033e-04 
 1.78330535e-07  1.20000000e+00  1.19999991e+00 -3.36413678e-04 
 1.78348857e-07  1.20000000e+00  1.19999984e+00 -2.72983539e-04 
 1.78365986e-07  1.20000000e+00  1.19999991e+00 -2.99250014e-04 
 1.78383975e-07  1.20000000e+00  1.19999985e+00 -3.60189908e-04 
 1.78400807e-07  1.20000000e+00  1.19999991e+00 -3.63245328e-04 
 1.78419995e-07  1.20000000e+00  1.19999985e+00 -3.34059976e-04 
 1.78438321e-07  1.20000000e+00  1.19999991e+00 -2.74582208e-04 
 1.78455445e-07  1.20000000e+00  1.19999985e+00 -2.97843171e-04 
 1.78473440e-07  1.20000000e+00  1.19999990e+00 -3.62139430e-04 
 1.78490268e-07  1.20000000e+00  1.19999985e+00 -3.61578567e-04 
 1.78509454e-07  1.20000000e+00  1.19999990e+00 -3.35475027e-04 
 1.78527784e-07  1.20000000e+00  1.19999985e+00 -2.72427855e-04 
 1.78544904e-07  1.20000000e+00  1.19999990e+00 -3.00197503e-04 
 1.78562904e-07  1.20000000e+00  1.19999985e+00 -3.60315400e-04 
 1.78579730e-07  1.20000000e+00  1.19999990e+00 -3.63682795e-04 
 1.78598914e-07  1.20000000e+00  1.19999985e+00 -3.33119540e-04 
 1.78617248e-07  1.20000000e+00  1.19999990e+00 -2.74060621e-04 
 1.78634363e-07  1.20000000e+00  1.19999985e+00 -2.98775026e-04 
 1.78652369e-07  1.20000000e+00  1.19999990e+00 -3.62249545e-04 
 1.78669191e-07  1.20000000e+00  1.19999985e+00 -3.62028600e-04 
 1.78688373e-07  1.20000000e+00  1.19999990e+00 -3.34520492e-04 
 1.78706711e-07  1.20000000e+00  1.19999985e+00 -2.71961399e-04 
 1.78723822e-07  1.20000000e+00  1.19999990e+00 -3.01088558e-04 
 1.78741833e-07  1.20000000e+00  1.19999985e+00 -3.60431355e-04 
 1.78758652e-07  1.20000000e+00  1.19999990e+00 -3.64120043e-04 
 1.78777832e-07  1.20000000e+00  1.19999985e+00 -3.32179271e-04 
 1.78796174e-07  1.20000000e+00  1.19999990e+00 -2.73627521e-04 
 1.78813281e-07  1.20000000e+00  1.19999985e+00 -2.99643714e-04 
 1.78831297e-07  1.20000000e+00  1.19999990e+00 -3.62349007e-04 
 1.78848113e-07  1.20000000e+00  1.19999985e+00 -3.62472402e-04 
 1.78867291e-07  1.20000000e+00  1.19999990e+00 -3.33577255e-04 
 1.78885636e-07  1.20000000e+00  1.19999985e+00 -2.71584859e-04 
 1.78902739e-07  1.20000000e+00  1.19999990e+00 -3.01907579e-04 
 1.78920760e-07  1.20000000e+00  1.19999985e+00 -3.60539303e-04 
 1.78937573e-07  1.20000000e+00  1.19999990e+00 -3.64542018e-04 
 1.78956749e-07  1.20000000e+00  1.19999985e+00 -3.31263986e-04 
 1.78975099e-07  1.20000000e+00  1.19999990e+00 -2.73280567e-04 
 1.78992197e-07  1.20000000e+00  1.19999985e+00 -3.00436787e-04 
 1.79010223e-07  1.20000000e+00  1.19999990e+00 -3.62439580e-04 
 1.79027034e-07  1.20000000e+00  1.19999985e+00 -3.62896090e-04 
 1.79046208e-07  1.20000000e+00  1.19999990e+00 -3.32676269e-04 
 1.79064561e-07  1.20000000e+00  1.19999985e+00 -2.71285917e-04 
 1.79081656e-07  1.20000000e+00  1.19999990e+00 -3.02649146e-04 
 1.79099686e-07  1.20000000e+00  1.19999985e+00 -3.60638836e-04 
 1.79116494e-07  1.20000000e+00  1.19999990e+00 -3.64938787e-04 
 1.79135666e-07  1.20000000e+00  1.19999985e+00 -3.30399656e-04 
 1.79154022e-07  1.20000000e+00  1.19999990e+00 -2.73006500e-04 
 1.79171113e-07  1.20000000e+00  1.19999985e+00 -3.01151543e-04 
 1.79189148e-07  1.20000000e+00  1.19999990e+00 -3.62520342e-04 
 1.79205953e-07  1.20000000e+00  1.19999985e+00 -3.63292458e-04 
 1.79225123e-07  1.20000000e+00  1.19999990e+00 -3.31815228e-04 
 1.79243483e-07  1.20000000e+00  1.19999985e+00 -2.71069729e-04 
 1.79260570e-07  1.20000000e+00  1.19999990e+00 -3.03304897e-04 
 1.79278610e-07  1.20000000e+00  1.19999985e+00 -3.60732143e-04 
 1.79295413e-07  1.20000000e+00  1.19999990e+00 -3.65301762e-04 
 1.79314581e-07  1.20000000e+00  1.19999985e+00 -3.29584344e-04 
 1.79332944e-07  1.20000000e+00  1.19999990e+00 -2.72807530e-04 
 1.79350028e-07  1.20000000e+00  1.19999985e+00 -3.01782581e-04 
 1.79368072e-07  1.20000000e+00  1.19999990e+00 -3.62595041e-04 
 1.79384872e-07  1.20000000e+00  1.19999985e+00 -3.63652147e-04 
 1.79404038e-07  1.20000000e+00  1.19999990e+00 -3.31016228e-04 
 1.79422405e-07  1.20000000e+00  1.19999985e+00 -2.70916560e-04 
 1.79439485e-07  1.20000000e+00  1.19999990e+00 -3.03880230e-04 
 1.79457533e-07  1.20000000e+00  1.19999985e+00 -3.60820202e-04 
 1.79474331e-07  1.20000000e+00  1.19999990e+00 -3.65625243e-04 
 1.79493496e-07  1.20000000e+00  1.19999985e+00 -3.28835738e-04 
 1.79511866e-07  1.20000000e+00  1.19999990e+00 -2.72664891e-04 
 1.79528942e-07  1.20000000e+00  1.19999985e+00 -3.02335912e-04 
 1.79546995e-07  1.20000000e+00  1.19999990e+00 -3.62663712e-04 
 1.79563790e-07  1.20000000e+00  1.19999985e+00 -3.63971924e-04 
 1.79582953e-07  1.20000000e+00  1.19999990e+00 -3.30286028e-04 
 1.79601326e-07  1.20000000e+00  1.19999985e+00 -2.70814887e-04 
 1.79618398e-07  1.20000000e+00  1.19999990e+00 -3.04379678e-04 
 1.79636456e-07  1.20000000e+00  1.19999985e+00 -3.60903048e-04 
 1.79653249e-07  1.20000000e+00  1.19999990e+00 -3.65907557e-04 
 1.79672409e-07  1.20000000e+00  1.19999985e+00 -3.28158210e-04 
 1.79690786e-07  1.20000000e+00  1.19999990e+00 -2.72567669e-04 
 1.79707855e-07  1.20000000e+00  1.19999985e+00 -3.02817151e-04 
 1.79725916e-07  1.20000000e+00  1.19999990e+00 -3.62726726e-04 
 1.79742707e-07  1.20000000e+00  1.19999985e+00 -3.64251092e-04 
 1.79761866e-07  1.20000000e+00  1.19999990e+00 -3.29626960e-04 
 1.79780246e-07  1.20000000e+00  1.19999985e+00 -2.70754062e-04 
 1.79797312e-07  1.20000000e+00  1.19999990e+00 -3.04809949e-04 
 1.79815377e-07  1.20000000e+00  1.19999985e+00 -3.60980943e-04 
 1.79832165e-07  1.20000000e+00  1.19999990e+00 -3.66149209e-04 
 1.79851323e-07  1.20000000e+00  1.19999985e+00 -3.27552184e-04 
 1.79869706e-07  1.20000000e+00  1.19999990e+00 -2.72505919e-04 
 1.79886768e-07  1.20000000e+00  1.19999986e+00 -3.03233464e-04 
 1.79904837e-07  1.20000000e+00  1.19999990e+00 -3.62784662e-04 
 1.79921624e-07  1.20000000e+00  1.19999986e+00 -3.64489746e-04 
 1.79940779e-07  1.20000000e+00  1.19999990e+00 -3.29039078e-04 
 1.79959165e-07  1.20000000e+00  1.19999986e+00 -2.70724580e-04 
 1.79976224e-07  1.20000000e+00  1.19999990e+00 -3.05178193e-04 
 1.79994298e-07  1.20000000e+00  1.19999986e+00 -3.61053769e-04 
 1.80011082e-07  1.20000000e+00  1.19999990e+00 -3.66352532e-04 
 1.80030235e-07  1.20000000e+00  1.19999986e+00 -3.27016551e-04 
 1.80048624e-07  1.20000000e+00  1.19999990e+00 -2.72469040e-04 
 1.80065680e-07  1.20000000e+00  1.19999986e+00 -3.03594140e-04 
 1.80082840e-07  1.20000000e+00  1.19999990e+00 -3.61304671e-04 
 1.80100000e-07  1.20000000e+00  1.19999986e+00 -3.64534081e-04 
 1.80101716e-07  1.17940294e+00  1.19999988e+00 -3.77685852e-04 
 1.80105149e-07  1.13820882e+00  1.19999988e+00 -3.75875141e-04 
 1.80112015e-07  1.05582058e+00  1.19999988e+00 -3.63904564e-04 
 1.80125746e-07  8.91044092e-01  1.19999988e+00 -3.17487565e-04 
 1.80139833e-07  7.22008302e-01  1.19999988e+00 -2.91742203e-04 
 1.80157245e-07  5.13063644e-01  1.19999988e+00 -3.42759797e-04 
 1.80173487e-07  3.18157536e-01  1.19999988e+00 -4.08569203e-04 
 1.80186743e-07  1.59078768e-01  1.19999988e+00 -4.21703196e-04 
 1.80200000e-07  0.00000000e+00  1.19999988e+00 -4.29915276e-04 
 1.80202028e-07  0.00000000e+00  1.19999988e+00 -4.05644076e-04 
 1.80206083e-07  0.00000000e+00  1.19999988e+00 -4.01635375e-04 
 1.80214193e-07  0.00000000e+00  1.19999988e+00 -3.84942266e-04 
 1.80228219e-07  0.00000000e+00  1.19999988e+00 -3.65774644e-04 
 1.80243331e-07  0.00000000e+00  1.19999988e+00 -3.87626009e-04 
 1.80259501e-07  0.00000000e+00  1.19999988e+00 -4.60984098e-04 
 1.80276370e-07  0.00000000e+00  1.19999988e+00 -4.24519672e-04 
 1.80293687e-07  0.00000000e+00  1.19999988e+00 -4.07799753e-04 
 1.80310237e-07  0.00000000e+00  1.19999988e+00 -3.64995541e-04 
 1.80327946e-07  0.00000000e+00  1.19999988e+00 -3.82280436e-04 
 1.80345882e-07  0.00000000e+00  1.19999988e+00 -4.45768317e-04 
 1.80363667e-07  0.00000000e+00  1.19999988e+00 -4.40257645e-04 
 1.80381172e-07  0.00000000e+00  1.19999988e+00 -4.00028655e-04 
 1.80397659e-07  0.00000000e+00  1.19999988e+00 -3.80651087e-04 
 1.80415411e-07  0.00000000e+00  1.19999988e+00 -3.66461590e-04 
 1.80433571e-07  0.00000000e+00  1.19999988e+00 -4.51513872e-04 
 1.80451330e-07  0.00000000e+00  1.19999988e+00 -4.33852257e-04 
 1.80469259e-07  0.00000000e+00  1.19999988e+00 -4.11924893e-04 
 1.80487626e-07  0.00000000e+00  1.19999988e+00 -3.67701754e-04 
 1.80504454e-07  0.00000000e+00  1.19999988e+00 -3.76822916e-04 
 1.80523342e-07  0.00000000e+00  1.19999988e+00 -4.42989679e-04 
 1.80540457e-07  0.00000000e+00  1.19999988e+00 -4.44450091e-04 
 1.80558903e-07  0.00000000e+00  1.19999988e+00 -4.01183601e-04 
 1.80576939e-07  0.00000000e+00  1.19999988e+00 -3.77224657e-04 
 1.80593973e-07  0.00000000e+00  1.19999988e+00 -3.67750061e-04 
 1.80612757e-07  0.00000000e+00  1.19999988e+00 -4.53195898e-04 
 1.80629993e-07  0.00000000e+00  1.19999988e+00 -4.34916845e-04 
 1.80648347e-07  0.00000000e+00  1.19999988e+00 -4.10071810e-04 
 1.80666510e-07  0.00000000e+00  1.19999988e+00 -3.66699258e-04 
 1.80683478e-07  0.00000000e+00  1.19999988e+00 -3.77801594e-04 
 1.80702437e-07  0.00000000e+00  1.19999988e+00 -4.45391154e-04 
 1.80719662e-07  0.00000000e+00  1.19999988e+00 -4.43698041e-04 
 1.80738031e-07  0.00000000e+00  1.19999988e+00 -4.00025120e-04 
 1.80756308e-07  0.00000000e+00  1.19999988e+00 -3.74095338e-04 
 1.80773234e-07  0.00000000e+00  1.19999988e+00 -3.70346971e-04 
 1.80790491e-07  0.00000000e+00  1.19999988e+00 -4.50475881e-04 
 1.80808582e-07  0.00000000e+00  1.19999988e+00 -4.36297686e-04 
 1.80826029e-07  0.00000000e+00  1.19999988e+00 -4.11254820e-04 
 1.80842650e-07  0.00000000e+00  1.19999988e+00 -3.72374104e-04 
 1.80860158e-07  0.00000000e+00  1.19999988e+00 -3.72212654e-04 
 1.80878077e-07  0.00000000e+00  1.19999988e+00 -4.34529137e-04 
 1.80895539e-07  0.00000000e+00  1.19999988e+00 -4.51118831e-04 
 1.80914020e-07  0.00000000e+00  1.19999988e+00 -4.04361095e-04 
 1.80931552e-07  0.00000000e+00  1.19999988e+00 -3.81451770e-04 
 1.80948900e-07  0.00000000e+00  1.19999988e+00 -3.62456214e-04 
 1.80966871e-07  0.00000000e+00  1.19999988e+00 -4.40780414e-04 
 1.80984060e-07  0.00000000e+00  1.19999988e+00 -4.44816643e-04 
 1.81002507e-07  0.00000000e+00  1.19999988e+00 -4.14579311e-04 
 1.81019848e-07  0.00000000e+00  1.19999988e+00 -3.74934353e-04 
 1.81037298e-07  0.00000000e+00  1.19999988e+00 -3.68884888e-04 
 1.81055026e-07  0.00000000e+00  1.19999988e+00 -4.26972514e-04 
 1.81072209e-07  0.00000000e+00  1.19999988e+00 -4.56486092e-04 
 1.81090352e-07  0.00000000e+00  1.19999988e+00 -4.09427121e-04 
 1.81107617e-07  0.00000000e+00  1.19999988e+00 -3.86494306e-04 
 1.81125215e-07  0.00000000e+00  1.19999988e+00 -3.57760202e-04 
 1.81142679e-07  0.00000000e+00  1.19999988e+00 -4.27284958e-04 
 1.81159846e-07  0.00000000e+00  1.19999988e+00 -4.52321849e-04 
 1.81177606e-07  0.00000000e+00  1.19999988e+00 -4.21981501e-04 
 1.81194865e-07  0.00000000e+00  1.19999988e+00 -3.82857853e-04 
 1.81212516e-07  0.00000000e+00  1.19999988e+00 -3.63099728e-04 
 1.81229776e-07  0.00000000e+00  1.19999988e+00 -4.09009355e-04 
 1.81246923e-07  0.00000000e+00  1.19999988e+00 -4.63847543e-04 
 1.81264308e-07  0.00000000e+00  1.19999988e+00 -4.19356448e-04 
 1.81281822e-07  0.00000000e+00  1.19999988e+00 -3.95217728e-04 
 1.81299723e-07  0.00000000e+00  1.19999988e+00 -3.54724984e-04 
 1.81316646e-07  0.00000000e+00  1.19999988e+00 -4.06129030e-04 
 1.81334063e-07  0.00000000e+00  1.19999988e+00 -4.57083770e-04 
 1.81351028e-07  0.00000000e+00  1.19999988e+00 -4.31875775e-04 
 1.81369168e-07  0.00000000e+00  1.19999988e+00 -3.90796453e-04 
 1.81387589e-07  0.00000000e+00  1.19999988e+00 -3.63605181e-04 
 1.81404368e-07  0.00000000e+00  1.19999988e+00 -3.91549223e-04 
 1.81422241e-07  0.00000000e+00  1.19999988e+00 -4.64214807e-04 
 1.81439057e-07  0.00000000e+00  1.19999988e+00 -4.26159609e-04 
 1.81457124e-07  0.00000000e+00  1.19999988e+00 -4.01153803e-04 
 1.81473753e-07  0.00000000e+00  1.19999988e+00 -3.60937282e-04 
 1.81491345e-07  0.00000000e+00  1.19999988e+00 -3.89844416e-04 
 1.81508597e-07  0.00000000e+00  1.19999988e+00 -4.51999887e-04 
 1.81525895e-07  0.00000000e+00  1.19999988e+00 -4.38849125e-04 
 1.81543386e-07  0.00000000e+00  1.19999988e+00 -3.97879687e-04 
 1.81559899e-07  0.00000000e+00  1.19999988e+00 -3.74747973e-04 
 1.81577728e-07  0.00000000e+00  1.19999988e+00 -3.72079021e-04 
 1.81595770e-07  0.00000000e+00  1.19999988e+00 -4.54071469e-04 
 1.81613740e-07  0.00000000e+00  1.19999988e+00 -4.34931185e-04 
 1.81631415e-07  0.00000000e+00  1.19999988e+00 -4.07252151e-04 
 1.81647979e-07  0.00000000e+00  1.19999988e+00 -3.69316435e-04 
 1.81665616e-07  0.00000000e+00  1.19999988e+00 -3.76157763e-04 
 1.81683850e-07  0.00000000e+00  1.19999988e+00 -4.42038343e-04 
 1.81701575e-07  0.00000000e+00  1.19999988e+00 -4.46533424e-04 
 1.81719931e-07  0.00000000e+00  1.19999988e+00 -4.00344960e-04 
 1.81738042e-07  0.00000000e+00  1.19999988e+00 -3.74244783e-04 
 1.81755072e-07  0.00000000e+00  1.19999988e+00 -3.69801275e-04 
 1.81773903e-07  0.00000000e+00  1.19999988e+00 -4.52206492e-04 
 1.81791177e-07  0.00000000e+00  1.19999988e+00 -4.38797161e-04 
 1.81809822e-07  0.00000000e+00  1.19999988e+00 -4.06176201e-04 
 1.81827866e-07  0.00000000e+00  1.19999988e+00 -3.65378537e-04 
 1.81844943e-07  0.00000000e+00  1.19999988e+00 -3.78926420e-04 
 1.81863957e-07  0.00000000e+00  1.19999988e+00 -4.47622834e-04 
 1.81881336e-07  0.00000000e+00  1.19999988e+00 -4.44737359e-04 
 1.81899808e-07  0.00000000e+00  1.19999988e+00 -3.97312454e-04 
 1.81918218e-07  0.00000000e+00  1.19999988e+00 -3.69780308e-04 
 1.81935106e-07  0.00000000e+00  1.19999988e+00 -3.74735931e-04 
 1.81952387e-07  0.00000000e+00  1.19999988e+00 -4.52223934e-04 
 1.81970731e-07  0.00000000e+00  1.19999988e+00 -4.38044998e-04 
 1.81988088e-07  0.00000000e+00  1.19999988e+00 -4.06586556e-04 
 1.82004550e-07  0.00000000e+00  1.19999988e+00 -3.69187571e-04 
 1.82022138e-07  0.00000000e+00  1.19999988e+00 -3.74733726e-04 
 1.82040278e-07  0.00000000e+00  1.19999988e+00 -4.39412994e-04 
 1.82057961e-07  0.00000000e+00  1.19999988e+00 -4.50365109e-04 
 1.82076698e-07  0.00000000e+00  1.19999988e+00 -3.99987208e-04 
 1.82094457e-07  0.00000000e+00  1.19999988e+00 -3.74163929e-04 
 1.82111788e-07  0.00000000e+00  1.19999988e+00 -3.69181480e-04 
 1.82130265e-07  0.00000000e+00  1.19999988e+00 -4.49120647e-04 
 1.82147645e-07  0.00000000e+00  1.19999988e+00 -4.42987670e-04 
 1.82166688e-07  0.00000000e+00  1.19999988e+00 -4.04860307e-04 
 1.82184417e-07  0.00000000e+00  1.19999988e+00 -3.65399931e-04 
 1.82201781e-07  0.00000000e+00  1.19999988e+00 -3.78353584e-04 
 1.82220466e-07  0.00000000e+00  1.19999988e+00 -4.45673651e-04 
 1.82237961e-07  0.00000000e+00  1.19999988e+00 -4.48331518e-04 
 1.82256826e-07  0.00000000e+00  1.19999988e+00 -3.95681557e-04 
 1.82274948e-07  0.00000000e+00  1.19999988e+00 -3.69146178e-04 
 1.82292076e-07  0.00000000e+00  1.19999988e+00 -3.75067956e-04 
 1.82309478e-07  0.00000000e+00  1.19999988e+00 -4.51643906e-04 
 1.82327801e-07  0.00000000e+00  1.19999988e+00 -4.41216204e-04 
 1.82345588e-07  0.00000000e+00  1.19999988e+00 -4.03635486e-04 
 1.82362250e-07  0.00000000e+00  1.19999988e+00 -3.66374588e-04 
 1.82379866e-07  0.00000000e+00  1.19999988e+00 -3.76991180e-04 
 1.82398221e-07  0.00000000e+00  1.19999988e+00 -4.42537873e-04 
 1.82416002e-07  0.00000000e+00  1.19999988e+00 -4.50929494e-04 
 1.82434944e-07  0.00000000e+00  1.19999988e+00 -3.95803346e-04 
 1.82452910e-07  0.00000000e+00  1.19999988e+00 -3.69574366e-04 
 1.82470217e-07  0.00000000e+00  1.19999988e+00 -3.74091234e-04 
 1.82489228e-07  0.00000000e+00  1.19999988e+00 -4.55308934e-04 
 1.82506815e-07  0.00000000e+00  1.19999988e+00 -4.41740072e-04 
 1.82525707e-07  0.00000000e+00  1.19999988e+00 -3.98345663e-04 
 1.82544201e-07  0.00000000e+00  1.19999988e+00 -3.59414060e-04 
 1.82561168e-07  0.00000000e+00  1.19999988e+00 -3.85856709e-04 
 1.82580172e-07  0.00000000e+00  1.19999988e+00 -4.54218546e-04 
 1.82597292e-07  0.00000000e+00  1.19999988e+00 -4.45668415e-04 
 1.82615790e-07  0.00000000e+00  1.19999988e+00 -3.90398948e-04 
 1.82632396e-07  0.00000000e+00  1.19999988e+00 -3.67684882e-04 
 1.82650122e-07  0.00000000e+00  1.19999988e+00 -3.78312237e-04 
 1.82667875e-07  0.00000000e+00  1.19999988e+00 -4.55354322e-04 
 1.82685415e-07  0.00000000e+00  1.19999988e+00 -4.43030292e-04 
 1.82703730e-07  0.00000000e+00  1.19999988e+00 -3.98955931e-04 
 1.82720458e-07  0.00000000e+00  1.19999988e+00 -3.63252204e-04 
 1.82738086e-07  0.00000000e+00  1.19999988e+00 -3.80551327e-04 
 1.82756416e-07  0.00000000e+00  1.19999988e+00 -4.46412921e-04 
 1.82774193e-07  0.00000000e+00  1.19999988e+00 -4.51064174e-04 
 1.82793086e-07  0.00000000e+00  1.19999988e+00 -3.92106082e-04 
 1.82811399e-07  0.00000000e+00  1.19999988e+00 -3.65436195e-04 
 1.82828525e-07  0.00000000e+00  1.19999988e+00 -3.78956410e-04 
 1.82847589e-07  0.00000000e+00  1.19999988e+00 -4.58399490e-04 
 1.82864881e-07  0.00000000e+00  1.19999988e+00 -4.42850229e-04 
 1.82883754e-07  0.00000000e+00  1.19999988e+00 -3.94030038e-04 
 1.82900534e-07  0.00000000e+00  1.19999988e+00 -3.60609183e-04 
 1.82918257e-07  0.00000000e+00  1.19999988e+00 -3.85397032e-04 
 1.82936113e-07  0.00000000e+00  1.19999988e+00 -4.50618671e-04 
 1.82953574e-07  0.00000000e+00  1.19999988e+00 -4.50177332e-04 
 1.82972123e-07  0.00000000e+00  1.19999988e+00 -3.90648755e-04 
 1.82988910e-07  0.00000000e+00  1.19999988e+00 -3.66592708e-04 
 1.83006573e-07  0.00000000e+00  1.19999988e+00 -3.77643525e-04 
 1.83024699e-07  0.00000000e+00  1.19999988e+00 -4.52797573e-04 
 1.83042359e-07  0.00000000e+00  1.19999988e+00 -4.47265822e-04 
 1.83061260e-07  0.00000000e+00  1.19999988e+00 -3.95292779e-04 
 1.83079652e-07  0.00000000e+00  1.19999988e+00 -3.58679751e-04 
 1.83096751e-07  0.00000000e+00  1.19999988e+00 -3.85930174e-04 
 1.83115677e-07  0.00000000e+00  1.19999988e+00 -4.53457405e-04 
 1.83132927e-07  0.00000000e+00  1.19999988e+00 -4.49849274e-04 
 1.83151923e-07  0.00000000e+00  1.19999988e+00 -3.86565859e-04 
 1.83168738e-07  0.00000000e+00  1.19999988e+00 -3.64426013e-04 
 1.83186473e-07  0.00000000e+00  1.19999988e+00 -3.81890907e-04 
 1.83204249e-07  0.00000000e+00  1.19999988e+00 -4.56031929e-04 
 1.83221671e-07  0.00000000e+00  1.19999988e+00 -4.46847024e-04 
 1.83240375e-07  0.00000000e+00  1.19999988e+00 -3.93301591e-04 
 1.83257209e-07  0.00000000e+00  1.19999988e+00 -3.60081749e-04 
 1.83274901e-07  0.00000000e+00  1.19999988e+00 -3.84412349e-04 
 1.83292902e-07  0.00000000e+00  1.19999988e+00 -4.48513120e-04 
 1.83310500e-07  0.00000000e+00  1.19999988e+00 -4.53620499e-04 
 1.83329437e-07  0.00000000e+00  1.19999988e+00 -3.88522803e-04 
 1.83347882e-07  0.00000000e+00  1.19999988e+00 -3.62233353e-04 
 1.83364984e-07  0.00000000e+00  1.19999988e+00 -3.82786678e-04 
 1.83383796e-07  0.00000000e+00  1.19999988e+00 -4.58376407e-04 
 1.83401018e-07  0.00000000e+00  1.19999988e+00 -4.46862869e-04 
 1.83420143e-07  0.00000000e+00  1.19999988e+00 -3.88870711e-04 
 1.83437021e-07  0.00000000e+00  1.19999988e+00 -3.58733205e-04 
 1.83454764e-07  0.00000000e+00  1.19999988e+00 -3.88007682e-04 
 1.83472478e-07  0.00000000e+00  1.19999988e+00 -4.52161310e-04 
 1.83489857e-07  0.00000000e+00  1.19999988e+00 -4.52644520e-04 
 1.83508658e-07  0.00000000e+00  1.19999988e+00 -3.86684167e-04 
 1.83525520e-07  0.00000000e+00  1.19999988e+00 -3.63126277e-04 
 1.83543234e-07  0.00000000e+00  1.19999988e+00 -3.81790166e-04 
 1.83561110e-07  0.00000000e+00  1.19999988e+00 -4.53286520e-04 
 1.83578657e-07  0.00000000e+00  1.19999988e+00 -4.50746145e-04 
 1.83597627e-07  0.00000000e+00  1.19999988e+00 -3.90941361e-04 
 1.83616131e-07  0.00000000e+00  1.19999988e+00 -3.57038269e-04 
 1.83633236e-07  0.00000000e+00  1.19999988e+00 -3.88372184e-04 
 1.83651960e-07  0.00000000e+00  1.19999988e+00 -4.54517900e-04 
 1.83669154e-07  0.00000000e+00  1.19999988e+00 -4.52391770e-04 
 1.83688312e-07  0.00000000e+00  1.19999988e+00 -3.82897423e-04 
 1.83705205e-07  0.00000000e+00  1.19999988e+00 -3.61961655e-04 
 1.83722954e-07  0.00000000e+00  1.19999988e+00 -3.85081293e-04 
 1.83740603e-07  0.00000000e+00  1.19999988e+00 -4.56307119e-04 
 1.83757966e-07  0.00000000e+00  1.19999988e+00 -4.50070712e-04 
 1.83776811e-07  0.00000000e+00  1.19999988e+00 -3.89019454e-04 
 1.83793705e-07  0.00000000e+00  1.19999988e+00 -3.58220049e-04 
 1.83811435e-07  0.00000000e+00  1.19999988e+00 -3.86824913e-04 
 1.83829245e-07  0.00000000e+00  1.19999988e+00 -4.49530182e-04 
 1.83846773e-07  0.00000000e+00  1.19999988e+00 -4.55946118e-04 
 1.83865805e-07  0.00000000e+00  1.19999988e+00 -3.85523591e-04 
 1.83884333e-07  0.00000000e+00  1.19999988e+00 -3.60086848e-04 
 1.83901475e-07  0.00000000e+00  1.19999988e+00 -3.85778488e-04 
 1.83920122e-07  0.00000000e+00  1.19999988e+00 -4.58477538e-04 
 1.83937306e-07  0.00000000e+00  1.19999988e+00 -4.49931261e-04 
 1.83956486e-07  0.00000000e+00  1.19999988e+00 -3.84900981e-04 
 1.83973389e-07  0.00000000e+00  1.19999988e+00 -3.57632624e-04 
 1.83991149e-07  0.00000000e+00  1.19999988e+00 -3.89654199e-04 
 1.84008737e-07  0.00000000e+00  1.19999988e+00 -4.52827076e-04 
 1.84026091e-07  0.00000000e+00  1.19999988e+00 -4.54869966e-04 
 1.84044984e-07  0.00000000e+00  1.19999988e+00 -3.84010537e-04 
 1.84063781e-07  0.00000000e+00  1.19999988e+00 -3.58857038e-04 
 1.84080707e-07  0.00000000e+00  1.19999988e+00 -3.88047776e-04 
 1.84099321e-07  0.00000000e+00  1.19999988e+00 -4.59539837e-04 
 1.84116360e-07  0.00000000e+00  1.19999988e+00 -4.50159190e-04 
 1.84135524e-07  0.00000000e+00  1.19999988e+00 -3.83145975e-04 
 1.84152403e-07  0.00000000e+00  1.19999988e+00 -3.57629870e-04 
 1.84170144e-07  0.00000000e+00  1.19999988e+00 -3.90210692e-04 
 1.84187648e-07  0.00000000e+00  1.19999988e+00 -4.53770790e-04 
 1.84204960e-07  0.00000000e+00  1.19999988e+00 -4.54737939e-04 
 1.84223839e-07  0.00000000e+00  1.19999988e+00 -3.83663603e-04 
 1.84240751e-07  0.00000000e+00  1.19999988e+00 -3.60153719e-04 
 1.84258503e-07  0.00000000e+00  1.19999988e+00 -3.85224166e-04 
 1.84276209e-07  0.00000000e+00  1.19999988e+00 -4.52899739e-04 
 1.84293700e-07  0.00000000e+00  1.19999988e+00 -4.54502367e-04 
 1.84312821e-07  0.00000000e+00  1.19999988e+00 -3.86510026e-04 
 1.84331411e-07  0.00000000e+00  1.19999988e+00 -3.56162668e-04 
 1.84348594e-07  0.00000000e+00  1.19999988e+00 -3.90325076e-04 
 1.84367168e-07  0.00000000e+00  1.19999987e+00 -4.56046693e-04 
 1.84384322e-07  0.00000000e+00  1.19999988e+00 -4.54257742e-04 
 1.84403548e-07  0.00000000e+00  1.19999988e+00 -3.79684059e-04 
 1.84420472e-07  0.00000000e+00  1.19999986e+00 -3.59739393e-04 
 1.84438248e-07  0.00000000e+00  1.19999989e+00 -3.88100766e-04 
 1.84455763e-07  0.00000000e+00  1.19999988e+00 -4.56221775e-04 
 1.84473087e-07  0.00000000e+00  1.19999991e+00 -4.53297869e-04 
 1.84492045e-07  0.00000000e+00  1.19999999e+00 -3.84870854e-04 
 1.84510872e-07  0.00000000e+00  1.19999940e+00 -3.55340623e-04 
 1.84527831e-07  0.00000000e+00  1.19999949e+00 -3.92280153e-04 
 1.84546369e-07  0.00000000e+00  1.20000007e+00 -4.57207517e-04 
 1.84563382e-07  0.00000000e+00  1.20000181e+00 -4.54189195e-04 
 1.84582581e-07  0.00000000e+00  1.20000834e+00 -3.78305573e-04 
 1.84601254e-07  0.00000000e+00  1.19999234e+00 -3.58585253e-04 
 1.84618208e-07  0.00000000e+00  1.19996528e+00 -3.91831344e-04 
 1.84636510e-07  0.00000000e+00  1.19994689e+00 -4.62673868e-04 
 1.84653388e-07  0.00000000e+00  1.20001552e+00 -4.49518388e-04 
 1.84672334e-07  0.00000000e+00  1.20046269e+00 -3.80859754e-04 
 1.84690859e-07  0.00000000e+00  1.20053003e+00 -3.55484801e-04 
 1.84707775e-07  0.00000000e+00  1.19921883e+00 -3.94499834e-04 
 1.84725921e-07  0.00000000e+00  1.19571220e+00 -4.58045557e-04 
 1.84742791e-07  0.00000000e+00  1.19332134e+00 -4.51791586e-04 
 1.84761644e-07  0.00000000e+00  1.21087948e+00 -3.90314532e-04 
 1.84780053e-07  0.00000000e+00  1.24772639e+00 -3.71402181e-04 
 1.84796997e-07  0.00000000e+00  1.24764077e+00 -3.80516181e-04 
 1.84814451e-07  0.00000000e+00  1.14061170e+00 -4.16369142e-04 
 1.84830614e-07  0.00000000e+00  9.57562067e-01 -3.85395763e-04 
 1.84845240e-07  0.00000000e+00  7.67634263e-01 -3.26511585e-04 
 1.84861843e-07  0.00000000e+00  5.54302050e-01 -3.19304541e-04 
 1.84878247e-07  0.00000000e+00  3.63157170e-01 -3.16501900e-04 
 1.84896765e-07  0.00000000e+00  1.94236585e-01 -3.53892239e-04 
 1.84914528e-07  0.00000000e+00  9.21833942e-02 -3.79802229e-04 
 1.84932863e-07  0.00000000e+00  3.87440807e-02 -3.13552383e-04 
 1.84950294e-07  0.00000000e+00  1.64410342e-02 -3.03418664e-04 
 1.84968189e-07  0.00000000e+00  6.70828287e-03 -3.04234162e-04 
 1.84985842e-07  0.00000000e+00  2.77221879e-03 -3.41779550e-04 
 1.85003733e-07  0.00000000e+00  1.12461096e-03 -3.73967114e-04 
 1.85021694e-07  0.00000000e+00  4.60094582e-04 -3.10280469e-04 
 1.85039249e-07  0.00000000e+00  1.87546310e-04 -3.02090861e-04 
 1.85056974e-07  0.00000000e+00  8.08468064e-05 -3.02280930e-04 
 1.85074653e-07  0.00000000e+00  2.99389300e-05 -3.40236832e-04 
 1.85092419e-07  0.00000000e+00  1.57473009e-05 -3.74230244e-04 
 1.85110325e-07  0.00000000e+00  3.14957421e-06 -3.13017980e-04 
 1.85127803e-07  0.00000000e+00  4.60673229e-06 -3.01056929e-04 
 1.85145476e-07  0.00000000e+00 -1.22235576e-06 -3.02411946e-04 
 1.85163051e-07  0.00000000e+00  2.62007725e-06 -3.36070317e-04 
 1.85180703e-07  0.00000000e+00 -1.89159533e-06 -3.76609690e-04 
 1.85198451e-07  0.00000000e+00  2.19355001e-06 -3.16501895e-04 
 1.85215876e-07  0.00000000e+00 -1.92405320e-06 -3.00948788e-04 
 1.85233454e-07  0.00000000e+00  2.03998349e-06 -3.01243756e-04 
 1.85250900e-07  0.00000000e+00 -1.85115133e-06 -3.31032514e-04 
 1.85268376e-07  0.00000000e+00  1.93691683e-06 -3.78330450e-04 
 1.85285916e-07  0.00000000e+00 -1.76447735e-06 -3.23675602e-04 
 1.85303353e-07  0.00000000e+00  1.84699989e-06 -2.99556788e-04 
 1.85320888e-07  0.00000000e+00 -1.67935524e-06 -3.00970915e-04 
 1.85338102e-07  0.00000000e+00  1.76276410e-06 -3.23826568e-04 
 1.85355430e-07  0.00000000e+00 -1.59737938e-06 -3.79535587e-04 
 1.85372693e-07  0.00000000e+00  1.68305132e-06 -3.33149267e-04 
 1.85390220e-07  0.00000000e+00 -1.52038866e-06 -2.98578211e-04 
 1.85408153e-07  0.00000000e+00  1.60957796e-06 -3.00749555e-04 
 1.85424997e-07  0.00000000e+00 -1.44753190e-06 -3.17842120e-04 
 1.85442461e-07  0.00000000e+00  1.53780237e-06 -3.77115053e-04 
 1.85459382e-07  0.00000000e+00 -1.37797511e-06 -3.43267597e-04 
 1.85477143e-07  0.00000000e+00  1.47072762e-06 -2.97905737e-04 
 1.85493777e-07  0.00000000e+00 -1.31225650e-06 -3.02181346e-04 
 1.85511267e-07  0.00000000e+00  1.40634838e-06 -3.11911048e-04 
 1.85528293e-07  0.00000000e+00 -1.25046598e-06 -3.67689783e-04 
 1.85545515e-07  0.00000000e+00  1.34582911e-06 -3.55253224e-04 
 1.85564134e-07  0.00000000e+00 -1.19412550e-06 -2.97901255e-04 
 1.85580902e-07  0.00000000e+00  1.29033375e-06 -3.03218458e-04 
 1.85598621e-07  0.00000000e+00 -1.13880783e-06 -3.08343693e-04 
 1.85616517e-07  0.00000000e+00  1.23831241e-06 -3.63620281e-04 
 1.85633902e-07  0.00000000e+00 -1.08773114e-06 -3.58959791e-04 
 1.85653188e-07  0.00000000e+00  1.19034236e-06 -2.97496579e-04 
 1.85671677e-07  0.00000000e+00 -1.04252136e-06 -3.02522488e-04 
 1.85688947e-07  0.00000000e+00  1.14382485e-06 -3.10110677e-04 
 1.85707782e-07  0.00000000e+00 -9.97612107e-07 -3.69990846e-04 
 1.85724812e-07  0.00000000e+00  1.09986612e-06 -3.54021826e-04 
 1.85744188e-07  0.00000000e+00 -9.55334603e-07 -2.96018102e-04 
 1.85761105e-07  0.00000000e+00  1.05865363e-06 -3.02865340e-04 
 1.85778899e-07  0.00000000e+00 -9.13531547e-07 -3.10532883e-04 
 1.85796568e-07  0.00000000e+00  1.01891080e-06 -3.68485898e-04 
 1.85813752e-07  0.00000000e+00 -8.74203190e-07 -3.55491008e-04 
 1.85832757e-07  0.00000000e+00  9.81953271e-07 -2.96964442e-04 
 1.85849656e-07  0.00000000e+00 -8.37975119e-07 -3.02279842e-04 
 1.85867428e-07  0.00000000e+00  9.45530659e-07 -3.09860468e-04 
 1.85885207e-07  0.00000000e+00 -8.03465124e-07 -3.65279555e-04 
 1.85902509e-07  0.00000000e+00  9.11518299e-07 -3.58553607e-04 
 1.85921720e-07  0.00000000e+00 -7.71560507e-07 -2.96380154e-04 
 1.85940453e-07  0.00000000e+00  8.81722744e-07 -3.02163606e-04 
 1.85957561e-07  0.00000000e+00 -7.40798901e-07 -3.10908395e-04 
 1.85976287e-07  0.00000000e+00  8.51751250e-07 -3.71309294e-04 
 1.85993237e-07  0.00000000e+00 -7.11534284e-07 -3.53554042e-04 
 1.86012568e-07  0.00000000e+00  8.23656668e-07 -2.95645946e-04 
 1.86031316e-07  0.00000000e+00 -6.85597666e-07 -3.01697125e-04 
 1.86048261e-07  0.00000000e+00  7.96664390e-07 -3.13174226e-04 
 1.86066694e-07  0.00000000e+00 -6.59092028e-07 -3.74145724e-04 
 1.86083473e-07  0.00000000e+00  7.70785758e-07 -3.50495548e-04 
 1.86102431e-07  0.00000000e+00 -6.34213863e-07 -2.95859271e-04 
 1.86120978e-07  0.00000000e+00  7.47813938e-07 -3.01578594e-04 
 1.86137870e-07  0.00000000e+00 -6.10508507e-07 -3.13551620e-04 
 1.86156068e-07  0.00000000e+00  7.24521014e-07 -3.74050218e-04 
 1.86172858e-07  0.00000000e+00 -5.87809479e-07 -3.50493143e-04 
 1.86191674e-07  0.00000000e+00  7.02763053e-07 -2.96112278e-04 
 1.86210285e-07  0.00000000e+00 -5.67738560e-07 -3.01574597e-04 
 1.86227119e-07  0.00000000e+00  6.82093745e-07 -3.13285673e-04 
 1.86245366e-07  0.00000000e+00 -5.47417472e-07 -3.73711781e-04 
 1.86262150e-07  0.00000000e+00  6.62324320e-07 -3.50856767e-04 
 1.86281052e-07  0.00000000e+00 -5.28479787e-07 -2.96115278e-04 
 1.86299682e-07  0.00000000e+00  6.44869717e-07 -3.01679187e-04 
 1.86316531e-07  0.00000000e+00 -5.10467898e-07 -3.13184135e-04 
 1.86334818e-07  0.00000000e+00  6.27171403e-07 -3.73856767e-04 
 1.86351597e-07  0.00000000e+00 -4.93236345e-07 -3.50619840e-04 
 1.86370518e-07  0.00000000e+00  6.10654815e-07 -2.96179105e-04 
 1.86389143e-07  0.00000000e+00 -4.78012826e-07 -3.01714618e-04 
 1.86405997e-07  0.00000000e+00  5.94939769e-07 -3.13209600e-04 
 1.86424284e-07  0.00000000e+00 -4.62570944e-07 -3.74029477e-04 
 1.86441058e-07  0.00000000e+00  5.79900954e-07 -3.50323987e-04 
 1.86459963e-07  0.00000000e+00 -4.48148455e-07 -2.96296951e-04 
 1.86478591e-07  0.00000000e+00  5.66610247e-07 -3.01706047e-04 
 1.86495438e-07  0.00000000e+00 -4.34430148e-07 -3.13251769e-04 
 1.86513726e-07  0.00000000e+00  5.53129586e-07 -3.74070605e-04 
 1.86530496e-07  0.00000000e+00 -4.21300778e-07 -3.50191584e-04 
 1.86549394e-07  0.00000000e+00  5.40535906e-07 -2.96321908e-04 
 1.86568029e-07  0.00000000e+00 -4.09697121e-07 -3.01804498e-04 
 1.86584871e-07  0.00000000e+00  5.28558898e-07 -3.13163114e-04 
 1.86603165e-07  0.00000000e+00 -3.97926126e-07 -3.74231089e-04 
 1.86619931e-07  0.00000000e+00  5.17094783e-07 -3.49928321e-04 
 1.86638828e-07  0.00000000e+00 -3.86925732e-07 -2.96494473e-04 
 1.86657468e-07  0.00000000e+00  5.06961738e-07 -3.01738973e-04 
 1.86674307e-07  0.00000000e+00 -3.76464330e-07 -3.13258882e-04 
 1.86692608e-07  0.00000000e+00  4.96680247e-07 -3.74206123e-04 
 1.86709370e-07  0.00000000e+00 -3.66449282e-07 -3.49861913e-04 
 1.86728263e-07  0.00000000e+00  4.87067443e-07 -2.96446803e-04 
 1.86746908e-07  0.00000000e+00 -3.57595315e-07 -3.01906755e-04 
 1.86763743e-07  0.00000000e+00  4.77925825e-07 -3.13107519e-04 
 1.86782050e-07  0.00000000e+00 -3.48609795e-07 -3.74442619e-04 
 1.86798809e-07  0.00000000e+00  4.69172590e-07 -3.49517829e-04 
 1.86817697e-07  0.00000000e+00 -3.40204673e-07 -2.96692290e-04 
 1.86836348e-07  0.00000000e+00  4.61432535e-07 -3.01767692e-04 
 1.86853179e-07  0.00000000e+00 -3.32211680e-07 -3.13277553e-04 
 1.86871492e-07  0.00000000e+00  4.53575610e-07 -3.74338240e-04 
 1.86888246e-07  0.00000000e+00 -3.24556668e-07 -3.49530584e-04 
 1.86907131e-07  0.00000000e+00  4.46222629e-07 -2.96570523e-04 
 1.86925787e-07  0.00000000e+00 -3.17786080e-07 -3.02010159e-04 
 1.86942614e-07  0.00000000e+00  4.39230025e-07 -3.13049803e-04 
 1.86960933e-07  0.00000000e+00 -3.10911452e-07 -3.74643279e-04 
 1.86977683e-07  0.00000000e+00  4.32531494e-07 -3.49117498e-04 
 1.86996564e-07  0.00000000e+00 -3.04474417e-07 -2.96890714e-04 
 1.87015226e-07  0.00000000e+00  4.26605239e-07 -3.01795993e-04 
 1.87032048e-07  0.00000000e+00 -2.98352522e-07 -3.13294911e-04 
 1.87050373e-07  0.00000000e+00  4.20586085e-07 -3.74458438e-04 
 1.87067120e-07  0.00000000e+00 -2.92486479e-07 -3.49210102e-04 
 1.87085997e-07  0.00000000e+00  4.14946917e-07 -2.96692127e-04 
 1.87104664e-07  0.00000000e+00 -2.87295064e-07 -3.02115230e-04 
 1.87121483e-07  0.00000000e+00  4.09583329e-07 -3.12990322e-04 
 1.87139814e-07  0.00000000e+00 -2.82020482e-07 -3.74835880e-04 
 1.87156557e-07  0.00000000e+00  4.04442273e-07 -3.48723638e-04 
 1.87175430e-07  0.00000000e+00 -2.77075927e-07 -2.97088690e-04 
 1.87194102e-07  0.00000000e+00  3.99890819e-07 -3.01824672e-04 
 1.87210916e-07  0.00000000e+00 -2.72372382e-07 -3.13311765e-04 
 1.87229253e-07  0.00000000e+00  3.95264668e-07 -3.74569951e-04 
 1.87245993e-07  0.00000000e+00 -2.67862362e-07 -3.48896475e-04 
 1.87264861e-07  0.00000000e+00  3.90925190e-07 -2.96812967e-04 
 1.87281672e-07  0.00000000e+00 -2.63650595e-07 -3.02906936e-04 
 1.87299315e-07  0.00000000e+00  3.86684850e-07 -3.11148146e-04 
 1.87316758e-07  0.00000000e+00 -2.59599854e-07 -3.69154347e-04 
 1.87333896e-07  0.00000000e+00  3.82682464e-07 -3.54399967e-04 
 1.87352834e-07  0.00000000e+00 -2.55850463e-07 -2.97244036e-04 
 1.87369734e-07  0.00000000e+00  3.79006047e-07 -3.02985900e-04 
 1.87387495e-07  0.00000000e+00 -2.52152899e-07 -3.09409619e-04 
 1.87405342e-07  0.00000000e+00  3.75502775e-07 -3.65997900e-04 
 1.87422606e-07  0.00000000e+00 -2.48690586e-07 -3.57480688e-04 
 1.87441921e-07  0.00000000e+00  3.72250946e-07 -2.96589919e-04 
 1.87460584e-07  0.00000000e+00 -2.45645744e-07 -3.02624100e-04 
 1.87477768e-07  0.00000000e+00  3.69100192e-07 -3.10773405e-04 
 1.87496517e-07  0.00000000e+00 -2.42577106e-07 -3.72196217e-04 
 1.87513439e-07  0.00000000e+00  3.66087819e-07 -3.52190300e-04 
 1.87532822e-07  0.00000000e+00 -2.39680832e-07 -2.95992927e-04 
 1.87551571e-07  0.00000000e+00  3.63410933e-07 -3.01961879e-04 
 1.87568530e-07  0.00000000e+00 -2.36885940e-07 -3.13229847e-04 
 1.87586985e-07  0.00000000e+00  3.60661906e-07 -3.75093055e-04 
 1.87603735e-07  0.00000000e+00 -2.34191397e-07 -3.48930501e-04 
 1.87622745e-07  0.00000000e+00  3.58067287e-07 -2.96235237e-04 
 1.87641270e-07  0.00000000e+00 -2.31790348e-07 -3.01826312e-04 
 1.87658182e-07  0.00000000e+00  3.55581482e-07 -3.13644665e-04 
 1.87676376e-07  0.00000000e+00 -2.29342601e-07 -3.75080740e-04 
 1.87693146e-07  0.00000000e+00  3.53186482e-07 -3.48805631e-04 
 1.87711984e-07  0.00000000e+00 -2.27042036e-07 -2.96569005e-04 
 1.87730578e-07  0.00000000e+00  3.51058929e-07 -3.01709574e-04 
 1.87747423e-07  0.00000000e+00 -2.24843996e-07 -3.13486995e-04 
 1.87765664e-07  0.00000000e+00  3.48892428e-07 -3.74555830e-04 
 1.87782426e-07  0.00000000e+00 -2.22727215e-07 -3.49420198e-04 
 1.87801354e-07  0.00000000e+00  3.46860342e-07 -2.96378601e-04 
 1.87819968e-07  0.00000000e+00 -2.20848772e-07 -3.02010690e-04 
 1.87836829e-07  0.00000000e+00  3.44915035e-07 -3.13160321e-04 
 1.87855113e-07  0.00000000e+00 -2.18931731e-07 -3.74887243e-04 
 1.87871869e-07  0.00000000e+00  3.43039903e-07 -3.48991312e-04 
 1.87890820e-07  0.00000000e+00 -2.17129685e-07 -2.96694179e-04 
 1.87909429e-07  0.00000000e+00  3.41373586e-07 -3.01768564e-04 
 1.87926296e-07  0.00000000e+00 -2.15402505e-07 -3.13474220e-04 
 1.87944580e-07  0.00000000e+00  3.39670916e-07 -3.74731308e-04 
 1.87961334e-07  0.00000000e+00 -2.13735736e-07 -3.49041812e-04 
 1.87980267e-07  0.00000000e+00  3.38067747e-07 -2.96474469e-04 
 1.87998879e-07  0.00000000e+00 -2.12252736e-07 -3.02101254e-04 
 1.88015739e-07  0.00000000e+00  3.36530245e-07 -3.13152296e-04 
 1.88034022e-07  0.00000000e+00 -2.10736171e-07 -3.75126781e-04 
 1.88050773e-07  0.00000000e+00  3.35045076e-07 -3.48544908e-04 
 1.88069698e-07  0.00000000e+00 -2.09306621e-07 -2.96904928e-04 
 1.88088317e-07  0.00000000e+00  3.33722315e-07 -3.01768252e-04 
 1.88105171e-07  0.00000000e+00 -2.07934533e-07 -3.13504408e-04 
 1.88123461e-07  0.00000000e+00  3.32368230e-07 -3.74803251e-04 
 1.88140209e-07  0.00000000e+00 -2.06607730e-07 -3.48790017e-04 
 1.88159132e-07  0.00000000e+00  3.31090136e-07 -2.96583073e-04 
 1.88177756e-07  0.00000000e+00 -2.05424688e-07 -3.02201032e-04 
 1.88194607e-07  0.00000000e+00  3.29862186e-07 -3.13079055e-04 
 1.88212904e-07  0.00000000e+00 -2.04212137e-07 -3.75287257e-04 
 1.88229648e-07  0.00000000e+00  3.28673332e-07 -3.48205657e-04 
 1.88248568e-07  0.00000000e+00 -2.03065914e-07 -2.97094575e-04 
 1.88267197e-07  0.00000000e+00  3.27611934e-07 -3.01784510e-04 
 1.88284044e-07  0.00000000e+00 -2.01963487e-07 -3.13521881e-04 
 1.88302347e-07  0.00000000e+00  3.26522660e-07 -3.74889386e-04 
 1.88319088e-07  0.00000000e+00 -2.00894716e-07 -3.48519077e-04 
 1.88338003e-07  0.00000000e+00  3.25491338e-07 -2.96693835e-04 
 1.88356637e-07  0.00000000e+00 -1.99939279e-07 -3.02295608e-04 
 1.88373480e-07  0.00000000e+00  3.24498228e-07 -3.13020017e-04 
 1.88391788e-07  0.00000000e+00 -1.98957358e-07 -3.75446851e-04 
 1.88408526e-07  0.00000000e+00  3.23534143e-07 -3.47861406e-04 
 1.88427437e-07  0.00000000e+00 -1.98026125e-07 -2.97281128e-04 
 1.88446077e-07  0.00000000e+00  3.22671008e-07 -3.01804661e-04 
 1.88462916e-07  0.00000000e+00 -1.97128284e-07 -3.13535624e-04 
 1.88481229e-07  0.00000000e+00  3.21782642e-07 -3.74970416e-04 
 1.88497964e-07  0.00000000e+00 -1.96255372e-07 -3.48252705e-04 
 1.88516871e-07  0.00000000e+00  3.20938654e-07 -2.96807002e-04 
 1.88535516e-07  0.00000000e+00 -1.95472633e-07 -3.02388713e-04 
 1.88552351e-07  0.00000000e+00  3.20123844e-07 -3.12961719e-04 
 1.88570670e-07  0.00000000e+00 -1.94665803e-07 -3.75595705e-04 
 1.88587402e-07  0.00000000e+00  3.19330374e-07 -3.47527135e-04 
 1.88606304e-07  0.00000000e+00 -1.93897844e-07 -2.97463158e-04 
 1.88624955e-07  0.00000000e+00  3.18617735e-07 -3.01829683e-04 
 1.88641785e-07  0.00000000e+00 -1.93155342e-07 -3.13545353e-04 
 1.88660110e-07  0.00000000e+00  3.17881952e-07 -3.75048934e-04 
 1.88676839e-07  0.00000000e+00 -1.92431114e-07 -3.47987312e-04 
 1.88695737e-07  0.00000000e+00  3.17180262e-07 -2.96921926e-04 
 1.88714393e-07  0.00000000e+00 -1.91779572e-07 -3.02480736e-04 
 1.88731220e-07  0.00000000e+00  3.16500815e-07 -3.12905349e-04 
 1.88749550e-07  0.00000000e+00 -1.91105687e-07 -3.75736697e-04 
 1.88766276e-07  0.00000000e+00  3.15836972e-07 -3.47198926e-04 
 1.88785169e-07  0.00000000e+00 -1.90461774e-07 -2.97641972e-04 
 1.88803831e-07  0.00000000e+00  3.15238671e-07 -3.01858722e-04 
 1.88820653e-07  0.00000000e+00 -1.89837278e-07 -3.13551856e-04 
 1.88838990e-07  0.00000000e+00  3.14618770e-07 -3.75124343e-04 
 1.88855713e-07  0.00000000e+00 -1.89226059e-07 -3.47723348e-04 
 1.88874601e-07  0.00000000e+00  3.14025230e-07 -2.97038293e-04 
 1.88893269e-07  0.00000000e+00 -1.88674178e-07 -3.02572369e-04 
 1.88910087e-07  0.00000000e+00  3.13448676e-07 -3.12850068e-04 
 1.88928429e-07  0.00000000e+00 -1.88101367e-07 -3.75870549e-04 
 1.88945150e-07  0.00000000e+00  3.12883344e-07 -3.46875942e-04 
 1.88964033e-07  0.00000000e+00 -1.87551744e-07 -2.97818265e-04 
 1.88982706e-07  0.00000000e+00  3.12371968e-07 -3.01891392e-04 
 1.88999520e-07  0.00000000e+00 -1.87016983e-07 -3.13555582e-04 
 1.89017867e-07  0.00000000e+00  3.11840206e-07 -3.75196683e-04 
 1.89034586e-07  0.00000000e+00 -1.86491691e-07 -3.47460466e-04 
 1.89053464e-07  0.00000000e+00  3.11328925e-07 -2.97155934e-04 
 1.89070273e-07  0.00000000e+00 -1.85989390e-07 -3.03467058e-04 
 1.89087918e-07  0.00000000e+00  3.10816981e-07 -3.11039511e-04 
 1.89105370e-07  0.00000000e+00 -1.85494152e-07 -3.70254877e-04 
 1.89122482e-07  0.00000000e+00  3.10320960e-07 -3.52764183e-04 
 1.89141432e-07  0.00000000e+00 -1.85023666e-07 -2.97651099e-04 
 1.89158337e-07  0.00000000e+00  3.09853846e-07 -3.03367247e-04 
 1.89176095e-07  0.00000000e+00 -1.84547722e-07 -3.09544014e-04 
 1.89193960e-07  0.00000000e+00  3.09396974e-07 -3.66850460e-04 
 1.89211180e-07  0.00000000e+00 -1.84089553e-07 -3.56251975e-04 
 1.89230518e-07  0.00000000e+00  3.08961113e-07 -2.96638584e-04 
 1.89249161e-07  0.00000000e+00 -1.83676255e-07 -3.03216818e-04 
 1.89266351e-07  0.00000000e+00  3.08527559e-07 -3.10576932e-04 
 1.89285113e-07  0.00000000e+00 -1.83248866e-07 -3.73157771e-04 
 1.89302000e-07  0.00000000e+00  3.08101323e-07 -3.50672539e-04 
 1.89321406e-07  0.00000000e+00 -1.82833765e-07 -2.96581456e-04 
 1.89340155e-07  0.00000000e+00  3.07712673e-07 -3.02064624e-04 
 1.89357116e-07  0.00000000e+00 -1.82422064e-07 -3.13410825e-04 
 1.89375587e-07  0.00000000e+00  3.07302328e-07 -3.75632382e-04 
 1.89392316e-07  0.00000000e+00 -1.82013387e-07 -3.47674300e-04 
 1.89411345e-07  0.00000000e+00  3.06903364e-07 -2.96568214e-04 
 1.89429868e-07  0.00000000e+00 -1.81638945e-07 -3.02199382e-04 
 1.89446783e-07  0.00000000e+00  3.06509827e-07 -3.13555064e-04 
 1.89464985e-07  0.00000000e+00 -1.81245935e-07 -3.75930921e-04 
 1.89481739e-07  0.00000000e+00  3.06118945e-07 -3.47228719e-04 
 1.89500584e-07  0.00000000e+00 -1.80864992e-07 -2.97180622e-04 
 1.89519178e-07  0.00000000e+00  3.05761434e-07 -3.01785085e-04 
 1.89536023e-07  0.00000000e+00 -1.80489923e-07 -3.13689277e-04 
 1.89554270e-07  0.00000000e+00  3.05386304e-07 -3.75100271e-04 
 1.89571016e-07  0.00000000e+00 -1.80117235e-07 -3.48181258e-04 
 1.89589950e-07  0.00000000e+00  3.05023184e-07 -2.96680407e-04 
 1.89608565e-07  0.00000000e+00 -1.79776469e-07 -3.02383719e-04 
 1.89625425e-07  0.00000000e+00  3.04664717e-07 -3.13062701e-04 
 1.89643717e-07  0.00000000e+00 -1.79417903e-07 -3.75698109e-04 
 1.89660457e-07  0.00000000e+00  3.04307948e-07 -3.47497715e-04 
 1.89679416e-07  0.00000000e+00 -1.79069838e-07 -2.97279209e-04 
 1.89698025e-07  0.00000000e+00  3.03981099e-07 -3.01853300e-04 
 1.89714892e-07  0.00000000e+00 -1.78725592e-07 -3.13658196e-04 
 1.89733184e-07  0.00000000e+00  3.03636560e-07 -3.75241471e-04 
 1.89749921e-07  0.00000000e+00 -1.78382411e-07 -3.47849313e-04 
 1.89768862e-07  0.00000000e+00  3.03301383e-07 -2.96778514e-04 
 1.89787475e-07  0.00000000e+00 -1.78067472e-07 -3.02457106e-04 
 1.89804334e-07  0.00000000e+00  3.02969526e-07 -3.13063029e-04 
 1.89822625e-07  0.00000000e+00 -1.77735092e-07 -3.75890907e-04 
 1.89839361e-07  0.00000000e+00  3.02638266e-07 -3.47106099e-04 
 1.89858293e-07  0.00000000e+00 -1.77411289e-07 -2.97470375e-04 
 1.89876912e-07  0.00000000e+00  3.02333869e-07 -3.01856276e-04 
 1.89893766e-07  0.00000000e+00 -1.77090341e-07 -3.13677034e-04 
 1.89912064e-07  0.00000000e+00  3.02012224e-07 -3.75288762e-04 
 1.89928796e-07  0.00000000e+00 -1.76769591e-07 -3.47634525e-04 
 1.89947726e-07  0.00000000e+00  3.01698426e-07 -2.96885032e-04 
 1.89966351e-07  0.00000000e+00 -1.76474496e-07 -3.02542927e-04 
 1.89983202e-07  0.00000000e+00  3.01387088e-07 -3.12995942e-04 
 1.90000000e-07  0.00000000e+00 -1.76148956e-07 -3.72398064e-04 
 1.90001830e-07  2.19645542e-02  6.21710372e-08 -3.47138303e-04 
 1.90005491e-07  6.58936625e-02  6.28964524e-08 -3.51723941e-04 
 1.90012813e-07  1.53751879e-01  6.21841726e-08 -3.39937764e-04 
 1.90027456e-07  3.29468313e-01  6.28904425e-08 -2.79884277e-04 
 1.90041650e-07  4.99795001e-01  6.21877789e-08 -2.81161483e-04 
 1.90058424e-07  7.01088549e-01  6.28866336e-08 -2.84291399e-04 
 1.90075252e-07  9.03023473e-01  6.21907022e-08 -3.41522751e-04 
 1.90087626e-07  1.05151174e+00  6.28829723e-08 -3.96130236e-04 
 1.90100000e-07  1.20000000e+00  6.21946630e-08 -4.41297420e-04 
 1.90101967e-07  1.20000000e+00  6.25349532e-08 -4.48486675e-04 
 1.90105900e-07  1.20000000e+00  6.25404011e-08 -4.32539848e-04 
 1.90113766e-07  1.20000000e+00  6.25353787e-08 -3.89193483e-04 
 1.90126932e-07  1.20000000e+00  6.25401750e-08 -3.51434667e-04 
 1.90141308e-07  1.20000000e+00  6.25355237e-08 -3.62440332e-04 
 1.90156179e-07  1.20000000e+00  6.25400445e-08 -3.95117125e-04 
 1.90172892e-07  1.20000000e+00  6.25356377e-08 -4.35083642e-04 
 1.90189330e-07  1.20000000e+00  6.25399188e-08 -4.74569659e-04 
 1.90205754e-07  1.20000000e+00  6.25357296e-08 -3.86754375e-04 
 1.90223647e-07  1.20000000e+00  6.25398300e-08 -3.62601282e-04 
 1.90240800e-07  1.20000000e+00  6.25358405e-08 -3.81539224e-04 
 1.90257965e-07  1.20000000e+00  6.25397544e-08 -4.25198914e-04 
 1.90275669e-07  1.20000000e+00  6.25359278e-08 -4.74322901e-04 
 1.90293248e-07  1.20000000e+00  6.25396487e-08 -4.03603843e-04 
 1.90310798e-07  1.20000000e+00  6.25360073e-08 -3.55101205e-04 
 1.90328276e-07  1.20000000e+00  6.25395726e-08 -3.84732347e-04 
 1.90345511e-07  1.20000000e+00  6.25360967e-08 -4.12320464e-04 
 1.90362892e-07  1.20000000e+00  6.25394950e-08 -4.80970779e-04 
 1.90380276e-07  1.20000000e+00  6.25361664e-08 -4.10744726e-04 
 1.90397737e-07  1.20000000e+00  6.25394158e-08 -3.60128428e-04 
 1.90415510e-07  1.20000000e+00  6.25362345e-08 -3.75503317e-04 
 1.90432631e-07  1.20000000e+00  6.25393471e-08 -4.11484600e-04 
 1.90449930e-07  1.20000000e+00  6.25363019e-08 -4.72495312e-04 
 1.90467058e-07  1.20000000e+00  6.25392825e-08 -4.31264363e-04 
 1.90484618e-07  1.20000000e+00  6.25363727e-08 -3.54378566e-04 
 1.90501196e-07  1.20000000e+00  6.25392276e-08 -3.77141340e-04 
 1.90518633e-07  1.20000000e+00  6.25364288e-08 -3.98346356e-04 
 1.90535513e-07  1.20000000e+00  6.25391566e-08 -4.66521903e-04 
 1.90552679e-07  1.20000000e+00  6.25364960e-08 -4.46196524e-04 
 1.90571001e-07  1.20000000e+00  6.25391058e-08 -3.62128888e-04 
 1.90588336e-07  1.20000000e+00  6.25365305e-08 -3.68946107e-04 
 1.90605672e-07  1.20000000e+00  6.25390533e-08 -3.99285285e-04 
 1.90623655e-07  1.20000000e+00  6.25365946e-08 -4.55596462e-04 
 1.90640811e-07  1.20000000e+00  6.25390010e-08 -4.58380314e-04 
 1.90657633e-07  1.20000000e+00  6.25366405e-08 -3.64312652e-04 
 1.90675404e-07  1.20000000e+00  6.25389600e-08 -3.70758544e-04 
 1.90692208e-07  1.20000000e+00  6.25366889e-08 -3.89160795e-04 
 1.90710170e-07  1.20000000e+00  6.25389140e-08 -4.48802832e-04 
 1.90728205e-07  1.20000000e+00  6.25367292e-08 -4.61651625e-04 
 1.90745154e-07  1.20000000e+00  6.25388710e-08 -3.76205272e-04 
 1.90763076e-07  1.20000000e+00  6.25367681e-08 -3.62832927e-04 
 1.90780562e-07  1.20000000e+00  6.25388328e-08 -3.92228359e-04 
 1.90797877e-07  1.20000000e+00  6.25368060e-08 -4.37046698e-04 
 1.90816409e-07  1.20000000e+00  6.25387933e-08 -4.70511323e-04 
 1.90834817e-07  1.20000000e+00  6.25368376e-08 -3.69455311e-04 
 1.90852344e-07  1.20000000e+00  6.25387616e-08 -3.67924251e-04 
 1.90870575e-07  1.20000000e+00  6.25368745e-08 -3.87920430e-04 
 1.90887467e-07  1.20000000e+00  6.25387305e-08 -4.43383162e-04 
 1.90906364e-07  1.20000000e+00  6.25369089e-08 -4.63742831e-04 
 1.90924666e-07  1.20000000e+00  6.25386930e-08 -3.72326173e-04 
 1.90942269e-07  1.20000000e+00  6.25369375e-08 -3.63909143e-04 
 1.90960607e-07  1.20000000e+00  6.25386774e-08 -3.93773626e-04 
 1.90977481e-07  1.20000000e+00  6.25369655e-08 -4.42094771e-04 
 1.90996635e-07  1.20000000e+00  6.25386423e-08 -4.64950722e-04 
 1.91015114e-07  1.20000000e+00  6.25369909e-08 -3.63791198e-04 
 1.91032631e-07  1.20000000e+00  6.25386155e-08 -3.69821643e-04 
 1.91050918e-07  1.20000000e+00  6.25370180e-08 -3.91112762e-04 
 1.91067881e-07  1.20000000e+00  6.25385961e-08 -4.51399305e-04 
 1.91086481e-07  1.20000000e+00  6.25370382e-08 -4.58069071e-04 
 1.91105454e-07  1.20000000e+00  6.25385652e-08 -3.64931923e-04 
 1.91122576e-07  1.20000000e+00  6.25370628e-08 -3.66053189e-04 
 1.91140872e-07  1.20000000e+00  6.25385485e-08 -3.96861787e-04 
 1.91157860e-07  1.20000000e+00  6.25370856e-08 -4.49510115e-04 
 1.91176053e-07  1.20000000e+00  6.25385282e-08 -4.61726820e-04 
 1.91193053e-07  1.20000000e+00  6.25371077e-08 -3.67232917e-04 
 1.91210901e-07  1.20000000e+00  6.25385031e-08 -3.67937926e-04 
 1.91228174e-07  1.20000000e+00  6.25371219e-08 -3.89954031e-04 
 1.91245672e-07  1.20000000e+00  6.25384850e-08 -4.46928587e-04 
 1.91264155e-07  1.20000000e+00  6.25371411e-08 -4.62670519e-04 
 1.91283096e-07  1.20000000e+00  6.25384595e-08 -3.67602471e-04 
 1.91300299e-07  1.20000000e+00  6.25371679e-08 -3.64587157e-04 
 1.91318800e-07  1.20000000e+00  6.25384601e-08 -3.95044569e-04 
 1.91335593e-07  1.20000000e+00  6.25371729e-08 -4.46063335e-04 
 1.91354309e-07  1.20000000e+00  6.25384288e-08 -4.63520108e-04 
 1.91373225e-07  1.20000000e+00  6.25371948e-08 -3.61622198e-04 
 1.91390405e-07  1.20000000e+00  6.25384279e-08 -3.68873395e-04 
 1.91408778e-07  1.20000000e+00  6.25372027e-08 -3.93039222e-04 
 1.91425681e-07  1.20000000e+00  6.25383977e-08 -4.52596237e-04 
 1.91444001e-07  1.20000000e+00  6.25372144e-08 -4.58797895e-04 
 1.91461020e-07  1.20000000e+00  6.25383837e-08 -3.71279378e-04 
 1.91478902e-07  1.20000000e+00  6.25372361e-08 -3.63228094e-04 
 1.91496251e-07  1.20000000e+00  6.25383873e-08 -3.94143016e-04 
 1.91513669e-07  1.20000000e+00  6.25372592e-08 -4.43176675e-04 
 1.91532197e-07  1.20000000e+00  6.25383707e-08 -4.66791206e-04 
 1.91551117e-07  1.20000000e+00  6.25372505e-08 -3.63915909e-04 
 1.91568370e-07  1.20000000e+00  6.25383484e-08 -3.67519066e-04 
 1.91586883e-07  1.20000000e+00  6.25372766e-08 -3.91813312e-04 
 1.91603658e-07  1.20000000e+00  6.25383554e-08 -4.50000374e-04 
 1.91622357e-07  1.20000000e+00  6.25372875e-08 -4.60219913e-04 
 1.91641296e-07  1.20000000e+00  6.25383303e-08 -3.65087512e-04 
 1.91658476e-07  1.20000000e+00  6.25372859e-08 -3.64548629e-04 
 1.91676867e-07  1.20000000e+00  6.25383220e-08 -3.97062930e-04 
 1.91693738e-07  1.20000000e+00  6.25372948e-08 -4.49197175e-04 
 1.91712038e-07  1.20000000e+00  6.25383125e-08 -4.62783764e-04 
 1.91729046e-07  1.20000000e+00  6.25373164e-08 -3.67818847e-04 
 1.91746939e-07  1.20000000e+00  6.25383133e-08 -3.65962474e-04 
 1.91764295e-07  1.20000000e+00  6.25373286e-08 -3.90939788e-04 
 1.91781677e-07  1.20000000e+00  6.25382971e-08 -4.46708583e-04 
 1.91800192e-07  1.20000000e+00  6.25373244e-08 -4.63748977e-04 
 1.91819120e-07  1.20000000e+00  6.25382891e-08 -3.67595314e-04 
 1.91836410e-07  1.20000000e+00  6.25373275e-08 -3.63248425e-04 
 1.91854939e-07  1.20000000e+00  6.25382791e-08 -3.95614274e-04 
 1.91871695e-07  1.20000000e+00  6.25373420e-08 -4.46665672e-04 
 1.91890391e-07  1.20000000e+00  6.25382780e-08 -4.64045257e-04 
 1.91909342e-07  1.20000000e+00  6.25373537e-08 -3.61689360e-04 
 1.91926540e-07  1.20000000e+00  6.25382658e-08 -3.67239685e-04 
 1.91944944e-07  1.20000000e+00  6.25373492e-08 -3.94007406e-04 
 1.91961786e-07  1.20000000e+00  6.25382563e-08 -4.52708028e-04 
 1.91980077e-07  1.20000000e+00  6.25373609e-08 -4.59792752e-04 
 1.91997086e-07  1.20000000e+00  6.25382628e-08 -3.71328730e-04 
 1.92014996e-07  1.20000000e+00  6.25373718e-08 -3.61854295e-04 
 1.92032358e-07  1.20000000e+00  6.25382435e-08 -3.94564470e-04 
 1.92049706e-07  1.20000000e+00  6.25373772e-08 -4.43482318e-04 
 1.92068205e-07  1.20000000e+00  6.25382607e-08 -4.67392703e-04 
 1.92087142e-07  1.20000000e+00  6.25373910e-08 -3.64546088e-04 
 1.92104482e-07  1.20000000e+00  6.25382329e-08 -3.65782713e-04 
 1.92123010e-07  1.20000000e+00  6.25373723e-08 -3.92663140e-04 
 1.92139761e-07  1.20000000e+00  6.25382263e-08 -4.50138857e-04 
 1.92158439e-07  1.20000000e+00  6.25373770e-08 -4.61082061e-04 
 1.92177412e-07  1.20000000e+00  6.25382226e-08 -3.64994549e-04 
 1.92194629e-07  1.20000000e+00  6.25373986e-08 -3.63331471e-04 
 1.92213036e-07  1.20000000e+00  6.25382337e-08 -3.97538487e-04 
 1.92229858e-07  1.20000000e+00  6.25373968e-08 -4.49702878e-04 
 1.92248129e-07  1.20000000e+00  6.25382255e-08 -4.63282020e-04 
 1.92265145e-07  1.20000000e+00  6.25374068e-08 -3.68334863e-04 
 1.92283076e-07  1.20000000e+00  6.25382122e-08 -3.64314653e-04 
 1.92300435e-07  1.20000000e+00  6.25374002e-08 -3.91640931e-04 
 1.92317754e-07  1.20000000e+00  6.25382162e-08 -4.46804687e-04 
 1.92336229e-07  1.20000000e+00  6.25374182e-08 -4.64476979e-04 
 1.92355182e-07  1.20000000e+00  6.25382079e-08 -3.68019992e-04 
 1.92372580e-07  1.20000000e+00  6.25374139e-08 -3.61919942e-04 
 1.92391096e-07  1.20000000e+00  6.25382034e-08 -3.96093564e-04 
 1.92407852e-07  1.20000000e+00  6.25374140e-08 -4.47299707e-04 
 1.92426500e-07  1.20000000e+00  6.25382079e-08 -4.64401916e-04 
 1.92445504e-07  1.20000000e+00  6.25374236e-08 -3.61996128e-04 
 1.92462745e-07  1.20000000e+00  6.25382007e-08 -3.65794847e-04 
 1.92481144e-07  1.20000000e+00  6.25374165e-08 -3.94715172e-04 
 1.92497955e-07  1.20000000e+00  6.25381871e-08 -4.53082603e-04 
 1.92516195e-07  1.20000000e+00  6.25374283e-08 -4.60387059e-04 
 1.92533229e-07  1.20000000e+00  6.25382004e-08 -3.71649013e-04 
 1.92551183e-07  1.20000000e+00  6.25374324e-08 -3.60561566e-04 
 1.92568532e-07  1.20000000e+00  6.25381870e-08 -3.94919325e-04 
 1.92585830e-07  1.20000000e+00  6.25374351e-08 -4.43989665e-04 
 1.92604267e-07  1.20000000e+00  6.25381923e-08 -4.67663944e-04 
 1.92623243e-07  1.20000000e+00  6.25374273e-08 -3.65361059e-04 
 1.92640712e-07  1.20000000e+00  6.25381807e-08 -3.64264667e-04 
 1.92659200e-07  1.20000000e+00  6.25374333e-08 -3.93343052e-04 
 1.92675977e-07  1.20000000e+00  6.25381846e-08 -4.50698065e-04 
 1.92694580e-07  1.20000000e+00  6.25374392e-08 -4.61498162e-04 
 1.92713624e-07  1.20000000e+00  6.25381794e-08 -3.65146938e-04 
 1.92730893e-07  1.20000000e+00  6.25374393e-08 -3.62198583e-04 
 1.92749275e-07  1.20000000e+00  6.25381732e-08 -3.97944829e-04 
 1.92766085e-07  1.20000000e+00  6.25374389e-08 -4.50495447e-04 
 1.92784282e-07  1.20000000e+00  6.25381866e-08 -4.63434325e-04 
 1.92801341e-07  1.20000000e+00  6.25374519e-08 -3.68957656e-04 
 1.92819324e-07  1.20000000e+00  6.25381735e-08 -3.62866815e-04 
 1.92836652e-07  1.20000000e+00  6.25374466e-08 -3.92166339e-04 
 1.92853939e-07  1.20000000e+00  6.25381711e-08 -4.47257202e-04 
 1.92872323e-07  1.20000000e+00  6.25374436e-08 -4.64773692e-04 
 1.92891333e-07  1.20000000e+00  6.25381661e-08 -3.68698586e-04 
 1.92908880e-07  1.20000000e+00  6.25374399e-08 -3.60702403e-04 
 1.92927328e-07  1.20000000e+00  6.25381607e-08 -3.96503917e-04 
 1.92944140e-07  1.20000000e+00  6.25374598e-08 -4.48286270e-04 
 1.92962680e-07  1.20000000e+00  6.25381722e-08 -4.64395693e-04 
 1.92981777e-07  1.20000000e+00  6.25374555e-08 -3.62430207e-04 
 1.92999076e-07  1.20000000e+00  6.25381644e-08 -3.64517720e-04 
 1.93017433e-07  1.20000000e+00  6.25374492e-08 -3.95289564e-04 
 1.93034251e-07  1.20000000e+00  6.25381649e-08 -4.53865116e-04 
 1.93052393e-07  1.20000000e+00  6.25374599e-08 -4.60529761e-04 
 1.93069486e-07  1.20000000e+00  6.25381732e-08 -3.72102976e-04 
 1.93087502e-07  1.20000000e+00  6.25374657e-08 -3.59403256e-04 
 1.93104802e-07  1.20000000e+00  6.25381583e-08 -3.95190745e-04 
 1.93122087e-07  1.20000000e+00  6.25374538e-08 -4.44845136e-04 
 1.93140403e-07  1.20000000e+00  6.25381659e-08 -4.67552191e-04 
 1.93159458e-07  1.20000000e+00  6.25374594e-08 -3.66284599e-04 
 1.93177088e-07  1.20000000e+00  6.25381558e-08 -3.62934305e-04 
 1.93195484e-07  1.20000000e+00  6.25374608e-08 -3.93909930e-04 
 1.93212344e-07  1.20000000e+00  6.25381615e-08 -4.51711277e-04 
 1.93230806e-07  1.20000000e+00  6.25374739e-08 -4.61474941e-04 
 1.93249965e-07  1.20000000e+00  6.25381655e-08 -3.65437193e-04 
 1.93267297e-07  1.20000000e+00  6.25374689e-08 -3.61185306e-04 
 1.93285618e-07  1.20000000e+00  6.25381536e-08 -3.98291764e-04 
 1.93302456e-07  1.20000000e+00  6.25374562e-08 -4.51667593e-04 
 1.93320530e-07  1.20000000e+00  6.25381402e-08 -4.63167965e-04 
 1.93337668e-07  1.20000000e+00  6.25374636e-08 -3.69614205e-04 
 1.93355720e-07  1.20000000e+00  6.25381604e-08 -3.61610708e-04 
 1.93372985e-07  1.20000000e+00  6.25374683e-08 -3.92584470e-04 
 1.93390278e-07  1.20000000e+00  6.25381463e-08 -4.48142848e-04 
 1.93408511e-07  1.20000000e+00  6.25374648e-08 -4.64637252e-04 
 1.93427622e-07  1.20000000e+00  6.25381634e-08 -3.69434870e-04 
 1.93445339e-07  1.20000000e+00  6.25374782e-08 -3.59652540e-04 
 1.93463674e-07  1.20000000e+00  6.25381501e-08 -3.96855527e-04 
 1.93480595e-07  1.20000000e+00  6.25374704e-08 -4.49708497e-04 
 1.93498962e-07  1.20000000e+00  6.25381537e-08 -4.63974821e-04 
 1.93518131e-07  1.20000000e+00  6.25374722e-08 -3.63157563e-04 
 1.93535523e-07  1.20000000e+00  6.25381488e-08 -3.63328097e-04 
 1.93553773e-07  1.20000000e+00  6.25374652e-08 -3.95699922e-04 
 1.93570654e-07  1.20000000e+00  6.25381352e-08 -4.54857585e-04 
 1.93588654e-07  1.20000000e+00  6.25374687e-08 -4.60366587e-04 
 1.93607746e-07  1.20000000e+00  6.25381467e-08 -3.65173697e-04 
 1.93624943e-07  1.20000000e+00  6.25374717e-08 -3.60665795e-04 
 1.93643088e-07  1.20000000e+00  6.25381456e-08 -3.98091321e-04 
 1.93659971e-07  1.20000000e+00  6.25374750e-08 -4.51967535e-04 
 1.93677874e-07  1.20000000e+00  6.25381446e-08 -4.63529330e-04 
 1.93695073e-07  1.20000000e+00  6.25374792e-08 -3.71107504e-04 
 1.93713227e-07  1.20000000e+00  6.25381466e-08 -3.60395181e-04 
 1.93730458e-07  1.20000000e+00  6.25374761e-08 -3.92631319e-04 
 1.93747773e-07  1.20000000e+00  6.25381526e-08 -4.48001965e-04 
 1.93765993e-07  1.20000000e+00  6.25374862e-08 -4.64814482e-04 
 1.93785115e-07  1.20000000e+00  6.25381400e-08 -3.70272784e-04 
 1.93803088e-07  1.20000000e+00  6.25374691e-08 -3.59075518e-04 
 1.93821311e-07  1.20000000e+00  6.25381468e-08 -3.96927647e-04 
 1.93838365e-07  1.20000000e+00  6.25374788e-08 -4.51038821e-04 
 1.93856620e-07  1.20000000e+00  6.25381359e-08 -4.63258418e-04 
 1.93875795e-07  1.20000000e+00  6.25374779e-08 -3.63823149e-04 
 1.93893281e-07  1.20000000e+00  6.25381421e-08 -3.62478751e-04 
 1.93911418e-07  1.20000000e+00  6.25375010e-08 -3.96119533e-04 
 1.93928371e-07  1.20000000e+00  6.25381426e-08 -4.55548371e-04 
 1.93946250e-07  1.20000000e+00  6.25374371e-08 -4.60228912e-04 
 1.93965355e-07  1.20000000e+00  6.25382198e-08 -3.65687520e-04 
 1.93982635e-07  1.20000000e+00  6.25373464e-08 -3.60134353e-04 
 1.94000693e-07  1.20000000e+00  6.25382364e-08 -3.97967812e-04 
 1.94017630e-07  1.20000000e+00  6.25377261e-08 -4.52842537e-04 
 1.94035443e-07  1.20000000e+00  6.25372044e-08 -4.63027535e-04 
 1.94054633e-07  1.20000000e+00  6.25391111e-08 -3.64211636e-04 
 1.94071952e-07  1.20000000e+00  6.25364462e-08 -3.61797175e-04 
 1.94090046e-07  1.20000000e+00  6.25366975e-08 -3.95780666e-04 
 1.94106987e-07  1.20000000e+00  6.25475168e-08 -4.54640434e-04 
 1.94124837e-07  1.20000000e+00  6.25173163e-08 -4.61154618e-04 
 1.94144041e-07  1.20000000e+00  6.25616827e-08 -3.66407823e-04 
 1.94161428e-07  1.20000000e+00  6.25289493e-08 -3.59646581e-04 
 1.94179512e-07  1.20000000e+00  6.24658836e-08 -3.97846183e-04 
 1.94196477e-07  1.20000000e+00  6.27882152e-08 -4.52985534e-04 
 1.94214314e-07  1.20000000e+00  6.22345867e-08 -4.62932914e-04 
 1.94233510e-07  1.20000000e+00  6.27401433e-08 -3.64507946e-04 
 1.94250922e-07  1.20000000e+00  6.28003988e-08 -3.61439194e-04 
 1.94268976e-07  1.20000000e+00  5.98107168e-08 -3.96035976e-04 
 1.94285961e-07  1.20000000e+00  6.74002826e-08 -4.55141729e-04 
 1.94303764e-07  1.20000000e+00  6.14249089e-08 -4.60954193e-04 
 1.94322962e-07  1.20000000e+00  6.46510485e-08 -3.66469237e-04 
 1.94340394e-07  1.20000000e+00  7.78635985e-08 -3.59436700e-04 
 1.94358424e-07  1.20000000e+00 -2.54850560e-08 -3.97925780e-04 
 1.94375427e-07  1.20000000e+00  8.48186491e-08 -4.53500008e-04 
 1.94393203e-07  1.20000000e+00  1.33111524e-07 -4.62708321e-04 
 1.94412405e-07  1.20000000e+00  2.77878624e-07 -3.64791461e-04 
 1.94429866e-07  1.20000000e+00  1.02723549e-06 -3.61087359e-04 
 1.94447873e-07  1.20000000e+00 -2.01064961e-06 -3.96174866e-04 
 1.94464896e-07  1.20000000e+00 -3.60163367e-06 -4.55477705e-04 
 1.94482648e-07  1.20000000e+00 -2.26953604e-06 -4.60851395e-04 
 1.94501854e-07  1.20000000e+00  8.81273190e-06 -3.66686139e-04 
 1.94519343e-07  1.20000000e+00  5.78635444e-05 -3.59218917e-04 
 1.94537326e-07  1.20000000e+00  1.53928627e-05 -3.97906623e-04 
 1.94554370e-07  1.20000000e+00 -1.65223580e-04 -4.53924373e-04 
 1.94572097e-07  1.20000000e+00 -4.29024014e-04 -4.62398369e-04 
 1.94591305e-07  1.20000000e+00 -2.99897576e-04 -3.65278349e-04 
 1.94608823e-07  1.20000000e+00  2.20500558e-03 -3.61887898e-04 
 1.94626781e-07  1.20000000e+00  5.18267460e-03 -3.96179833e-04 
 1.94643846e-07  1.20000000e+00  1.02561166e-03 -4.53342359e-04 
 1.94661538e-07  1.20000000e+00 -1.95873997e-02 -4.53232748e-04 
 1.94680754e-07  1.20000000e+00 -4.70096569e-02 -3.60437153e-04 
 1.94695647e-07  1.20000000e+00 -1.57985805e-02 -3.94702007e-04 
 1.94711917e-07  1.20000000e+00  1.09081427e-01 -4.58591043e-04 
 1.94728883e-07  1.20000000e+00  2.82729312e-01 -4.84273653e-04 
 1.94744164e-07  1.20000000e+00  4.38911687e-01 -4.98026414e-04 
 1.94762722e-07  1.20000000e+00  6.18461827e-01 -4.14140744e-04 
 1.94779801e-07  1.20000000e+00  7.67620196e-01 -3.45320700e-04 
 1.94798082e-07  1.20000000e+00  9.01857093e-01 -3.94885627e-04 
 1.94815727e-07  1.20000000e+00  1.00153465e+00 -4.14362454e-04 
 1.94833906e-07  1.20000000e+00  1.07433190e+00 -4.25296624e-04 
 1.94851095e-07  1.20000000e+00  1.12029403e+00 -3.40136501e-04 
 1.94869105e-07  1.20000000e+00  1.15133990e+00 -2.69271956e-04 
 1.94886601e-07  1.20000000e+00  1.17014074e+00 -3.26124542e-04 
 1.94904656e-07  1.20000000e+00  1.18208317e+00 -3.65097098e-04 
 1.94922408e-07  1.20000000e+00  1.18918841e+00 -3.89638388e-04 
 1.94939333e-07  1.20000000e+00  1.19333059e+00 -3.25154398e-04 
 1.94957282e-07  1.20000000e+00  1.19601154e+00 -2.52443999e-04 
 1.94974590e-07  1.20000000e+00  1.19757317e+00 -3.12571055e-04 
 1.94992537e-07  1.20000000e+00  1.19854940e+00 -3.55718667e-04 
 1.95010032e-07  1.20000000e+00  1.19912390e+00 -3.88026179e-04 
 1.95026599e-07  1.20000000e+00  1.19945353e+00 -3.34994595e-04 
 1.95044527e-07  1.20000000e+00  1.19967517e+00 -2.51906129e-04 
 1.95061561e-07  1.20000000e+00  1.19979929e+00 -2.99985950e-04 
 1.95079288e-07  1.20000000e+00  1.19988082e+00 -3.52395297e-04 
 1.95096464e-07  1.20000000e+00  1.19992579e+00 -3.85694570e-04 
 1.95112624e-07  1.20000000e+00  1.19995462e+00 -3.54923009e-04 
 1.95130768e-07  1.20000000e+00  1.19997173e+00 -2.54169190e-04 
 1.95147644e-07  1.20000000e+00  1.19998382e+00 -2.86713185e-04 
 1.95165054e-07  1.20000000e+00  1.19998890e+00 -3.45917850e-04 
 1.95182057e-07  1.20000000e+00  1.19999436e+00 -3.81505259e-04 
 1.95198150e-07  1.20000000e+00  1.19999519e+00 -3.69964738e-04 
 1.95214648e-07  1.20000000e+00  1.19999812e+00 -2.77012535e-04 
 1.95232437e-07  1.20000000e+00  1.19999771e+00 -2.67475819e-04 
 1.95248982e-07  1.20000000e+00  1.19999963e+00 -3.35241388e-04 
 1.95266406e-07  1.20000000e+00  1.19999866e+00 -3.68649283e-04 
 1.95284577e-07  1.20000000e+00  1.20000019e+00 -3.79711721e-04 
 1.95303594e-07  1.20000000e+00  1.19999906e+00 -2.78129736e-04 
 1.95322226e-07  1.20000000e+00  1.20000038e+00 -2.68860586e-04 
 1.95340414e-07  1.20000000e+00  1.19999921e+00 -3.40101018e-04 
 1.95357826e-07  1.20000000e+00  1.20000042e+00 -3.74135873e-04 
 1.95378081e-07  1.20000000e+00  1.19999928e+00 -3.68652645e-04 
 1.95396449e-07  1.20000000e+00  1.20000042e+00 -2.62720500e-04 
 1.95415277e-07  1.20000000e+00  1.19999932e+00 -2.82502831e-04 
 1.95432758e-07  1.20000000e+00  1.20000041e+00 -3.45507996e-04 
 1.95450219e-07  1.20000000e+00  1.19999935e+00 -3.81110245e-04 
 1.95467006e-07  1.20000000e+00  1.20000038e+00 -3.67933120e-04 
 1.95483841e-07  1.20000000e+00  1.19999938e+00 -2.72314620e-04 
 1.95501736e-07  1.20000000e+00  1.20000036e+00 -2.71702549e-04 
 1.95518392e-07  1.20000000e+00  1.19999940e+00 -3.37773739e-04 
 1.95535848e-07  1.20000000e+00  1.20000034e+00 -3.72469556e-04 
 1.95554098e-07  1.20000000e+00  1.19999942e+00 -3.75449581e-04 
 1.95573289e-07  1.20000000e+00  1.20000032e+00 -2.71694140e-04 
 1.95591683e-07  1.20000000e+00  1.19999944e+00 -2.73150014e-04 
 1.95609589e-07  1.20000000e+00  1.20000030e+00 -3.42119351e-04 
 1.95626974e-07  1.20000000e+00  1.19999946e+00 -3.76248028e-04 
 1.95644825e-07  1.20000000e+00  1.20000028e+00 -3.71812487e-04 
 1.95663959e-07  1.20000000e+00  1.19999948e+00 -2.65838524e-04 
 1.95681715e-07  1.20000000e+00  1.20000026e+00 -2.76530998e-04 
 1.95699472e-07  1.20000000e+00  1.19999950e+00 -3.42186884e-04 
 1.95716684e-07  1.20000000e+00  1.20000025e+00 -3.77664397e-04 
 1.95734193e-07  1.20000000e+00  1.19999951e+00 -3.70981863e-04 
 1.95753325e-07  1.20000000e+00  1.20000023e+00 -2.67087082e-04 
 1.95770935e-07  1.20000000e+00  1.19999953e+00 -2.75057055e-04 
 1.95788680e-07  1.20000000e+00  1.20000021e+00 -3.42325090e-04 
 1.95805870e-07  1.20000000e+00  1.19999954e+00 -3.76429107e-04 
 1.95823427e-07  1.20000000e+00  1.20000020e+00 -3.72177751e-04 
 1.95842609e-07  1.20000000e+00  1.19999956e+00 -2.67320647e-04 
 1.95860368e-07  1.20000000e+00  1.20000019e+00 -2.75391487e-04 
 1.95878109e-07  1.20000000e+00  1.19999957e+00 -3.41737072e-04 
 1.95895361e-07  1.20000000e+00  1.20000017e+00 -3.77063090e-04 
 1.95912955e-07  1.20000000e+00  1.19999958e+00 -3.71359031e-04 
 1.95932123e-07  1.20000000e+00  1.20000016e+00 -2.67680937e-04 
 1.95949931e-07  1.20000000e+00  1.19999960e+00 -2.75258857e-04 
 1.95967637e-07  1.20000000e+00  1.20000015e+00 -3.42306797e-04 
 1.95984916e-07  1.20000000e+00  1.19999961e+00 -3.76923812e-04 
 1.96002480e-07  1.20000000e+00  1.20000014e+00 -3.71392092e-04 
 1.96021629e-07  1.20000000e+00  1.19999962e+00 -2.67227226e-04 
 1.96039443e-07  1.20000000e+00  1.20000013e+00 -2.75818904e-04 
 1.96057116e-07  1.20000000e+00  1.19999963e+00 -3.41947819e-04 
 1.96074412e-07  1.20000000e+00  1.20000012e+00 -3.77429567e-04 
 1.96091955e-07  1.20000000e+00  1.19999964e+00 -3.70815593e-04 
 1.96111097e-07  1.20000000e+00  1.20000011e+00 -2.67688672e-04 
 1.96128941e-07  1.20000000e+00  1.19999965e+00 -2.75580347e-04 
 1.96146586e-07  1.20000000e+00  1.20000010e+00 -3.42264079e-04 
 1.96163905e-07  1.20000000e+00  1.19999965e+00 -3.77248936e-04 
 1.96181440e-07  1.20000000e+00  1.20000009e+00 -3.70869218e-04 
 1.96200573e-07  1.20000000e+00  1.19999966e+00 -2.67488697e-04 
 1.96218452e-07  1.20000000e+00  1.20000008e+00 -2.75997207e-04 
 1.96236068e-07  1.20000000e+00  1.19999967e+00 -3.42009595e-04 
 1.96253412e-07  1.20000000e+00  1.20000008e+00 -3.77666789e-04 
 1.96270936e-07  1.20000000e+00  1.19999968e+00 -3.70336475e-04 
 1.96290058e-07  1.20000000e+00  1.20000007e+00 -2.67795315e-04 
 1.96307966e-07  1.20000000e+00  1.19999968e+00 -2.75917415e-04 
 1.96325552e-07  1.20000000e+00  1.20000006e+00 -3.42242694e-04 
 1.96342920e-07  1.20000000e+00  1.19999969e+00 -3.77613412e-04 
 1.96360432e-07  1.20000000e+00  1.20000006e+00 -3.70253687e-04 
 1.96379543e-07  1.20000000e+00  1.19999970e+00 -2.67682467e-04 
 1.96397478e-07  1.20000000e+00  1.20000005e+00 -2.76247457e-04 
 1.96415036e-07  1.20000000e+00  1.19999970e+00 -3.42068279e-04 
 1.96432426e-07  1.20000000e+00  1.20000004e+00 -3.77938161e-04 
 1.96449927e-07  1.20000000e+00  1.19999971e+00 -3.69801082e-04 
 1.96469028e-07  1.20000000e+00  1.20000004e+00 -2.67931099e-04 
 1.96486992e-07  1.20000000e+00  1.19999971e+00 -2.76240481e-04 
 1.96504521e-07  1.20000000e+00  1.20000003e+00 -3.42214837e-04 
 1.96521935e-07  1.20000000e+00  1.19999972e+00 -3.77955607e-04 
 1.96539426e-07  1.20000000e+00  1.20000003e+00 -3.69633570e-04 
 1.96558515e-07  1.20000000e+00  1.19999972e+00 -2.67899679e-04 
 1.96576507e-07  1.20000000e+00  1.20000002e+00 -2.76505608e-04 
 1.96594009e-07  1.20000000e+00  1.19999973e+00 -3.42104137e-04 
 1.96611444e-07  1.20000000e+00  1.20000002e+00 -3.78217285e-04 
 1.96628926e-07  1.20000000e+00  1.19999973e+00 -3.69227417e-04 
 1.96648003e-07  1.20000000e+00  1.20000002e+00 -2.68092313e-04 
 1.96666023e-07  1.20000000e+00  1.19999974e+00 -2.76562520e-04 
 1.96683497e-07  1.20000000e+00  1.20000001e+00 -3.42188922e-04 
 1.96700955e-07  1.20000000e+00  1.19999974e+00 -3.78291639e-04 
 1.96718427e-07  1.20000000e+00  1.20000001e+00 -3.68991613e-04 
 1.96737493e-07  1.20000000e+00  1.19999974e+00 -2.68122963e-04 
 1.96755541e-07  1.20000000e+00  1.20000000e+00 -2.76776721e-04 
 1.96772988e-07  1.20000000e+00  1.19999975e+00 -3.42124203e-04 
 1.96790467e-07  1.20000000e+00  1.20000000e+00 -3.78503674e-04 
 1.96807931e-07  1.20000000e+00  1.19999975e+00 -3.68620729e-04 
 1.96826984e-07  1.20000000e+00  1.20000000e+00 -2.68278777e-04 
 1.96845059e-07  1.20000000e+00  1.19999975e+00 -2.76878375e-04 
 1.96862479e-07  1.20000000e+00  1.19999999e+00 -3.42162647e-04 
 1.96879980e-07  1.20000000e+00  1.19999976e+00 -3.78618514e-04 
 1.96897435e-07  1.20000000e+00  1.19999999e+00 -3.68333258e-04 
 1.96916477e-07  1.20000000e+00  1.19999976e+00 -2.68355838e-04 
 1.96934578e-07  1.20000000e+00  1.19999999e+00 -2.77055795e-04 
 1.96951972e-07  1.20000000e+00  1.19999976e+00 -3.42130881e-04 
 1.96969494e-07  1.20000000e+00  1.19999999e+00 -3.78794998e-04 
 1.96986941e-07  1.20000000e+00  1.19999977e+00 -3.67984597e-04 
 1.97005970e-07  1.20000000e+00  1.19999998e+00 -2.68486875e-04 
 1.97024090e-07  1.20000000e+00  1.19999977e+00 -2.77171081e-04 
 1.97041462e-07  1.20000000e+00  1.19999998e+00 -3.42126843e-04 
 1.97059001e-07  1.20000000e+00  1.19999977e+00 -3.78922386e-04 
 1.97076436e-07  1.20000000e+00  1.19999998e+00 -3.67693618e-04 
 1.97095457e-07  1.20000000e+00  1.19999977e+00 -2.68631187e-04 
 1.97113585e-07  1.20000000e+00  1.19999998e+00 -2.77251277e-04 
 1.97130940e-07  1.20000000e+00  1.19999977e+00 -3.42083536e-04 
 1.97148492e-07  1.20000000e+00  1.19999998e+00 -3.79022624e-04 
 1.97165904e-07  1.20000000e+00  1.19999978e+00 -3.67475183e-04 
 1.97184925e-07  1.20000000e+00  1.19999997e+00 -2.68842031e-04 
 1.97203058e-07  1.20000000e+00  1.19999978e+00 -2.77264314e-04 
 1.97220403e-07  1.20000000e+00  1.19999997e+00 -3.42002275e-04 
 1.97237967e-07  1.20000000e+00  1.19999978e+00 -3.79092751e-04 
 1.97255370e-07  1.20000000e+00  1.19999997e+00 -3.67263530e-04 
 1.97274390e-07  1.20000000e+00  1.19999978e+00 -2.69077305e-04 
 1.97292534e-07  1.20000000e+00  1.19999997e+00 -2.77268002e-04 
 1.97309868e-07  1.20000000e+00  1.19999978e+00 -3.41947109e-04 
 1.97327446e-07  1.20000000e+00  1.19999997e+00 -3.79151671e-04 
 1.97344840e-07  1.20000000e+00  1.19999979e+00 -3.67063404e-04 
 1.97363859e-07  1.20000000e+00  1.19999997e+00 -2.69267917e-04 
 1.97382014e-07  1.20000000e+00  1.19999979e+00 -2.77312110e-04 
 1.97399337e-07  1.20000000e+00  1.19999996e+00 -3.41869721e-04 
 1.97416929e-07  1.20000000e+00  1.19999979e+00 -3.79245965e-04 
 1.97434310e-07  1.20000000e+00  1.19999996e+00 -3.66830831e-04 
 1.97453329e-07  1.20000000e+00  1.19999979e+00 -2.69485583e-04 
 1.97471493e-07  1.20000000e+00  1.19999996e+00 -2.77322382e-04 
 1.97488805e-07  1.20000000e+00  1.19999979e+00 -3.41826914e-04 
 1.97506410e-07  1.20000000e+00  1.19999996e+00 -3.79301844e-04 
 1.97523781e-07  1.20000000e+00  1.19999979e+00 -3.66637946e-04 
 1.97542798e-07  1.20000000e+00  1.19999996e+00 -2.69664214e-04 
 1.97560971e-07  1.20000000e+00  1.19999979e+00 -2.77370403e-04 
 1.97578273e-07  1.20000000e+00  1.19999996e+00 -3.41746819e-04 
 1.97595892e-07  1.20000000e+00  1.19999979e+00 -3.79394662e-04 
 1.97613251e-07  1.20000000e+00  1.19999996e+00 -3.66408034e-04 
 1.97632268e-07  1.20000000e+00  1.19999979e+00 -2.69876197e-04 
 1.97650450e-07  1.20000000e+00  1.19999996e+00 -2.77382982e-04 
 1.97667742e-07  1.20000000e+00  1.19999980e+00 -3.41705656e-04 
 1.97685374e-07  1.20000000e+00  1.19999995e+00 -3.79450572e-04 
 1.97702723e-07  1.20000000e+00  1.19999980e+00 -3.66215184e-04 
 1.97721738e-07  1.20000000e+00  1.19999995e+00 -2.70047833e-04 
 1.97739930e-07  1.20000000e+00  1.19999980e+00 -2.77432254e-04 
 1.97757211e-07  1.20000000e+00  1.19999995e+00 -3.41631601e-04 
 1.97774856e-07  1.20000000e+00  1.19999980e+00 -3.79539111e-04 
 1.97792194e-07  1.20000000e+00  1.19999995e+00 -3.65991576e-04 
 1.97811209e-07  1.20000000e+00  1.19999980e+00 -2.70246542e-04 
 1.97829409e-07  1.20000000e+00  1.19999995e+00 -2.77452984e-04 
 1.97846681e-07  1.20000000e+00  1.19999980e+00 -3.41586814e-04 
 1.97864338e-07  1.20000000e+00  1.19999995e+00 -3.79600164e-04 
 1.97881666e-07  1.20000000e+00  1.19999980e+00 -3.65794487e-04 
 1.97900679e-07  1.20000000e+00  1.19999995e+00 -2.70417987e-04 
 1.97918888e-07  1.20000000e+00  1.19999980e+00 -2.77496656e-04 
 1.97936151e-07  1.20000000e+00  1.19999995e+00 -3.41523082e-04 
 1.97953821e-07  1.20000000e+00  1.19999980e+00 -3.79678598e-04 
 1.97971137e-07  1.20000000e+00  1.19999995e+00 -3.65582755e-04 
 1.97990150e-07  1.20000000e+00  1.19999980e+00 -2.70599904e-04 
 1.98008368e-07  1.20000000e+00  1.19999995e+00 -2.77529337e-04 
 1.98025620e-07  1.20000000e+00  1.19999980e+00 -3.41469992e-04 
 1.98043303e-07  1.20000000e+00  1.19999995e+00 -3.79749061e-04 
 1.98060609e-07  1.20000000e+00  1.19999980e+00 -3.65377219e-04 
 1.98079621e-07  1.20000000e+00  1.19999995e+00 -2.70776016e-04 
 1.98097847e-07  1.20000000e+00  1.19999980e+00 -2.77562688e-04 
 1.98115091e-07  1.20000000e+00  1.19999995e+00 -3.41420701e-04 
 1.98132786e-07  1.20000000e+00  1.19999981e+00 -3.79813200e-04 
 1.98150081e-07  1.20000000e+00  1.19999995e+00 -3.65181587e-04 
 1.98169092e-07  1.20000000e+00  1.19999981e+00 -2.70937876e-04 
 1.98187327e-07  1.20000000e+00  1.19999995e+00 -2.77610543e-04 
 1.98204561e-07  1.20000000e+00  1.19999981e+00 -3.41355398e-04 
 1.98222268e-07  1.20000000e+00  1.19999994e+00 -3.79896548e-04 
 1.98239553e-07  1.20000000e+00  1.19999981e+00 -3.64964263e-04 
 1.98258564e-07  1.20000000e+00  1.19999994e+00 -2.71122919e-04 
 1.98276806e-07  1.20000000e+00  1.19999981e+00 -2.77629486e-04 
 1.98294031e-07  1.20000000e+00  1.19999994e+00 -3.41323844e-04 
 1.98311750e-07  1.20000000e+00  1.19999981e+00 -3.79942839e-04 
 1.98329026e-07  1.20000000e+00  1.19999994e+00 -3.64788255e-04 
 1.98348035e-07  1.20000000e+00  1.19999981e+00 -2.71262087e-04 
 1.98366285e-07  1.20000000e+00  1.19999994e+00 -2.77695209e-04 
 1.98383501e-07  1.20000000e+00  1.19999981e+00 -3.41243093e-04 
 1.98401232e-07  1.20000000e+00  1.19999994e+00 -3.80042002e-04 
 1.98418498e-07  1.20000000e+00  1.19999981e+00 -3.64556315e-04 
 1.98437506e-07  1.20000000e+00  1.19999994e+00 -2.71459571e-04 
 1.98455764e-07  1.20000000e+00  1.19999981e+00 -2.77696405e-04 
 1.98472972e-07  1.20000000e+00  1.19999994e+00 -3.41232011e-04 
 1.98490714e-07  1.20000000e+00  1.19999981e+00 -3.80067543e-04 
 1.98507970e-07  1.20000000e+00  1.19999994e+00 -3.64402825e-04 
 1.98526978e-07  1.20000000e+00  1.19999981e+00 -2.71573892e-04 
 1.98545243e-07  1.20000000e+00  1.19999994e+00 -2.77782229e-04 
 1.98562442e-07  1.20000000e+00  1.19999981e+00 -3.41133121e-04 
 1.98580196e-07  1.20000000e+00  1.19999994e+00 -3.80184955e-04 
 1.98597443e-07  1.20000000e+00  1.19999981e+00 -3.64153463e-04 
 1.98616449e-07  1.20000000e+00  1.19999994e+00 -2.71786944e-04 
 1.98634722e-07  1.20000000e+00  1.19999981e+00 -2.77761852e-04 
 1.98651913e-07  1.20000000e+00  1.19999994e+00 -3.41142253e-04 
 1.98669676e-07  1.20000000e+00  1.19999981e+00 -3.80186624e-04 
 1.98686914e-07  1.20000000e+00  1.19999994e+00 -3.64024604e-04 
 1.98705920e-07  1.20000000e+00  1.19999981e+00 -2.71880791e-04 
 1.98724200e-07  1.20000000e+00  1.19999994e+00 -2.77866802e-04 
 1.98741383e-07  1.20000000e+00  1.19999981e+00 -3.41021585e-04 
 1.98759157e-07  1.20000000e+00  1.19999994e+00 -3.80323053e-04 
 1.98776387e-07  1.20000000e+00  1.19999981e+00 -3.63755535e-04 
 1.98795391e-07  1.20000000e+00  1.19999994e+00 -2.72112655e-04 
 1.98813679e-07  1.20000000e+00  1.19999981e+00 -2.77826461e-04 
 1.98830854e-07  1.20000000e+00  1.19999994e+00 -3.41056962e-04 
 1.98848639e-07  1.20000000e+00  1.19999981e+00 -3.80302401e-04 
 1.98865859e-07  1.20000000e+00  1.19999994e+00 -3.63650130e-04 
 1.98884863e-07  1.20000000e+00  1.19999981e+00 -2.72174035e-04 
 1.98903157e-07  1.20000000e+00  1.19999994e+00 -2.77957932e-04 
 1.98920325e-07  1.20000000e+00  1.19999981e+00 -3.40915913e-04 
 1.98938120e-07  1.20000000e+00  1.19999994e+00 -3.80462214e-04 
 1.98955332e-07  1.20000000e+00  1.19999981e+00 -3.63360246e-04 
 1.98974335e-07  1.20000000e+00  1.19999994e+00 -2.72425612e-04 
 1.98992635e-07  1.20000000e+00  1.19999981e+00 -2.77892215e-04 
 1.99009795e-07  1.20000000e+00  1.19999994e+00 -3.40976856e-04 
 1.99027601e-07  1.20000000e+00  1.19999981e+00 -3.80414068e-04 
 1.99044804e-07  1.20000000e+00  1.19999994e+00 -3.63284154e-04 
 1.99063806e-07  1.20000000e+00  1.19999981e+00 -2.72458492e-04 
 1.99082113e-07  1.20000000e+00  1.19999994e+00 -2.78048017e-04 
 1.99099266e-07  1.20000000e+00  1.19999981e+00 -3.40811753e-04 
 1.99117082e-07  1.20000000e+00  1.19999994e+00 -3.80597108e-04 
 1.99134276e-07  1.20000000e+00  1.19999981e+00 -3.62972322e-04 
 1.99153277e-07  1.20000000e+00  1.19999994e+00 -2.72731407e-04 
 1.99171591e-07  1.20000000e+00  1.19999981e+00 -2.77956373e-04 
 1.99188736e-07  1.20000000e+00  1.19999994e+00 -3.40900246e-04 
 1.99206562e-07  1.20000000e+00  1.19999981e+00 -3.80521148e-04 
 1.99223748e-07  1.20000000e+00  1.19999994e+00 -3.62925833e-04 
 1.99242748e-07  1.20000000e+00  1.19999981e+00 -2.72733849e-04 
 1.99261068e-07  1.20000000e+00  1.19999994e+00 -2.78138124e-04 
 1.99278207e-07  1.20000000e+00  1.19999982e+00 -3.40710199e-04 
 1.99296042e-07  1.20000000e+00  1.19999994e+00 -3.80728752e-04 
 1.99313220e-07  1.20000000e+00  1.19999982e+00 -3.62591024e-04 
 1.99332219e-07  1.20000000e+00  1.19999994e+00 -2.73029634e-04 
 1.99350546e-07  1.20000000e+00  1.19999982e+00 -2.78019084e-04 
 1.99367677e-07  1.20000000e+00  1.19999994e+00 -3.40826998e-04 
 1.99385522e-07  1.20000000e+00  1.19999982e+00 -3.80623762e-04 
 1.99402692e-07  1.20000000e+00  1.19999994e+00 -3.62575303e-04 
 1.99421690e-07  1.20000000e+00  1.19999982e+00 -2.73001115e-04 
 1.99440022e-07  1.20000000e+00  1.19999994e+00 -2.78227553e-04 
 1.99457147e-07  1.20000000e+00  1.19999982e+00 -3.40610956e-04 
 1.99475001e-07  1.20000000e+00  1.19999994e+00 -3.80856871e-04 
 1.99492163e-07  1.20000000e+00  1.19999982e+00 -3.62216546e-04 
 1.99511161e-07  1.20000000e+00  1.19999993e+00 -2.73320834e-04 
 1.99529499e-07  1.20000000e+00  1.19999982e+00 -2.78080239e-04 
 1.99546617e-07  1.20000000e+00  1.19999993e+00 -3.40756883e-04 
 1.99564480e-07  1.20000000e+00  1.19999982e+00 -3.80722116e-04 
 1.99581635e-07  1.20000000e+00  1.19999993e+00 -3.62232322e-04 
 1.99600631e-07  1.20000000e+00  1.19999982e+00 -2.73260769e-04 
 1.99618975e-07  1.20000000e+00  1.19999993e+00 -2.78316125e-04 
 1.99636087e-07  1.20000000e+00  1.19999982e+00 -3.40514034e-04 
 1.99653959e-07  1.20000000e+00  1.19999993e+00 -3.80981500e-04 
 1.99671106e-07  1.20000000e+00  1.19999982e+00 -3.61848870e-04 
 1.99690102e-07  1.20000000e+00  1.19999993e+00 -2.73605355e-04 
 1.99708451e-07  1.20000000e+00  1.19999982e+00 -2.78139773e-04 
 1.99725557e-07  1.20000000e+00  1.19999993e+00 -3.40689683e-04 
 1.99743437e-07  1.20000000e+00  1.19999982e+00 -3.80816370e-04 
 1.99760577e-07  1.20000000e+00  1.19999993e+00 -3.61896721e-04 
 1.99779572e-07  1.20000000e+00  1.19999982e+00 -2.73513337e-04 
 1.99797927e-07  1.20000000e+00  1.19999993e+00 -2.78403640e-04 
 1.99815027e-07  1.20000000e+00  1.19999982e+00 -3.40419361e-04 
 1.99832915e-07  1.20000000e+00  1.19999993e+00 -3.81102629e-04 
 1.99850048e-07  1.20000000e+00  1.19999982e+00 -3.61488105e-04 
 1.99869042e-07  1.20000000e+00  1.19999993e+00 -2.73883376e-04 
 1.99887402e-07  1.20000000e+00  1.19999982e+00 -2.78197668e-04 
 1.99904496e-07  1.20000000e+00  1.19999993e+00 -3.40625444e-04 
 1.99922393e-07  1.20000000e+00  1.19999982e+00 -3.80906967e-04 
 1.99939518e-07  1.20000000e+00  1.19999993e+00 -3.61566557e-04 
 1.99958512e-07  1.20000000e+00  1.19999982e+00 -2.73761599e-04 
 1.99976877e-07  1.20000000e+00  1.19999993e+00 -2.78488016e-04 
 1.99993965e-07  1.20000000e+00  1.19999982e+00 -3.40326558e-04 
 2.00011870e-07  1.20000000e+00  1.19999993e+00 -3.81219626e-04 
 2.00028990e-07  1.20000000e+00  1.19999982e+00 -3.61134705e-04 
 2.00047982e-07  1.20000000e+00  1.19999993e+00 -2.74151924e-04 
 2.00066353e-07  1.20000000e+00  1.19999982e+00 -2.78257344e-04 
 2.00083436e-07  1.20000000e+00  1.19999993e+00 -3.40565092e-04 
 2.00100000e-07  1.20000000e+00  1.19999982e+00 -3.79158344e-04 
 2.00101791e-07  1.17850583e+00  1.19999988e+00 -3.92487375e-04 
 2.00105374e-07  1.13551749e+00  1.19999988e+00 -3.94972079e-04 
 2.00112538e-07  1.04954082e+00  1.19999988e+00 -3.87094554e-04 
 2.00126868e-07  8.77587468e-01  1.19999988e+00 -3.33404557e-04 
 2.00140864e-07  7.09629626e-01  1.19999988e+00 -2.93631491e-04 
 2.00157815e-07  5.06214716e-01  1.19999988e+00 -3.11204432e-04 
 2.00174452e-07  3.06581591e-01  1.19999988e+00 -3.97034667e-04 
 2.00187226e-07  1.53290795e-01  1.19999988e+00 -4.27621449e-04 
 2.00200000e-07  0.00000000e+00  1.19999988e+00 -4.57067499e-04 
 2.00202494e-07  0.00000000e+00  1.19999988e+00 -4.29132652e-04 
 2.00207482e-07  0.00000000e+00  1.19999988e+00 -4.23994976e-04 
 2.00217458e-07  0.00000000e+00  1.19999988e+00 -4.00856192e-04 
 2.00232709e-07  0.00000000e+00  1.19999988e+00 -3.56190927e-04 
 2.00248225e-07  0.00000000e+00  1.19999988e+00 -3.81082460e-04 
 2.00266651e-07  0.00000000e+00  1.19999988e+00 -4.43552427e-04 
 2.00283688e-07  0.00000000e+00  1.19999988e+00 -4.32182395e-04 
 2.00299975e-07  0.00000000e+00  1.19999988e+00 -4.31029320e-04 
 2.00317968e-07  0.00000000e+00  1.19999988e+00 -3.48262595e-04 
 2.00335092e-07  0.00000000e+00  1.19999988e+00 -3.85075695e-04 
 2.00352493e-07  0.00000000e+00  1.19999988e+00 -4.30634435e-04 
 2.00369545e-07  0.00000000e+00  1.19999988e+00 -4.48182811e-04 
 2.00388233e-07  0.00000000e+00  1.19999988e+00 -4.19690781e-04 
 2.00405677e-07  0.00000000e+00  1.19999988e+00 -3.68549300e-04 
 2.00422193e-07  0.00000000e+00  1.19999988e+00 -3.62335311e-04 
 2.00439827e-07  0.00000000e+00  1.19999988e+00 -4.43709664e-04 
 2.00456503e-07  0.00000000e+00  1.19999988e+00 -4.32636447e-04 
 2.00474823e-07  0.00000000e+00  1.19999988e+00 -4.37875726e-04 
 2.00493220e-07  0.00000000e+00  1.19999988e+00 -3.60861660e-04 
 2.00511137e-07  0.00000000e+00  1.19999988e+00 -3.72589756e-04 
 2.00528586e-07  0.00000000e+00  1.19999988e+00 -4.30408681e-04 
 2.00546234e-07  0.00000000e+00  1.19999988e+00 -4.43948818e-04 
 2.00564005e-07  0.00000000e+00  1.19999988e+00 -4.27063175e-04 
 2.00582977e-07  0.00000000e+00  1.19999988e+00 -3.70570630e-04 
 2.00600522e-07  0.00000000e+00  1.19999988e+00 -3.61961701e-04 
 2.00618187e-07  0.00000000e+00  1.19999988e+00 -4.41149662e-04 
 2.00635741e-07  0.00000000e+00  1.19999988e+00 -4.33079973e-04 
 2.00653657e-07  0.00000000e+00  1.19999988e+00 -4.37962056e-04 
 2.00672538e-07  0.00000000e+00  1.19999988e+00 -3.59719804e-04 
 2.00690243e-07  0.00000000e+00  1.19999988e+00 -3.73030016e-04 
 2.00707821e-07  0.00000000e+00  1.19999988e+00 -4.31182875e-04 
 2.00725397e-07  0.00000000e+00  1.19999988e+00 -4.42559252e-04 
 2.00743386e-07  0.00000000e+00  1.19999988e+00 -4.28796523e-04 
 2.00762177e-07  0.00000000e+00  1.19999988e+00 -3.68231357e-04 
 2.00780075e-07  0.00000000e+00  1.19999988e+00 -3.65309272e-04 
 2.00797525e-07  0.00000000e+00  1.19999988e+00 -4.39995620e-04 
 2.00815146e-07  0.00000000e+00  1.19999988e+00 -4.33656168e-04 
 2.00833221e-07  0.00000000e+00  1.19999988e+00 -4.37576776e-04 
 2.00851904e-07  0.00000000e+00  1.19999988e+00 -3.58745374e-04 
 2.00870041e-07  0.00000000e+00  1.19999988e+00 -3.75584610e-04 
 2.00887333e-07  0.00000000e+00  1.19999988e+00 -4.31581685e-04 
 2.00905017e-07  0.00000000e+00  1.19999988e+00 -4.41720623e-04 
 2.00923211e-07  0.00000000e+00  1.19999988e+00 -4.29532541e-04 
 2.00941759e-07  0.00000000e+00  1.19999988e+00 -3.65243928e-04 
 2.00960202e-07  0.00000000e+00  1.19999988e+00 -3.70670534e-04 
 2.00977299e-07  0.00000000e+00  1.19999988e+00 -4.38699819e-04 
 2.00995075e-07  0.00000000e+00  1.19999988e+00 -4.34604156e-04 
 2.01013442e-07  0.00000000e+00  1.19999988e+00 -4.36074790e-04 
 2.01031798e-07  0.00000000e+00  1.19999988e+00 -3.56581234e-04 
 2.01048653e-07  0.00000000e+00  1.19999988e+00 -3.75343992e-04 
 2.01066383e-07  0.00000000e+00  1.19999988e+00 -4.31075022e-04 
 2.01083307e-07  0.00000000e+00  1.19999988e+00 -4.40734971e-04 
 2.01102113e-07  0.00000000e+00  1.19999988e+00 -4.30882278e-04 
 2.01120298e-07  0.00000000e+00  1.19999988e+00 -3.66722304e-04 
 2.01139126e-07  0.00000000e+00  1.19999988e+00 -3.70620194e-04 
 2.01156114e-07  0.00000000e+00  1.19999988e+00 -4.37790332e-04 
 2.01174006e-07  0.00000000e+00  1.19999988e+00 -4.33916161e-04 
 2.01192431e-07  0.00000000e+00  1.19999988e+00 -4.37232802e-04 
 2.01210529e-07  0.00000000e+00  1.19999988e+00 -3.57143142e-04 
 2.01227268e-07  0.00000000e+00  1.19999988e+00 -3.74803264e-04 
 2.01244984e-07  0.00000000e+00  1.19999988e+00 -4.29877986e-04 
 2.01261841e-07  0.00000000e+00  1.19999988e+00 -4.39868086e-04 
 2.01280737e-07  0.00000000e+00  1.19999988e+00 -4.32234006e-04 
 2.01298963e-07  0.00000000e+00  1.19999988e+00 -3.67734116e-04 
 2.01317843e-07  0.00000000e+00  1.19999988e+00 -3.70042338e-04 
 2.01334886e-07  0.00000000e+00  1.19999988e+00 -4.37019767e-04 
 2.01352811e-07  0.00000000e+00  1.19999988e+00 -4.33136963e-04 
 2.01371347e-07  0.00000000e+00  1.19999988e+00 -4.38504611e-04 
 2.01389271e-07  0.00000000e+00  1.19999988e+00 -3.57515315e-04 
 2.01405935e-07  0.00000000e+00  1.19999988e+00 -3.74565792e-04 
 2.01423656e-07  0.00000000e+00  1.19999988e+00 -4.28671903e-04 
 2.01440465e-07  0.00000000e+00  1.19999988e+00 -4.39153524e-04 
 2.01459473e-07  0.00000000e+00  1.19999988e+00 -4.33346267e-04 
 2.01477600e-07  0.00000000e+00  1.19999988e+00 -3.68902236e-04 
 2.01494618e-07  0.00000000e+00  1.19999988e+00 -3.64216628e-04 
 2.01512517e-07  0.00000000e+00  1.19999988e+00 -4.35397824e-04 
 2.01529543e-07  0.00000000e+00  1.19999988e+00 -4.30847315e-04 
 2.01548323e-07  0.00000000e+00  1.19999988e+00 -4.42004645e-04 
 2.01566860e-07  0.00000000e+00  1.19999988e+00 -3.62013085e-04 
 2.01585560e-07  0.00000000e+00  1.19999988e+00 -3.75328968e-04 
 2.01602858e-07  0.00000000e+00  1.19999988e+00 -4.29022609e-04 
 2.01620759e-07  0.00000000e+00  1.19999988e+00 -4.38490599e-04 
 2.01639482e-07  0.00000000e+00  1.19999988e+00 -4.34312309e-04 
 2.01657270e-07  0.00000000e+00  1.19999988e+00 -3.64417711e-04 
 2.01673892e-07  0.00000000e+00  1.19999988e+00 -3.67926213e-04 
 2.01691653e-07  0.00000000e+00  1.19999988e+00 -4.33096235e-04 
 2.01708429e-07  0.00000000e+00  1.19999988e+00 -4.32077517e-04 
 2.01727614e-07  0.00000000e+00  1.19999988e+00 -4.41018597e-04 
 2.01745466e-07  0.00000000e+00  1.19999988e+00 -3.64889439e-04 
 2.01762384e-07  0.00000000e+00  1.19999988e+00 -3.68417499e-04 
 2.01780349e-07  0.00000000e+00  1.19999988e+00 -4.28487479e-04 
 2.01797312e-07  0.00000000e+00  1.19999988e+00 -4.34528066e-04 
 2.01816208e-07  0.00000000e+00  1.19999988e+00 -4.39023507e-04 
 2.01834589e-07  0.00000000e+00  1.19999988e+00 -3.69056859e-04 
 2.01853445e-07  0.00000000e+00  1.19999988e+00 -3.69250798e-04 
 2.01870764e-07  0.00000000e+00  1.19999988e+00 -4.32577828e-04 
 2.01888748e-07  0.00000000e+00  1.19999988e+00 -4.32686060e-04 
 2.01907551e-07  0.00000000e+00  1.19999988e+00 -4.40921800e-04 
 2.01925210e-07  0.00000000e+00  1.19999988e+00 -3.60682533e-04 
 2.01941783e-07  0.00000000e+00  1.19999988e+00 -3.71755577e-04 
 2.01959573e-07  0.00000000e+00  1.19999988e+00 -4.27238219e-04 
 2.01976325e-07  0.00000000e+00  1.19999988e+00 -4.35169450e-04 
 2.01995656e-07  0.00000000e+00  1.19999988e+00 -4.38571544e-04 
 2.02013307e-07  0.00000000e+00  1.19999988e+00 -3.70596162e-04 
 2.02030176e-07  0.00000000e+00  1.19999988e+00 -3.63388919e-04 
 2.02048212e-07  0.00000000e+00  1.19999988e+00 -4.30943122e-04 
 2.02065147e-07  0.00000000e+00  1.19999988e+00 -4.29391440e-04 
 2.02084152e-07  0.00000000e+00  1.19999988e+00 -4.44515014e-04 
 2.02102379e-07  0.00000000e+00  1.19999988e+00 -3.67176107e-04 
 2.02121403e-07  0.00000000e+00  1.19999988e+00 -3.72084499e-04 
 2.02138726e-07  0.00000000e+00  1.19999988e+00 -4.27925429e-04 
 2.02156792e-07  0.00000000e+00  1.19999988e+00 -4.35235449e-04 
 2.02175697e-07  0.00000000e+00  1.19999988e+00 -4.39132473e-04 
 2.02193203e-07  0.00000000e+00  1.19999988e+00 -3.64508017e-04 
 2.02209718e-07  0.00000000e+00  1.19999988e+00 -3.68318187e-04 
 2.02227529e-07  0.00000000e+00  1.19999988e+00 -4.28867843e-04 
 2.02244243e-07  0.00000000e+00  1.19999988e+00 -4.31263610e-04 
 2.02261676e-07  0.00000000e+00  1.19999988e+00 -4.43929175e-04 
 2.02280115e-07  0.00000000e+00  1.19999988e+00 -3.73345354e-04 
 2.02299063e-07  0.00000000e+00  1.19999988e+00 -3.66545462e-04 
 2.02316306e-07  0.00000000e+00  1.19999988e+00 -4.28257449e-04 
 2.02334772e-07  0.00000000e+00  1.19999988e+00 -4.31837528e-04 
 2.02353155e-07  0.00000000e+00  1.19999988e+00 -4.43131349e-04 
 2.02371329e-07  0.00000000e+00  1.19999988e+00 -3.64906319e-04 
 2.02388182e-07  0.00000000e+00  1.19999988e+00 -3.68872409e-04 
 2.02406092e-07  0.00000000e+00  1.19999988e+00 -4.26732746e-04 
 2.02423145e-07  0.00000000e+00  1.19999988e+00 -4.32506603e-04 
 2.02442497e-07  0.00000000e+00  1.19999988e+00 -4.41977831e-04 
 2.02460066e-07  0.00000000e+00  1.19999988e+00 -3.69899450e-04 
 2.02476877e-07  0.00000000e+00  1.19999988e+00 -3.64632647e-04 
 2.02494969e-07  0.00000000e+00  1.19999988e+00 -4.27927376e-04 
 2.02511878e-07  0.00000000e+00  1.19999988e+00 -4.29436631e-04 
 2.02531145e-07  0.00000000e+00  1.19999988e+00 -4.45080175e-04 
 2.02548964e-07  0.00000000e+00  1.19999988e+00 -3.69962027e-04 
 2.02566094e-07  0.00000000e+00  1.19999988e+00 -3.65782739e-04 
 2.02584269e-07  0.00000000e+00  1.19999988e+00 -4.25851850e-04 
 2.02601404e-07  0.00000000e+00  1.19999988e+00 -4.31069767e-04 
 2.02620610e-07  0.00000000e+00  1.19999988e+00 -4.43790117e-04 
 2.02638459e-07  0.00000000e+00  1.19999988e+00 -3.70854183e-04 
 2.02655535e-07  0.00000000e+00  1.19999988e+00 -3.64652541e-04 
 2.02673696e-07  0.00000000e+00  1.19999988e+00 -4.27198318e-04 
 2.02690796e-07  0.00000000e+00  1.19999988e+00 -4.29335932e-04 
 2.02710131e-07  0.00000000e+00  1.19999988e+00 -4.45702434e-04 
 2.02727798e-07  0.00000000e+00  1.19999988e+00 -3.69320160e-04 
 2.02744757e-07  0.00000000e+00  1.19999988e+00 -3.66098665e-04 
 2.02762934e-07  0.00000000e+00  1.19999988e+00 -4.25035204e-04 
 2.02779942e-07  0.00000000e+00  1.19999988e+00 -4.30599597e-04 
 2.02799349e-07  0.00000000e+00  1.19999988e+00 -4.44495146e-04 
 2.02816957e-07  0.00000000e+00  1.19999988e+00 -3.71973253e-04 
 2.02833945e-07  0.00000000e+00  1.19999988e+00 -3.63850655e-04 
 2.02852165e-07  0.00000000e+00  1.19999988e+00 -4.26404633e-04 
 2.02869188e-07  0.00000000e+00  1.19999988e+00 -4.28440936e-04 
 2.02888608e-07  0.00000000e+00  1.19999988e+00 -4.46782876e-04 
 2.02906210e-07  0.00000000e+00  1.19999988e+00 -3.70551215e-04 
 2.02923219e-07  0.00000000e+00  1.19999988e+00 -3.65550920e-04 
 2.02941463e-07  0.00000000e+00  1.19999988e+00 -4.24213888e-04 
 2.02958500e-07  0.00000000e+00  1.19999988e+00 -4.30058296e-04 
 2.02977968e-07  0.00000000e+00  1.19999988e+00 -4.45297560e-04 
 2.02995511e-07  0.00000000e+00  1.19999988e+00 -3.72579523e-04 
 2.03012489e-07  0.00000000e+00  1.19999988e+00 -3.63635540e-04 
 2.03030752e-07  0.00000000e+00  1.19999988e+00 -4.25675733e-04 
 2.03047763e-07  0.00000000e+00  1.19999988e+00 -4.27954754e-04 
 2.03065240e-07  0.00000000e+00  1.19999988e+00 -4.48300474e-04 
 2.03083702e-07  0.00000000e+00  1.19999988e+00 -3.75683942e-04 
 2.03102716e-07  0.00000000e+00  1.19999988e+00 -3.65971212e-04 
 2.03120192e-07  0.00000000e+00  1.19999988e+00 -4.24986743e-04 
 2.03138743e-07  0.00000000e+00  1.19999988e+00 -4.30694965e-04 
 2.03157565e-07  0.00000000e+00  1.19999988e+00 -4.45873876e-04 
 2.03175228e-07  0.00000000e+00  1.19999988e+00 -3.66209433e-04 
 2.03191858e-07  0.00000000e+00  1.19999988e+00 -3.68025916e-04 
 2.03209852e-07  0.00000000e+00  1.19999988e+00 -4.23987512e-04 
 2.03226702e-07  0.00000000e+00  1.19999988e+00 -4.29917819e-04 
 2.03243659e-07  0.00000000e+00  1.19999988e+00 -4.46961296e-04 
 2.03261990e-07  0.00000000e+00  1.19999988e+00 -3.79383381e-04 
 2.03280949e-07  0.00000000e+00  1.19999988e+00 -3.62817147e-04 
 2.03298345e-07  0.00000000e+00  1.19999988e+00 -4.25771396e-04 
 2.03317036e-07  0.00000000e+00  1.19999988e+00 -4.28205307e-04 
 2.03335626e-07  0.00000000e+00  1.19999988e+00 -4.48425068e-04 
 2.03353551e-07  0.00000000e+00  1.19999988e+00 -3.66168311e-04 
 2.03370348e-07  0.00000000e+00  1.19999988e+00 -3.68681143e-04 
 2.03388408e-07  0.00000000e+00  1.19999988e+00 -4.22297365e-04 
 2.03405430e-07  0.00000000e+00  1.19999988e+00 -4.31122092e-04 
 2.03422490e-07  0.00000000e+00  1.19999988e+00 -4.45958804e-04 
 2.03440835e-07  0.00000000e+00  1.19999988e+00 -3.79840513e-04 
 2.03459834e-07  0.00000000e+00  1.19999988e+00 -3.62258767e-04 
 2.03477210e-07  0.00000000e+00  1.19999988e+00 -4.27001206e-04 
 2.03495861e-07  0.00000000e+00  1.19999988e+00 -4.27135904e-04 
 2.03514586e-07  0.00000000e+00  1.19999988e+00 -4.49677343e-04 
 2.03532328e-07  0.00000000e+00  1.19999988e+00 -3.64590547e-04 
 2.03549008e-07  0.00000000e+00  1.19999988e+00 -3.70001954e-04 
 2.03567060e-07  0.00000000e+00  1.19999988e+00 -4.20737850e-04 
 2.03583980e-07  0.00000000e+00  1.19999988e+00 -4.32088658e-04 
 2.03600957e-07  0.00000000e+00  1.19999988e+00 -4.44999170e-04 
 2.03619295e-07  0.00000000e+00  1.19999988e+00 -3.82341636e-04 
 2.03638249e-07  0.00000000e+00  1.19999988e+00 -3.60077451e-04 
 2.03655697e-07  0.00000000e+00  1.19999988e+00 -4.27903169e-04 
 2.03674386e-07  0.00000000e+00  1.19999988e+00 -4.25423925e-04 
 2.03693064e-07  0.00000000e+00  1.19999988e+00 -4.51484757e-04 
 2.03710898e-07  0.00000000e+00  1.19999988e+00 -3.63740431e-04 
 2.03727644e-07  0.00000000e+00  1.19999988e+00 -3.71077674e-04 
 2.03745730e-07  0.00000000e+00  1.19999988e+00 -4.19324366e-04 
 2.03762703e-07  0.00000000e+00  1.19999988e+00 -4.33221525e-04 
 2.03779663e-07  0.00000000e+00  1.19999988e+00 -4.44103783e-04 
 2.03797995e-07  0.00000000e+00  1.19999988e+00 -3.83382195e-04 
 2.03816958e-07  0.00000000e+00  1.19999988e+00 -3.59053873e-04 
 2.03834394e-07  0.00000000e+00  1.19999988e+00 -4.28885010e-04 
 2.03853078e-07  0.00000000e+00  1.19999988e+00 -4.24228864e-04 
 2.03871807e-07  0.00000000e+00  1.19999988e+00 -4.52818464e-04 
 2.03889573e-07  0.00000000e+00  1.19999988e+00 -3.62632600e-04 
 2.03906283e-07  0.00000000e+00  1.19999988e+00 -3.72130249e-04 
 2.03924375e-07  0.00000000e+00  1.19999988e+00 -4.17981631e-04 
 2.03941316e-07  0.00000000e+00  1.19999988e+00 -4.34129724e-04 
 2.03958233e-07  0.00000000e+00  1.19999988e+00 -4.43272850e-04 
 2.03976561e-07  0.00000000e+00  1.19999988e+00 -3.85094977e-04 
 2.03995504e-07  0.00000000e+00  1.19999988e+00 -3.57513772e-04 
 2.04012978e-07  0.00000000e+00  1.19999988e+00 -4.29740977e-04 
 2.04031679e-07  0.00000000e+00  1.19999988e+00 -4.22880424e-04 
 2.04050405e-07  0.00000000e+00  1.19999988e+00 -4.54275177e-04 
 2.04068193e-07  0.00000000e+00  1.19999988e+00 -3.61736471e-04 
 2.04084927e-07  0.00000000e+00  1.19999988e+00 -3.73113130e-04 
 2.04103037e-07  0.00000000e+00  1.19999988e+00 -4.16741639e-04 
 2.04119994e-07  0.00000000e+00  1.19999988e+00 -4.35085745e-04 
 2.04136883e-07  0.00000000e+00  1.19999988e+00 -4.42486677e-04 
 2.04155205e-07  0.00000000e+00  1.19999988e+00 -3.86276209e-04 
 2.04174146e-07  0.00000000e+00  1.19999988e+00 -3.56389040e-04 
 2.04191627e-07  0.00000000e+00  1.19999988e+00 -4.30598959e-04 
 2.04210331e-07  0.00000000e+00  1.19999988e+00 -4.21733522e-04 
 2.04229082e-07  0.00000000e+00  1.19999988e+00 -4.55542445e-04 
 2.04246843e-07  0.00000000e+00  1.19999988e+00 -3.60796118e-04 
 2.04263569e-07  0.00000000e+00  1.19999988e+00 -3.74049795e-04 
 2.04281689e-07  0.00000000e+00  1.19999988e+00 -4.15564317e-04 
 2.04298635e-07  0.00000000e+00  1.19999988e+00 -4.35940904e-04 
 2.04315491e-07  0.00000000e+00  1.19999988e+00 -4.41741188e-04 
 2.04333808e-07  0.00000000e+00  1.19999988e+00 -3.87626765e-04 
 2.04352739e-07  0.00000000e+00  1.19999988e+00 -3.55140001e-04 
 2.04370243e-07  0.00000000e+00  1.19999987e+00 -4.31400540e-04 
 2.04388956e-07  0.00000000e+00  1.19999988e+00 -4.20574959e-04 
 2.04407715e-07  0.00000000e+00  1.19999988e+00 -4.56808657e-04 
 2.04425476e-07  0.00000000e+00  1.19999986e+00 -3.59937151e-04 
 2.04442212e-07  0.00000000e+00  1.19999989e+00 -3.74940567e-04 
 2.04460345e-07  0.00000000e+00  1.19999989e+00 -4.14454197e-04 
 2.04477294e-07  0.00000000e+00  1.19999990e+00 -4.36791392e-04 
 2.04494123e-07  0.00000000e+00  1.20000002e+00 -4.41026025e-04 
 2.04512436e-07  0.00000000e+00  1.19999944e+00 -3.88776082e-04 
 2.04531362e-07  0.00000000e+00  1.19999951e+00 -3.54047274e-04 
 2.04548878e-07  0.00000000e+00  1.19999995e+00 -4.32189642e-04 
 2.04567595e-07  0.00000000e+00  1.20000159e+00 -4.19507757e-04 
 2.04586372e-07  0.00000000e+00  1.20000858e+00 -4.57989506e-04 
 2.04604118e-07  0.00000000e+00  1.19999388e+00 -3.59067575e-04 
 2.04620859e-07  0.00000000e+00  1.19996763e+00 -3.75802258e-04 
 2.04639001e-07  0.00000000e+00  1.19994843e+00 -4.13387320e-04 
 2.04655946e-07  0.00000000e+00  1.19999561e+00 -4.37639706e-04 
 2.04672746e-07  0.00000000e+00  1.20037510e+00 -4.40567933e-04 
 2.04691054e-07  0.00000000e+00  1.20060923e+00 -3.89893798e-04 
 2.04709974e-07  0.00000000e+00  1.19946170e+00 -3.52337426e-04 
 2.04727505e-07  0.00000000e+00  1.19634906e+00 -4.31341442e-04 
 2.04746228e-07  0.00000000e+00  1.19332085e+00 -4.17659973e-04 
 2.04765016e-07  0.00000000e+00  1.20954407e+00 -4.70689566e-04 
 2.04782756e-07  0.00000000e+00  1.24522984e+00 -3.72024047e-04 
 2.04798892e-07  0.00000000e+00  1.25265646e+00 -3.67709128e-04 
 2.04814479e-07  0.00000000e+00  1.17596804e+00 -3.71076009e-04 
 2.04830902e-07  0.00000000e+00  1.00462188e+00 -3.72750599e-04 
 2.04845733e-07  0.00000000e+00  8.14543701e-01 -3.57568818e-04 
 2.04862397e-07  0.00000000e+00  5.98448965e-01 -3.83833650e-04 
 2.04879863e-07  0.00000000e+00  3.89989129e-01 -2.88904238e-04 
 2.04897093e-07  0.00000000e+00  2.23329800e-01 -3.34802770e-04 
 2.04914858e-07  0.00000000e+00  1.08859700e-01 -3.28957017e-04 
 2.04932103e-07  0.00000000e+00  4.91096444e-02 -3.55767767e-04 
 2.04947932e-07  0.00000000e+00  2.28722301e-02 -3.56711558e-04 
 2.04965903e-07  0.00000000e+00  9.31493062e-03 -3.05100008e-04 
 2.04982786e-07  0.00000000e+00  4.02439043e-03 -2.91182699e-04 
 2.05000165e-07  0.00000000e+00  1.67821039e-03 -3.44003012e-04 
 2.05017170e-07  0.00000000e+00  7.26144469e-04 -3.25661186e-04 
 2.05032003e-07  0.00000000e+00  3.42748641e-04 -3.70960605e-04 
 2.05050152e-07  0.00000000e+00  1.44782756e-04 -3.06718234e-04 
 2.05068285e-07  0.00000000e+00  5.14153756e-05 -2.97168397e-04 
 2.05085035e-07  0.00000000e+00  2.92588834e-05 -3.25177488e-04 
 2.05103335e-07  0.00000000e+00  5.20963478e-06 -3.39394696e-04 
 2.05122381e-07  0.00000000e+00  8.28619005e-06 -3.54109890e-04 
 2.05139627e-07  0.00000000e+00 -2.73697897e-06 -3.25288211e-04 
 2.05156259e-07  0.00000000e+00  5.01019407e-06 -2.77399578e-04 
 2.05174432e-07  0.00000000e+00 -3.80815949e-06 -3.42897998e-04 
 2.05191320e-07  0.00000000e+00  4.21775734e-06 -3.21322720e-04 
 2.05208465e-07  0.00000000e+00 -3.81391732e-06 -3.66742199e-04 
 2.05226864e-07  0.00000000e+00  3.91173923e-06 -3.17597939e-04 
 2.05245630e-07  0.00000000e+00 -3.66542147e-06 -2.92398780e-04 
 2.05263499e-07  0.00000000e+00  3.70514169e-06 -3.26636682e-04 
 2.05282153e-07  0.00000000e+00 -3.48673394e-06 -3.37568165e-04 
 2.05300993e-07  0.00000000e+00  3.52669405e-06 -3.56245003e-04 
 2.05318823e-07  0.00000000e+00 -3.31262310e-06 -3.20796447e-04 
 2.05335639e-07  0.00000000e+00  3.34586197e-06 -2.80585699e-04 
 2.05353809e-07  0.00000000e+00 -3.13865601e-06 -3.41635909e-04 
 2.05370784e-07  0.00000000e+00  3.17740814e-06 -3.23496264e-04 
 2.05387484e-07  0.00000000e+00 -2.96787406e-06 -3.66026054e-04 
 2.05405771e-07  0.00000000e+00  3.01714187e-06 -3.17772368e-04 
 2.05424698e-07  0.00000000e+00 -2.82145067e-06 -2.91530637e-04 
 2.05442171e-07  0.00000000e+00  2.87125963e-06 -3.28096429e-04 
 2.05460910e-07  0.00000000e+00 -2.67852225e-06 -3.36008666e-04 
 2.05479723e-07  0.00000000e+00  2.73723088e-06 -3.57981860e-04 
 2.05497411e-07  0.00000000e+00 -2.54406152e-06 -3.19528704e-04 
 2.05514145e-07  0.00000000e+00  2.59851136e-06 -2.81934848e-04 
 2.05532296e-07  0.00000000e+00 -2.41065271e-06 -3.39789639e-04 
 2.05549232e-07  0.00000000e+00  2.46968974e-06 -3.24934538e-04 
 2.05565981e-07  0.00000000e+00 -2.28023709e-06 -3.64199962e-04 
 2.05584281e-07  0.00000000e+00  2.34751293e-06 -3.20181402e-04 
 2.05603140e-07  0.00000000e+00 -2.16823882e-06 -2.89500079e-04 
 2.05620734e-07  0.00000000e+00  2.23627530e-06 -3.29604620e-04 
 2.05639460e-07  0.00000000e+00 -2.05941213e-06 -3.34200159e-04 
 2.05658269e-07  0.00000000e+00  2.13382881e-06 -3.59693425e-04 
 2.05676017e-07  0.00000000e+00 -1.95685053e-06 -3.18035198e-04 
 2.05692811e-07  0.00000000e+00  2.02820360e-06 -2.83595797e-04 
 2.05710984e-07  0.00000000e+00 -1.85515774e-06 -3.38082415e-04 
 2.05727953e-07  0.00000000e+00  1.92990718e-06 -3.26578622e-04 
 2.05744679e-07  0.00000000e+00 -1.75551473e-06 -3.62780301e-04 
 2.05762972e-07  0.00000000e+00  1.83644020e-06 -3.21619770e-04 
 2.05781837e-07  0.00000000e+00 -1.66991489e-06 -2.87938796e-04 
 2.05799411e-07  0.00000000e+00  1.75137871e-06 -3.31208255e-04 
 2.05818127e-07  0.00000000e+00 -1.58666537e-06 -3.32521104e-04 
 2.05836969e-07  0.00000000e+00  1.67312049e-06 -3.61538114e-04 
 2.05854670e-07  0.00000000e+00 -1.50823352e-06 -3.16345082e-04 
 2.05871445e-07  0.00000000e+00  1.59222985e-06 -2.85252940e-04 
 2.05889620e-07  0.00000000e+00 -1.43046321e-06 -3.36313547e-04 
 2.05906567e-07  0.00000000e+00  1.51704830e-06 -3.28189585e-04 
 2.05923272e-07  0.00000000e+00 -1.35420223e-06 -3.61120291e-04 
 2.05941563e-07  0.00000000e+00  1.44555021e-06 -3.23588149e-04 
 2.05960387e-07  0.00000000e+00 -1.28869948e-06 -2.86111445e-04 
 2.05978003e-07  0.00000000e+00  1.38053933e-06 -3.32750728e-04 
 2.05996712e-07  0.00000000e+00 -1.22512936e-06 -3.30761483e-04 
 2.06015554e-07  0.00000000e+00  1.32070066e-06 -3.63260458e-04 
 2.06033276e-07  0.00000000e+00 -1.16520597e-06 -3.14854353e-04 
 2.06050084e-07  0.00000000e+00  1.25895303e-06 -2.86864889e-04 
 2.06068273e-07  0.00000000e+00 -1.10582857e-06 -3.34606203e-04 
 2.06085238e-07  0.00000000e+00  1.20151658e-06 -3.29798910e-04 
 2.06101930e-07  0.00000000e+00 -1.04752256e-06 -3.59629095e-04 
 2.06120219e-07  0.00000000e+00  1.14681655e-06 -3.25173083e-04 
 2.06139033e-07  0.00000000e+00 -9.97415644e-07 -2.84481324e-04 
 2.06156654e-07  0.00000000e+00  1.09709299e-06 -3.34329671e-04 
 2.06175351e-07  0.00000000e+00 -9.48791982e-07 -3.29086531e-04 
 2.06194217e-07  0.00000000e+00  1.05134258e-06 -3.65037370e-04 
 2.06211914e-07  0.00000000e+00 -9.02957702e-07 -3.13231832e-04 
 2.06228719e-07  0.00000000e+00  1.00407812e-06 -2.88485181e-04 
 2.06246915e-07  0.00000000e+00 -8.57545745e-07 -3.32899331e-04 
 2.06263869e-07  0.00000000e+00  9.60138301e-07 -3.31385656e-04 
 2.06280543e-07  0.00000000e+00 -8.12909672e-07 -3.58049917e-04 
 2.06298830e-07  0.00000000e+00  9.18270041e-07 -3.26971471e-04 
 2.06317616e-07  0.00000000e+00 -7.74551226e-07 -2.82755580e-04 
 2.06335264e-07  0.00000000e+00  8.80236221e-07 -3.35862254e-04 
 2.06353953e-07  0.00000000e+00 -7.37377941e-07 -3.27394615e-04 
 2.06372826e-07  0.00000000e+00  8.45233925e-07 -3.66734638e-04 
 2.06390529e-07  0.00000000e+00 -7.02325012e-07 -3.11723489e-04 
 2.06407355e-07  0.00000000e+00  8.09100652e-07 -2.90062938e-04 
 2.06425562e-07  0.00000000e+00 -6.67611335e-07 -3.31241024e-04 
 2.06442524e-07  0.00000000e+00  7.75495641e-07 -3.32953811e-04 
 2.06459186e-07  0.00000000e+00 -6.33449745e-07 -3.56564267e-04 
 2.06477470e-07  0.00000000e+00  7.43440918e-07 -3.28572245e-04 
 2.06496242e-07  0.00000000e+00 -6.04082759e-07 -2.81137934e-04 
 2.06513902e-07  0.00000000e+00  7.14331492e-07 -3.37398093e-04 
 2.06532580e-07  0.00000000e+00 -5.75634053e-07 -3.25760019e-04 
 2.06551471e-07  0.00000000e+00  6.87546093e-07 -3.68438506e-04 
 2.06569160e-07  0.00000000e+00 -5.48805395e-07 -3.10167854e-04 
 2.06585990e-07  0.00000000e+00  6.59879931e-07 -2.91628792e-04 
 2.06604203e-07  0.00000000e+00 -5.22241084e-07 -3.29601209e-04 
 2.06621160e-07  0.00000000e+00  6.34155364e-07 -3.34496762e-04 
 2.06637807e-07  0.00000000e+00 -4.96073185e-07 -3.55051415e-04 
 2.06656089e-07  0.00000000e+00  6.09601909e-07 -3.30254307e-04 
 2.06674840e-07  0.00000000e+00 -4.73575982e-07 -2.79492457e-04 
 2.06692520e-07  0.00000000e+00  5.87315561e-07 -3.38900485e-04 
 2.06711190e-07  0.00000000e+00 -4.51802400e-07 -3.24133671e-04 
 2.06730090e-07  0.00000000e+00  5.66805466e-07 -3.70089311e-04 
 2.06747779e-07  0.00000000e+00 -4.31263176e-07 -3.08676100e-04 
 2.06764624e-07  0.00000000e+00  5.45627714e-07 -2.93160475e-04 
 2.06782847e-07  0.00000000e+00 -4.10932947e-07 -3.28000333e-04 
 2.06799807e-07  0.00000000e+00  5.25931534e-07 -3.36018097e-04 
 2.06816442e-07  0.00000000e+00 -3.90884237e-07 -3.53594515e-04 
 2.06834722e-07  0.00000000e+00  5.07115535e-07 -3.31829230e-04 
 2.06853458e-07  0.00000000e+00 -3.73643270e-07 -2.77909714e-04 
 2.06871151e-07  0.00000000e+00  4.90042333e-07 -3.40394021e-04 
 2.06889812e-07  0.00000000e+00 -3.56964479e-07 -3.22547285e-04 
 2.06908726e-07  0.00000000e+00  4.74329816e-07 -3.71729385e-04 
 2.06926405e-07  0.00000000e+00 -3.41228703e-07 -3.07173372e-04 
 2.06943256e-07  0.00000000e+00  4.58101145e-07 -2.94675016e-04 
 2.06961487e-07  0.00000000e+00 -3.25655798e-07 -3.26422191e-04 
 2.06978444e-07  0.00000000e+00  4.43008349e-07 -3.37517008e-04 
 2.06995066e-07  0.00000000e+00 -3.10283104e-07 -3.52135642e-04 
 2.07013345e-07  0.00000000e+00  4.28580093e-07 -3.33426600e-04 
 2.07032063e-07  0.00000000e+00 -2.97061214e-07 -2.76327443e-04 
 2.07049774e-07  0.00000000e+00  4.15493054e-07 -3.41863305e-04 
 2.07068425e-07  0.00000000e+00 -2.84278914e-07 -3.20977413e-04 
 2.07087350e-07  0.00000000e+00  4.03447150e-07 -3.73332330e-04 
 2.07105026e-07  0.00000000e+00 -2.72216287e-07 -3.05708130e-04 
 2.07121889e-07  0.00000000e+00  3.91006596e-07 -2.96164294e-04 
 2.07140127e-07  0.00000000e+00 -2.60281168e-07 -3.24874215e-04 
 2.07157085e-07  0.00000000e+00  3.79434548e-07 -3.38996967e-04 
 2.07173696e-07  0.00000000e+00 -2.48487036e-07 -3.50710371e-04 
 2.07191973e-07  0.00000000e+00  3.68363195e-07 -3.34962762e-04 
 2.07210677e-07  0.00000000e+00 -2.38340576e-07 -2.74785120e-04 
 2.07228401e-07  0.00000000e+00  3.58323543e-07 -3.43320657e-04 
 2.07247044e-07  0.00000000e+00 -2.28535397e-07 -3.19436921e-04 
 2.07265980e-07  0.00000000e+00  3.49081572e-07 -3.74918105e-04 
 2.07283649e-07  0.00000000e+00 -2.19280235e-07 -3.04245788e-04 
 2.07300520e-07  0.00000000e+00  3.39534775e-07 -2.97636477e-04 
 2.07318766e-07  0.00000000e+00 -2.10124021e-07 -3.23347402e-04 
 2.07335722e-07  0.00000000e+00  3.30653595e-07 -3.40458329e-04 
 2.07352322e-07  0.00000000e+00 -2.01066847e-07 -3.49291167e-04 
 2.07370597e-07  0.00000000e+00  3.22150599e-07 -3.36498969e-04 
 2.07389286e-07  0.00000000e+00 -1.93273196e-07 -2.73252417e-04 
 2.07407025e-07  0.00000000e+00  3.14441807e-07 -3.44760431e-04 
 2.07425659e-07  0.00000000e+00 -1.85745127e-07 -3.17913438e-04 
 2.07444605e-07  0.00000000e+00  3.07343991e-07 -3.76476829e-04 
 2.07462271e-07  0.00000000e+00 -1.78637317e-07 -3.02806852e-04 
 2.07479150e-07  0.00000000e+00  3.00011564e-07 -2.99089642e-04 
 2.07497404e-07  0.00000000e+00 -1.71606225e-07 -3.21843796e-04 
 2.07514360e-07  0.00000000e+00  2.93188727e-07 -3.41904210e-04 
 2.07530949e-07  0.00000000e+00 -1.64643894e-07 -3.47893410e-04 
 2.07549223e-07  0.00000000e+00  2.86651324e-07 -3.37997685e-04 
 2.07567899e-07  0.00000000e+00 -1.58651090e-07 -2.71746358e-04 
 2.07585651e-07  0.00000000e+00  2.80725354e-07 -3.46189242e-04 
 2.07604276e-07  0.00000000e+00 -1.52864125e-07 -3.16411672e-04 
 2.07623233e-07  0.00000000e+00  2.75267834e-07 -3.78018769e-04 
 2.07640893e-07  0.00000000e+00 -1.47398586e-07 -3.01374721e-04 
 2.07657780e-07  0.00000000e+00  2.69628521e-07 -3.00528493e-04 
 2.07676040e-07  0.00000000e+00 -1.41992103e-07 -3.20357987e-04 
 2.07692995e-07  0.00000000e+00  2.64379915e-07 -3.43335669e-04 
 2.07709574e-07  0.00000000e+00 -1.36632871e-07 -3.46503355e-04 
 2.07727847e-07  0.00000000e+00  2.59347009e-07 -3.39488493e-04 
 2.07746510e-07  0.00000000e+00 -1.32018419e-07 -2.70251943e-04 
 2.07764275e-07  0.00000000e+00  2.54785174e-07 -3.47605354e-04 
 2.07782892e-07  0.00000000e+00 -1.27563581e-07 -3.14924904e-04 
 2.07801858e-07  0.00000000e+00  2.50582620e-07 -3.79540464e-04 
 2.07819514e-07  0.00000000e+00 -1.23354592e-07 -2.99957872e-04 
 2.07836409e-07  0.00000000e+00  2.46239072e-07 -3.01953158e-04 
 2.07854676e-07  0.00000000e+00 -1.19190899e-07 -3.18889893e-04 
 2.07871630e-07  0.00000000e+00  2.42195057e-07 -3.44755052e-04 
 2.07888200e-07  0.00000000e+00 -1.15059035e-07 -3.45127289e-04 
 2.07906472e-07  0.00000000e+00  2.38313988e-07 -3.40955025e-04 
 2.07925123e-07  0.00000000e+00 -1.11499903e-07 -2.68776121e-04 
 2.07942899e-07  0.00000000e+00  2.34796054e-07 -3.49012482e-04 
 2.07961509e-07  0.00000000e+00 -1.08064267e-07 -3.13454414e-04 
 2.07980484e-07  0.00000000e+00  2.31553954e-07 -3.81047464e-04 
 2.07998135e-07  0.00000000e+00 -1.04816791e-07 -2.98548107e-04 
 2.08015038e-07  0.00000000e+00  2.28201853e-07 -3.03366524e-04 
 2.08033310e-07  0.00000000e+00 -1.01603753e-07 -3.17436127e-04 
 2.08050263e-07  0.00000000e+00  2.25079639e-07 -3.46163516e-04 
 2.08066825e-07  0.00000000e+00 -9.84116224e-08 -3.43758178e-04 
 2.08085095e-07  0.00000000e+00  2.22080536e-07 -3.42411812e-04 
 2.08103735e-07  0.00000000e+00 -9.56606261e-08 -2.67311257e-04 
 2.08121523e-07  0.00000000e+00  2.19361729e-07 -3.50410414e-04 
 2.08140125e-07  0.00000000e+00 -9.30050627e-08 -3.11996376e-04 
 2.08159109e-07  0.00000000e+00  2.16854796e-07 -3.82538944e-04 
 2.08176756e-07  0.00000000e+00 -9.04936055e-08 -2.97148711e-04 
 2.08193666e-07  0.00000000e+00  2.14261743e-07 -3.04769331e-04 
 2.08211944e-07  0.00000000e+00 -8.80081031e-08 -3.15995909e-04 
 2.08228896e-07  0.00000000e+00  2.11845186e-07 -3.47562747e-04 
 2.08245449e-07  0.00000000e+00 -8.55357160e-08 -3.42398360e-04 
 2.08263719e-07  0.00000000e+00  2.09521595e-07 -3.43852019e-04 
 2.08282348e-07  0.00000000e+00 -8.34037033e-08 -2.65859920e-04 
 2.08300146e-07  0.00000000e+00  2.07414589e-07 -3.51801307e-04 
 2.08318741e-07  0.00000000e+00 -8.13453051e-08 -3.10550756e-04 
 2.08337734e-07  0.00000000e+00  2.05470611e-07 -3.84018054e-04 
 2.08355377e-07  0.00000000e+00 -7.93973504e-08 -2.95755524e-04 
 2.08372293e-07  0.00000000e+00  2.03458641e-07 -3.06163411e-04 
 2.08390577e-07  0.00000000e+00 -7.74687184e-08 -3.14567054e-04 
 2.08407527e-07  0.00000000e+00  2.01582371e-07 -3.48953738e-04 
 2.08424073e-07  0.00000000e+00 -7.55476754e-08 -3.41044145e-04 
 2.08442342e-07  0.00000000e+00  1.99776299e-07 -3.45282948e-04 
 2.08460960e-07  0.00000000e+00 -7.38898497e-08 -2.64418093e-04 
 2.08478769e-07  0.00000000e+00  1.98137836e-07 -3.53185437e-04 
 2.08497357e-07  0.00000000e+00 -7.22887764e-08 -3.09115287e-04 
 2.08516357e-07  0.00000000e+00  1.96624985e-07 -3.85484947e-04 
 2.08533997e-07  0.00000000e+00 -7.07723405e-08 -2.94369673e-04 
 2.08550919e-07  0.00000000e+00  1.95058114e-07 -3.07549552e-04 
 2.08569209e-07  0.00000000e+00 -6.92701091e-08 -3.13148687e-04 
 2.08586158e-07  0.00000000e+00  1.93595641e-07 -3.50337655e-04 
 2.08602697e-07  0.00000000e+00 -6.77715423e-08 -3.39696248e-04 
 2.08620965e-07  0.00000000e+00  1.92186107e-07 -3.46701958e-04 
 2.08639574e-07  0.00000000e+00 -6.64770979e-08 -2.62986530e-04 
 2.08657392e-07  0.00000000e+00  1.90906598e-07 -3.54564072e-04 
 2.08675973e-07  0.00000000e+00 -6.52262697e-08 -3.07689527e-04 
 2.08694981e-07  0.00000000e+00  1.89724039e-07 -3.86941488e-04 
 2.08712617e-07  0.00000000e+00 -6.40404592e-08 -2.92988999e-04 
 2.08729545e-07  0.00000000e+00  1.88498099e-07 -3.08928927e-04 
 2.08747840e-07  0.00000000e+00 -6.28647708e-08 -3.11739379e-04 
 2.08764788e-07  0.00000000e+00  1.87352654e-07 -3.51715249e-04 
 2.08781320e-07  0.00000000e+00 -6.16899916e-08 -3.38352698e-04 
 2.08799587e-07  0.00000000e+00  1.86247073e-07 -3.48112815e-04 
 2.08818187e-07  0.00000000e+00 -6.06740913e-08 -2.61563049e-04 
 2.08836015e-07  0.00000000e+00  1.85242576e-07 -3.55937558e-04 
 2.08854589e-07  0.00000000e+00 -5.96916648e-08 -3.06272096e-04 
 2.08873604e-07  0.00000000e+00  1.84313144e-07 -3.88388108e-04 
 2.08891236e-07  0.00000000e+00 -5.87591530e-08 -2.91613799e-04 
 2.08908171e-07  0.00000000e+00  1.83348477e-07 -3.10302174e-04 
 2.08926471e-07  0.00000000e+00 -5.78336845e-08 -3.10338381e-04 
 2.08943418e-07  0.00000000e+00  1.82446002e-07 -3.53087293e-04 
 2.08959943e-07  0.00000000e+00 -5.69071355e-08 -3.37013612e-04 
 2.08978209e-07  0.00000000e+00  1.81573432e-07 -3.49514646e-04 
 2.08996800e-07  0.00000000e+00 -5.61047867e-08 -2.60147718e-04 
 2.09014637e-07  0.00000000e+00  1.80779791e-07 -3.57306634e-04 
 2.09033205e-07  0.00000000e+00 -5.53280695e-08 -3.04862514e-04 
 2.09052227e-07  0.00000000e+00  1.80044359e-07 -3.89825945e-04 
 2.09069856e-07  0.00000000e+00 -5.45897582e-08 -2.90242942e-04 
 2.09086796e-07  0.00000000e+00  1.79279996e-07 -3.11670036e-04 
 2.09105100e-07  0.00000000e+00 -5.38560240e-08 -3.08944757e-04 
 2.09122046e-07  0.00000000e+00  1.78563769e-07 -3.54454306e-04 
 2.09138565e-07  0.00000000e+00 -5.31198700e-08 -3.35677934e-04 
 2.09156830e-07  0.00000000e+00  1.77869927e-07 -3.50909451e-04 
 2.09175414e-07  0.00000000e+00 -5.24813291e-08 -2.58739321e-04 
 2.09193259e-07  0.00000000e+00  1.77237925e-07 -3.58671570e-04 
 2.09211821e-07  0.00000000e+00 -5.18623240e-08 -3.03459929e-04 
 2.09230850e-07  0.00000000e+00  1.76651300e-07 -3.91255434e-04 
 2.09248475e-07  0.00000000e+00 -5.12729198e-08 -2.88876454e-04 
 2.09265420e-07  0.00000000e+00  1.76040529e-07 -3.13032964e-04 
 2.09283729e-07  0.00000000e+00 -5.06862153e-08 -3.07557942e-04 
 2.09300674e-07  0.00000000e+00  1.75467144e-07 -3.55816772e-04 
 2.09317187e-07  0.00000000e+00 -5.00961301e-08 -3.34345614e-04 
 2.09335452e-07  0.00000000e+00  1.74910424e-07 -3.52297050e-04 
 2.09354028e-07  0.00000000e+00 -4.95832418e-08 -2.57337716e-04 
 2.09371881e-07  0.00000000e+00  1.74402434e-07 -3.60032771e-04 
 2.09390437e-07  0.00000000e+00 -4.90852436e-08 -3.02063950e-04 
 2.09409472e-07  0.00000000e+00  1.73929966e-07 -3.92677280e-04 
 2.09427094e-07  0.00000000e+00 -4.86100639e-08 -2.87513754e-04 
 2.09444044e-07  0.00000000e+00  1.73437024e-07 -3.14391409e-04 
 2.09462358e-07  0.00000000e+00 -4.81361475e-08 -3.06177334e-04 
 2.09479301e-07  0.00000000e+00  1.72973234e-07 -3.57175015e-04 
 2.09495809e-07  0.00000000e+00 -4.76581724e-08 -3.33016104e-04 
 2.09514073e-07  0.00000000e+00  1.72521776e-07 -3.53678528e-04 
 2.09532642e-07  0.00000000e+00 -4.72417511e-08 -2.55942217e-04 
 2.09550502e-07  0.00000000e+00  1.72108944e-07 -3.61390400e-04 
 2.09569053e-07  0.00000000e+00 -4.68366032e-08 -3.00674054e-04 
 2.09588093e-07  0.00000000e+00  1.71724083e-07 -3.94091833e-04 
 2.09605713e-07  0.00000000e+00 -4.64491099e-08 -2.86154816e-04 
 2.09622668e-07  0.00000000e+00  1.71321611e-07 -3.15745655e-04 
 2.09640985e-07  0.00000000e+00 -4.60617404e-08 -3.04802539e-04 
 2.09657927e-07  0.00000000e+00  1.70941960e-07 -3.58529315e-04 
 2.09674430e-07  0.00000000e+00 -4.56698488e-08 -3.31689349e-04 
 2.09692693e-07  0.00000000e+00  1.70571321e-07 -3.55053936e-04 
 2.09711256e-07  0.00000000e+00 -4.53275276e-08 -2.54552663e-04 
 2.09729124e-07  0.00000000e+00  1.70231562e-07 -3.62744651e-04 
 2.09747669e-07  0.00000000e+00 -4.49936868e-08 -2.99289965e-04 
 2.09766715e-07  0.00000000e+00  1.69913994e-07 -3.95499531e-04 
 2.09784332e-07  0.00000000e+00 -4.46735041e-08 -2.84799366e-04 
 2.09801291e-07  0.00000000e+00  1.69581004e-07 -3.17095955e-04 
 2.09819612e-07  0.00000000e+00 -4.43526279e-08 -3.03433180e-04 
 2.09836553e-07  0.00000000e+00  1.69265966e-07 -3.59879845e-04 
 2.09853051e-07  0.00000000e+00 -4.40268781e-08 -3.30365103e-04 
 2.09871314e-07  0.00000000e+00  1.68957439e-07 -3.56423862e-04 
 2.09889870e-07  0.00000000e+00 -4.37414935e-08 -2.53168665e-04 
 2.09907745e-07  0.00000000e+00  1.68673836e-07 -3.64095607e-04 
 2.09926285e-07  0.00000000e+00 -4.34624353e-08 -2.97911389e-04 
 2.09945336e-07  0.00000000e+00  1.68407975e-07 -3.96900463e-04 
 2.09962951e-07  0.00000000e+00 -4.31940061e-08 -2.83447580e-04 
 2.09981475e-07  0.00000000e+00  1.68140200e-07 -3.20344466e-04 
 2.09990738e-07  0.00000000e+00 -4.28118026e-08 -2.89854234e-04 
 2.10000000e-07  0.00000000e+00  1.67642401e-07 -3.60619599e-04 
