 time            v(in)           v(out)          i(VDD)         
 0.00000000e+00  0.00000000e+00  6.25378104e-08 -2.70377704e-08 
 1.00000000e-12  0.00000000e+00  6.25378110e-08 -2.70377840e-08 
 2.00000000e-12  0.00000000e+00  6.25378105e-08 -2.70377853e-08 
 4.00000000e-12  0.00000000e+00  6.25378107e-08 -2.70377859e-08 
 8.00000000e-12  0.00000000e+00  6.25378086e-08 -2.70377740e-08 
 1.60000000e-11  0.00000000e+00  6.25378031e-08 -2.70377752e-08 
 3.20000000e-11  0.00000000e+00  6.25378076e-08 -2.70377769e-08 
 6.40000000e-11  0.00000000e+00  6.25378035e-08 -2.70377739e-08 
 1.28000000e-10  0.00000000e+00  6.25378013e-08 -2.70377813e-08 
 2.28000000e-10  0.00000000e+00  6.25378204e-08 -2.70377753e-08 
 3.28000000e-10  0.00000000e+00  6.25378114e-08 -2.70377743e-08 
 4.28000000e-10  0.00000000e+00  6.25378080e-08 -2.70377729e-08 
 5.28000000e-10  0.00000000e+00  6.25378119e-08 -2.70377746e-08 
 6.28000000e-10  0.00000000e+00  6.25378075e-08 -2.70377733e-08 
 7.28000000e-10  0.00000000e+00  6.25378109e-08 -2.70377737e-08 
 8.28000000e-10  0.00000000e+00  6.25378061e-08 -2.70377729e-08 
 9.28000000e-10  0.00000000e+00  6.25378137e-08 -2.70377745e-08 
 1.02800000e-09  0.00000000e+00  6.25378137e-08 -2.70377735e-08 
 1.12800000e-09  0.00000000e+00  6.25378061e-08 -2.70377741e-08 
 1.22800000e-09  0.00000000e+00  6.25378116e-08 -2.70377734e-08 
 1.32800000e-09  0.00000000e+00  6.25378087e-08 -2.70377747e-08 
 1.42800000e-09  0.00000000e+00  6.25378149e-08 -2.70377731e-08 
 1.52800000e-09  0.00000000e+00  6.25378092e-08 -2.70377736e-08 
 1.62800000e-09  0.00000000e+00  6.25378084e-08 -2.70377732e-08 
 1.72800000e-09  0.00000000e+00  6.25378110e-08 -2.70377745e-08 
 1.82800000e-09  0.00000000e+00  6.25378097e-08 -2.70377742e-08 
 1.92800000e-09  0.00000000e+00  6.25378105e-08 -2.70377744e-08 
 2.02800000e-09  0.00000000e+00  6.25378062e-08 -2.70377742e-08 
 2.12800000e-09  0.00000000e+00  6.25378148e-08 -2.70377743e-08 
 2.22800000e-09  0.00000000e+00  6.25378085e-08 -2.70377737e-08 
 2.32800000e-09  0.00000000e+00  6.25378092e-08 -2.70377737e-08 
 2.42800000e-09  0.00000000e+00  6.25378150e-08 -2.70377738e-08 
 2.52800000e-09  0.00000000e+00  6.25378086e-08 -2.70377739e-08 
 2.62800000e-09  0.00000000e+00  6.25378089e-08 -2.70377737e-08 
 2.72800000e-09  0.00000000e+00  6.25378099e-08 -2.70377738e-08 
 2.82800000e-09  0.00000000e+00  6.25378063e-08 -2.70377741e-08 
 2.92800000e-09  0.00000000e+00  6.25378136e-08 -2.70377744e-08 
 3.02800000e-09  0.00000000e+00  6.25378132e-08 -2.70377738e-08 
 3.12800000e-09  0.00000000e+00  6.25378086e-08 -2.70377737e-08 
 3.22800000e-09  0.00000000e+00  6.25378113e-08 -2.70377737e-08 
 3.32800000e-09  0.00000000e+00  6.25378096e-08 -2.70377740e-08 
 3.42800000e-09  0.00000000e+00  6.25378075e-08 -2.70377733e-08 
 3.52800000e-09  0.00000000e+00  6.25378110e-08 -2.70377737e-08 
 3.62800000e-09  0.00000000e+00  6.25378148e-08 -2.70377735e-08 
 3.72800000e-09  0.00000000e+00  6.25378066e-08 -2.70377736e-08 
 3.82800000e-09  0.00000000e+00  6.25378117e-08 -2.70377737e-08 
 3.92800000e-09  0.00000000e+00  6.25378100e-08 -2.70377737e-08 
 4.02800000e-09  0.00000000e+00  6.25378065e-08 -2.70377730e-08 
 4.12800000e-09  0.00000000e+00  6.25378112e-08 -2.70377736e-08 
 4.22800000e-09  0.00000000e+00  6.25378093e-08 -2.70377730e-08 
 4.32800000e-09  0.00000000e+00  6.25378130e-08 -2.70377734e-08 
 4.42800000e-09  0.00000000e+00  6.25378134e-08 -2.70377740e-08 
 4.52800000e-09  0.00000000e+00  6.25378095e-08 -2.70377738e-08 
 4.62800000e-09  0.00000000e+00  6.25378087e-08 -2.70377730e-08 
 4.72800000e-09  0.00000000e+00  6.25378065e-08 -2.70377734e-08 
 4.82800000e-09  0.00000000e+00  6.25378145e-08 -2.70377731e-08 
 4.92800000e-09  0.00000000e+00  6.25378131e-08 -2.70377736e-08 
 5.02800000e-09  0.00000000e+00  6.25378037e-08 -2.70377735e-08 
 5.12800000e-09  0.00000000e+00  6.25378158e-08 -2.70377742e-08 
 5.22800000e-09  0.00000000e+00  6.25378090e-08 -2.70377742e-08 
 5.32800000e-09  0.00000000e+00  6.25378096e-08 -2.70377749e-08 
 5.42800000e-09  0.00000000e+00  6.25378110e-08 -2.70377739e-08 
 5.52800000e-09  0.00000000e+00  6.25378090e-08 -2.70377740e-08 
 5.62800000e-09  0.00000000e+00  6.25378108e-08 -2.70377739e-08 
 5.72800000e-09  0.00000000e+00  6.25378083e-08 -2.70377742e-08 
 5.82800000e-09  0.00000000e+00  6.25378153e-08 -2.70377740e-08 
 5.92800000e-09  0.00000000e+00  6.25378085e-08 -2.70377739e-08 
 6.02800000e-09  0.00000000e+00  6.25378093e-08 -2.70377739e-08 
 6.12800000e-09  0.00000000e+00  6.25378099e-08 -2.70377735e-08 
 6.22800000e-09  0.00000000e+00  6.25378101e-08 -2.70377735e-08 
 6.32800000e-09  0.00000000e+00  6.25378096e-08 -2.70377745e-08 
 6.42800000e-09  0.00000000e+00  6.25378146e-08 -2.70377740e-08 
 6.52800000e-09  0.00000000e+00  6.25378072e-08 -2.70377741e-08 
 6.62800000e-09  0.00000000e+00  6.25378107e-08 -2.70377734e-08 
 6.72800000e-09  0.00000000e+00  6.25378069e-08 -2.70377733e-08 
 6.82800000e-09  0.00000000e+00  6.25378138e-08 -2.70377736e-08 
 6.92800000e-09  0.00000000e+00  6.25378094e-08 -2.70377736e-08 
 7.02800000e-09  0.00000000e+00  6.25378085e-08 -2.70377734e-08 
 7.12800000e-09  0.00000000e+00  6.25378160e-08 -2.70377732e-08 
 7.22800000e-09  0.00000000e+00  6.25378054e-08 -2.70377734e-08 
 7.32800000e-09  0.00000000e+00  6.25378082e-08 -2.70377740e-08 
 7.42800000e-09  0.00000000e+00  6.25378133e-08 -2.70377738e-08 
 7.52800000e-09  0.00000000e+00  6.25378102e-08 -2.70377736e-08 
 7.62800000e-09  0.00000000e+00  6.25378085e-08 -2.70377740e-08 
 7.72800000e-09  0.00000000e+00  6.25378152e-08 -2.70377747e-08 
 7.82800000e-09  0.00000000e+00  6.25378083e-08 -2.70377735e-08 
 7.92800000e-09  0.00000000e+00  6.25378111e-08 -2.70377735e-08 
 8.02800000e-09  0.00000000e+00  6.25378102e-08 -2.70377738e-08 
 8.12800000e-09  0.00000000e+00  6.25378107e-08 -2.70377743e-08 
 8.22800000e-09  0.00000000e+00  6.25378069e-08 -2.70377749e-08 
 8.32800000e-09  0.00000000e+00  6.25378066e-08 -2.70377746e-08 
 8.42800000e-09  0.00000000e+00  6.25378188e-08 -2.70377736e-08 
 8.52800000e-09  0.00000000e+00  6.25378078e-08 -2.70377739e-08 
 8.62800000e-09  0.00000000e+00  6.25378081e-08 -2.70377735e-08 
 8.72800000e-09  0.00000000e+00  6.25378108e-08 -2.70377741e-08 
 8.82800000e-09  0.00000000e+00  6.25378080e-08 -2.70377742e-08 
 8.92800000e-09  0.00000000e+00  6.25378149e-08 -2.70377738e-08 
 9.02800000e-09  0.00000000e+00  6.25378083e-08 -2.70377736e-08 
 9.12800000e-09  0.00000000e+00  6.25378107e-08 -2.70377736e-08 
 9.22800000e-09  0.00000000e+00  6.25378063e-08 -2.70377732e-08 
 9.32800000e-09  0.00000000e+00  6.25378105e-08 -2.70377738e-08 
 9.42800000e-09  0.00000000e+00  6.25378183e-08 -2.70377740e-08 
 9.52800000e-09  0.00000000e+00  6.25378022e-08 -2.70377741e-08 
 9.62800000e-09  0.00000000e+00  6.25378073e-08 -2.70377741e-08 
 9.72800000e-09  0.00000000e+00  6.25378185e-08 -2.70377741e-08 
 9.82800000e-09  0.00000000e+00  6.25378065e-08 -2.70377736e-08 
 9.91400000e-09  0.00000000e+00  6.25378143e-08 -2.70377866e-08 
 1.00000000e-08  0.00000000e+00  6.25378117e-08 -2.70377900e-08 
 1.00100000e-08  1.20000000e-02  6.25378074e-08  2.64269349e-06 
 1.00300000e-08  3.60000000e-02  6.25378036e-08  3.18690752e-06 
 1.00700000e-08  8.40000000e-02  6.25378110e-08  3.38757125e-06 
 1.01500000e-08  1.80000000e-01  6.25378062e-08  3.33339822e-06 
 1.02500000e-08  3.00000000e-01  6.25378156e-08  3.18187838e-06 
 1.03500000e-08  4.20000000e-01  6.25378095e-08  1.33718360e-06 
 1.04500000e-08  5.40000000e-01  6.25378078e-08 -4.31738324e-06 
 1.05500000e-08  6.60000000e-01  6.25378149e-08 -9.33420734e-06 
 1.06185420e-08  7.42250456e-01  6.25378102e-08 -2.69089798e-05 
 1.06659706e-08  7.99164749e-01  6.25378089e-08 -4.26696465e-05 
 1.07051137e-08  8.46136438e-01  6.25378064e-08 -8.26667371e-05 
 1.07330035e-08  8.79604220e-01  6.25378057e-08 -1.02174336e-04 
 1.07547704e-08  9.05724445e-01  6.25378021e-08 -6.31348131e-05 
 1.07786068e-08  9.34328141e-01  6.25378146e-08 -7.50366634e-05 
 1.07951629e-08  9.54195423e-01  6.25378206e-08 -9.11309508e-05 
 1.08142983e-08  9.77157986e-01  6.25378129e-08 -9.54426916e-05 
 1.08291337e-08  9.94960450e-01  6.25378072e-08 -9.36334864e-05 
 1.08467492e-08  1.01609902e+00  6.25378090e-08 -5.28215984e-05 
 1.08652348e-08  1.03828175e+00  6.25378189e-08 -7.74694817e-05 
 1.08822039e-08  1.05864464e+00  6.25378103e-08 -8.47906992e-05 
 1.09021444e-08  1.08257325e+00  6.25378028e-08 -9.90015481e-05 
 1.09176444e-08  1.10117324e+00  6.25378090e-08 -9.01656658e-05 
 1.09349208e-08  1.12190499e+00  6.25378084e-08 -5.88543254e-05 
 1.09532032e-08  1.14384380e+00  6.25378107e-08 -7.03135119e-05 
 1.09707534e-08  1.16490403e+00  6.25378111e-08 -8.93519206e-05 
 1.09853767e-08  1.18245201e+00  6.25378101e-08 -8.84325240e-05 
 1.10000000e-08  1.20000000e+00  6.25378139e-08 -1.03143952e-04 
 1.10029247e-08  1.20000000e+00  6.25378129e-08 -9.98323344e-05 
 1.10087740e-08  1.20000000e+00  6.25378112e-08 -8.93853982e-05 
 1.10204727e-08  1.20000000e+00  6.25378115e-08 -6.30408211e-05 
 1.10343172e-08  1.20000000e+00  6.25378057e-08 -6.26783948e-05 
 1.10504229e-08  1.20000000e+00  6.25378101e-08 -8.26209603e-05 
 1.10701171e-08  1.20000000e+00  6.25378236e-08 -9.08608092e-05 
 1.10878130e-08  1.20000000e+00  6.25378084e-08 -1.01806962e-04 
 1.11040039e-08  1.20000000e+00  6.25378030e-08 -7.55830624e-05 
 1.11225688e-08  1.20000000e+00  6.25378109e-08 -5.66581659e-05 
 1.11368427e-08  1.20000000e+00  6.25378149e-08 -8.24949768e-05 
 1.11557387e-08  1.20000000e+00  6.25378128e-08 -8.77687416e-05 
 1.11776464e-08  1.20000000e+00  6.25378098e-08 -1.03838392e-04 
 1.11959691e-08  1.20000000e+00  6.25378146e-08 -6.91000167e-05 
 1.12155677e-08  1.20000000e+00  6.25378076e-08 -6.24858360e-05 
 1.12303876e-08  1.20000000e+00  6.25378039e-08 -8.48152029e-05 
 1.12495017e-08  1.20000000e+00  6.25378075e-08 -8.93024623e-05 
 1.12667449e-08  1.20000000e+00  6.25378068e-08 -1.03274549e-04 
 1.12830371e-08  1.20000000e+00  6.25378112e-08 -7.43639883e-05 
 1.13013228e-08  1.20000000e+00  6.25378084e-08 -5.77741631e-05 
 1.13155044e-08  1.20000000e+00  6.25378065e-08 -8.05468598e-05 
 1.13343533e-08  1.20000000e+00  6.25378190e-08 -8.91173209e-05 
 1.13561651e-08  1.20000000e+00  6.25378174e-08 -1.02426690e-04 
 1.13744379e-08  1.20000000e+00  6.25378110e-08 -7.20299680e-05 
 1.13942961e-08  1.20000000e+00  6.25378070e-08 -6.01528990e-05 
 1.14093248e-08  1.20000000e+00  6.25378116e-08 -8.61529894e-05 
 1.14283482e-08  1.20000000e+00  6.25378114e-08 -8.77456215e-05 
 1.14459272e-08  1.20000000e+00  6.25378044e-08 -1.04714919e-04 
 1.14623440e-08  1.20000000e+00  6.25378130e-08 -7.26938051e-05 
 1.14807027e-08  1.20000000e+00  6.25378066e-08 -5.93469561e-05 
 1.14949348e-08  1.20000000e+00  6.25378030e-08 -7.94951852e-05 
 1.15137989e-08  1.20000000e+00  6.25378062e-08 -9.04608232e-05 
 1.15356898e-08  1.20000000e+00  6.25378112e-08 -1.01156908e-04 
 1.15540027e-08  1.20000000e+00  6.25378189e-08 -7.23996861e-05 
 1.15737191e-08  1.20000000e+00  6.25378123e-08 -5.94707641e-05 
 1.15886309e-08  1.20000000e+00  6.25378033e-08 -8.73903853e-05 
 1.16077037e-08  1.20000000e+00  6.25377969e-08 -8.66764458e-05 
 1.16250779e-08  1.20000000e+00  6.25378132e-08 -1.05819431e-04 
 1.16414182e-08  1.20000000e+00  6.25378155e-08 -7.17672302e-05 
 1.16597313e-08  1.20000000e+00  6.25378087e-08 -6.03006398e-05 
 1.16739325e-08  1.20000000e+00  6.25378177e-08 -7.82602426e-05 
 1.16927870e-08  1.20000000e+00  6.25378194e-08 -9.14871033e-05 
 1.17146285e-08  1.20000000e+00  6.25378132e-08 -1.00113861e-04 
 1.17329166e-08  1.20000000e+00  6.25378172e-08 -7.39728923e-05 
 1.17527196e-08  1.20000000e+00  6.25378054e-08 -5.81142004e-05 
 1.17677025e-08  1.20000000e+00  6.25378013e-08 -8.83637052e-05 
 1.17867445e-08  1.20000000e+00  6.25378150e-08 -8.56232683e-05 
 1.18042465e-08  1.20000000e+00  6.25378122e-08 -1.06821022e-04 
 1.18206347e-08  1.20000000e+00  6.25378108e-08 -7.06891409e-05 
 1.18389763e-08  1.20000000e+00  6.25378092e-08 -6.13368666e-05 
 1.18531974e-08  1.20000000e+00  6.25378076e-08 -7.74303609e-05 
 1.18720575e-08  1.20000000e+00  6.25378087e-08 -9.24212954e-05 
 1.18939288e-08  1.20000000e+00  6.25378111e-08 -9.92124344e-05 
 1.19122319e-08  1.20000000e+00  6.25378111e-08 -7.45260647e-05 
 1.19319813e-08  1.20000000e+00  6.25378111e-08 -5.74494317e-05 
 1.19469201e-08  1.20000000e+00  6.25378097e-08 -8.92315568e-05 
 1.19659809e-08  1.20000000e+00  6.25378061e-08 -8.48255385e-05 
 1.19834052e-08  1.20000000e+00  6.25378065e-08 -1.07625667e-04 
 1.19997644e-08  1.20000000e+00  6.25378023e-08 -6.99580444e-05 
 1.20180887e-08  1.20000000e+00  6.25378061e-08 -6.20720162e-05 
 1.20322980e-08  1.20000000e+00  6.25378091e-08 -7.65965924e-05 
 1.20511544e-08  1.20000000e+00  6.25378089e-08 -9.31705455e-05 
 1.20730073e-08  1.20000000e+00  6.25378197e-08 -9.84612626e-05 
 1.20913011e-08  1.20000000e+00  6.25378151e-08 -7.54713004e-05 
 1.21110832e-08  1.20000000e+00  6.25378013e-08 -5.65912702e-05 
 1.21260490e-08  1.20000000e+00  6.25378039e-08 -8.99392192e-05 
 1.21450981e-08  1.20000000e+00  6.25378100e-08 -8.40931446e-05 
 1.21625705e-08  1.20000000e+00  6.25378121e-08 -1.08333353e-04 
 1.21789477e-08  1.20000000e+00  6.25378196e-08 -6.92268350e-05 
 1.21972827e-08  1.20000000e+00  6.25378174e-08 -6.27823130e-05 
 1.22114995e-08  1.20000000e+00  6.25378041e-08 -7.59705071e-05 
 1.22303580e-08  1.20000000e+00  6.25378087e-08 -9.38312887e-05 
 1.22522222e-08  1.20000000e+00  6.25378121e-08 -9.78167134e-05 
 1.22705217e-08  1.20000000e+00  6.25378121e-08 -7.59794610e-05 
 1.22902836e-08  1.20000000e+00  6.25378181e-08 -5.60453051e-05 
 1.23052327e-08  1.20000000e+00  6.25378030e-08 -9.05566451e-05 
 1.23242890e-08  1.20000000e+00  6.25378002e-08 -8.35065628e-05 
 1.23417320e-08  1.20000000e+00  6.25378138e-08 -1.08918009e-04 
 1.23580981e-08  1.20000000e+00  6.25378166e-08 -6.86746283e-05 
 1.23764266e-08  1.20000000e+00  6.25378098e-08 -6.33318267e-05 
 1.23906389e-08  1.20000000e+00  6.25378132e-08 -7.53890081e-05 
 1.24094961e-08  1.20000000e+00  6.25378117e-08 -9.43769270e-05 
 1.24313533e-08  1.20000000e+00  6.25378110e-08 -9.72736139e-05 
 1.24496493e-08  1.20000000e+00  6.25378052e-08 -7.65919091e-05 
 1.24694235e-08  1.20000000e+00  6.25377942e-08 -5.54693215e-05 
 1.24843829e-08  1.20000000e+00  6.25378151e-08 -9.10712944e-05 
 1.25034348e-08  1.20000000e+00  6.25378214e-08 -8.29861670e-05 
 1.25208959e-08  1.20000000e+00  6.25378105e-08 -1.09425309e-04 
 1.25372688e-08  1.20000000e+00  6.25378085e-08 -6.81623710e-05 
 1.25556014e-08  1.20000000e+00  6.25378058e-08 -6.38326788e-05 
 1.25698164e-08  1.20000000e+00  6.25378067e-08 -7.49243778e-05 
 1.25886744e-08  1.20000000e+00  6.25378143e-08 -9.48513773e-05 
 1.26105359e-08  1.20000000e+00  6.25378181e-08 -9.68080316e-05 
 1.26288340e-08  1.20000000e+00  6.25378027e-08 -7.70026776e-05 
 1.26486007e-08  1.20000000e+00  6.25378061e-08 -5.50472565e-05 
 1.26635538e-08  1.20000000e+00  6.25378199e-08 -9.15165392e-05 
 1.26826084e-08  1.20000000e+00  6.25378175e-08 -8.25555583e-05 
 1.27000584e-08  1.20000000e+00  6.25378050e-08 -1.09852003e-04 
 1.27164271e-08  1.20000000e+00  6.25378036e-08 -6.77512567e-05 
 1.27347572e-08  1.20000000e+00  6.25378094e-08 -6.42398456e-05 
 1.27489705e-08  1.20000000e+00  6.25378073e-08 -7.45088214e-05 
 1.27678280e-08  1.20000000e+00  6.25378163e-08 -9.52506488e-05 
 1.27896869e-08  1.20000000e+00  6.25378108e-08 -9.64120331e-05 
 1.28079837e-08  1.20000000e+00  6.25378034e-08 -7.74221385e-05 
 1.28277550e-08  1.20000000e+00  6.25378123e-08 -5.46440578e-05 
 1.28427119e-08  1.20000000e+00  6.25378062e-08 -9.18933610e-05 
 1.28617649e-08  1.20000000e+00  6.25378033e-08 -8.21790560e-05 
 1.28792217e-08  1.20000000e+00  6.25378138e-08 -1.10220902e-04 
 1.28955930e-08  1.20000000e+00  6.25378125e-08 -6.73832645e-05 
 1.29139246e-08  1.20000000e+00  6.25378025e-08 -6.46010823e-05 
 1.29281390e-08  1.20000000e+00  6.25378129e-08 -7.41643602e-05 
 1.29469968e-08  1.20000000e+00  6.25378205e-08 -9.55965333e-05 
 1.29688573e-08  1.20000000e+00  6.25378121e-08 -9.60714367e-05 
 1.29871549e-08  1.20000000e+00  6.25378112e-08 -7.77397388e-05 
 1.30069233e-08  1.20000000e+00  6.25378071e-08 -5.43242709e-05 
 1.30218779e-08  1.20000000e+00  6.25378159e-08 -9.22192129e-05 
 1.30409319e-08  1.20000000e+00  6.25378155e-08 -8.18608130e-05 
 1.30583845e-08  1.20000000e+00  6.25378002e-08 -1.10535436e-04 
 1.30747542e-08  1.20000000e+00  6.25378024e-08 -6.70769479e-05 
 1.30930849e-08  1.20000000e+00  6.25378100e-08 -6.49038612e-05 
 1.31072986e-08  1.20000000e+00  6.25378110e-08 -7.38609972e-05 
 1.31261563e-08  1.20000000e+00  6.25378090e-08 -9.58918317e-05 
 1.31480157e-08  1.20000000e+00  6.25378129e-08 -9.57789973e-05 
 1.31663128e-08  1.20000000e+00  6.25378148e-08 -7.80391328e-05 
 1.31860831e-08  1.20000000e+00  6.25378112e-08 -5.40327582e-05 
 1.32010391e-08  1.20000000e+00  6.25378117e-08 -9.24985092e-05 
 1.32200924e-08  1.20000000e+00  6.25378057e-08 -8.15833748e-05 
 1.32375476e-08  1.20000000e+00  6.25378118e-08 -1.10808141e-04 
 1.32539184e-08  1.20000000e+00  6.25378067e-08 -6.68065327e-05 
 1.32722496e-08  1.20000000e+00  6.25378002e-08 -6.51700153e-05 
 1.32864637e-08  1.20000000e+00  6.25378137e-08 -7.36033411e-05 
 1.33053215e-08  1.20000000e+00  6.25378172e-08 -9.61484289e-05 
 1.33271816e-08  1.20000000e+00  6.25378067e-08 -9.55257533e-05 
 1.33454790e-08  1.20000000e+00  6.25378097e-08 -7.82820938e-05 
 1.33652481e-08  1.20000000e+00  6.25378197e-08 -5.37904224e-05 
 1.33802032e-08  1.20000000e+00  6.25378161e-08 -9.27412544e-05 
 1.33992570e-08  1.20000000e+00  6.25378091e-08 -8.13449541e-05 
 1.34167106e-08  1.20000000e+00  6.25378083e-08 -1.11043605e-04 
 1.34330807e-08  1.20000000e+00  6.25378052e-08 -6.65758001e-05 
 1.34514116e-08  1.20000000e+00  6.25378041e-08 -6.53979851e-05 
 1.34656254e-08  1.20000000e+00  6.25378160e-08 -7.33769534e-05 
 1.34844831e-08  1.20000000e+00  6.25378110e-08 -9.63704373e-05 
 1.35063428e-08  1.20000000e+00  6.25378036e-08 -9.53059561e-05 
 1.35246401e-08  1.20000000e+00  6.25378205e-08 -7.85031888e-05 
 1.35444099e-08  1.20000000e+00  6.25378146e-08 -5.35735151e-05 
 1.35593655e-08  1.20000000e+00  6.25378093e-08 -9.29519771e-05 
 1.35784190e-08  1.20000000e+00  6.25378100e-08 -8.11361422e-05 
 1.35958736e-08  1.20000000e+00  6.25378079e-08 -1.11249332e-04 
 1.36122441e-08  1.20000000e+00  6.25378074e-08 -6.63722929e-05 
 1.36305752e-08  1.20000000e+00  6.25378108e-08 -6.55986940e-05 
 1.36447892e-08  1.20000000e+00  6.25378168e-08 -7.31809572e-05 
 1.36636470e-08  1.20000000e+00  6.25378125e-08 -9.65649237e-05 
 1.36855069e-08  1.20000000e+00  6.25377962e-08 -9.51136786e-05 
 1.37038042e-08  1.20000000e+00  6.25378050e-08 -7.86904736e-05 
 1.37235736e-08  1.20000000e+00  6.25378171e-08 -5.33874742e-05 
 1.37385290e-08  1.20000000e+00  6.25378126e-08 -9.31368660e-05 
 1.37575826e-08  1.20000000e+00  6.25378129e-08 -8.09538931e-05 
 1.37750366e-08  1.20000000e+00  6.25378093e-08 -1.11429386e-04 
 1.37914069e-08  1.20000000e+00  6.25378103e-08 -6.61951556e-05 
 1.38097378e-08  1.20000000e+00  6.25378091e-08 -6.57737988e-05 
 1.38239517e-08  1.20000000e+00  6.25378102e-08 -7.30076993e-05 
 1.38428095e-08  1.20000000e+00  6.25378183e-08 -9.67356043e-05 
 1.38646693e-08  1.20000000e+00  6.25378103e-08 -9.49446166e-05 
 1.38829665e-08  1.20000000e+00  6.25378102e-08 -7.88591055e-05 
 1.39027362e-08  1.20000000e+00  6.25378161e-08 -5.32212617e-05 
 1.39176917e-08  1.20000000e+00  6.25378036e-08 -9.32996563e-05 
 1.39367453e-08  1.20000000e+00  6.25377992e-08 -8.07926603e-05 
 1.39541996e-08  1.20000000e+00  6.25378131e-08 -1.11588558e-04 
 1.39705700e-08  1.20000000e+00  6.25378231e-08 -6.60377589e-05 
 1.39889011e-08  1.20000000e+00  6.25378144e-08 -6.59293177e-05 
 1.40031150e-08  1.20000000e+00  6.25378041e-08 -7.28549974e-05 
 1.40219728e-08  1.20000000e+00  6.25378062e-08 -9.68869704e-05 
 1.40438327e-08  1.20000000e+00  6.25378063e-08 -9.47947347e-05 
 1.40621300e-08  1.20000000e+00  6.25378053e-08 -7.90063380e-05 
 1.40818995e-08  1.20000000e+00  6.25378070e-08 -5.30751932e-05 
 1.40968549e-08  1.20000000e+00  6.25378122e-08 -9.34443899e-05 
 1.41159085e-08  1.20000000e+00  6.25378119e-08 -8.06496162e-05 
 1.41333626e-08  1.20000000e+00  6.25378080e-08 -1.11730030e-04 
 1.41497329e-08  1.20000000e+00  6.25378130e-08 -6.58981634e-05 
 1.41680639e-08  1.20000000e+00  6.25378093e-08 -6.60674662e-05 
 1.41822779e-08  1.20000000e+00  6.25378109e-08 -7.27184043e-05 
 1.42011356e-08  1.20000000e+00  6.25378247e-08 -9.70219567e-05 
 1.42229954e-08  1.20000000e+00  6.25378136e-08 -9.46608970e-05 
 1.42412927e-08  1.20000000e+00  6.25378007e-08 -7.91393824e-05 
 1.42610623e-08  1.20000000e+00  6.25378005e-08 -5.29436365e-05 
 1.42760178e-08  1.20000000e+00  6.25378097e-08 -9.35739105e-05 
 1.42950714e-08  1.20000000e+00  6.25378168e-08 -8.05212555e-05 
 1.43125256e-08  1.20000000e+00  6.25378106e-08 -1.11857000e-04 
 1.43288960e-08  1.20000000e+00  6.25378122e-08 -6.57725043e-05 
 1.43472270e-08  1.20000000e+00  6.25378148e-08 -6.61918557e-05 
 1.43614410e-08  1.20000000e+00  6.25377994e-08 -7.25957862e-05 
 1.43802987e-08  1.20000000e+00  6.25378008e-08 -9.71435483e-05 
 1.44021586e-08  1.20000000e+00  6.25378185e-08 -9.45403085e-05 
 1.44204559e-08  1.20000000e+00  6.25378072e-08 -7.92584503e-05 
 1.44402254e-08  1.20000000e+00  6.25378120e-08 -5.28254805e-05 
 1.44551809e-08  1.20000000e+00  6.25378166e-08 -9.36909506e-05 
 1.44742345e-08  1.20000000e+00  6.25378126e-08 -8.04053239e-05 
 1.44916887e-08  1.20000000e+00  6.25378097e-08 -1.11971834e-04 
 1.45080590e-08  1.20000000e+00  6.25378107e-08 -6.56589048e-05 
 1.45263900e-08  1.20000000e+00  6.25378129e-08 -6.63044484e-05 
 1.45406039e-08  1.20000000e+00  6.25378075e-08 -7.24843617e-05 
 1.45594617e-08  1.20000000e+00  6.25378084e-08 -9.72539376e-05 
 1.45813215e-08  1.20000000e+00  6.25378119e-08 -9.44307161e-05 
 1.45996188e-08  1.20000000e+00  6.25378177e-08 -7.93673171e-05 
 1.46193884e-08  1.20000000e+00  6.25378113e-08 -5.27175626e-05 
 1.46343438e-08  1.20000000e+00  6.25378081e-08 -9.37975984e-05 
 1.46533974e-08  1.20000000e+00  6.25378038e-08 -8.02994992e-05 
 1.46708517e-08  1.20000000e+00  6.25378009e-08 -1.12076722e-04 
 1.46872220e-08  1.20000000e+00  6.25378204e-08 -6.55549426e-05 
 1.47055530e-08  1.20000000e+00  6.25378209e-08 -6.64075550e-05 
 1.47197670e-08  1.20000000e+00  6.25378027e-08 -7.23823984e-05 
 1.47386247e-08  1.20000000e+00  6.25377965e-08 -9.73551638e-05 
 1.47604846e-08  1.20000000e+00  6.25378055e-08 -9.43301649e-05 
 1.47787819e-08  1.20000000e+00  6.25378164e-08 -7.94669466e-05 
 1.47985514e-08  1.20000000e+00  6.25378201e-08 -5.26185929e-05 
 1.48135069e-08  1.20000000e+00  6.25378112e-08 -9.38957388e-05 
 1.48325605e-08  1.20000000e+00  6.25378118e-08 -8.02020906e-05 
 1.48500147e-08  1.20000000e+00  6.25378139e-08 -1.12173381e-04 
 1.48663850e-08  1.20000000e+00  6.25378087e-08 -6.54590992e-05 
 1.48847160e-08  1.20000000e+00  6.25378074e-08 -6.65027128e-05 
 1.48989300e-08  1.20000000e+00  6.25378088e-08 -7.22880664e-05 
 1.49177877e-08  1.20000000e+00  6.25378070e-08 -9.74488216e-05 
 1.49396476e-08  1.20000000e+00  6.25378048e-08 -9.42370479e-05 
 1.49579448e-08  1.20000000e+00  6.25378153e-08 -7.95595084e-05 
 1.49777144e-08  1.20000000e+00  6.25378126e-08 -5.25266445e-05 
 1.49926699e-08  1.20000000e+00  6.25378133e-08 -9.39868779e-05 
 1.50117235e-08  1.20000000e+00  6.25378233e-08 -8.01115152e-05 
 1.50291777e-08  1.20000000e+00  6.25378067e-08 -1.12263332e-04 
 1.50455480e-08  1.20000000e+00  6.25378054e-08 -6.53697789e-05 
 1.50638790e-08  1.20000000e+00  6.25378124e-08 -6.65914642e-05 
 1.50780930e-08  1.20000000e+00  6.25378040e-08 -7.22000562e-05 
 1.50969507e-08  1.20000000e+00  6.25378071e-08 -9.75363258e-05 
 1.51188106e-08  1.20000000e+00  6.25378163e-08 -9.41499911e-05 
 1.51371079e-08  1.20000000e+00  6.25378088e-08 -7.96459918e-05 
 1.51568774e-08  1.20000000e+00  6.25378062e-08 -5.24406146e-05 
 1.51718329e-08  1.20000000e+00  6.25378168e-08 -9.40723309e-05 
 1.51908865e-08  1.20000000e+00  6.25378129e-08 -8.00265407e-05 
 1.52083407e-08  1.20000000e+00  6.25378018e-08 -1.12347808e-04 
 1.52247110e-08  1.20000000e+00  6.25378053e-08 -6.52858357e-05 
 1.52430420e-08  1.20000000e+00  6.25378062e-08 -6.66749526e-05 
 1.52572560e-08  1.20000000e+00  6.25378089e-08 -7.21171256e-05 
 1.52761137e-08  1.20000000e+00  6.25378171e-08 -9.76188210e-05 
 1.52979736e-08  1.20000000e+00  6.25378098e-08 -9.40678528e-05 
 1.53162709e-08  1.20000000e+00  6.25378030e-08 -7.97277418e-05 
 1.53360404e-08  1.20000000e+00  6.25378060e-08 -5.23592579e-05 
 1.53509959e-08  1.20000000e+00  6.25378071e-08 -9.41531735e-05 
 1.53700495e-08  1.20000000e+00  6.25378166e-08 -7.99460703e-05 
 1.53875037e-08  1.20000000e+00  6.25378179e-08 -1.12427872e-04 
 1.54038740e-08  1.20000000e+00  6.25378045e-08 -6.52061859e-05 
 1.54222050e-08  1.20000000e+00  6.25378081e-08 -6.67542339e-05 
 1.54364190e-08  1.20000000e+00  6.25378129e-08 -7.20383171e-05 
 1.54552767e-08  1.20000000e+00  6.25378120e-08 -9.76972971e-05 
 1.54771366e-08  1.20000000e+00  6.25378152e-08 -9.39896650e-05 
 1.54954339e-08  1.20000000e+00  6.25378100e-08 -7.98055737e-05 
 1.55152034e-08  1.20000000e+00  6.25378065e-08 -5.22817230e-05 
 1.55301589e-08  1.20000000e+00  6.25378017e-08 -9.42303286e-05 
 1.55492125e-08  1.20000000e+00  6.25378035e-08 -7.98692195e-05 
 1.55666667e-08  1.20000000e+00  6.25378142e-08 -1.12504403e-04 
 1.55830370e-08  1.20000000e+00  6.25378189e-08 -6.51299923e-05 
 1.56013681e-08  1.20000000e+00  6.25378151e-08 -6.68301373e-05 
 1.56155820e-08  1.20000000e+00  6.25378126e-08 -7.19627725e-05 
 1.56344397e-08  1.20000000e+00  6.25378152e-08 -9.77725690e-05 
 1.56562996e-08  1.20000000e+00  6.25378010e-08 -9.39146191e-05 
 1.56745969e-08  1.20000000e+00  6.25378034e-08 -7.98803667e-05 
 1.56943664e-08  1.20000000e+00  6.25378162e-08 -5.22071743e-05 
 1.57093219e-08  1.20000000e+00  6.25378135e-08 -9.43045604e-05 
 1.57283755e-08  1.20000000e+00  6.25378132e-08 -7.97952218e-05 
 1.57458297e-08  1.20000000e+00  6.25378127e-08 -1.12578149e-04 
 1.57622001e-08  1.20000000e+00  6.25378072e-08 -6.50565062e-05 
 1.57805311e-08  1.20000000e+00  6.25378038e-08 -6.69033956e-05 
 1.57947450e-08  1.20000000e+00  6.25378114e-08 -7.18898034e-05 
 1.58136027e-08  1.20000000e+00  6.25378168e-08 -9.78453320e-05 
 1.58354626e-08  1.20000000e+00  6.25378102e-08 -9.38420326e-05 
 1.58537599e-08  1.20000000e+00  6.25378087e-08 -7.99527403e-05 
 1.58735294e-08  1.20000000e+00  6.25378075e-08 -5.21349834e-05 
 1.58884849e-08  1.20000000e+00  6.25378061e-08 -9.43765178e-05 
 1.59075385e-08  1.20000000e+00  6.25378142e-08 -7.97234476e-05 
 1.59249927e-08  1.20000000e+00  6.25378094e-08 -1.12649730e-04 
 1.59413631e-08  1.20000000e+00  6.25378007e-08 -6.49851263e-05 
 1.59596941e-08  1.20000000e+00  6.25378133e-08 -6.69746021e-05 
 1.59739080e-08  1.20000000e+00  6.25378192e-08 -7.18188115e-05 
 1.59927658e-08  1.20000000e+00  6.25378053e-08 -9.79161636e-05 
 1.60146256e-08  1.20000000e+00  6.25378096e-08 -9.37713341e-05 
 1.60329229e-08  1.20000000e+00  6.25378131e-08 -8.00232880e-05 
 1.60526924e-08  1.20000000e+00  6.25377997e-08 -5.20645773e-05 
 1.60676479e-08  1.20000000e+00  6.25378030e-08 -9.44467416e-05 
 1.60867015e-08  1.20000000e+00  6.25378157e-08 -7.96533592e-05 
 1.61041557e-08  1.20000000e+00  6.25378178e-08 -1.12719674e-04 
 1.61205261e-08  1.20000000e+00  6.25378087e-08 -6.49153307e-05 
 1.61388571e-08  1.20000000e+00  6.25378069e-08 -6.70442686e-05 
 1.61530710e-08  1.20000000e+00  6.25378129e-08 -7.17493068e-05 
 1.61719288e-08  1.20000000e+00  6.25378156e-08 -9.79855526e-05 
 1.61937886e-08  1.20000000e+00  6.25378101e-08 -9.37020430e-05 
 1.62120859e-08  1.20000000e+00  6.25378137e-08 -8.00924630e-05 
 1.62318555e-08  1.20000000e+00  6.25378122e-08 -5.19955028e-05 
 1.62468109e-08  1.20000000e+00  6.25378160e-08 -9.45156884e-05 
 1.62658645e-08  1.20000000e+00  6.25378108e-08 -7.95845109e-05 
 1.62833187e-08  1.20000000e+00  6.25378018e-08 -1.12788419e-04 
 1.62996891e-08  1.20000000e+00  6.25378089e-08 -6.48466920e-05 
 1.63180201e-08  1.20000000e+00  6.25378082e-08 -6.71128164e-05 
 1.63322340e-08  1.20000000e+00  6.25378119e-08 -7.16808707e-05 
 1.63510918e-08  1.20000000e+00  6.25378069e-08 -9.80539068e-05 
 1.63729516e-08  1.20000000e+00  6.25378061e-08 -9.36337565e-05 
 1.63912489e-08  1.20000000e+00  6.25378051e-08 -8.01606732e-05 
 1.64110185e-08  1.20000000e+00  6.25378077e-08 -5.19273628e-05 
 1.64259739e-08  1.20000000e+00  6.25378231e-08 -9.45837393e-05 
 1.64450275e-08  1.20000000e+00  6.25378214e-08 -7.95165256e-05 
 1.64624817e-08  1.20000000e+00  6.25378147e-08 -1.12856335e-04 
 1.64788521e-08  1.20000000e+00  6.25378104e-08 -6.47788452e-05 
 1.64971831e-08  1.20000000e+00  6.25378026e-08 -6.71806036e-05 
 1.65113971e-08  1.20000000e+00  6.25378040e-08 -7.16131567e-05 
 1.65302548e-08  1.20000000e+00  6.25378102e-08 -9.81215694e-05 
 1.65521146e-08  1.20000000e+00  6.25378079e-08 -9.35661366e-05 
 1.65704119e-08  1.20000000e+00  6.25378138e-08 -8.02282434e-05 
 1.65901815e-08  1.20000000e+00  6.25378126e-08 -5.18598348e-05 
 1.66051370e-08  1.20000000e+00  6.25378110e-08 -9.46512150e-05 
 1.66241905e-08  1.20000000e+00  6.25378098e-08 -7.94490890e-05 
 1.66416448e-08  1.20000000e+00  6.25378016e-08 -1.12923732e-04 
 1.66580151e-08  1.20000000e+00  6.25378107e-08 -6.47114885e-05 
 1.66763461e-08  1.20000000e+00  6.25378146e-08 -6.72479274e-05 
 1.66905601e-08  1.20000000e+00  6.25378089e-08 -7.15458718e-05 
 1.67094178e-08  1.20000000e+00  6.25378099e-08 -9.81888271e-05 
 1.67312777e-08  1.20000000e+00  6.25378203e-08 -9.34989005e-05 
 1.67495749e-08  1.20000000e+00  6.25378071e-08 -8.02954564e-05 
 1.67693445e-08  1.20000000e+00  6.25378049e-08 -5.17926421e-05 
 1.67843000e-08  1.20000000e+00  6.25378122e-08 -9.47183834e-05 
 1.68033535e-08  1.20000000e+00  6.25378096e-08 -7.93819370e-05 
 1.68208078e-08  1.20000000e+00  6.25378170e-08 -1.12990868e-04 
 1.68371781e-08  1.20000000e+00  6.25378113e-08 -6.46443668e-05 
 1.68555091e-08  1.20000000e+00  6.25378063e-08 -6.73150382e-05 
 1.68697231e-08  1.20000000e+00  6.25378071e-08 -7.14787722e-05 
 1.68885808e-08  1.20000000e+00  6.25378080e-08 -9.82559204e-05 
 1.69104407e-08  1.20000000e+00  6.25378145e-08 -9.34318112e-05 
 1.69287379e-08  1.20000000e+00  6.25378137e-08 -8.03625422e-05 
 1.69485075e-08  1.20000000e+00  6.25378062e-08 -5.17255576e-05 
 1.69634630e-08  1.20000000e+00  6.25378102e-08 -9.47854689e-05 
 1.69825166e-08  1.20000000e+00  6.25378157e-08 -7.93148493e-05 
 1.69999708e-08  1.20000000e+00  6.25378123e-08 -1.13057960e-04 
 1.70163411e-08  1.20000000e+00  6.25378056e-08 -6.45772681e-05 
 1.70346721e-08  1.20000000e+00  6.25378039e-08 -6.73821445e-05 
 1.70488861e-08  1.20000000e+00  6.25378129e-08 -7.14116535e-05 
 1.70677438e-08  1.20000000e+00  6.25378121e-08 -9.83230500e-05 
 1.70896037e-08  1.20000000e+00  6.25378095e-08 -9.33646710e-05 
 1.71079009e-08  1.20000000e+00  6.25378158e-08 -8.04296968e-05 
 1.71276705e-08  1.20000000e+00  6.25378136e-08 -5.16583886e-05 
 1.71426260e-08  1.20000000e+00  6.25378157e-08 -9.48526587e-05 
 1.71616796e-08  1.20000000e+00  6.25378120e-08 -7.92476415e-05 
 1.71791338e-08  1.20000000e+00  6.25378062e-08 -1.13125189e-04 
 1.71955041e-08  1.20000000e+00  6.25378086e-08 -6.45100149e-05 
 1.72138351e-08  1.20000000e+00  6.25378065e-08 -6.74494209e-05 
 1.72280491e-08  1.20000000e+00  6.25378063e-08 -7.13443455e-05 
 1.72469068e-08  1.20000000e+00  6.25378095e-08 -9.83903835e-05 
 1.72687667e-08  1.20000000e+00  6.25378120e-08 -9.32973146e-05 
 1.72870640e-08  1.20000000e+00  6.25378080e-08 -8.04970815e-05 
 1.73068335e-08  1.20000000e+00  6.25378070e-08 -5.15909764e-05 
 1.73217890e-08  1.20000000e+00  6.25378172e-08 -9.49201090e-05 
 1.73408426e-08  1.20000000e+00  6.25378143e-08 -7.91801601e-05 
 1.73582968e-08  1.20000000e+00  6.25377999e-08 -1.13192706e-04 
 1.73746671e-08  1.20000000e+00  6.25378064e-08 -6.44424594e-05 
 1.73929981e-08  1.20000000e+00  6.25378140e-08 -6.75170123e-05 
 1.74072121e-08  1.20000000e+00  6.25378110e-08 -7.12767060e-05 
 1.74260698e-08  1.20000000e+00  6.25378131e-08 -9.84580603e-05 
 1.74479297e-08  1.20000000e+00  6.25378158e-08 -9.32296047e-05 
 1.74662270e-08  1.20000000e+00  6.25378059e-08 -8.05648320e-05 
 1.74859965e-08  1.20000000e+00  6.25378056e-08 -5.15231875e-05 
 1.75009520e-08  1.20000000e+00  6.25378117e-08 -9.49879500e-05 
 1.75200056e-08  1.20000000e+00  6.25378073e-08 -7.91122772e-05 
 1.75374598e-08  1.20000000e+00  6.25378045e-08 -1.13260635e-04 
 1.75538301e-08  1.20000000e+00  6.25378158e-08 -6.43744786e-05 
 1.75721611e-08  1.20000000e+00  6.25378149e-08 -6.75850398e-05 
 1.75863751e-08  1.20000000e+00  6.25377975e-08 -7.12086171e-05 
 1.76052328e-08  1.20000000e+00  6.25378016e-08 -9.85261967e-05 
 1.76270927e-08  1.20000000e+00  6.25378199e-08 -9.31614268e-05 
 1.76453900e-08  1.20000000e+00  6.25378182e-08 -8.06330602e-05 
 1.76651595e-08  1.20000000e+00  6.25378101e-08 -5.14549118e-05 
 1.76801150e-08  1.20000000e+00  6.25378066e-08 -9.50562895e-05 
 1.76991686e-08  1.20000000e+00  6.25378213e-08 -7.90438867e-05 
 1.77166228e-08  1.20000000e+00  6.25378125e-08 -1.13329082e-04 
 1.77329931e-08  1.20000000e+00  6.25378028e-08 -6.43059705e-05 
 1.77513242e-08  1.20000000e+00  6.25378090e-08 -6.76536034e-05 
 1.77655381e-08  1.20000000e+00  6.25378090e-08 -7.11399808e-05 
 1.77843958e-08  1.20000000e+00  6.25378087e-08 -9.85948885e-05 
 1.78062557e-08  1.20000000e+00  6.25378087e-08 -9.30926864e-05 
 1.78245530e-08  1.20000000e+00  6.25378082e-08 -8.07018593e-05 
 1.78443225e-08  1.20000000e+00  6.25378054e-08 -5.13860578e-05 
 1.78592780e-08  1.20000000e+00  6.25378092e-08 -9.51252169e-05 
 1.78783316e-08  1.20000000e+00  6.25378221e-08 -7.89749009e-05 
 1.78957858e-08  1.20000000e+00  6.25378147e-08 -1.13398133e-04 
 1.79121562e-08  1.20000000e+00  6.25378065e-08 -6.42368506e-05 
 1.79304872e-08  1.20000000e+00  6.25378120e-08 -6.77227860e-05 
 1.79447011e-08  1.20000000e+00  6.25378077e-08 -7.10707163e-05 
 1.79635588e-08  1.20000000e+00  6.25378125e-08 -9.86642155e-05 
 1.79854187e-08  1.20000000e+00  6.25378126e-08 -9.30233052e-05 
 1.80037160e-08  1.20000000e+00  6.25378042e-08 -8.07713059e-05 
 1.80234855e-08  1.20000000e+00  6.25378075e-08 -5.13165502e-05 
 1.80384410e-08  1.20000000e+00  6.25378048e-08 -9.51948061e-05 
 1.80574946e-08  1.20000000e+00  6.25378059e-08 -7.89052472e-05 
 1.80749488e-08  1.20000000e+00  6.25378179e-08 -1.13467857e-04 
 1.80913192e-08  1.20000000e+00  6.25378124e-08 -6.41670495e-05 
 1.81096502e-08  1.20000000e+00  6.25378165e-08 -6.77926559e-05 
 1.81238641e-08  1.20000000e+00  6.25378211e-08 -7.10007569e-05 
 1.81427219e-08  1.20000000e+00  6.25378065e-08 -9.87342428e-05 
 1.81645817e-08  1.20000000e+00  6.25378015e-08 -9.29532188e-05 
 1.81828790e-08  1.20000000e+00  6.25378108e-08 -8.08414633e-05 
 1.82026485e-08  1.20000000e+00  6.25378098e-08 -5.12463267e-05 
 1.82176040e-08  1.20000000e+00  6.25378085e-08 -9.52651175e-05 
 1.82366576e-08  1.20000000e+00  6.25378158e-08 -7.88348661e-05 
 1.82541118e-08  1.20000000e+00  6.25378043e-08 -1.13538315e-04 
 1.82704822e-08  1.20000000e+00  6.25378090e-08 -6.40965100e-05 
 1.82888132e-08  1.20000000e+00  6.25378178e-08 -6.78632690e-05 
 1.83030271e-08  1.20000000e+00  6.25378089e-08 -7.09300481e-05 
 1.83218849e-08  1.20000000e+00  6.25378052e-08 -9.88050242e-05 
 1.83437447e-08  1.20000000e+00  6.25378020e-08 -9.28823746e-05 
 1.83620420e-08  1.20000000e+00  6.25378122e-08 -8.09123830e-05 
 1.83818116e-08  1.20000000e+00  6.25378169e-08 -5.11753368e-05 
 1.83967670e-08  1.20000000e+00  6.25378155e-08 -9.53362008e-05 
 1.84158206e-08  1.20000000e+00  6.25378083e-08 -7.87637092e-05 
 1.84332748e-08  1.20000000e+00  6.25378048e-08 -1.13609553e-04 
 1.84496452e-08  1.20000000e+00  6.25378096e-08 -6.40251858e-05 
 1.84679762e-08  1.20000000e+00  6.25378083e-08 -6.79346710e-05 
 1.84821901e-08  1.20000000e+00  6.25378144e-08 -7.08585455e-05 
 1.85010479e-08  1.20000000e+00  6.25378224e-08 -9.88766030e-05 
 1.85229077e-08  1.20000000e+00  6.25378154e-08 -9.28107297e-05 
 1.85412050e-08  1.20000000e+00  6.25378055e-08 -8.09841070e-05 
 1.85609746e-08  1.20000000e+00  6.25378032e-08 -5.11035392e-05 
 1.85759300e-08  1.20000000e+00  6.25378121e-08 -9.54080960e-05 
 1.85949836e-08  1.20000000e+00  6.25378110e-08 -7.86917370e-05 
 1.86124378e-08  1.20000000e+00  6.25378019e-08 -1.13681609e-04 
 1.86288082e-08  1.20000000e+00  6.25378079e-08 -6.39530390e-05 
 1.86471392e-08  1.20000000e+00  6.25378183e-08 -6.80068986e-05 
 1.86613532e-08  1.20000000e+00  6.25378154e-08 -7.07862132e-05 
 1.86802109e-08  1.20000000e+00  6.25378108e-08 -9.89490146e-05 
 1.87020707e-08  1.20000000e+00  6.25378168e-08 -9.27382496e-05 
 1.87203680e-08  1.20000000e+00  6.25378079e-08 -8.10566692e-05 
 1.87401376e-08  1.20000000e+00  6.25378011e-08 -5.10309007e-05 
 1.87550931e-08  1.20000000e+00  6.25378082e-08 -9.54808356e-05 
 1.87741466e-08  1.20000000e+00  6.25378142e-08 -7.86189179e-05 
 1.87916009e-08  1.20000000e+00  6.25378176e-08 -1.13754515e-04 
 1.88079712e-08  1.20000000e+00  6.25378027e-08 -6.38800396e-05 
 1.88263022e-08  1.20000000e+00  6.25377998e-08 -6.80799815e-05 
 1.88405162e-08  1.20000000e+00  6.25378152e-08 -7.07130224e-05 
 1.88593739e-08  1.20000000e+00  6.25378157e-08 -9.90222870e-05 
 1.88812338e-08  1.20000000e+00  6.25378117e-08 -9.26649067e-05 
 1.88995310e-08  1.20000000e+00  6.25378169e-08 -8.11300966e-05 
 1.89193006e-08  1.20000000e+00  6.25378214e-08 -5.09573950e-05 
 1.89342561e-08  1.20000000e+00  6.25378028e-08 -9.55544451e-05 
 1.89533096e-08  1.20000000e+00  6.25377994e-08 -7.85452267e-05 
 1.89707639e-08  1.20000000e+00  6.25378075e-08 -1.13828296e-04 
 1.89871342e-08  1.20000000e+00  6.25378050e-08 -6.38061635e-05 
 1.90054652e-08  1.20000000e+00  6.25378175e-08 -6.81539430e-05 
 1.90196792e-08  1.20000000e+00  6.25378154e-08 -7.06389503e-05 
 1.90385369e-08  1.20000000e+00  6.25378065e-08 -9.90964424e-05 
 1.90603968e-08  1.20000000e+00  6.25378105e-08 -9.25906791e-05 
 1.90786940e-08  1.20000000e+00  6.25378151e-08 -8.12044105e-05 
 1.90984636e-08  1.20000000e+00  6.25378213e-08 -5.08830011e-05 
 1.91134191e-08  1.20000000e+00  6.25378126e-08 -9.56289449e-05 
 1.91324727e-08  1.20000000e+00  6.25377960e-08 -7.84706436e-05 
 1.91499269e-08  1.20000000e+00  6.25377982e-08 -1.13902970e-04 
 1.91662972e-08  1.20000000e+00  6.25378075e-08 -6.37313921e-05 
 1.91846282e-08  1.20000000e+00  6.25378106e-08 -6.82288015e-05 
 1.91988422e-08  1.20000000e+00  6.25378186e-08 -7.05639795e-05 
 1.92176999e-08  1.20000000e+00  6.25378165e-08 -9.91714981e-05 
 1.92395598e-08  1.20000000e+00  6.25378056e-08 -9.25155501e-05 
 1.92578571e-08  1.20000000e+00  6.25378130e-08 -8.12796271e-05 
 1.92776266e-08  1.20000000e+00  6.25378106e-08 -5.08077032e-05 
 1.92925821e-08  1.20000000e+00  6.25378022e-08 -9.57043504e-05 
 1.93116357e-08  1.20000000e+00  6.25378090e-08 -7.83951536e-05 
 1.93290899e-08  1.20000000e+00  6.25378148e-08 -1.13978552e-04 
 1.93454602e-08  1.20000000e+00  6.25378022e-08 -6.36557111e-05 
 1.93637912e-08  1.20000000e+00  6.25378064e-08 -6.83045707e-05 
 1.93780052e-08  1.20000000e+00  6.25378164e-08 -7.04880965e-05 
 1.93968629e-08  1.20000000e+00  6.25378082e-08 -9.92474671e-05 
 1.94187228e-08  1.20000000e+00  6.25378131e-08 -9.24395070e-05 
 1.94370201e-08  1.20000000e+00  6.25378214e-08 -8.13557590e-05 
 1.94567896e-08  1.20000000e+00  6.25378109e-08 -5.07314892e-05 
 1.94717451e-08  1.20000000e+00  6.25378077e-08 -9.57806732e-05 
 1.94907987e-08  1.20000000e+00  6.25378045e-08 -7.83187454e-05 
 1.95082529e-08  1.20000000e+00  6.25378018e-08 -1.14055054e-04 
 1.95246232e-08  1.20000000e+00  6.25378127e-08 -6.35791099e-05 
 1.95429542e-08  1.20000000e+00  6.25378126e-08 -6.83812608e-05 
 1.95571682e-08  1.20000000e+00  6.25378136e-08 -7.04112914e-05 
 1.95760259e-08  1.20000000e+00  6.25378212e-08 -9.93243588e-05 
 1.95978858e-08  1.20000000e+00  6.25378109e-08 -9.23625404e-05 
 1.96161831e-08  1.20000000e+00  6.25377990e-08 -8.14328150e-05 
 1.96359526e-08  1.20000000e+00  6.25378041e-08 -5.06543503e-05 
 1.96509081e-08  1.20000000e+00  6.25378136e-08 -9.58579215e-05 
 1.96699617e-08  1.20000000e+00  6.25378020e-08 -7.82414110e-05 
 1.96874159e-08  1.20000000e+00  6.25378114e-08 -1.14132482e-04 
 1.97037862e-08  1.20000000e+00  6.25378201e-08 -6.35015812e-05 
 1.97221172e-08  1.20000000e+00  6.25378163e-08 -6.84588791e-05 
 1.97363312e-08  1.20000000e+00  6.25378163e-08 -7.03335575e-05 
 1.97551889e-08  1.20000000e+00  6.25378063e-08 -9.94021799e-05 
 1.97770488e-08  1.20000000e+00  6.25378085e-08 -9.22846441e-05 
 1.97953461e-08  1.20000000e+00  6.25378114e-08 -8.15108012e-05 
 1.98151156e-08  1.20000000e+00  6.25378179e-08 -5.05762809e-05 
 1.98300711e-08  1.20000000e+00  6.25378181e-08 -9.59361011e-05 
 1.98491247e-08  1.20000000e+00  6.25378030e-08 -7.81631450e-05 
 1.98665789e-08  1.20000000e+00  6.25378027e-08 -1.14210843e-04 
 1.98829493e-08  1.20000000e+00  6.25377988e-08 -6.34231202e-05 
 1.99012803e-08  1.20000000e+00  6.25378023e-08 -6.85374301e-05 
 1.99154942e-08  1.20000000e+00  6.25378086e-08 -7.02548905e-05 
 1.99343519e-08  1.20000000e+00  6.25378148e-08 -9.94809343e-05 
 1.99562118e-08  1.20000000e+00  6.25378163e-08 -9.22058142e-05 
 1.99745091e-08  1.20000000e+00  6.25378091e-08 -8.15897213e-05 
 1.99942786e-08  1.20000000e+00  6.25378134e-08 -5.04972773e-05 
 2.00092341e-08  1.20000000e+00  6.25378184e-08 -9.60152150e-05 
 2.00282877e-08  1.20000000e+00  6.25378056e-08 -7.80839444e-05 
 2.00457419e-08  1.20000000e+00  6.25378002e-08 -1.14290138e-04 
 2.00621123e-08  1.20000000e+00  6.25378050e-08 -6.33437242e-05 
 2.00804433e-08  1.20000000e+00  6.25378088e-08 -6.86169161e-05 
 2.00946572e-08  1.20000000e+00  6.25378143e-08 -7.01752883e-05 
 2.01135149e-08  1.20000000e+00  6.25378188e-08 -9.95606241e-05 
 2.01353748e-08  1.20000000e+00  6.25378175e-08 -9.21260489e-05 
 2.01536721e-08  1.20000000e+00  6.25378100e-08 -8.16695769e-05 
 2.01734416e-08  1.20000000e+00  6.25378121e-08 -5.04173382e-05 
 2.01883971e-08  1.20000000e+00  6.25378172e-08 -9.60952646e-05 
 2.02074507e-08  1.20000000e+00  6.25378113e-08 -7.80038082e-05 
 2.02249049e-08  1.20000000e+00  6.25378105e-08 -1.14370369e-04 
 2.02412753e-08  1.20000000e+00  6.25378148e-08 -6.32633925e-05 
 2.02596063e-08  1.20000000e+00  6.25378048e-08 -6.86973379e-05 
 2.02738202e-08  1.20000000e+00  6.25378025e-08 -7.00947504e-05 
 2.02926780e-08  1.20000000e+00  6.25378070e-08 -9.96412496e-05 
 2.03145378e-08  1.20000000e+00  6.25378084e-08 -9.20453479e-05 
 2.03328351e-08  1.20000000e+00  6.25378085e-08 -8.17503681e-05 
 2.03526046e-08  1.20000000e+00  6.25378065e-08 -5.03364636e-05 
 2.03675601e-08  1.20000000e+00  6.25378063e-08 -9.61762495e-05 
 2.03866137e-08  1.20000000e+00  6.25378124e-08 -7.79227367e-05 
 2.04040679e-08  1.20000000e+00  6.25378069e-08 -1.14451535e-04 
 2.04204383e-08  1.20000000e+00  6.25378071e-08 -6.31821258e-05 
 2.04387693e-08  1.20000000e+00  6.25378130e-08 -6.87786945e-05 
 2.04529832e-08  1.20000000e+00  6.25378140e-08 -7.00132778e-05 
 2.04718410e-08  1.20000000e+00  6.25378137e-08 -9.97228095e-05 
 2.04937008e-08  1.20000000e+00  6.25378174e-08 -9.19637126e-05 
 2.05119981e-08  1.20000000e+00  6.25378077e-08 -8.18320933e-05 
 2.05317677e-08  1.20000000e+00  6.25378032e-08 -5.02546550e-05 
 2.05467231e-08  1.20000000e+00  6.25378188e-08 -9.62581681e-05 
 2.05657767e-08  1.20000000e+00  6.25378125e-08 -7.78407318e-05 
 2.05832309e-08  1.20000000e+00  6.25378080e-08 -1.14533634e-04 
 2.05996013e-08  1.20000000e+00  6.25378093e-08 -6.30999262e-05 
 2.06179323e-08  1.20000000e+00  6.25378047e-08 -6.88609838e-05 
 2.06321463e-08  1.20000000e+00  6.25378104e-08 -6.99308730e-05 
 2.06510040e-08  1.20000000e+00  6.25378168e-08 -9.98053015e-05 
 2.06728638e-08  1.20000000e+00  6.25378097e-08 -9.18811456e-05 
 2.06911611e-08  1.20000000e+00  6.25378030e-08 -8.19147501e-05 
 2.07109307e-08  1.20000000e+00  6.25378020e-08 -5.01719153e-05 
 2.07258861e-08  1.20000000e+00  6.25378145e-08 -9.63410175e-05 
 2.07449397e-08  1.20000000e+00  6.25378166e-08 -7.77577963e-05 
 2.07623939e-08  1.20000000e+00  6.25378075e-08 -1.14616663e-04 
 2.07787643e-08  1.20000000e+00  6.25378128e-08 -6.30167968e-05 
 2.07970953e-08  1.20000000e+00  6.25378043e-08 -6.89442025e-05 
 2.08113093e-08  1.20000000e+00  6.25378034e-08 -6.98475391e-05 
 2.08301670e-08  1.20000000e+00  6.25378171e-08 -9.98887220e-05 
 2.08520268e-08  1.20000000e+00  6.25378186e-08 -9.17976502e-05 
 2.08703241e-08  1.20000000e+00  6.25378135e-08 -8.19983348e-05 
 2.08900937e-08  1.20000000e+00  6.25378003e-08 -5.00882479e-05 
 2.09050492e-08  1.20000000e+00  6.25378064e-08 -9.64247940e-05 
 2.09241027e-08  1.20000000e+00  6.25378199e-08 -7.76739341e-05 
 2.09415570e-08  1.20000000e+00  6.25378164e-08 -1.14700619e-04 
 2.09579273e-08  1.20000000e+00  6.25378103e-08 -6.29327416e-05 
 2.09762583e-08  1.20000000e+00  6.25378047e-08 -6.90283466e-05 
 2.09904723e-08  1.20000000e+00  6.25378055e-08 -6.97632805e-05 
 2.10093300e-08  1.20000000e+00  6.25378109e-08 -9.99730670e-05 
 2.10311899e-08  1.20000000e+00  6.25378112e-08 -9.17132308e-05 
 2.10494871e-08  1.20000000e+00  6.25378012e-08 -8.20828430e-05 
 2.10692567e-08  1.20000000e+00  6.25377994e-08 -5.00036575e-05 
 2.10842122e-08  1.20000000e+00  6.25378124e-08 -9.65094931e-05 
 2.11032657e-08  1.20000000e+00  6.25378189e-08 -7.75891499e-05 
 2.11207200e-08  1.20000000e+00  6.25378079e-08 -1.14785496e-04 
 2.11370903e-08  1.20000000e+00  6.25378105e-08 -6.28477653e-05 
 2.11554213e-08  1.20000000e+00  6.25378142e-08 -6.91134113e-05 
 2.11696353e-08  1.20000000e+00  6.25378173e-08 -6.96781018e-05 
 2.11884930e-08  1.20000000e+00  6.25378064e-08 -1.00058331e-04 
 2.12103529e-08  1.20000000e+00  6.25378091e-08 -9.16278924e-05 
 2.12286501e-08  1.20000000e+00  6.25378205e-08 -8.21682698e-05 
 2.12484197e-08  1.20000000e+00  6.25378097e-08 -4.99181490e-05 
 2.12633752e-08  1.20000000e+00  6.25378077e-08 -9.65951095e-05 
 2.12824288e-08  1.20000000e+00  6.25378075e-08 -7.75034487e-05 
 2.12998830e-08  1.20000000e+00  6.25378178e-08 -1.14871290e-04 
 2.13162533e-08  1.20000000e+00  6.25378239e-08 -6.27618733e-05 
 2.13345843e-08  1.20000000e+00  6.25378020e-08 -6.91993911e-05 
 2.13487983e-08  1.20000000e+00  6.25377994e-08 -6.95920088e-05 
 2.13676560e-08  1.20000000e+00  6.25378150e-08 -1.00144510e-04 
 2.13895159e-08  1.20000000e+00  6.25378113e-08 -9.15416405e-05 
 2.14078132e-08  1.20000000e+00  6.25378100e-08 -8.22546095e-05 
 2.14275827e-08  1.20000000e+00  6.25378045e-08 -4.98317281e-05 
 2.14425382e-08  1.20000000e+00  6.25378024e-08 -9.66816377e-05 
 2.14615918e-08  1.20000000e+00  6.25378043e-08 -7.74168364e-05 
 2.14790460e-08  1.20000000e+00  6.25378091e-08 -1.14957994e-04 
 2.14954163e-08  1.20000000e+00  6.25378144e-08 -6.26750714e-05 
 2.15137473e-08  1.20000000e+00  6.25378134e-08 -6.92862803e-05 
 2.15279613e-08  1.20000000e+00  6.25378171e-08 -6.95050071e-05 
 2.15468190e-08  1.20000000e+00  6.25378112e-08 -1.00231596e-04 
 2.15686789e-08  1.20000000e+00  6.25378009e-08 -9.14544811e-05 
 2.15869762e-08  1.20000000e+00  6.25378145e-08 -8.23418561e-05 
 2.16067457e-08  1.20000000e+00  6.25378133e-08 -4.97444009e-05 
 2.16217012e-08  1.20000000e+00  6.25378106e-08 -9.67690714e-05 
 2.16407548e-08  1.20000000e+00  6.25378109e-08 -7.73293191e-05 
 2.16582090e-08  1.20000000e+00  6.25377971e-08 -1.15045602e-04 
 2.16745793e-08  1.20000000e+00  6.25378064e-08 -6.25873659e-05 
 2.16929103e-08  1.20000000e+00  6.25378141e-08 -6.93740724e-05 
 2.17071243e-08  1.20000000e+00  6.25378133e-08 -6.94171033e-05 
 2.17259820e-08  1.20000000e+00  6.25378188e-08 -1.00319584e-04 
 2.17478419e-08  1.20000000e+00  6.25378070e-08 -9.13664207e-05 
 2.17661392e-08  1.20000000e+00  6.25378071e-08 -8.24300030e-05 
 2.17859087e-08  1.20000000e+00  6.25378166e-08 -4.96561739e-05 
 2.18008642e-08  1.20000000e+00  6.25378188e-08 -9.68574042e-05 
 2.18199178e-08  1.20000000e+00  6.25378130e-08 -7.72409034e-05 
 2.18373720e-08  1.20000000e+00  6.25378080e-08 -1.15134108e-04 
 2.18537423e-08  1.20000000e+00  6.25378025e-08 -6.24987634e-05 
 2.18720734e-08  1.20000000e+00  6.25378031e-08 -6.94627610e-05 
 2.18862873e-08  1.20000000e+00  6.25378088e-08 -6.93283040e-05 
 2.19051450e-08  1.20000000e+00  6.25378133e-08 -1.00408467e-04 
 2.19270049e-08  1.20000000e+00  6.25378148e-08 -9.12774660e-05 
 2.19453022e-08  1.20000000e+00  6.25378118e-08 -8.25190437e-05 
 2.19650717e-08  1.20000000e+00  6.25378067e-08 -4.95670538e-05 
 2.19800272e-08  1.20000000e+00  6.25378019e-08 -9.69466292e-05 
 2.19990808e-08  1.20000000e+00  6.25378019e-08 -7.71515961e-05 
 2.20165350e-08  1.20000000e+00  6.25378124e-08 -1.15223505e-04 
 2.20329054e-08  1.20000000e+00  6.25378161e-08 -6.24092707e-05 
 2.20512364e-08  1.20000000e+00  6.25378094e-08 -6.95523390e-05 
 2.20654503e-08  1.20000000e+00  6.25378194e-08 -6.92386160e-05 
 2.20843080e-08  1.20000000e+00  6.25378192e-08 -1.00498238e-04 
 2.21061679e-08  1.20000000e+00  6.25378052e-08 -9.11876238e-05 
 2.21244652e-08  1.20000000e+00  6.25378006e-08 -8.26089711e-05 
 2.21442347e-08  1.20000000e+00  6.25378052e-08 -4.94770476e-05 
 2.21591902e-08  1.20000000e+00  6.25378150e-08 -9.70367395e-05 
 2.21782438e-08  1.20000000e+00  6.25378123e-08 -7.70614042e-05 
 2.21956980e-08  1.20000000e+00  6.25378111e-08 -1.15313786e-04 
 2.22120684e-08  1.20000000e+00  6.25378154e-08 -6.23188949e-05 
 2.22303994e-08  1.20000000e+00  6.25378186e-08 -6.96427995e-05 
 2.22446133e-08  1.20000000e+00  6.25378076e-08 -6.91480465e-05 
 2.22634711e-08  1.20000000e+00  6.25378030e-08 -1.00588889e-04 
 2.22853309e-08  1.20000000e+00  6.25378151e-08 -9.10969014e-05 
 2.23036282e-08  1.20000000e+00  6.25378053e-08 -8.26997780e-05 
 2.23233977e-08  1.20000000e+00  6.25378112e-08 -4.93861625e-05 
 2.23383532e-08  1.20000000e+00  6.25378181e-08 -9.71277278e-05 
 2.23574068e-08  1.20000000e+00  6.25378039e-08 -7.69703349e-05 
 2.23748610e-08  1.20000000e+00  6.25378011e-08 -1.15404944e-04 
 2.23912314e-08  1.20000000e+00  6.25378099e-08 -6.22276432e-05 
 2.24095624e-08  1.20000000e+00  6.25378107e-08 -6.97341351e-05 
 2.24237763e-08  1.20000000e+00  6.25378070e-08 -6.90566028e-05 
 2.24426341e-08  1.20000000e+00  6.25378100e-08 -1.00680414e-04 
 2.24644939e-08  1.20000000e+00  6.25378145e-08 -9.10053060e-05 
 2.24827912e-08  1.20000000e+00  6.25378203e-08 -8.27914572e-05 
 2.25025608e-08  1.20000000e+00  6.25378188e-08 -4.92944058e-05 
 2.25175162e-08  1.20000000e+00  6.25378088e-08 -9.72195868e-05 
 2.25365698e-08  1.20000000e+00  6.25378068e-08 -7.68783956e-05 
 2.25540240e-08  1.20000000e+00  6.25378071e-08 -1.15496971e-04 
 2.25703944e-08  1.20000000e+00  6.25378046e-08 -6.21355231e-05 
 2.25887254e-08  1.20000000e+00  6.25378097e-08 -6.98263384e-05 
 2.26029393e-08  1.20000000e+00  6.25378154e-08 -6.89642922e-05 
 2.26217971e-08  1.20000000e+00  6.25378129e-08 -1.00772806e-04 
 2.26436569e-08  1.20000000e+00  6.25378114e-08 -9.09128451e-05 
 2.26619542e-08  1.20000000e+00  6.25378082e-08 -8.28840012e-05 
 2.26817238e-08  1.20000000e+00  6.25378005e-08 -4.92017850e-05 
 2.26966792e-08  1.20000000e+00  6.25378071e-08 -9.73123091e-05 
 2.27157328e-08  1.20000000e+00  6.25378167e-08 -7.67855938e-05 
 2.27331870e-08  1.20000000e+00  6.25378091e-08 -1.15589859e-04 
 2.27495574e-08  1.20000000e+00  6.25378046e-08 -6.20425420e-05 
 2.27678884e-08  1.20000000e+00  6.25378127e-08 -6.99194020e-05 
 2.27821024e-08  1.20000000e+00  6.25378218e-08 -6.88711223e-05 
 2.28009601e-08  1.20000000e+00  6.25378154e-08 -1.00866056e-04 
 2.28228199e-08  1.20000000e+00  6.25378115e-08 -9.08195262e-05 
 2.28411172e-08  1.20000000e+00  6.25378074e-08 -8.29774024e-05 
 2.28608868e-08  1.20000000e+00  6.25378032e-08 -4.91083076e-05 
 2.28758422e-08  1.20000000e+00  6.25378114e-08 -9.74058872e-05 
 2.28948958e-08  1.20000000e+00  6.25378106e-08 -7.66919369e-05 
 2.29123501e-08  1.20000000e+00  6.25378034e-08 -1.15683602e-04 
 2.29287204e-08  1.20000000e+00  6.25378041e-08 -6.19487074e-05 
 2.29470514e-08  1.20000000e+00  6.25378138e-08 -7.00133183e-05 
 2.29612654e-08  1.20000000e+00  6.25378091e-08 -6.87771006e-05 
 2.29801231e-08  1.20000000e+00  6.25378091e-08 -1.00960157e-04 
 2.30019829e-08  1.20000000e+00  6.25378138e-08 -9.07253568e-05 
 2.30202802e-08  1.20000000e+00  6.25378030e-08 -8.30716534e-05 
 2.30400498e-08  1.20000000e+00  6.25378069e-08 -4.90139811e-05 
 2.30550053e-08  1.20000000e+00  6.25378230e-08 -9.75003133e-05 
 2.30740588e-08  1.20000000e+00  6.25378209e-08 -7.65974325e-05 
 2.30915131e-08  1.20000000e+00  6.25378074e-08 -1.15778192e-04 
 2.31078834e-08  1.20000000e+00  6.25378094e-08 -6.18540270e-05 
 2.31262144e-08  1.20000000e+00  6.25378101e-08 -7.01080797e-05 
 2.31404284e-08  1.20000000e+00  6.25378049e-08 -6.86822348e-05 
 2.31592861e-08  1.20000000e+00  6.25378083e-08 -1.01055101e-04 
 2.31811460e-08  1.20000000e+00  6.25378136e-08 -9.06303447e-05 
 2.31994432e-08  1.20000000e+00  6.25378116e-08 -8.31667465e-05 
 2.32192128e-08  1.20000000e+00  6.25378100e-08 -4.89188132e-05 
 2.32341683e-08  1.20000000e+00  6.25378073e-08 -9.75955800e-05 
 2.32532218e-08  1.20000000e+00  6.25378078e-08 -7.65020884e-05 
 2.32706761e-08  1.20000000e+00  6.25378097e-08 -1.15873621e-04 
 2.32870464e-08  1.20000000e+00  6.25378112e-08 -6.17585084e-05 
 2.33053774e-08  1.20000000e+00  6.25378086e-08 -7.02036786e-05 
 2.33195914e-08  1.20000000e+00  6.25378080e-08 -6.85865325e-05 
 2.33384491e-08  1.20000000e+00  6.25378151e-08 -1.01150881e-04 
 2.33603090e-08  1.20000000e+00  6.25378218e-08 -9.05344973e-05 
 2.33786062e-08  1.20000000e+00  6.25378067e-08 -8.32626740e-05 
 2.33983758e-08  1.20000000e+00  6.25377966e-08 -4.88228116e-05 
 2.34133313e-08  1.20000000e+00  6.25378148e-08 -9.76916795e-05 
 2.34323849e-08  1.20000000e+00  6.25378108e-08 -7.64059122e-05 
 2.34498391e-08  1.20000000e+00  6.25378031e-08 -1.15969881e-04 
 2.34662094e-08  1.20000000e+00  6.25378087e-08 -6.16621593e-05 
 2.34845404e-08  1.20000000e+00  6.25378070e-08 -7.03001073e-05 
 2.34987544e-08  1.20000000e+00  6.25378062e-08 -6.84900013e-05 
 2.35176121e-08  1.20000000e+00  6.25378122e-08 -1.01247490e-04 
 2.35394720e-08  1.20000000e+00  6.25378223e-08 -9.04378224e-05 
 2.35577693e-08  1.20000000e+00  6.25378123e-08 -8.33594283e-05 
 2.35775388e-08  1.20000000e+00  6.25378034e-08 -4.87259839e-05 
 2.35924943e-08  1.20000000e+00  6.25378128e-08 -9.77886042e-05 
 2.36115479e-08  1.20000000e+00  6.25378144e-08 -7.63089114e-05 
 2.36290021e-08  1.20000000e+00  6.25378020e-08 -1.16066964e-04 
 2.36453724e-08  1.20000000e+00  6.25378019e-08 -6.15649873e-05 
 2.36637034e-08  1.20000000e+00  6.25378097e-08 -7.03973582e-05 
 2.36779174e-08  1.20000000e+00  6.25378135e-08 -6.83926489e-05 
 2.36967751e-08  1.20000000e+00  6.25378134e-08 -1.01344919e-04 
 2.37186350e-08  1.20000000e+00  6.25378103e-08 -9.03403277e-05 
 2.37369323e-08  1.20000000e+00  6.25378062e-08 -8.34570017e-05 
 2.37567018e-08  1.20000000e+00  6.25378131e-08 -4.86283377e-05 
 2.37716573e-08  1.20000000e+00  6.25378228e-08 -9.78863464e-05 
 2.37907109e-08  1.20000000e+00  6.25378132e-08 -7.62110938e-05 
 2.38081651e-08  1.20000000e+00  6.25378047e-08 -1.16164864e-04 
 2.38245354e-08  1.20000000e+00  6.25378096e-08 -6.14670000e-05 
 2.38428664e-08  1.20000000e+00  6.25378131e-08 -7.04954235e-05 
 2.38570804e-08  1.20000000e+00  6.25378123e-08 -6.82944830e-05 
 2.38759381e-08  1.20000000e+00  6.25378081e-08 -1.01443160e-04 
 2.38977980e-08  1.20000000e+00  6.25378091e-08 -9.02420207e-05 
 2.39160953e-08  1.20000000e+00  6.25378132e-08 -8.35553866e-05 
 2.39358648e-08  1.20000000e+00  6.25378061e-08 -4.85298807e-05 
 2.39508203e-08  1.20000000e+00  6.25378052e-08 -9.79848986e-05 
 2.39698739e-08  1.20000000e+00  6.25378179e-08 -7.61124670e-05 
 2.39873281e-08  1.20000000e+00  6.25378092e-08 -1.16263572e-04 
 2.40036984e-08  1.20000000e+00  6.25378008e-08 -6.13682051e-05 
 2.40220295e-08  1.20000000e+00  6.25378065e-08 -7.05942958e-05 
 2.40362434e-08  1.20000000e+00  6.25378077e-08 -6.81955111e-05 
 2.40551011e-08  1.20000000e+00  6.25378109e-08 -1.01542207e-04 
 2.40769610e-08  1.20000000e+00  6.25378178e-08 -9.01429091e-05 
 2.40952583e-08  1.20000000e+00  6.25378198e-08 -8.36545754e-05 
 2.41150278e-08  1.20000000e+00  6.25378115e-08 -4.84306205e-05 
 2.41299833e-08  1.20000000e+00  6.25378062e-08 -9.80842531e-05 
 2.41490369e-08  1.20000000e+00  6.25378127e-08 -7.60130386e-05 
 2.41664911e-08  1.20000000e+00  6.25378114e-08 -1.16363081e-04 
 2.41828615e-08  1.20000000e+00  6.25378060e-08 -6.12686102e-05 
 2.42011925e-08  1.20000000e+00  6.25378038e-08 -7.06939673e-05 
 2.42154064e-08  1.20000000e+00  6.25378015e-08 -6.80957409e-05 
 2.42342641e-08  1.20000000e+00  6.25378108e-08 -1.01642052e-04 
 2.42561240e-08  1.20000000e+00  6.25378184e-08 -9.00430004e-05 
 2.42744213e-08  1.20000000e+00  6.25378088e-08 -8.37545605e-05 
 2.42941908e-08  1.20000000e+00  6.25378088e-08 -4.83305647e-05 
 2.43091463e-08  1.20000000e+00  6.25378140e-08 -9.81844023e-05 
 2.43281999e-08  1.20000000e+00  6.25378120e-08 -7.59128162e-05 
 2.43456541e-08  1.20000000e+00  6.25378095e-08 -1.16463383e-04 
 2.43620245e-08  1.20000000e+00  6.25378077e-08 -6.11682229e-05 
 2.43803555e-08  1.20000000e+00  6.25378087e-08 -7.07944305e-05 
 2.43945694e-08  1.20000000e+00  6.25378113e-08 -6.79951798e-05 
 2.44134272e-08  1.20000000e+00  6.25378129e-08 -1.01742686e-04 
 2.44352870e-08  1.20000000e+00  6.25378053e-08 -8.99423024e-05 
 2.44535843e-08  1.20000000e+00  6.25378093e-08 -8.38553344e-05 
 2.44733538e-08  1.20000000e+00  6.25378185e-08 -4.82297208e-05 
 2.44883093e-08  1.20000000e+00  6.25378149e-08 -9.82853386e-05 
 2.45073629e-08  1.20000000e+00  6.25378059e-08 -7.58118073e-05 
 2.45248171e-08  1.20000000e+00  6.25378083e-08 -1.16564471e-04 
 2.45411875e-08  1.20000000e+00  6.25378134e-08 -6.10670506e-05 
 2.45595185e-08  1.20000000e+00  6.25378113e-08 -7.08956780e-05 
 2.45737324e-08  1.20000000e+00  6.25378106e-08 -6.78938356e-05 
 2.45925902e-08  1.20000000e+00  6.25378040e-08 -1.01844104e-04 
 2.46144500e-08  1.20000000e+00  6.25378085e-08 -8.98408223e-05 
 2.46327473e-08  1.20000000e+00  6.25378176e-08 -8.39568894e-05 
 2.46525169e-08  1.20000000e+00  6.25378200e-08 -4.81280964e-05 
 2.46674723e-08  1.20000000e+00  6.25378131e-08 -9.83870547e-05 
 2.46865259e-08  1.20000000e+00  6.25378045e-08 -7.57100194e-05 
 2.47039801e-08  1.20000000e+00  6.25378067e-08 -1.16666338e-04 
 2.47203505e-08  1.20000000e+00  6.25378099e-08 -6.09651009e-05 
 2.47386815e-08  1.20000000e+00  6.25378083e-08 -7.09977021e-05 
 2.47528954e-08  1.20000000e+00  6.25378096e-08 -6.77917155e-05 
 2.47717532e-08  1.20000000e+00  6.25378129e-08 -1.01946296e-04 
 2.47936130e-08  1.20000000e+00  6.25378083e-08 -8.97385678e-05 
 2.48119103e-08  1.20000000e+00  6.25378075e-08 -8.40592182e-05 
 2.48316799e-08  1.20000000e+00  6.25378113e-08 -4.80256989e-05 
 2.48466353e-08  1.20000000e+00  6.25378181e-08 -9.84895429e-05 
 2.48656889e-08  1.20000000e+00  6.25378119e-08 -7.56074600e-05 
 2.48831431e-08  1.20000000e+00  6.25378041e-08 -1.16768975e-04 
 2.48995135e-08  1.20000000e+00  6.25378072e-08 -6.08623813e-05 
 2.49178445e-08  1.20000000e+00  6.25378013e-08 -7.11004955e-05 
 2.49320585e-08  1.20000000e+00  6.25377943e-08 -6.76888271e-05 
 2.49509162e-08  1.20000000e+00  6.25378136e-08 -1.02049256e-04 
 2.49727760e-08  1.20000000e+00  6.25378300e-08 -8.96355462e-05 
 2.49910733e-08  1.20000000e+00  6.25378102e-08 -8.41623134e-05 
 2.50108429e-08  1.20000000e+00  6.25378003e-08 -4.79225357e-05 
 2.50257983e-08  1.20000000e+00  6.25378168e-08 -9.85927960e-05 
 2.50448519e-08  1.20000000e+00  6.25378193e-08 -7.55041365e-05 
 2.50623062e-08  1.20000000e+00  6.25378047e-08 -1.16872375e-04 
 2.50786765e-08  1.20000000e+00  6.25378057e-08 -6.07588990e-05 
 2.50970075e-08  1.20000000e+00  6.25378013e-08 -7.12040507e-05 
 2.51112215e-08  1.20000000e+00  6.25378054e-08 -6.75851778e-05 
 2.51300792e-08  1.20000000e+00  6.25378171e-08 -1.02152976e-04 
 2.51519390e-08  1.20000000e+00  6.25378079e-08 -8.95317650e-05 
 2.51702363e-08  1.20000000e+00  6.25378040e-08 -8.42661675e-05 
 2.51900059e-08  1.20000000e+00  6.25378119e-08 -4.78186142e-05 
 2.52049614e-08  1.20000000e+00  6.25378215e-08 -9.86968065e-05 
 2.52240149e-08  1.20000000e+00  6.25378174e-08 -7.54000562e-05 
 2.52414692e-08  1.20000000e+00  6.25378033e-08 -1.16976531e-04 
 2.52578395e-08  1.20000000e+00  6.25378082e-08 -6.06546616e-05 
 2.52761705e-08  1.20000000e+00  6.25378125e-08 -7.13083605e-05 
 2.52903845e-08  1.20000000e+00  6.25378087e-08 -6.74807749e-05 
 2.53092422e-08  1.20000000e+00  6.25378069e-08 -1.02257449e-04 
 2.53311021e-08  1.20000000e+00  6.25378089e-08 -8.94272315e-05 
 2.53493993e-08  1.20000000e+00  6.25378119e-08 -8.43707732e-05 
 2.53691689e-08  1.20000000e+00  6.25378123e-08 -4.77139417e-05 
 2.53841244e-08  1.20000000e+00  6.25378212e-08 -9.88015671e-05 
 2.54031779e-08  1.20000000e+00  6.25378177e-08 -7.52952265e-05 
 2.54206322e-08  1.20000000e+00  6.25378045e-08 -1.17081437e-04 
 2.54370025e-08  1.20000000e+00  6.25378017e-08 -6.05496762e-05 
 2.54553335e-08  1.20000000e+00  6.25378079e-08 -7.14134175e-05 
 2.54695475e-08  1.20000000e+00  6.25378127e-08 -6.73756256e-05 
 2.54884052e-08  1.20000000e+00  6.25378105e-08 -1.02362668e-04 
 2.55102651e-08  1.20000000e+00  6.25378111e-08 -8.93219528e-05 
 2.55285623e-08  1.20000000e+00  6.25378150e-08 -8.44761233e-05 
 2.55483319e-08  1.20000000e+00  6.25378102e-08 -4.76085255e-05 
 2.55632874e-08  1.20000000e+00  6.25378124e-08 -9.89070706e-05 
 2.55823410e-08  1.20000000e+00  6.25378104e-08 -7.51896546e-05 
 2.55997952e-08  1.20000000e+00  6.25378047e-08 -1.17187083e-04 
 2.56161655e-08  1.20000000e+00  6.25378091e-08 -6.04439501e-05 
 2.56344965e-08  1.20000000e+00  6.25378045e-08 -7.15192145e-05 
 2.56487105e-08  1.20000000e+00  6.25378091e-08 -6.72697372e-05 
 2.56675682e-08  1.20000000e+00  6.25378135e-08 -1.02468625e-04 
 2.56894281e-08  1.20000000e+00  6.25378077e-08 -8.92159364e-05 
 2.57077254e-08  1.20000000e+00  6.25378101e-08 -8.45822106e-05 
 2.57274949e-08  1.20000000e+00  6.25378075e-08 -4.75023728e-05 
 2.57424504e-08  1.20000000e+00  6.25378160e-08 -9.90133097e-05 
 2.57615040e-08  1.20000000e+00  6.25378159e-08 -7.50833476e-05 
 2.57789582e-08  1.20000000e+00  6.25378070e-08 -1.17293464e-04 
 2.57953285e-08  1.20000000e+00  6.25378052e-08 -6.03374906e-05 
 2.58136595e-08  1.20000000e+00  6.25377988e-08 -7.16257443e-05 
 2.58278735e-08  1.20000000e+00  6.25378097e-08 -6.71631169e-05 
 2.58467312e-08  1.20000000e+00  6.25378195e-08 -1.02575313e-04 
 2.58685911e-08  1.20000000e+00  6.25378158e-08 -8.91091892e-05 
 2.58868884e-08  1.20000000e+00  6.25378108e-08 -8.46890278e-05 
 2.59066579e-08  1.20000000e+00  6.25378063e-08 -4.73954907e-05 
 2.59216134e-08  1.20000000e+00  6.25378102e-08 -9.91202774e-05 
 2.59406670e-08  1.20000000e+00  6.25378158e-08 -7.49763129e-05 
 2.59581212e-08  1.20000000e+00  6.25378110e-08 -1.17400572e-04 
 2.59744915e-08  1.20000000e+00  6.25378067e-08 -6.02303046e-05 
 2.59928225e-08  1.20000000e+00  6.25378071e-08 -7.17329998e-05 
 2.60070365e-08  1.20000000e+00  6.25378072e-08 -6.70557718e-05 
 2.60258942e-08  1.20000000e+00  6.25378169e-08 -1.02682726e-04 
 2.60477541e-08  1.20000000e+00  6.25378200e-08 -8.90017185e-05 
 2.60660514e-08  1.20000000e+00  6.25378071e-08 -8.47965680e-05 
 2.60858209e-08  1.20000000e+00  6.25378024e-08 -4.72878864e-05 
 2.61007764e-08  1.20000000e+00  6.25378086e-08 -9.92279665e-05 
 2.61198300e-08  1.20000000e+00  6.25378095e-08 -7.48685573e-05 
 2.61372842e-08  1.20000000e+00  6.25378040e-08 -1.17508400e-04 
 2.61536545e-08  1.20000000e+00  6.25378111e-08 -6.01223994e-05 
 2.61719856e-08  1.20000000e+00  6.25378134e-08 -7.18409739e-05 
 2.61861995e-08  1.20000000e+00  6.25378158e-08 -6.69477090e-05 
 2.62050572e-08  1.20000000e+00  6.25378146e-08 -1.02790855e-04 
 2.62269171e-08  1.20000000e+00  6.25378065e-08 -8.88935313e-05 
 2.62452144e-08  1.20000000e+00  6.25378133e-08 -8.49048240e-05 
 2.62649839e-08  1.20000000e+00  6.25378043e-08 -4.71795668e-05 
 2.62799394e-08  1.20000000e+00  6.25378047e-08 -9.93363700e-05 
 2.62989930e-08  1.20000000e+00  6.25378176e-08 -7.47600880e-05 
 2.63164472e-08  1.20000000e+00  6.25378100e-08 -1.17616941e-04 
 2.63328176e-08  1.20000000e+00  6.25378094e-08 -6.00137819e-05 
 2.63511486e-08  1.20000000e+00  6.25378055e-08 -7.19496596e-05 
 2.63653625e-08  1.20000000e+00  6.25377969e-08 -6.68389354e-05 
 2.63842202e-08  1.20000000e+00  6.25378097e-08 -1.02899695e-04 
 2.64060801e-08  1.20000000e+00  6.25378191e-08 -8.87846345e-05 
 2.64243774e-08  1.20000000e+00  6.25378102e-08 -8.50137888e-05 
 2.64441469e-08  1.20000000e+00  6.25378133e-08 -4.70705391e-05 
 2.64591024e-08  1.20000000e+00  6.25378191e-08 -9.94454809e-05 
 2.64781560e-08  1.20000000e+00  6.25378068e-08 -7.46509120e-05 
 2.64956102e-08  1.20000000e+00  6.25377962e-08 -1.17726188e-04 
 2.65119806e-08  1.20000000e+00  6.25377992e-08 -5.99044590e-05 
 2.65303116e-08  1.20000000e+00  6.25378159e-08 -7.20590500e-05 
 2.65445255e-08  1.20000000e+00  6.25378188e-08 -6.67294580e-05 
 2.65633833e-08  1.20000000e+00  6.25378153e-08 -1.03009238e-04 
 2.65852431e-08  1.20000000e+00  6.25378223e-08 -8.86750351e-05 
 2.66035404e-08  1.20000000e+00  6.25378136e-08 -8.51234556e-05 
 2.66233099e-08  1.20000000e+00  6.25378015e-08 -4.69608100e-05 
 2.66382654e-08  1.20000000e+00  6.25378062e-08 -9.95552923e-05 
 2.66573190e-08  1.20000000e+00  6.25378097e-08 -7.45410360e-05 
 2.66747732e-08  1.20000000e+00  6.25378019e-08 -1.17836134e-04 
 2.66911436e-08  1.20000000e+00  6.25378028e-08 -5.97944378e-05 
 2.67094746e-08  1.20000000e+00  6.25378124e-08 -7.21691382e-05 
 2.67236885e-08  1.20000000e+00  6.25378169e-08 -6.66192837e-05 
 2.67425463e-08  1.20000000e+00  6.25378142e-08 -1.03119477e-04 
 2.67644061e-08  1.20000000e+00  6.25378046e-08 -8.85647400e-05 
 2.67827034e-08  1.20000000e+00  6.25378124e-08 -8.52338174e-05 
 2.68024730e-08  1.20000000e+00  6.25378191e-08 -4.68503864e-05 
 2.68174284e-08  1.20000000e+00  6.25378170e-08 -9.96657973e-05 
 2.68364820e-08  1.20000000e+00  6.25378065e-08 -7.44304671e-05 
 2.68539362e-08  1.20000000e+00  6.25378021e-08 -1.17946773e-04 
 2.68703066e-08  1.20000000e+00  6.25378085e-08 -5.96837249e-05 
 2.68886376e-08  1.20000000e+00  6.25378050e-08 -7.22799173e-05 
 2.69028515e-08  1.20000000e+00  6.25378092e-08 -6.65084193e-05 
 2.69217093e-08  1.20000000e+00  6.25378106e-08 -1.03230406e-04 
 2.69435691e-08  1.20000000e+00  6.25378125e-08 -8.84537560e-05 
 2.69618664e-08  1.20000000e+00  6.25378123e-08 -8.53448675e-05 
 2.69816360e-08  1.20000000e+00  6.25378050e-08 -4.67392753e-05 
 2.69965914e-08  1.20000000e+00  6.25378150e-08 -9.97769892e-05 
 2.70156450e-08  1.20000000e+00  6.25378204e-08 -7.43192119e-05 
 2.70330992e-08  1.20000000e+00  6.25378098e-08 -1.18058097e-04 
 2.70494696e-08  1.20000000e+00  6.25378087e-08 -5.95723272e-05 
 2.70678006e-08  1.20000000e+00  6.25378078e-08 -7.23913805e-05 
 2.70820146e-08  1.20000000e+00  6.25378007e-08 -6.63968716e-05 
 2.71008723e-08  1.20000000e+00  6.25378057e-08 -1.03342017e-04 
 2.71227321e-08  1.20000000e+00  6.25378132e-08 -8.83420899e-05 
 2.71410294e-08  1.20000000e+00  6.25378123e-08 -8.54565990e-05 
 2.71607990e-08  1.20000000e+00  6.25378143e-08 -4.66274832e-05 
 2.71757545e-08  1.20000000e+00  6.25378193e-08 -9.98888612e-05 
 2.71948080e-08  1.20000000e+00  6.25378090e-08 -7.42072773e-05 
 2.72122623e-08  1.20000000e+00  6.25378051e-08 -1.18170100e-04 
 2.72286326e-08  1.20000000e+00  6.25378145e-08 -5.94602515e-05 
 2.72469636e-08  1.20000000e+00  6.25378102e-08 -7.25035212e-05 
 2.72611776e-08  1.20000000e+00  6.25378074e-08 -6.62846473e-05 
 2.72800353e-08  1.20000000e+00  6.25378111e-08 -1.03454305e-04 
 2.73018952e-08  1.20000000e+00  6.25378097e-08 -8.82297484e-05 
 2.73201924e-08  1.20000000e+00  6.25378096e-08 -8.55690054e-05 
 2.73399620e-08  1.20000000e+00  6.25378103e-08 -4.65150169e-05 
 2.73549175e-08  1.20000000e+00  6.25378084e-08 -1.00001407e-04 
 2.73739710e-08  1.20000000e+00  6.25378119e-08 -7.40946699e-05 
 2.73914253e-08  1.20000000e+00  6.25378111e-08 -1.18282775e-04 
 2.74077956e-08  1.20000000e+00  6.25378073e-08 -5.93475044e-05 
 2.74261266e-08  1.20000000e+00  6.25378069e-08 -7.26163326e-05 
 2.74403406e-08  1.20000000e+00  6.25378063e-08 -6.61717530e-05 
 2.74591983e-08  1.20000000e+00  6.25378136e-08 -1.03567261e-04 
 2.74810582e-08  1.20000000e+00  6.25378209e-08 -8.81167380e-05 
 2.74993554e-08  1.20000000e+00  6.25378099e-08 -8.56820799e-05 
 2.75191250e-08  1.20000000e+00  6.25378041e-08 -4.64018831e-05 
 2.75340805e-08  1.20000000e+00  6.25378152e-08 -1.00114619e-04 
 2.75531341e-08  1.20000000e+00  6.25378118e-08 -7.39813963e-05 
 2.75705883e-08  1.20000000e+00  6.25378136e-08 -1.18396116e-04 
 2.75869586e-08  1.20000000e+00  6.25378145e-08 -5.92340924e-05 
 2.76052896e-08  1.20000000e+00  6.25378049e-08 -7.27298082e-05 
 2.76195036e-08  1.20000000e+00  6.25378044e-08 -6.60581954e-05 
 2.76383613e-08  1.20000000e+00  6.25378018e-08 -1.03680880e-04 
 2.76602212e-08  1.20000000e+00  6.25378092e-08 -8.80030654e-05 
 2.76785184e-08  1.20000000e+00  6.25378116e-08 -8.57958160e-05 
 2.76982880e-08  1.20000000e+00  6.25378129e-08 -4.62880882e-05 
 2.77132435e-08  1.20000000e+00  6.25378088e-08 -1.00228491e-04 
 2.77322971e-08  1.20000000e+00  6.25378075e-08 -7.38674631e-05 
 2.77497513e-08  1.20000000e+00  6.25378140e-08 -1.18510115e-04 
 2.77661216e-08  1.20000000e+00  6.25378111e-08 -5.91200222e-05 
 2.77844526e-08  1.20000000e+00  6.25378087e-08 -7.28439414e-05 
 2.77986666e-08  1.20000000e+00  6.25378118e-08 -6.59439810e-05 
 2.78175243e-08  1.20000000e+00  6.25378096e-08 -1.03795156e-04 
 2.78393842e-08  1.20000000e+00  6.25378083e-08 -8.78887372e-05 
 2.78576815e-08  1.20000000e+00  6.25378141e-08 -8.59102071e-05 
 2.78774510e-08  1.20000000e+00  6.25378114e-08 -4.61736389e-05 
 2.78924065e-08  1.20000000e+00  6.25378068e-08 -1.00343017e-04 
 2.79114601e-08  1.20000000e+00  6.25378086e-08 -7.37528767e-05 
 2.79289143e-08  1.20000000e+00  6.25378097e-08 -1.18624767e-04 
 2.79452846e-08  1.20000000e+00  6.25378129e-08 -5.90053003e-05 
 2.79636156e-08  1.20000000e+00  6.25378110e-08 -7.29587258e-05 
 2.79778296e-08  1.20000000e+00  6.25378121e-08 -6.58291163e-05 
 2.79966873e-08  1.20000000e+00  6.25378171e-08 -1.03910081e-04 
 2.80185472e-08  1.20000000e+00  6.25378073e-08 -8.77737597e-05 
 2.80368445e-08  1.20000000e+00  6.25378075e-08 -8.60252469e-05 
 2.80566140e-08  1.20000000e+00  6.25378051e-08 -4.60585416e-05 
 2.80715695e-08  1.20000000e+00  6.25378077e-08 -1.00458191e-04 
 2.80906231e-08  1.20000000e+00  6.25378143e-08 -7.36376437e-05 
 2.81080773e-08  1.20000000e+00  6.25378210e-08 -1.18740065e-04 
 2.81244476e-08  1.20000000e+00  6.25378196e-08 -5.88899330e-05 
 2.81427786e-08  1.20000000e+00  6.25378019e-08 -7.30741548e-05 
 2.81569926e-08  1.20000000e+00  6.25377996e-08 -6.57136076e-05 
 2.81758503e-08  1.20000000e+00  6.25378095e-08 -1.04025650e-04 
 2.81977102e-08  1.20000000e+00  6.25378182e-08 -8.76581395e-05 
 2.82160075e-08  1.20000000e+00  6.25378137e-08 -8.61409288e-05 
 2.82357770e-08  1.20000000e+00  6.25378113e-08 -4.59428027e-05 
 2.82507325e-08  1.20000000e+00  6.25378089e-08 -1.00574005e-04 
 2.82697861e-08  1.20000000e+00  6.25378068e-08 -7.35217705e-05 
 2.82872403e-08  1.20000000e+00  6.25378117e-08 -1.18856003e-04 
 2.83036106e-08  1.20000000e+00  6.25378133e-08 -5.87739268e-05 
 2.83219417e-08  1.20000000e+00  6.25378068e-08 -7.31902222e-05 
 2.83361556e-08  1.20000000e+00  6.25378040e-08 -6.55974614e-05 
 2.83550133e-08  1.20000000e+00  6.25378136e-08 -1.04141855e-04 
 2.83768732e-08  1.20000000e+00  6.25378177e-08 -8.75418828e-05 
 2.83951705e-08  1.20000000e+00  6.25378096e-08 -8.62572465e-05 
 2.84149400e-08  1.20000000e+00  6.25378032e-08 -4.58264285e-05 
 2.84298955e-08  1.20000000e+00  6.25378057e-08 -1.00690454e-04 
 2.84489491e-08  1.20000000e+00  6.25378072e-08 -7.34052633e-05 
 2.84664033e-08  1.20000000e+00  6.25378063e-08 -1.18972574e-04 
 2.84827737e-08  1.20000000e+00  6.25378104e-08 -5.86572879e-05 
 2.85011047e-08  1.20000000e+00  6.25378084e-08 -7.33069216e-05 
 2.85153186e-08  1.20000000e+00  6.25378092e-08 -6.54806840e-05 
 2.85341763e-08  1.20000000e+00  6.25378173e-08 -1.04258692e-04 
 2.85560362e-08  1.20000000e+00  6.25378160e-08 -8.74249960e-05 
 2.85743335e-08  1.20000000e+00  6.25378044e-08 -8.63741938e-05 
 2.85941030e-08  1.20000000e+00  6.25378031e-08 -4.57094253e-05 
 2.86090585e-08  1.20000000e+00  6.25378145e-08 -1.00807531e-04 
 2.86281121e-08  1.20000000e+00  6.25378184e-08 -7.32881285e-05 
 2.86455663e-08  1.20000000e+00  6.25378030e-08 -1.19089772e-04 
 2.86619367e-08  1.20000000e+00  6.25377989e-08 -5.85400228e-05 
 2.86802677e-08  1.20000000e+00  6.25378064e-08 -7.34242468e-05 
 2.86944816e-08  1.20000000e+00  6.25378074e-08 -6.53632816e-05 
 2.87133394e-08  1.20000000e+00  6.25378184e-08 -1.04376152e-04 
 2.87351992e-08  1.20000000e+00  6.25378198e-08 -8.73074853e-05 
 2.87534965e-08  1.20000000e+00  6.25378177e-08 -8.64917643e-05 
 2.87732660e-08  1.20000000e+00  6.25378165e-08 -4.55917994e-05 
 2.87882215e-08  1.20000000e+00  6.25378136e-08 -1.00925229e-04 
 2.88072751e-08  1.20000000e+00  6.25378035e-08 -7.31703722e-05 
 2.88247293e-08  1.20000000e+00  6.25377991e-08 -1.19207591e-04 
 2.88410997e-08  1.20000000e+00  6.25378110e-08 -5.84221375e-05 
 2.88594307e-08  1.20000000e+00  6.25378122e-08 -7.35421915e-05 
 2.88736446e-08  1.20000000e+00  6.25378086e-08 -6.52452604e-05 
 2.88925024e-08  1.20000000e+00  6.25378118e-08 -1.04494231e-04 
 2.89143622e-08  1.20000000e+00  6.25378151e-08 -8.71893568e-05 
 2.89326595e-08  1.20000000e+00  6.25378129e-08 -8.66099520e-05 
 2.89524291e-08  1.20000000e+00  6.25378007e-08 -4.54735570e-05 
 2.89673845e-08  1.20000000e+00  6.25378037e-08 -1.01043544e-04 
 2.89864381e-08  1.20000000e+00  6.25378138e-08 -7.30520007e-05 
 2.90038923e-08  1.20000000e+00  6.25378099e-08 -1.19326024e-04 
 2.90202627e-08  1.20000000e+00  6.25378081e-08 -5.83036382e-05 
 2.90385937e-08  1.20000000e+00  6.25378065e-08 -7.36607495e-05 
 2.90528076e-08  1.20000000e+00  6.25378067e-08 -6.51266266e-05 
 2.90716654e-08  1.20000000e+00  6.25378143e-08 -1.04612922e-04 
 2.90935252e-08  1.20000000e+00  6.25378239e-08 -8.70706169e-05 
 2.91118225e-08  1.20000000e+00  6.25378142e-08 -8.67287506e-05 
 2.91315921e-08  1.20000000e+00  6.25378084e-08 -4.53547041e-05 
 2.91465475e-08  1.20000000e+00  6.25378147e-08 -1.01162469e-04 
 2.91656011e-08  1.20000000e+00  6.25378047e-08 -7.29330200e-05 
 2.91830553e-08  1.20000000e+00  6.25378025e-08 -1.19445066e-04 
 2.91994257e-08  1.20000000e+00  6.25378106e-08 -5.81845310e-05 
 2.92177567e-08  1.20000000e+00  6.25378064e-08 -7.37799149e-05 
 2.92319707e-08  1.20000000e+00  6.25378070e-08 -6.50073862e-05 
 2.92508284e-08  1.20000000e+00  6.25378117e-08 -1.04732219e-04 
 2.92726882e-08  1.20000000e+00  6.25378119e-08 -8.69512714e-05 
 2.92909855e-08  1.20000000e+00  6.25378096e-08 -8.68481542e-05 
 2.93107551e-08  1.20000000e+00  6.25378181e-08 -4.52352469e-05 
 2.93257106e-08  1.20000000e+00  6.25378206e-08 -1.01281997e-04 
 2.93447641e-08  1.20000000e+00  6.25378091e-08 -7.28134363e-05 
 2.93622184e-08  1.20000000e+00  6.25378032e-08 -1.19564710e-04 
 2.93785887e-08  1.20000000e+00  6.25377988e-08 -5.80648220e-05 
 2.93969197e-08  1.20000000e+00  6.25377982e-08 -7.38996815e-05 
 2.94111337e-08  1.20000000e+00  6.25378072e-08 -6.48875454e-05 
 2.94299914e-08  1.20000000e+00  6.25378202e-08 -1.04852115e-04 
 2.94518513e-08  1.20000000e+00  6.25378208e-08 -8.68313265e-05 
 2.94701485e-08  1.20000000e+00  6.25378090e-08 -8.69681566e-05 
 2.94899181e-08  1.20000000e+00  6.25378071e-08 -4.51151913e-05 
 2.95048736e-08  1.20000000e+00  6.25378117e-08 -1.01402123e-04 
 2.95239271e-08  1.20000000e+00  6.25378038e-08 -7.26932554e-05 
 2.95413814e-08  1.20000000e+00  6.25378022e-08 -1.19684951e-04 
 2.95577517e-08  1.20000000e+00  6.25378079e-08 -5.79445172e-05 
 2.95760827e-08  1.20000000e+00  6.25378132e-08 -7.40200434e-05 
 2.95902967e-08  1.20000000e+00  6.25378146e-08 -6.47671101e-05 
 2.96091544e-08  1.20000000e+00  6.25378155e-08 -1.04972606e-04 
 2.96310143e-08  1.20000000e+00  6.25378165e-08 -8.67107882e-05 
 2.96493115e-08  1.20000000e+00  6.25378069e-08 -8.70887519e-05 
 2.96690811e-08  1.20000000e+00  6.25378040e-08 -4.49945434e-05 
 2.96840366e-08  1.20000000e+00  6.25378110e-08 -1.01522840e-04 
 2.97030902e-08  1.20000000e+00  6.25378154e-08 -7.25724835e-05 
 2.97205444e-08  1.20000000e+00  6.25378187e-08 -1.19805783e-04 
 2.97369147e-08  1.20000000e+00  6.25378122e-08 -5.78236225e-05 
 2.97552457e-08  1.20000000e+00  6.25378065e-08 -7.41409945e-05 
 2.97694597e-08  1.20000000e+00  6.25378049e-08 -6.46460861e-05 
 2.97883174e-08  1.20000000e+00  6.25378067e-08 -1.05093685e-04 
 2.98101773e-08  1.20000000e+00  6.25378144e-08 -8.65896622e-05 
 2.98284746e-08  1.20000000e+00  6.25378143e-08 -8.72099342e-05 
 2.98482441e-08  1.20000000e+00  6.25378114e-08 -4.48733090e-05 
 2.98631996e-08  1.20000000e+00  6.25378118e-08 -1.01644143e-04 
 2.98822532e-08  1.20000000e+00  6.25378121e-08 -7.24511263e-05 
 2.98997074e-08  1.20000000e+00  6.25378060e-08 -1.19927199e-04 
 2.99160777e-08  1.20000000e+00  6.25378048e-08 -5.77021438e-05 
 2.99344087e-08  1.20000000e+00  6.25378058e-08 -7.42625292e-05 
 2.99486227e-08  1.20000000e+00  6.25378133e-08 -6.45244795e-05 
 2.99674804e-08  1.20000000e+00  6.25378161e-08 -1.05215346e-04 
 2.99893403e-08  1.20000000e+00  6.25378104e-08 -8.64679546e-05 
 3.00076376e-08  1.20000000e+00  6.25378060e-08 -8.73316976e-05 
 3.00274071e-08  1.20000000e+00  6.25377997e-08 -4.47514940e-05 
 3.00423626e-08  1.20000000e+00  6.25378129e-08 -1.01766027e-04 
 3.00614162e-08  1.20000000e+00  6.25378159e-08 -7.23291897e-05 
 3.00788704e-08  1.20000000e+00  6.25378078e-08 -1.20049194e-04 
 3.00952407e-08  1.20000000e+00  6.25378068e-08 -5.75800869e-05 
 3.01135717e-08  1.20000000e+00  6.25378093e-08 -7.43846414e-05 
 3.01277857e-08  1.20000000e+00  6.25378176e-08 -6.44022959e-05 
 3.01466434e-08  1.20000000e+00  6.25378175e-08 -1.05337583e-04 
 3.01685033e-08  1.20000000e+00  6.25378006e-08 -8.63456711e-05 
 3.01868006e-08  1.20000000e+00  6.25378060e-08 -8.74540363e-05 
 3.02065701e-08  1.20000000e+00  6.25378212e-08 -4.46291041e-05 
 3.02215256e-08  1.20000000e+00  6.25378145e-08 -1.01888484e-04 
 3.02405792e-08  1.20000000e+00  6.25378097e-08 -7.22066796e-05 
 3.02580334e-08  1.20000000e+00  6.25378072e-08 -1.20171761e-04 
 3.02744037e-08  1.20000000e+00  6.25378054e-08 -5.74574577e-05 
 3.02927347e-08  1.20000000e+00  6.25378102e-08 -7.45073254e-05 
 3.03069487e-08  1.20000000e+00  6.25378114e-08 -6.42795413e-05 
 3.03258064e-08  1.20000000e+00  6.25378113e-08 -1.05460391e-04 
 3.03476663e-08  1.20000000e+00  6.25378151e-08 -8.62228175e-05 
 3.03659636e-08  1.20000000e+00  6.25378122e-08 -8.75769446e-05 
 3.03857331e-08  1.20000000e+00  6.25378017e-08 -4.45061453e-05 
 3.04006886e-08  1.20000000e+00  6.25378098e-08 -1.02011509e-04 
 3.04197422e-08  1.20000000e+00  6.25378136e-08 -7.20836016e-05 
 3.04371964e-08  1.20000000e+00  6.25378097e-08 -1.20294896e-04 
 3.04535668e-08  1.20000000e+00  6.25378102e-08 -5.73342618e-05 
 3.04718978e-08  1.20000000e+00  6.25378107e-08 -7.46305756e-05 
 3.04861117e-08  1.20000000e+00  6.25378137e-08 -6.41562212e-05 
 3.05049694e-08  1.20000000e+00  6.25378072e-08 -1.05583763e-04 
 3.05268293e-08  1.20000000e+00  6.25378143e-08 -8.60993995e-05 
 3.05451266e-08  1.20000000e+00  6.25378150e-08 -8.77004168e-05 
 3.05648961e-08  1.20000000e+00  6.25378042e-08 -4.43826231e-05 
 3.05798516e-08  1.20000000e+00  6.25378036e-08 -1.02135098e-04 
 3.05989052e-08  1.20000000e+00  6.25378102e-08 -7.19599614e-05 
 3.06163594e-08  1.20000000e+00  6.25378110e-08 -1.20418593e-04 
 3.06327298e-08  1.20000000e+00  6.25378098e-08 -5.72105049e-05 
 3.06510608e-08  1.20000000e+00  6.25378111e-08 -7.47543862e-05 
 3.06652747e-08  1.20000000e+00  6.25378096e-08 -6.40323415e-05 
 3.06841324e-08  1.20000000e+00  6.25378164e-08 -1.05707695e-04 
 3.07059923e-08  1.20000000e+00  6.25378138e-08 -8.59754227e-05 
 3.07242896e-08  1.20000000e+00  6.25378039e-08 -8.78244471e-05 
 3.07440591e-08  1.20000000e+00  6.25378050e-08 -4.42585431e-05 
 3.07590146e-08  1.20000000e+00  6.25378099e-08 -1.02259243e-04 
 3.07780682e-08  1.20000000e+00  6.25378133e-08 -7.18357648e-05 
 3.07955224e-08  1.20000000e+00  6.25378069e-08 -1.20542846e-04 
 3.08118928e-08  1.20000000e+00  6.25378059e-08 -5.70861927e-05 
 3.08302238e-08  1.20000000e+00  6.25378143e-08 -7.48787516e-05 
 3.08444377e-08  1.20000000e+00  6.25378142e-08 -6.39079076e-05 
 3.08632955e-08  1.20000000e+00  6.25378134e-08 -1.05832181e-04 
 3.08851553e-08  1.20000000e+00  6.25378130e-08 -8.58508928e-05 
 3.09034526e-08  1.20000000e+00  6.25378093e-08 -8.79490301e-05 
 3.09232221e-08  1.20000000e+00  6.25378049e-08 -4.41339111e-05 
 3.09381776e-08  1.20000000e+00  6.25378096e-08 -1.02383940e-04 
 3.09572312e-08  1.20000000e+00  6.25378154e-08 -7.17110172e-05 
 3.09746854e-08  1.20000000e+00  6.25378061e-08 -1.20667649e-04 
 3.09910558e-08  1.20000000e+00  6.25378059e-08 -5.69613307e-05 
 3.10093868e-08  1.20000000e+00  6.25378038e-08 -7.50036662e-05 
 3.10236007e-08  1.20000000e+00  6.25378077e-08 -6.37829252e-05 
 3.10424585e-08  1.20000000e+00  6.25378216e-08 -1.05957214e-04 
 3.10643183e-08  1.20000000e+00  6.25378186e-08 -8.57258153e-05 
 3.10826156e-08  1.20000000e+00  6.25378036e-08 -8.80741601e-05 
 3.11023852e-08  1.20000000e+00  6.25378054e-08 -4.40087326e-05 
 3.11173406e-08  1.20000000e+00  6.25378188e-08 -1.02509183e-04 
 3.11363942e-08  1.20000000e+00  6.25378074e-08 -7.15857242e-05 
 3.11538484e-08  1.20000000e+00  6.25377998e-08 -1.20792997e-04 
 3.11702188e-08  1.20000000e+00  6.25378049e-08 -5.68359245e-05 
 3.11885498e-08  1.20000000e+00  6.25378124e-08 -7.51291245e-05 
 3.12027637e-08  1.20000000e+00  6.25378176e-08 -6.36573998e-05 
 3.12216215e-08  1.20000000e+00  6.25378161e-08 -1.06082790e-04 
 3.12434813e-08  1.20000000e+00  6.25378011e-08 -8.56001958e-05 
 3.12617786e-08  1.20000000e+00  6.25378053e-08 -8.81998316e-05 
 3.12815482e-08  1.20000000e+00  6.25378122e-08 -4.38830130e-05 
 3.12965036e-08  1.20000000e+00  6.25378151e-08 -1.02634966e-04 
 3.13155572e-08  1.20000000e+00  6.25378082e-08 -7.14598914e-05 
 3.13330114e-08  1.20000000e+00  6.25378007e-08 -1.20918884e-04 
 3.13493818e-08  1.20000000e+00  6.25378078e-08 -5.67099796e-05 
 3.13677128e-08  1.20000000e+00  6.25378178e-08 -7.52551210e-05 
 3.13819268e-08  1.20000000e+00  6.25378198e-08 -6.35313368e-05 
 3.14007845e-08  1.20000000e+00  6.25378098e-08 -1.06208903e-04 
 3.14226443e-08  1.20000000e+00  6.25378149e-08 -8.54740397e-05 
 3.14409416e-08  1.20000000e+00  6.25378129e-08 -8.83260392e-05 
 3.14607112e-08  1.20000000e+00  6.25378061e-08 -4.37567578e-05 
 3.14756667e-08  1.20000000e+00  6.25378077e-08 -1.02761284e-04 
 3.14947202e-08  1.20000000e+00  6.25378071e-08 -7.13335240e-05 
 3.15121745e-08  1.20000000e+00  6.25378086e-08 -1.21045305e-04 
 3.15285448e-08  1.20000000e+00  6.25378065e-08 -5.65835013e-05 
 3.15468758e-08  1.20000000e+00  6.25378061e-08 -7.53816504e-05 
 3.15610898e-08  1.20000000e+00  6.25378146e-08 -6.34047416e-05 
 3.15799475e-08  1.20000000e+00  6.25378141e-08 -1.06335548e-04 
 3.16018074e-08  1.20000000e+00  6.25377998e-08 -8.53473523e-05 
 3.16201046e-08  1.20000000e+00  6.25378063e-08 -8.84527775e-05 
 3.16398742e-08  1.20000000e+00  6.25378232e-08 -4.36299724e-05 
 3.16548297e-08  1.20000000e+00  6.25378220e-08 -1.02888131e-04 
 3.16738832e-08  1.20000000e+00  6.25378073e-08 -7.12066277e-05 
 3.16913375e-08  1.20000000e+00  6.25378049e-08 -1.21172254e-04 
 3.17077078e-08  1.20000000e+00  6.25378056e-08 -5.64564951e-05 
 3.17260388e-08  1.20000000e+00  6.25378025e-08 -7.55087071e-05 
 3.17402528e-08  1.20000000e+00  6.25378079e-08 -6.32776198e-05 
 3.17591105e-08  1.20000000e+00  6.25378141e-08 -1.06462719e-04 
 3.17809704e-08  1.20000000e+00  6.25378186e-08 -8.52201392e-05 
 3.17992676e-08  1.20000000e+00  6.25378090e-08 -8.85800411e-05 
 3.18190372e-08  1.20000000e+00  6.25378112e-08 -4.35026622e-05 
 3.18339927e-08  1.20000000e+00  6.25378145e-08 -1.03015503e-04 
 3.18530463e-08  1.20000000e+00  6.25378130e-08 -7.10792076e-05 
 3.18705005e-08  1.20000000e+00  6.25378185e-08 -1.21299727e-04 
 3.18868708e-08  1.20000000e+00  6.25378072e-08 -5.63289662e-05 
 3.19052018e-08  1.20000000e+00  6.25378002e-08 -7.56362860e-05 
 3.19194158e-08  1.20000000e+00  6.25378114e-08 -6.31499764e-05 
 3.19382735e-08  1.20000000e+00  6.25378201e-08 -1.06590410e-04 
 3.19601334e-08  1.20000000e+00  6.25378192e-08 -8.50924055e-05 
 3.19784307e-08  1.20000000e+00  6.25378068e-08 -8.87078247e-05 
 3.19982002e-08  1.20000000e+00  6.25378001e-08 -4.33748324e-05 
 3.20131557e-08  1.20000000e+00  6.25378060e-08 -1.03143394e-04 
 3.20322093e-08  1.20000000e+00  6.25378059e-08 -7.09512691e-05 
 3.20496635e-08  1.20000000e+00  6.25378105e-08 -1.21427718e-04 
 3.20660338e-08  1.20000000e+00  6.25378091e-08 -5.62009201e-05 
 3.20843648e-08  1.20000000e+00  6.25378061e-08 -7.57643817e-05 
 3.20985788e-08  1.20000000e+00  6.25378123e-08 -6.30218169e-05 
 3.21174365e-08  1.20000000e+00  6.25378147e-08 -1.06718618e-04 
 3.21392964e-08  1.20000000e+00  6.25378092e-08 -8.49641566e-05 
 3.21575937e-08  1.20000000e+00  6.25378129e-08 -8.88361230e-05 
 3.21773632e-08  1.20000000e+00  6.25378238e-08 -4.32464884e-05 
 3.21923187e-08  1.20000000e+00  6.25377994e-08 -1.03271798e-04 
 3.22113723e-08  1.20000000e+00  6.25377910e-08 -7.08228174e-05 
 3.22288265e-08  1.20000000e+00  6.25378776e-08 -1.21556221e-04 
 3.22451968e-08  1.20000000e+00  6.25376403e-08 -5.60723618e-05 
 3.22635278e-08  1.20000000e+00  6.25380544e-08 -7.58929890e-05 
 3.22777418e-08  1.20000000e+00  6.25377382e-08 -6.28931465e-05 
 3.22965995e-08  1.20000000e+00  6.25373071e-08 -1.06847336e-04 
 3.23184594e-08  1.20000000e+00  6.25391104e-08 -8.48353976e-05 
 3.23367567e-08  1.20000000e+00  6.25356337e-08 -8.89649309e-05 
 3.23565262e-08  1.20000000e+00  6.25395157e-08 -4.31176353e-05 
 3.23714817e-08  1.20000000e+00  6.25440814e-08 -1.03400711e-04 
 3.23905353e-08  1.20000000e+00  6.25195925e-08 -7.06938577e-05 
 3.24079895e-08  1.20000000e+00  6.25685551e-08 -1.21685232e-04 
 3.24243598e-08  1.20000000e+00  6.24913622e-08 -5.59432966e-05 
 3.24426909e-08  1.20000000e+00  6.25539819e-08 -7.60221028e-05 
 3.24569048e-08  1.20000000e+00  6.27308746e-08 -6.27639703e-05 
 3.24757625e-08  1.20000000e+00  6.22106639e-08 -1.06976559e-04 
 3.24976224e-08  1.20000000e+00  6.29003304e-08 -8.47061344e-05 
 3.25159197e-08  1.20000000e+00  6.21964304e-08 -8.90942420e-05 
 3.25356892e-08  1.20000000e+00  6.08527504e-08 -4.29882789e-05 
 3.25506447e-08  1.20000000e+00  6.79107198e-08 -1.03530131e-04 
 3.25696983e-08  1.20000000e+00  6.02379748e-08 -7.05643860e-05 
 3.25871525e-08  1.20000000e+00  7.24940379e-08 -1.21814762e-04 
 3.26035229e-08  1.20000000e+00  5.28993925e-08 -5.58136983e-05 
 3.26218539e-08  1.20000000e+00 -1.74436191e-08 -7.61517185e-05 
 3.26360678e-08  1.20000000e+00  1.09333354e-07 -6.26343924e-05 
 3.26549255e-08  1.20000000e+00  1.18787067e-07 -1.07106161e-04 
 3.26767854e-08  1.20000000e+00  4.19624500e-07 -8.45766166e-05 
 3.26950827e-08  1.20000000e+00  6.51623324e-07 -8.92238681e-05 
 3.27148522e-08  1.20000000e+00 -3.13382187e-06 -4.28568521e-05 
 3.27298077e-08  1.20000000e+00 -3.83391335e-06 -1.03661946e-04 
 3.27488613e-08  1.20000000e+00 -1.03108577e-06 -7.04339777e-05 
 3.27663155e-08  1.20000000e+00  2.30109986e-05 -1.21957413e-04 
 3.27826859e-08  1.20000000e+00  6.23720780e-05 -5.56884305e-05 
 3.28010169e-08  1.20000000e+00 -2.36920154e-05 -7.62266230e-05 
 3.28152308e-08  1.20000000e+00 -1.91795472e-04 -6.24658149e-05 
 3.28340886e-08  1.20000000e+00 -4.71094347e-04 -1.07175393e-04 
 3.28559484e-08  1.20000000e+00  1.53038304e-04 -8.48084149e-05 
 3.28742454e-08  1.20000000e+00  3.33268904e-03 -9.04582322e-05 
 3.28940146e-08  1.20000000e+00  4.58063976e-03 -4.16273779e-05 
 3.29089680e-08  1.20000000e+00 -3.39685303e-03 -9.99299742e-05 
 3.29280180e-08  1.20000000e+00 -3.25983012e-02 -6.05026337e-05 
 3.29440999e-08  1.20000000e+00 -4.88070298e-02 -1.22597209e-04 
 3.29568274e-08  1.20000000e+00 -7.27006610e-03 -1.11112376e-04 
 3.29722196e-08  1.20000000e+00  1.18877337e-01 -1.44610563e-04 
 3.29855254e-08  1.20000000e+00  2.55468689e-01 -1.03239534e-04 
 3.30014395e-08  1.20000000e+00  4.18527178e-01 -1.31336359e-04 
 3.30194253e-08  1.20000000e+00  5.94237128e-01 -8.82717539e-05 
 3.30504240e-08  1.20000000e+00  8.52222572e-01 -9.94594476e-05 
 3.30841366e-08  1.20000000e+00  1.04051851e+00 -2.96556664e-05 
 3.31251287e-08  1.20000000e+00  1.14976989e+00 -3.37811672e-05 
 3.31543190e-08  1.20000000e+00  1.17842527e+00  9.91211258e-06 
 3.31936207e-08  1.20000000e+00  1.19368119e+00 -1.93479659e-05 
 3.32363172e-08  1.20000000e+00  1.19841119e+00  1.65602789e-05 
 3.33067639e-08  1.20000000e+00  1.19999648e+00 -1.71402208e-05 
 3.33983113e-08  1.20000000e+00  1.19999863e+00  1.70688669e-05 
 3.34983113e-08  1.20000000e+00  1.20000248e+00 -1.71085119e-05 
 3.35983113e-08  1.20000000e+00  1.19999710e+00  1.70406174e-05 
 3.36983113e-08  1.20000000e+00  1.20000263e+00 -1.70807980e-05 
 3.37983113e-08  1.20000000e+00  1.19999716e+00  1.70130321e-05 
 3.38983113e-08  1.20000000e+00  1.20000255e+00 -1.70532735e-05 
 3.39983113e-08  1.20000000e+00  1.19999723e+00  1.69855578e-05 
 3.40983113e-08  1.20000000e+00  1.20000250e+00 -1.70258488e-05 
 3.41983113e-08  1.20000000e+00  1.19999727e+00  1.69581835e-05 
 3.42983113e-08  1.20000000e+00  1.20000246e+00 -1.69985262e-05 
 3.43983113e-08  1.20000000e+00  1.19999731e+00  1.69309138e-05 
 3.44983113e-08  1.20000000e+00  1.20000243e+00 -1.69713104e-05 
 3.45983113e-08  1.20000000e+00  1.19999734e+00  1.69037527e-05 
 3.46983113e-08  1.20000000e+00  1.20000240e+00 -1.69442049e-05 
 3.47983113e-08  1.20000000e+00  1.19999736e+00  1.68767035e-05 
 3.48983113e-08  1.20000000e+00  1.20000238e+00 -1.69172127e-05 
 3.49983113e-08  1.20000000e+00  1.19999739e+00  1.68497687e-05 
 3.50983113e-08  1.20000000e+00  1.20000235e+00 -1.68903358e-05 
 3.51983113e-08  1.20000000e+00  1.19999741e+00  1.68229500e-05 
 3.52983113e-08  1.20000000e+00  1.20000233e+00 -1.68635758e-05 
 3.53983113e-08  1.20000000e+00  1.19999743e+00  1.67962487e-05 
 3.54983113e-08  1.20000000e+00  1.20000231e+00 -1.68369336e-05 
 3.55983113e-08  1.20000000e+00  1.19999746e+00  1.67696658e-05 
 3.56983113e-08  1.20000000e+00  1.20000228e+00 -1.68104100e-05 
 3.57983113e-08  1.20000000e+00  1.19999748e+00  1.67432017e-05 
 3.58983113e-08  1.20000000e+00  1.20000226e+00 -1.67840056e-05 
 3.59983113e-08  1.20000000e+00  1.19999750e+00  1.67168568e-05 
 3.60983113e-08  1.20000000e+00  1.20000224e+00 -1.67577205e-05 
 3.61983113e-08  1.20000000e+00  1.19999752e+00  1.66906315e-05 
 3.62983113e-08  1.20000000e+00  1.20000222e+00 -1.67315550e-05 
 3.63983113e-08  1.20000000e+00  1.19999754e+00  1.66645258e-05 
 3.64983113e-08  1.20000000e+00  1.20000220e+00 -1.67055092e-05 
 3.65983113e-08  1.20000000e+00  1.19999757e+00  1.66385398e-05 
 3.66983113e-08  1.20000000e+00  1.20000217e+00 -1.66795831e-05 
 3.67983113e-08  1.20000000e+00  1.19999759e+00  1.66126735e-05 
 3.68983113e-08  1.20000000e+00  1.20000215e+00 -1.66537767e-05 
 3.69983113e-08  1.20000000e+00  1.19999761e+00  1.65869269e-05 
 3.70983113e-08  1.20000000e+00  1.20000213e+00 -1.66280899e-05 
 3.71983113e-08  1.20000000e+00  1.19999763e+00  1.65612998e-05 
 3.72983113e-08  1.20000000e+00  1.20000211e+00 -1.66025226e-05 
 3.73983113e-08  1.20000000e+00  1.19999765e+00  1.65357922e-05 
 3.74983113e-08  1.20000000e+00  1.20000209e+00 -1.65770748e-05 
 3.75983113e-08  1.20000000e+00  1.19999767e+00  1.65104040e-05 
 3.76983113e-08  1.20000000e+00  1.20000207e+00 -1.65517462e-05 
 3.77983113e-08  1.20000000e+00  1.19999769e+00  1.64851351e-05 
 3.78983113e-08  1.20000000e+00  1.20000205e+00 -1.65265369e-05 
 3.79983113e-08  1.20000000e+00  1.19999771e+00  1.64599853e-05 
 3.80983113e-08  1.20000000e+00  1.20000203e+00 -1.65014466e-05 
 3.81983113e-08  1.20000000e+00  1.19999773e+00  1.64349544e-05 
 3.82983113e-08  1.20000000e+00  1.20000201e+00 -1.64764752e-05 
 3.83983113e-08  1.20000000e+00  1.19999775e+00  1.64100424e-05 
 3.84983113e-08  1.20000000e+00  1.20000199e+00 -1.64516226e-05 
 3.85983113e-08  1.20000000e+00  1.19999777e+00  1.63852491e-05 
 3.86983113e-08  1.20000000e+00  1.20000197e+00 -1.64268886e-05 
 3.87983113e-08  1.20000000e+00  1.19999779e+00  1.63605742e-05 
 3.88983113e-08  1.20000000e+00  1.20000195e+00 -1.64022729e-05 
 3.89983113e-08  1.20000000e+00  1.19999781e+00  1.63360177e-05 
 3.90983113e-08  1.20000000e+00  1.20000193e+00 -1.63777755e-05 
 3.91983113e-08  1.20000000e+00  1.19999783e+00  1.63115793e-05 
 3.92983113e-08  1.20000000e+00  1.20000191e+00 -1.63533962e-05 
 3.93983113e-08  1.20000000e+00  1.19999785e+00  1.62872590e-05 
 3.94983113e-08  1.20000000e+00  1.20000189e+00 -1.63291348e-05 
 3.95983113e-08  1.20000000e+00  1.19999787e+00  1.62630564e-05 
 3.96983113e-08  1.20000000e+00  1.20000187e+00 -1.63049911e-05 
 3.97983113e-08  1.20000000e+00  1.19999789e+00  1.62389714e-05 
 3.98983113e-08  1.20000000e+00  1.20000185e+00 -1.62809649e-05 
 3.99983113e-08  1.20000000e+00  1.19999791e+00  1.62150039e-05 
 4.00983113e-08  1.20000000e+00  1.20000184e+00 -1.62570560e-05 
 4.01983113e-08  1.20000000e+00  1.19999792e+00  1.61911535e-05 
 4.02983113e-08  1.20000000e+00  1.20000182e+00 -1.62332642e-05 
 4.03983113e-08  1.20000000e+00  1.19999794e+00  1.61674202e-05 
 4.04983113e-08  1.20000000e+00  1.20000180e+00 -1.62095893e-05 
 4.05983113e-08  1.20000000e+00  1.19999796e+00  1.61438037e-05 
 4.06983113e-08  1.20000000e+00  1.20000178e+00 -1.61860312e-05 
 4.07983113e-08  1.20000000e+00  1.19999798e+00  1.61203038e-05 
 4.08983113e-08  1.20000000e+00  1.20000176e+00 -1.61625895e-05 
 4.09983113e-08  1.20000000e+00  1.19999800e+00  1.60969203e-05 
 4.10983113e-08  1.20000000e+00  1.20000175e+00 -1.61392641e-05 
 4.11983113e-08  1.20000000e+00  1.19999801e+00  1.60736529e-05 
 4.12983113e-08  1.20000000e+00  1.20000173e+00 -1.61160548e-05 
 4.13983113e-08  1.20000000e+00  1.19999803e+00  1.60505016e-05 
 4.14983113e-08  1.20000000e+00  1.20000171e+00 -1.60929614e-05 
 4.15983113e-08  1.20000000e+00  1.19999805e+00  1.60274659e-05 
 4.16983113e-08  1.20000000e+00  1.20000169e+00 -1.60699835e-05 
 4.17983113e-08  1.20000000e+00  1.19999806e+00  1.60045457e-05 
 4.18983113e-08  1.20000000e+00  1.20000168e+00 -1.60471210e-05 
 4.19983113e-08  1.20000000e+00  1.19999808e+00  1.59817408e-05 
 4.20983113e-08  1.20000000e+00  1.20000166e+00 -1.60243737e-05 
 4.21983113e-08  1.20000000e+00  1.19999810e+00  1.59590510e-05 
 4.22983113e-08  1.20000000e+00  1.20000164e+00 -1.60017413e-05 
 4.23983113e-08  1.20000000e+00  1.19999811e+00  1.59364760e-05 
 4.24983113e-08  1.20000000e+00  1.20000163e+00 -1.59792236e-05 
 4.25983113e-08  1.20000000e+00  1.19999813e+00  1.59140155e-05 
 4.26983113e-08  1.20000000e+00  1.20000161e+00 -1.59568203e-05 
 4.27983113e-08  1.20000000e+00  1.19999815e+00  1.58916693e-05 
 4.28983113e-08  1.20000000e+00  1.20000160e+00 -1.59345312e-05 
 4.29983113e-08  1.20000000e+00  1.19999816e+00  1.58694372e-05 
 4.30983113e-08  1.20000000e+00  1.20000158e+00 -1.59123561e-05 
 4.31983113e-08  1.20000000e+00  1.19999818e+00  1.58473189e-05 
 4.32983113e-08  1.20000000e+00  1.20000156e+00 -1.58902946e-05 
 4.33983113e-08  1.20000000e+00  1.19999820e+00  1.58253142e-05 
 4.34983113e-08  1.20000000e+00  1.20000155e+00 -1.58683466e-05 
 4.35983113e-08  1.20000000e+00  1.19999821e+00  1.58034228e-05 
 4.36983113e-08  1.20000000e+00  1.20000153e+00 -1.58465118e-05 
 4.37983113e-08  1.20000000e+00  1.19999823e+00  1.57816444e-05 
 4.38983113e-08  1.20000000e+00  1.20000152e+00 -1.58247898e-05 
 4.39983113e-08  1.20000000e+00  1.19999824e+00  1.57599788e-05 
 4.40983113e-08  1.20000000e+00  1.20000150e+00 -1.58031806e-05 
 4.41983113e-08  1.20000000e+00  1.19999826e+00  1.57384258e-05 
 4.42983113e-08  1.20000000e+00  1.20000149e+00 -1.57816837e-05 
 4.43983113e-08  1.20000000e+00  1.19999827e+00  1.57169850e-05 
 4.44983113e-08  1.20000000e+00  1.20000147e+00 -1.57602990e-05 
 4.45983113e-08  1.20000000e+00  1.19999829e+00  1.56956562e-05 
 4.46983113e-08  1.20000000e+00  1.20000146e+00 -1.57390261e-05 
 4.47983113e-08  1.20000000e+00  1.19999830e+00  1.56744391e-05 
 4.48983113e-08  1.20000000e+00  1.20000144e+00 -1.57178648e-05 
 4.49983113e-08  1.20000000e+00  1.19999832e+00  1.56533334e-05 
 4.50983113e-08  1.20000000e+00  1.20000143e+00 -1.56968147e-05 
 4.51983113e-08  1.20000000e+00  1.19999833e+00  1.56323390e-05 
 4.52983113e-08  1.20000000e+00  1.20000141e+00 -1.56758758e-05 
 4.53983113e-08  1.20000000e+00  1.19999835e+00  1.56114554e-05 
 4.54983113e-08  1.20000000e+00  1.20000140e+00 -1.56550475e-05 
 4.55983113e-08  1.20000000e+00  1.19999836e+00  1.55906824e-05 
 4.56983113e-08  1.20000000e+00  1.20000138e+00 -1.56343297e-05 
 4.57983113e-08  1.20000000e+00  1.19999837e+00  1.55700197e-05 
 4.58983113e-08  1.20000000e+00  1.20000137e+00 -1.56137221e-05 
 4.59983113e-08  1.20000000e+00  1.19999839e+00  1.55494671e-05 
 4.60983113e-08  1.20000000e+00  1.20000136e+00 -1.55932244e-05 
 4.61983113e-08  1.20000000e+00  1.19999840e+00  1.55290242e-05 
 4.62983113e-08  1.20000000e+00  1.20000134e+00 -1.55728363e-05 
 4.63983113e-08  1.20000000e+00  1.19999842e+00  1.55086908e-05 
 4.64983113e-08  1.20000000e+00  1.20000133e+00 -1.55525575e-05 
 4.65983113e-08  1.20000000e+00  1.19999843e+00  1.54884665e-05 
 4.66983113e-08  1.20000000e+00  1.20000131e+00 -1.55323877e-05 
 4.67983113e-08  1.20000000e+00  1.19999844e+00  1.54683511e-05 
 4.68983113e-08  1.20000000e+00  1.20000130e+00 -1.55123267e-05 
 4.69983113e-08  1.20000000e+00  1.19999846e+00  1.54483443e-05 
 4.70983113e-08  1.20000000e+00  1.20000129e+00 -1.54923740e-05 
 4.71983113e-08  1.20000000e+00  1.19999847e+00  1.54284457e-05 
 4.72983113e-08  1.20000000e+00  1.20000127e+00 -1.54725295e-05 
 4.73983113e-08  1.20000000e+00  1.19999848e+00  1.54086551e-05 
 4.74983113e-08  1.20000000e+00  1.20000126e+00 -1.54527928e-05 
 4.75983113e-08  1.20000000e+00  1.19999850e+00  1.53889722e-05 
 4.76983113e-08  1.20000000e+00  1.20000125e+00 -1.54331637e-05 
 4.77983113e-08  1.20000000e+00  1.19999851e+00  1.53693967e-05 
 4.78983113e-08  1.20000000e+00  1.20000124e+00 -1.54136417e-05 
 4.79983113e-08  1.20000000e+00  1.19999852e+00  1.53499282e-05 
 4.80983113e-08  1.20000000e+00  1.20000122e+00 -1.53942267e-05 
 4.81983113e-08  1.20000000e+00  1.19999853e+00  1.53305665e-05 
 4.82983113e-08  1.20000000e+00  1.20000121e+00 -1.53749182e-05 
 4.83983113e-08  1.20000000e+00  1.19999855e+00  1.53113112e-05 
 4.84983113e-08  1.20000000e+00  1.20000120e+00 -1.53557161e-05 
 4.85983113e-08  1.20000000e+00  1.19999856e+00  1.52921621e-05 
 4.86983113e-08  1.20000000e+00  1.20000119e+00 -1.53366199e-05 
 4.87983113e-08  1.20000000e+00  1.19999857e+00  1.52731188e-05 
 4.88983113e-08  1.20000000e+00  1.20000117e+00 -1.53176294e-05 
 4.89983113e-08  1.20000000e+00  1.19999858e+00  1.52541810e-05 
 4.90983113e-08  1.20000000e+00  1.20000116e+00 -1.52987442e-05 
 4.91983113e-08  1.20000000e+00  1.19999860e+00  1.52353484e-05 
 4.92983113e-08  1.20000000e+00  1.20000115e+00 -1.52799641e-05 
 4.93983113e-08  1.20000000e+00  1.19999861e+00  1.52166207e-05 
 4.94983113e-08  1.20000000e+00  1.20000114e+00 -1.52612887e-05 
 4.95983113e-08  1.20000000e+00  1.19999862e+00  1.51979975e-05 
 4.96983113e-08  1.20000000e+00  1.20000113e+00 -1.52427178e-05 
 4.97983113e-08  1.20000000e+00  1.19999863e+00  1.51794786e-05 
 4.98983113e-08  1.20000000e+00  1.20000111e+00 -1.52242509e-05 
 4.99983113e-08  1.20000000e+00  1.19999864e+00  1.51610636e-05 
 5.00983113e-08  1.20000000e+00  1.20000110e+00 -1.52058877e-05 
 5.01983113e-08  1.20000000e+00  1.19999865e+00  1.51427522e-05 
 5.02983113e-08  1.20000000e+00  1.20000109e+00 -1.51876280e-05 
 5.03983113e-08  1.20000000e+00  1.19999867e+00  1.51245441e-05 
 5.04983113e-08  1.20000000e+00  1.20000108e+00 -1.51694715e-05 
 5.05983113e-08  1.20000000e+00  1.19999868e+00  1.51064390e-05 
 5.06983113e-08  1.20000000e+00  1.20000107e+00 -1.51514177e-05 
 5.07983113e-08  1.20000000e+00  1.19999869e+00  1.50884365e-05 
 5.08983113e-08  1.20000000e+00  1.20000106e+00 -1.51334664e-05 
 5.09983113e-08  1.20000000e+00  1.19999870e+00  1.50705363e-05 
 5.10983113e-08  1.20000000e+00  1.20000105e+00 -1.51156172e-05 
 5.11983113e-08  1.20000000e+00  1.19999871e+00  1.50527380e-05 
 5.12983113e-08  1.20000000e+00  1.20000104e+00 -1.50978698e-05 
 5.13983113e-08  1.20000000e+00  1.19999872e+00  1.50350415e-05 
 5.14983113e-08  1.20000000e+00  1.20000102e+00 -1.50802240e-05 
 5.15983113e-08  1.20000000e+00  1.19999873e+00  1.50174462e-05 
 5.16983113e-08  1.20000000e+00  1.20000101e+00 -1.50626792e-05 
 5.17983113e-08  1.20000000e+00  1.19999874e+00  1.49999519e-05 
 5.18983113e-08  1.20000000e+00  1.20000100e+00 -1.50452354e-05 
 5.19983113e-08  1.20000000e+00  1.19999875e+00  1.49825583e-05 
 5.20983113e-08  1.20000000e+00  1.20000099e+00 -1.50278920e-05 
 5.21983113e-08  1.20000000e+00  1.19999876e+00  1.49652651e-05 
 5.22983113e-08  1.20000000e+00  1.20000098e+00 -1.50106487e-05 
 5.23983113e-08  1.20000000e+00  1.19999877e+00  1.49480718e-05 
 5.24983113e-08  1.20000000e+00  1.20000097e+00 -1.49935053e-05 
 5.25983113e-08  1.20000000e+00  1.19999878e+00  1.49309782e-05 
 5.26983113e-08  1.20000000e+00  1.20000096e+00 -1.49764614e-05 
 5.27983113e-08  1.20000000e+00  1.19999879e+00  1.49139839e-05 
 5.28983113e-08  1.20000000e+00  1.20000095e+00 -1.49595167e-05 
 5.29983113e-08  1.20000000e+00  1.19999880e+00  1.48970886e-05 
 5.30983113e-08  1.20000000e+00  1.20000094e+00 -1.49426708e-05 
 5.31983113e-08  1.20000000e+00  1.19999881e+00  1.48802920e-05 
 5.32983113e-08  1.20000000e+00  1.20000093e+00 -1.49259234e-05 
 5.33983113e-08  1.20000000e+00  1.19999882e+00  1.48635936e-05 
 5.34983113e-08  1.20000000e+00  1.20000092e+00 -1.49092741e-05 
 5.35983113e-08  1.20000000e+00  1.19999883e+00  1.48469933e-05 
 5.36983113e-08  1.20000000e+00  1.20000091e+00 -1.48927227e-05 
 5.37983113e-08  1.20000000e+00  1.19999884e+00  1.48304906e-05 
 5.38983113e-08  1.20000000e+00  1.20000090e+00 -1.48762687e-05 
 5.39983113e-08  1.20000000e+00  1.19999885e+00  1.48140853e-05 
 5.40983113e-08  1.20000000e+00  1.20000089e+00 -1.48599119e-05 
 5.41983113e-08  1.20000000e+00  1.19999886e+00  1.47977769e-05 
 5.42983113e-08  1.20000000e+00  1.20000088e+00 -1.48436518e-05 
 5.43983113e-08  1.20000000e+00  1.19999887e+00  1.47815651e-05 
 5.44983113e-08  1.20000000e+00  1.20000087e+00 -1.48274883e-05 
 5.45983113e-08  1.20000000e+00  1.19999888e+00  1.47654497e-05 
 5.46983113e-08  1.20000000e+00  1.20000086e+00 -1.48114208e-05 
 5.47983113e-08  1.20000000e+00  1.19999889e+00  1.47494301e-05 
 5.48983113e-08  1.20000000e+00  1.20000085e+00 -1.47954492e-05 
 5.49983113e-08  1.20000000e+00  1.19999890e+00  1.47335062e-05 
 5.50983113e-08  1.20000000e+00  1.20000085e+00 -1.47795729e-05 
 5.51983113e-08  1.20000000e+00  1.19999891e+00  1.47176776e-05 
 5.52983113e-08  1.20000000e+00  1.20000084e+00 -1.47637918e-05 
 5.53983113e-08  1.20000000e+00  1.19999892e+00  1.47019439e-05 
 5.54983113e-08  1.20000000e+00  1.20000083e+00 -1.47481055e-05 
 5.55983113e-08  1.20000000e+00  1.19999893e+00  1.46863048e-05 
 5.56983113e-08  1.20000000e+00  1.20000082e+00 -1.47325135e-05 
 5.57983113e-08  1.20000000e+00  1.19999894e+00  1.46707599e-05 
 5.58983113e-08  1.20000000e+00  1.20000081e+00 -1.47170157e-05 
 5.59983113e-08  1.20000000e+00  1.19999895e+00  1.46553090e-05 
 5.60983113e-08  1.20000000e+00  1.20000080e+00 -1.47016115e-05 
 5.61983113e-08  1.20000000e+00  1.19999895e+00  1.46399516e-05 
 5.62983113e-08  1.20000000e+00  1.20000079e+00 -1.46863008e-05 
 5.63983113e-08  1.20000000e+00  1.19999896e+00  1.46246874e-05 
 5.64983113e-08  1.20000000e+00  1.20000078e+00 -1.46710831e-05 
 5.65983113e-08  1.20000000e+00  1.19999897e+00  1.46095161e-05 
 5.66983113e-08  1.20000000e+00  1.20000078e+00 -1.46559581e-05 
 5.67983113e-08  1.20000000e+00  1.19999898e+00  1.45944373e-05 
 5.68983113e-08  1.20000000e+00  1.20000077e+00 -1.46409255e-05 
 5.69983113e-08  1.20000000e+00  1.19999899e+00  1.45794507e-05 
 5.70983113e-08  1.20000000e+00  1.20000076e+00 -1.46259848e-05 
 5.71983113e-08  1.20000000e+00  1.19999900e+00  1.45645560e-05 
 5.72983113e-08  1.20000000e+00  1.20000075e+00 -1.46111359e-05 
 5.73983113e-08  1.20000000e+00  1.19999900e+00  1.45497527e-05 
 5.74983113e-08  1.20000000e+00  1.20000074e+00 -1.45963783e-05 
 5.75983113e-08  1.20000000e+00  1.19999901e+00  1.45350407e-05 
 5.76983113e-08  1.20000000e+00  1.20000073e+00 -1.45817117e-05 
 5.77983113e-08  1.20000000e+00  1.19999902e+00  1.45204194e-05 
 5.78983113e-08  1.20000000e+00  1.20000073e+00 -1.45671357e-05 
 5.79983113e-08  1.20000000e+00  1.19999903e+00  1.45058886e-05 
 5.80983113e-08  1.20000000e+00  1.20000072e+00 -1.45526500e-05 
 5.81983113e-08  1.20000000e+00  1.19999904e+00  1.44914479e-05 
 5.82983113e-08  1.20000000e+00  1.20000071e+00 -1.45382542e-05 
 5.83983113e-08  1.20000000e+00  1.19999904e+00  1.44770970e-05 
 5.84983113e-08  1.20000000e+00  1.20000070e+00 -1.45239481e-05 
 5.85983113e-08  1.20000000e+00  1.19999905e+00  1.44628356e-05 
 5.86983113e-08  1.20000000e+00  1.20000069e+00 -1.45097312e-05 
 5.87983113e-08  1.20000000e+00  1.19999906e+00  1.44486632e-05 
 5.88983113e-08  1.20000000e+00  1.20000069e+00 -1.44956033e-05 
 5.89983113e-08  1.20000000e+00  1.19999907e+00  1.44345796e-05 
 5.90983113e-08  1.20000000e+00  1.20000068e+00 -1.44815639e-05 
 5.91983113e-08  1.20000000e+00  1.19999908e+00  1.44205844e-05 
 5.92983113e-08  1.20000000e+00  1.20000067e+00 -1.44676128e-05 
 5.93983113e-08  1.20000000e+00  1.19999908e+00  1.44066772e-05 
 5.94983113e-08  1.20000000e+00  1.20000066e+00 -1.44537496e-05 
 5.95983113e-08  1.20000000e+00  1.19999909e+00  1.43928578e-05 
 5.96983113e-08  1.20000000e+00  1.20000066e+00 -1.44399739e-05 
 5.97983113e-08  1.20000000e+00  1.19999910e+00  1.43791258e-05 
 5.98983113e-08  1.20000000e+00  1.20000065e+00 -1.44262854e-05 
 5.99983113e-08  1.20000000e+00  1.19999910e+00  1.43654807e-05 
 6.00983113e-08  1.20000000e+00  1.20000064e+00 -1.44126838e-05 
 6.01983113e-08  1.20000000e+00  1.19999911e+00  1.43519224e-05 
 6.02983113e-08  1.20000000e+00  1.20000064e+00 -1.43991686e-05 
 6.03983113e-08  1.20000000e+00  1.19999912e+00  1.43384504e-05 
 6.04983113e-08  1.20000000e+00  1.20000063e+00 -1.43857397e-05 
 6.05983113e-08  1.20000000e+00  1.19999913e+00  1.43250644e-05 
 6.06983113e-08  1.20000000e+00  1.20000062e+00 -1.43723966e-05 
 6.07983113e-08  1.20000000e+00  1.19999913e+00  1.43117641e-05 
 6.08983113e-08  1.20000000e+00  1.20000061e+00 -1.43591390e-05 
 6.09983113e-08  1.20000000e+00  1.19999914e+00  1.42985491e-05 
 6.10983113e-08  1.20000000e+00  1.20000061e+00 -1.43459665e-05 
 6.11983113e-08  1.20000000e+00  1.19999915e+00  1.42854191e-05 
 6.12983113e-08  1.20000000e+00  1.20000060e+00 -1.43328788e-05 
 6.13983113e-08  1.20000000e+00  1.19999915e+00  1.42723736e-05 
 6.14983113e-08  1.20000000e+00  1.20000059e+00 -1.43198756e-05 
 6.15983113e-08  1.20000000e+00  1.19999916e+00  1.42594125e-05 
 6.16983113e-08  1.20000000e+00  1.20000059e+00 -1.43069565e-05 
 6.17983113e-08  1.20000000e+00  1.19999917e+00  1.42465354e-05 
 6.18983113e-08  1.20000000e+00  1.20000058e+00 -1.42941212e-05 
 6.19983113e-08  1.20000000e+00  1.19999917e+00  1.42337418e-05 
 6.20983113e-08  1.20000000e+00  1.20000057e+00 -1.42813693e-05 
 6.21983113e-08  1.20000000e+00  1.19999918e+00  1.42210315e-05 
 6.22983113e-08  1.20000000e+00  1.20000057e+00 -1.42687005e-05 
 6.23983113e-08  1.20000000e+00  1.19999919e+00  1.42084041e-05 
 6.24983113e-08  1.20000000e+00  1.20000056e+00 -1.42561145e-05 
 6.25983113e-08  1.20000000e+00  1.19999919e+00  1.41958594e-05 
 6.26983113e-08  1.20000000e+00  1.20000055e+00 -1.42436109e-05 
 6.27983113e-08  1.20000000e+00  1.19999920e+00  1.41833968e-05 
 6.28983113e-08  1.20000000e+00  1.20000055e+00 -1.42311893e-05 
 6.29983113e-08  1.20000000e+00  1.19999921e+00  1.41710162e-05 
 6.30983113e-08  1.20000000e+00  1.20000054e+00 -1.42188495e-05 
 6.31983113e-08  1.20000000e+00  1.19999921e+00  1.41587171e-05 
 6.32983113e-08  1.20000000e+00  1.20000053e+00 -1.42065911e-05 
 6.33983113e-08  1.20000000e+00  1.19999922e+00  1.41464993e-05 
 6.34983113e-08  1.20000000e+00  1.20000053e+00 -1.41944138e-05 
 6.35983113e-08  1.20000000e+00  1.19999923e+00  1.41343624e-05 
 6.36983113e-08  1.20000000e+00  1.20000052e+00 -1.41823172e-05 
 6.37983113e-08  1.20000000e+00  1.19999923e+00  1.41223060e-05 
 6.38983113e-08  1.20000000e+00  1.20000052e+00 -1.41703009e-05 
 6.39983113e-08  1.20000000e+00  1.19999924e+00  1.41103298e-05 
 6.40983113e-08  1.20000000e+00  1.20000051e+00 -1.41583648e-05 
 6.41983113e-08  1.20000000e+00  1.19999924e+00  1.40984335e-05 
 6.42983113e-08  1.20000000e+00  1.20000050e+00 -1.41465083e-05 
 6.43983113e-08  1.20000000e+00  1.19999925e+00  1.40866168e-05 
 6.44983113e-08  1.20000000e+00  1.20000050e+00 -1.41347312e-05 
 6.45983113e-08  1.20000000e+00  1.19999926e+00  1.40748793e-05 
 6.46983113e-08  1.20000000e+00  1.20000049e+00 -1.41230332e-05 
 6.47983113e-08  1.20000000e+00  1.19999926e+00  1.40632206e-05 
 6.48983113e-08  1.20000000e+00  1.20000049e+00 -1.41114138e-05 
 6.49983113e-08  1.20000000e+00  1.19999927e+00  1.40516405e-05 
 6.50983113e-08  1.20000000e+00  1.20000048e+00 -1.40998728e-05 
 6.51983113e-08  1.20000000e+00  1.19999927e+00  1.40401386e-05 
 6.52983113e-08  1.20000000e+00  1.20000048e+00 -1.40884099e-05 
 6.53983113e-08  1.20000000e+00  1.19999928e+00  1.40287145e-05 
 6.54983113e-08  1.20000000e+00  1.20000047e+00 -1.40770247e-05 
 6.55983113e-08  1.20000000e+00  1.19999928e+00  1.40173680e-05 
 6.56983113e-08  1.20000000e+00  1.20000046e+00 -1.40657168e-05 
 6.57983113e-08  1.20000000e+00  1.19999929e+00  1.40060987e-05 
 6.58983113e-08  1.20000000e+00  1.20000046e+00 -1.40544860e-05 
 6.59983113e-08  1.20000000e+00  1.19999929e+00  1.39949063e-05 
 6.60983113e-08  1.20000000e+00  1.20000045e+00 -1.40433319e-05 
 6.61983113e-08  1.20000000e+00  1.19999930e+00  1.39837904e-05 
 6.62983113e-08  1.20000000e+00  1.20000045e+00 -1.40322542e-05 
 6.63983113e-08  1.20000000e+00  1.19999931e+00  1.39727508e-05 
 6.64983113e-08  1.20000000e+00  1.20000044e+00 -1.40212525e-05 
 6.65983113e-08  1.20000000e+00  1.19999931e+00  1.39617870e-05 
 6.66983113e-08  1.20000000e+00  1.20000044e+00 -1.40103265e-05 
 6.67983113e-08  1.20000000e+00  1.19999932e+00  1.39508987e-05 
 6.68983113e-08  1.20000000e+00  1.20000043e+00 -1.39994759e-05 
 6.69983113e-08  1.20000000e+00  1.19999932e+00  1.39400857e-05 
 6.70983113e-08  1.20000000e+00  1.20000043e+00 -1.39887004e-05 
 6.71983113e-08  1.20000000e+00  1.19999933e+00  1.39293476e-05 
 6.72983113e-08  1.20000000e+00  1.20000042e+00 -1.39779996e-05 
 6.73983113e-08  1.20000000e+00  1.19999933e+00  1.39186841e-05 
 6.74983113e-08  1.20000000e+00  1.20000042e+00 -1.39673732e-05 
 6.75983113e-08  1.20000000e+00  1.19999934e+00  1.39080948e-05 
 6.76983113e-08  1.20000000e+00  1.20000041e+00 -1.39568209e-05 
 6.77983113e-08  1.20000000e+00  1.19999934e+00  1.38975794e-05 
 6.78983113e-08  1.20000000e+00  1.20000041e+00 -1.39463423e-05 
 6.79983113e-08  1.20000000e+00  1.19999935e+00  1.38871376e-05 
 6.80983113e-08  1.20000000e+00  1.20000040e+00 -1.39359372e-05 
 6.81983113e-08  1.20000000e+00  1.19999935e+00  1.38767690e-05 
 6.82983113e-08  1.20000000e+00  1.20000040e+00 -1.39256052e-05 
 6.83983113e-08  1.20000000e+00  1.19999936e+00  1.38664734e-05 
 6.84983113e-08  1.20000000e+00  1.20000039e+00 -1.39153459e-05 
 6.85983113e-08  1.20000000e+00  1.19999936e+00  1.38562504e-05 
 6.86983113e-08  1.20000000e+00  1.20000039e+00 -1.39051591e-05 
 6.87983113e-08  1.20000000e+00  1.19999937e+00  1.38460997e-05 
 6.88983113e-08  1.20000000e+00  1.20000038e+00 -1.38950445e-05 
 6.89983113e-08  1.20000000e+00  1.19999937e+00  1.38360210e-05 
 6.90983113e-08  1.20000000e+00  1.20000038e+00 -1.38850016e-05 
 6.91983113e-08  1.20000000e+00  1.19999938e+00  1.38260139e-05 
 6.92983113e-08  1.20000000e+00  1.20000037e+00 -1.38750303e-05 
 6.93983113e-08  1.20000000e+00  1.19999938e+00  1.38160782e-05 
 6.94983113e-08  1.20000000e+00  1.20000037e+00 -1.38651301e-05 
 6.95983113e-08  1.20000000e+00  1.19999939e+00  1.38062135e-05 
 6.96983113e-08  1.20000000e+00  1.20000036e+00 -1.38553007e-05 
 6.97983113e-08  1.20000000e+00  1.19999939e+00  1.37964194e-05 
 6.98983113e-08  1.20000000e+00  1.20000036e+00 -1.38455419e-05 
 6.99983113e-08  1.20000000e+00  1.19999939e+00  1.37866958e-05 
 7.00983113e-08  1.20000000e+00  1.20000035e+00 -1.38358533e-05 
 7.01983113e-08  1.20000000e+00  1.19999940e+00  1.37770422e-05 
 7.02983113e-08  1.20000000e+00  1.20000035e+00 -1.38262346e-05 
 7.03983113e-08  1.20000000e+00  1.19999940e+00  1.37674583e-05 
 7.04983113e-08  1.20000000e+00  1.20000034e+00 -1.38166855e-05 
 7.05983113e-08  1.20000000e+00  1.19999941e+00  1.37579438e-05 
 7.06983113e-08  1.20000000e+00  1.20000034e+00 -1.38072056e-05 
 7.07983113e-08  1.20000000e+00  1.19999941e+00  1.37484985e-05 
 7.08983113e-08  1.20000000e+00  1.20000034e+00 -1.37977947e-05 
 7.09983113e-08  1.20000000e+00  1.19999942e+00  1.37391220e-05 
 7.10983113e-08  1.20000000e+00  1.20000033e+00 -1.37884525e-05 
 7.11983113e-08  1.20000000e+00  1.19999942e+00  1.37298139e-05 
 7.12983113e-08  1.20000000e+00  1.20000033e+00 -1.37791785e-05 
 7.13983113e-08  1.20000000e+00  1.19999943e+00  1.37205740e-05 
 7.14983113e-08  1.20000000e+00  1.20000032e+00 -1.37699726e-05 
 7.15983113e-08  1.20000000e+00  1.19999943e+00  1.37114019e-05 
 7.16983113e-08  1.20000000e+00  1.20000032e+00 -1.37608343e-05 
 7.17983113e-08  1.20000000e+00  1.19999943e+00  1.37022974e-05 
 7.18983113e-08  1.20000000e+00  1.20000031e+00 -1.37517635e-05 
 7.19983113e-08  1.20000000e+00  1.19999944e+00  1.36932602e-05 
 7.20983113e-08  1.20000000e+00  1.20000031e+00 -1.37427597e-05 
 7.21983113e-08  1.20000000e+00  1.19999944e+00  1.36842898e-05 
 7.22983113e-08  1.20000000e+00  1.20000031e+00 -1.37338227e-05 
 7.23983113e-08  1.20000000e+00  1.19999945e+00  1.36753861e-05 
 7.24983113e-08  1.20000000e+00  1.20000030e+00 -1.37249522e-05 
 7.25983113e-08  1.20000000e+00  1.19999945e+00  1.36665487e-05 
 7.26983113e-08  1.20000000e+00  1.20000030e+00 -1.37161478e-05 
 7.27983113e-08  1.20000000e+00  1.19999945e+00  1.36577772e-05 
 7.28983113e-08  1.20000000e+00  1.20000029e+00 -1.37074093e-05 
 7.29983113e-08  1.20000000e+00  1.19999946e+00  1.36490715e-05 
 7.30983113e-08  1.20000000e+00  1.20000029e+00 -1.36987363e-05 
 7.31983113e-08  1.20000000e+00  1.19999946e+00  1.36404312e-05 
 7.32983113e-08  1.20000000e+00  1.20000029e+00 -1.36901285e-05 
 7.33983113e-08  1.20000000e+00  1.19999947e+00  1.36318559e-05 
 7.34983113e-08  1.20000000e+00  1.20000028e+00 -1.36815857e-05 
 7.35983113e-08  1.20000000e+00  1.19999947e+00  1.36233454e-05 
 7.36983113e-08  1.20000000e+00  1.20000028e+00 -1.36731075e-05 
 7.37983113e-08  1.20000000e+00  1.19999947e+00  1.36148994e-05 
 7.38983113e-08  1.20000000e+00  1.20000028e+00 -1.36646936e-05 
 7.39983113e-08  1.20000000e+00  1.19999948e+00  1.36065176e-05 
 7.40983113e-08  1.20000000e+00  1.20000027e+00 -1.36563438e-05 
 7.41983113e-08  1.20000000e+00  1.19999948e+00  1.35981997e-05 
 7.42983113e-08  1.20000000e+00  1.20000027e+00 -1.36480576e-05 
 7.43983113e-08  1.20000000e+00  1.19999949e+00  1.35899453e-05 
 7.44983113e-08  1.20000000e+00  1.20000026e+00 -1.36398349e-05 
 7.45983113e-08  1.20000000e+00  1.19999949e+00  1.35817542e-05 
 7.46983113e-08  1.20000000e+00  1.20000026e+00 -1.36316754e-05 
 7.47983113e-08  1.20000000e+00  1.19999949e+00  1.35736261e-05 
 7.48983113e-08  1.20000000e+00  1.20000026e+00 -1.36235786e-05 
 7.49983113e-08  1.20000000e+00  1.19999950e+00  1.35655606e-05 
 7.50983113e-08  1.20000000e+00  1.20000025e+00 -1.36155444e-05 
 7.51983113e-08  1.20000000e+00  1.19999950e+00  1.35575576e-05 
 7.52983113e-08  1.20000000e+00  1.20000025e+00 -1.36075725e-05 
 7.53983113e-08  1.20000000e+00  1.19999950e+00  1.35496166e-05 
 7.54983113e-08  1.20000000e+00  1.20000025e+00 -1.35996624e-05 
 7.55983113e-08  1.20000000e+00  1.19999951e+00  1.35417375e-05 
 7.56983113e-08  1.20000000e+00  1.20000024e+00 -1.35918140e-05 
 7.57983113e-08  1.20000000e+00  1.19999951e+00  1.35339198e-05 
 7.58983113e-08  1.20000000e+00  1.20000024e+00 -1.35840270e-05 
 7.59983113e-08  1.20000000e+00  1.19999951e+00  1.35261633e-05 
 7.60983113e-08  1.20000000e+00  1.20000024e+00 -1.35763010e-05 
 7.61983113e-08  1.20000000e+00  1.19999952e+00  1.35184678e-05 
 7.62983113e-08  1.20000000e+00  1.20000023e+00 -1.35686358e-05 
 7.63983113e-08  1.20000000e+00  1.19999952e+00  1.35108328e-05 
 7.64983113e-08  1.20000000e+00  1.20000023e+00 -1.35610311e-05 
 7.65983113e-08  1.20000000e+00  1.19999952e+00  1.35032582e-05 
 7.66983113e-08  1.20000000e+00  1.20000023e+00 -1.35534866e-05 
 7.67983113e-08  1.20000000e+00  1.19999953e+00  1.34957437e-05 
 7.68983113e-08  1.20000000e+00  1.20000022e+00 -1.35460019e-05 
 7.69983113e-08  1.20000000e+00  1.19999953e+00  1.34882889e-05 
 7.70983113e-08  1.20000000e+00  1.20000022e+00 -1.35385769e-05 
 7.71983113e-08  1.20000000e+00  1.19999953e+00  1.34808936e-05 
 7.72983113e-08  1.20000000e+00  1.20000022e+00 -1.35312112e-05 
 7.73983113e-08  1.20000000e+00  1.19999954e+00  1.34735575e-05 
 7.74983113e-08  1.20000000e+00  1.20000021e+00 -1.35239046e-05 
 7.75983113e-08  1.20000000e+00  1.19999954e+00  1.34662802e-05 
 7.76983113e-08  1.20000000e+00  1.20000021e+00 -1.35166567e-05 
 7.77983113e-08  1.20000000e+00  1.19999954e+00  1.34590616e-05 
 7.78983113e-08  1.20000000e+00  1.20000021e+00 -1.35094673e-05 
 7.79983113e-08  1.20000000e+00  1.19999955e+00  1.34519013e-05 
 7.80983113e-08  1.20000000e+00  1.20000020e+00 -1.35023360e-05 
 7.81983113e-08  1.20000000e+00  1.19999955e+00  1.34447990e-05 
 7.82983113e-08  1.20000000e+00  1.20000020e+00 -1.34952627e-05 
 7.83983113e-08  1.20000000e+00  1.19999955e+00  1.34377545e-05 
 7.84983113e-08  1.20000000e+00  1.20000020e+00 -1.34882470e-05 
 7.85983113e-08  1.20000000e+00  1.19999956e+00  1.34307675e-05 
 7.86983113e-08  1.20000000e+00  1.20000019e+00 -1.34812886e-05 
 7.87983113e-08  1.20000000e+00  1.19999956e+00  1.34238377e-05 
 7.88983113e-08  1.20000000e+00  1.20000019e+00 -1.34743873e-05 
 7.89983113e-08  1.20000000e+00  1.19999956e+00  1.34169649e-05 
 7.90983113e-08  1.20000000e+00  1.20000019e+00 -1.34675428e-05 
 7.91983113e-08  1.20000000e+00  1.19999956e+00  1.34101486e-05 
 7.92983113e-08  1.20000000e+00  1.20000018e+00 -1.34607548e-05 
 7.93983113e-08  1.20000000e+00  1.19999957e+00  1.34033888e-05 
 7.94983113e-08  1.20000000e+00  1.20000018e+00 -1.34540230e-05 
 7.95983113e-08  1.20000000e+00  1.19999957e+00  1.33966850e-05 
 7.96983113e-08  1.20000000e+00  1.20000018e+00 -1.34473472e-05 
 7.97983113e-08  1.20000000e+00  1.19999957e+00  1.33900371e-05 
 7.98983113e-08  1.20000000e+00  1.20000018e+00 -1.34407270e-05 
 7.99983113e-08  1.20000000e+00  1.19999958e+00  1.33834447e-05 
 8.00983113e-08  1.20000000e+00  1.20000017e+00 -1.34341623e-05 
 8.01983113e-08  1.20000000e+00  1.19999958e+00  1.33769076e-05 
 8.02983113e-08  1.20000000e+00  1.20000017e+00 -1.34276527e-05 
 8.03983113e-08  1.20000000e+00  1.19999958e+00  1.33704254e-05 
 8.04983113e-08  1.20000000e+00  1.20000017e+00 -1.34211980e-05 
 8.05983113e-08  1.20000000e+00  1.19999958e+00  1.33639980e-05 
 8.06983113e-08  1.20000000e+00  1.20000016e+00 -1.34147979e-05 
 8.07983113e-08  1.20000000e+00  1.19999959e+00  1.33576251e-05 
 8.08983113e-08  1.20000000e+00  1.20000016e+00 -1.34084521e-05 
 8.09983113e-08  1.20000000e+00  1.19999959e+00  1.33513063e-05 
 8.10983113e-08  1.20000000e+00  1.20000016e+00 -1.34021603e-05 
 8.11983113e-08  1.20000000e+00  1.19999959e+00  1.33450415e-05 
 8.12983113e-08  1.20000000e+00  1.20000016e+00 -1.33959223e-05 
 8.13983113e-08  1.20000000e+00  1.19999960e+00  1.33388303e-05 
 8.14983113e-08  1.20000000e+00  1.20000015e+00 -1.33897379e-05 
 8.15983113e-08  1.20000000e+00  1.19999960e+00  1.33326725e-05 
 8.16983113e-08  1.20000000e+00  1.20000015e+00 -1.33836067e-05 
 8.17983113e-08  1.20000000e+00  1.19999960e+00  1.33265679e-05 
 8.18983113e-08  1.20000000e+00  1.20000015e+00 -1.33775285e-05 
 8.19983113e-08  1.20000000e+00  1.19999960e+00  1.33205161e-05 
 8.20983113e-08  1.20000000e+00  1.20000015e+00 -1.33715030e-05 
 8.21983113e-08  1.20000000e+00  1.19999961e+00  1.33145168e-05 
 8.22983113e-08  1.20000000e+00  1.20000014e+00 -1.33655300e-05 
 8.23983113e-08  1.20000000e+00  1.19999961e+00  1.33085700e-05 
 8.24983113e-08  1.20000000e+00  1.20000014e+00 -1.33596092e-05 
 8.25983113e-08  1.20000000e+00  1.19999961e+00  1.33026751e-05 
 8.26983113e-08  1.20000000e+00  1.20000014e+00 -1.33537403e-05 
 8.27983113e-08  1.20000000e+00  1.19999961e+00  1.32968321e-05 
 8.28983113e-08  1.20000000e+00  1.20000014e+00 -1.33479231e-05 
 8.29983113e-08  1.20000000e+00  1.19999962e+00  1.32910407e-05 
 8.30983113e-08  1.20000000e+00  1.20000013e+00 -1.33421573e-05 
 8.31983113e-08  1.20000000e+00  1.19999962e+00  1.32853005e-05 
 8.32983113e-08  1.20000000e+00  1.20000013e+00 -1.33364427e-05 
 8.33983113e-08  1.20000000e+00  1.19999962e+00  1.32796114e-05 
 8.34983113e-08  1.20000000e+00  1.20000013e+00 -1.33307790e-05 
 8.35983113e-08  1.20000000e+00  1.19999962e+00  1.32739730e-05 
 8.36983113e-08  1.20000000e+00  1.20000013e+00 -1.33251659e-05 
 8.37983113e-08  1.20000000e+00  1.19999963e+00  1.32683852e-05 
 8.38983113e-08  1.20000000e+00  1.20000012e+00 -1.33196032e-05 
 8.39983113e-08  1.20000000e+00  1.19999963e+00  1.32628476e-05 
 8.40983113e-08  1.20000000e+00  1.20000012e+00 -1.33140907e-05 
 8.41983113e-08  1.20000000e+00  1.19999963e+00  1.32573600e-05 
 8.42983113e-08  1.20000000e+00  1.20000012e+00 -1.33086280e-05 
 8.43983113e-08  1.20000000e+00  1.19999963e+00  1.32519222e-05 
 8.44983113e-08  1.20000000e+00  1.20000012e+00 -1.33032150e-05 
 8.45983113e-08  1.20000000e+00  1.19999964e+00  1.32465339e-05 
 8.46983113e-08  1.20000000e+00  1.20000011e+00 -1.32978513e-05 
 8.47983113e-08  1.20000000e+00  1.19999964e+00  1.32411949e-05 
 8.48983113e-08  1.20000000e+00  1.20000011e+00 -1.32925368e-05 
 8.49983113e-08  1.20000000e+00  1.19999964e+00  1.32359048e-05 
 8.50983113e-08  1.20000000e+00  1.20000011e+00 -1.32872712e-05 
 8.51983113e-08  1.20000000e+00  1.19999964e+00  1.32306636e-05 
 8.52983113e-08  1.20000000e+00  1.20000011e+00 -1.32820542e-05 
 8.53983113e-08  1.20000000e+00  1.19999964e+00  1.32254708e-05 
 8.54983113e-08  1.20000000e+00  1.20000011e+00 -1.32768856e-05 
 8.55983113e-08  1.20000000e+00  1.19999965e+00  1.32203263e-05 
 8.56983113e-08  1.20000000e+00  1.20000010e+00 -1.32717651e-05 
 8.57983113e-08  1.20000000e+00  1.19999965e+00  1.32152298e-05 
 8.58983113e-08  1.20000000e+00  1.20000010e+00 -1.32666925e-05 
 8.59983113e-08  1.20000000e+00  1.19999965e+00  1.32101810e-05 
 8.60983113e-08  1.20000000e+00  1.20000010e+00 -1.32616676e-05 
 8.61983113e-08  1.20000000e+00  1.19999965e+00  1.32051798e-05 
 8.62983113e-08  1.20000000e+00  1.20000010e+00 -1.32566901e-05 
 8.63983113e-08  1.20000000e+00  1.19999965e+00  1.32002259e-05 
 8.64983113e-08  1.20000000e+00  1.20000010e+00 -1.32517597e-05 
 8.65983113e-08  1.20000000e+00  1.19999966e+00  1.31953191e-05 
 8.66983113e-08  1.20000000e+00  1.20000009e+00 -1.32468763e-05 
 8.67983113e-08  1.20000000e+00  1.19999966e+00  1.31904590e-05 
 8.68983113e-08  1.20000000e+00  1.20000009e+00 -1.32420395e-05 
 8.69983113e-08  1.20000000e+00  1.19999966e+00  1.31856455e-05 
 8.70983113e-08  1.20000000e+00  1.20000009e+00 -1.32372492e-05 
 8.71983113e-08  1.20000000e+00  1.19999966e+00  1.31808783e-05 
 8.72983113e-08  1.20000000e+00  1.20000009e+00 -1.32325050e-05 
 8.73983113e-08  1.20000000e+00  1.19999967e+00  1.31761571e-05 
 8.74983113e-08  1.20000000e+00  1.20000008e+00 -1.32278069e-05 
 8.75983113e-08  1.20000000e+00  1.19999967e+00  1.31714819e-05 
 8.76983113e-08  1.20000000e+00  1.20000008e+00 -1.32231544e-05 
 8.77983113e-08  1.20000000e+00  1.19999967e+00  1.31668522e-05 
 8.78983113e-08  1.20000000e+00  1.20000008e+00 -1.32185475e-05 
 8.79983113e-08  1.20000000e+00  1.19999967e+00  1.31622679e-05 
 8.80983113e-08  1.20000000e+00  1.20000008e+00 -1.32139858e-05 
 8.81983113e-08  1.20000000e+00  1.19999967e+00  1.31577287e-05 
 8.82983113e-08  1.20000000e+00  1.20000008e+00 -1.32094691e-05 
 8.83983113e-08  1.20000000e+00  1.19999967e+00  1.31532345e-05 
 8.84983113e-08  1.20000000e+00  1.20000008e+00 -1.32049972e-05 
 8.85983113e-08  1.20000000e+00  1.19999968e+00  1.31487849e-05 
 8.86983113e-08  1.20000000e+00  1.20000007e+00 -1.32005699e-05 
 8.87983113e-08  1.20000000e+00  1.19999968e+00  1.31443797e-05 
 8.88983113e-08  1.20000000e+00  1.20000007e+00 -1.31961869e-05 
 8.89983113e-08  1.20000000e+00  1.19999968e+00  1.31400188e-05 
 8.90983113e-08  1.20000000e+00  1.20000007e+00 -1.31918479e-05 
 8.91983113e-08  1.20000000e+00  1.19999968e+00  1.31357018e-05 
 8.92983113e-08  1.20000000e+00  1.20000007e+00 -1.31875529e-05 
 8.93983113e-08  1.20000000e+00  1.19999968e+00  1.31314286e-05 
 8.94983113e-08  1.20000000e+00  1.20000007e+00 -1.31833014e-05 
 8.95983113e-08  1.20000000e+00  1.19999969e+00  1.31271989e-05 
 8.96983113e-08  1.20000000e+00  1.20000006e+00 -1.31790934e-05 
 8.97983113e-08  1.20000000e+00  1.19999969e+00  1.31230125e-05 
 8.98983113e-08  1.20000000e+00  1.20000006e+00 -1.31749286e-05 
 8.99983113e-08  1.20000000e+00  1.19999969e+00  1.31188692e-05 
 9.00983113e-08  1.20000000e+00  1.20000006e+00 -1.31708067e-05 
 9.01983113e-08  1.20000000e+00  1.19999969e+00  1.31147687e-05 
 9.02983113e-08  1.20000000e+00  1.20000006e+00 -1.31667276e-05 
 9.03983113e-08  1.20000000e+00  1.19999969e+00  1.31107109e-05 
 9.04983113e-08  1.20000000e+00  1.20000006e+00 -1.31626909e-05 
 9.05983113e-08  1.20000000e+00  1.19999969e+00  1.31066954e-05 
 9.06983113e-08  1.20000000e+00  1.20000006e+00 -1.31586966e-05 
 9.07983113e-08  1.20000000e+00  1.19999970e+00  1.31027221e-05 
 9.08983113e-08  1.20000000e+00  1.20000005e+00 -1.31547443e-05 
 9.09983113e-08  1.20000000e+00  1.19999970e+00  1.30987908e-05 
 9.10983113e-08  1.20000000e+00  1.20000005e+00 -1.31508339e-05 
 9.11983113e-08  1.20000000e+00  1.19999970e+00  1.30949012e-05 
 9.12983113e-08  1.20000000e+00  1.20000005e+00 -1.31469650e-05 
 9.13983113e-08  1.20000000e+00  1.19999970e+00  1.30910531e-05 
 9.14983113e-08  1.20000000e+00  1.20000005e+00 -1.31431376e-05 
 9.15983113e-08  1.20000000e+00  1.19999970e+00  1.30872463e-05 
 9.16983113e-08  1.20000000e+00  1.20000005e+00 -1.31393514e-05 
 9.17983113e-08  1.20000000e+00  1.19999970e+00  1.30834805e-05 
 9.18983113e-08  1.20000000e+00  1.20000005e+00 -1.31356061e-05 
 9.19983113e-08  1.20000000e+00  1.19999971e+00  1.30797557e-05 
 9.20983113e-08  1.20000000e+00  1.20000004e+00 -1.31319016e-05 
 9.21983113e-08  1.20000000e+00  1.19999971e+00  1.30760714e-05 
 9.22983113e-08  1.20000000e+00  1.20000004e+00 -1.31282376e-05 
 9.23983113e-08  1.20000000e+00  1.19999971e+00  1.30724276e-05 
 9.24983113e-08  1.20000000e+00  1.20000004e+00 -1.31246139e-05 
 9.25983113e-08  1.20000000e+00  1.19999971e+00  1.30688241e-05 
 9.26983113e-08  1.20000000e+00  1.20000004e+00 -1.31210304e-05 
 9.27983113e-08  1.20000000e+00  1.19999971e+00  1.30652605e-05 
 9.28983113e-08  1.20000000e+00  1.20000004e+00 -1.31174867e-05 
 9.29983113e-08  1.20000000e+00  1.19999971e+00  1.30617367e-05 
 9.30983113e-08  1.20000000e+00  1.20000004e+00 -1.31139827e-05 
 9.31983113e-08  1.20000000e+00  1.19999972e+00  1.30582525e-05 
 9.32983113e-08  1.20000000e+00  1.20000003e+00 -1.31105183e-05 
 9.33983113e-08  1.20000000e+00  1.19999972e+00  1.30548077e-05 
 9.34983113e-08  1.20000000e+00  1.20000003e+00 -1.31070930e-05 
 9.35983113e-08  1.20000000e+00  1.19999972e+00  1.30514020e-05 
 9.36983113e-08  1.20000000e+00  1.20000003e+00 -1.31037068e-05 
 9.37983113e-08  1.20000000e+00  1.19999972e+00  1.30480352e-05 
 9.38983113e-08  1.20000000e+00  1.20000003e+00 -1.31003595e-05 
 9.39983113e-08  1.20000000e+00  1.19999972e+00  1.30447073e-05 
 9.40983113e-08  1.20000000e+00  1.20000003e+00 -1.30970508e-05 
 9.41983113e-08  1.20000000e+00  1.19999972e+00  1.30414178e-05 
 9.42983113e-08  1.20000000e+00  1.20000003e+00 -1.30937806e-05 
 9.43983113e-08  1.20000000e+00  1.19999972e+00  1.30381667e-05 
 9.44983113e-08  1.20000000e+00  1.20000003e+00 -1.30905485e-05 
 9.45983113e-08  1.20000000e+00  1.19999973e+00  1.30349537e-05 
 9.46983113e-08  1.20000000e+00  1.20000002e+00 -1.30873545e-05 
 9.47983113e-08  1.20000000e+00  1.19999973e+00  1.30317786e-05 
 9.48983113e-08  1.20000000e+00  1.20000002e+00 -1.30841983e-05 
 9.49983113e-08  1.20000000e+00  1.19999973e+00  1.30286413e-05 
 9.50983113e-08  1.20000000e+00  1.20000002e+00 -1.30810798e-05 
 9.51983113e-08  1.20000000e+00  1.19999973e+00  1.30255415e-05 
 9.52983113e-08  1.20000000e+00  1.20000002e+00 -1.30779986e-05 
 9.53983113e-08  1.20000000e+00  1.19999973e+00  1.30224789e-05 
 9.54983113e-08  1.20000000e+00  1.20000002e+00 -1.30749547e-05 
 9.55983113e-08  1.20000000e+00  1.19999973e+00  1.30194535e-05 
 9.56983113e-08  1.20000000e+00  1.20000002e+00 -1.30719478e-05 
 9.57983113e-08  1.20000000e+00  1.19999973e+00  1.30164651e-05 
 9.58983113e-08  1.20000000e+00  1.20000002e+00 -1.30689777e-05 
 9.59983113e-08  1.20000000e+00  1.19999974e+00  1.30135133e-05 
 9.60983113e-08  1.20000000e+00  1.20000001e+00 -1.30660442e-05 
 9.61983113e-08  1.20000000e+00  1.19999974e+00  1.30105981e-05 
 9.62983113e-08  1.20000000e+00  1.20000001e+00 -1.30631472e-05 
 9.63983113e-08  1.20000000e+00  1.19999974e+00  1.30077191e-05 
 9.64983113e-08  1.20000000e+00  1.20000001e+00 -1.30602863e-05 
 9.65983113e-08  1.20000000e+00  1.19999974e+00  1.30048763e-05 
 9.66983113e-08  1.20000000e+00  1.20000001e+00 -1.30574615e-05 
 9.67983113e-08  1.20000000e+00  1.19999974e+00  1.30020695e-05 
 9.68983113e-08  1.20000000e+00  1.20000001e+00 -1.30546726e-05 
 9.69983113e-08  1.20000000e+00  1.19999974e+00  1.29992984e-05 
 9.70983113e-08  1.20000000e+00  1.20000001e+00 -1.30519192e-05 
 9.71983113e-08  1.20000000e+00  1.19999974e+00  1.29965628e-05 
 9.72983113e-08  1.20000000e+00  1.20000001e+00 -1.30492014e-05 
 9.73983113e-08  1.20000000e+00  1.19999975e+00  1.29938626e-05 
 9.74983113e-08  1.20000000e+00  1.20000001e+00 -1.30465187e-05 
 9.75983113e-08  1.20000000e+00  1.19999975e+00  1.29911975e-05 
 9.76983113e-08  1.20000000e+00  1.20000000e+00 -1.30438712e-05 
 9.77983113e-08  1.20000000e+00  1.19999975e+00  1.29885674e-05 
 9.78983113e-08  1.20000000e+00  1.20000000e+00 -1.30412585e-05 
 9.79983113e-08  1.20000000e+00  1.19999975e+00  1.29859721e-05 
 9.80983113e-08  1.20000000e+00  1.20000000e+00 -1.30386805e-05 
 9.81983113e-08  1.20000000e+00  1.19999975e+00  1.29834114e-05 
 9.82983113e-08  1.20000000e+00  1.20000000e+00 -1.30361371e-05 
 9.83983113e-08  1.20000000e+00  1.19999975e+00  1.29808851e-05 
 9.84983113e-08  1.20000000e+00  1.20000000e+00 -1.30336279e-05 
 9.85983113e-08  1.20000000e+00  1.19999975e+00  1.29783930e-05 
 9.86983113e-08  1.20000000e+00  1.20000000e+00 -1.30311528e-05 
 9.87983113e-08  1.20000000e+00  1.19999975e+00  1.29759350e-05 
 9.88983113e-08  1.20000000e+00  1.20000000e+00 -1.30287117e-05 
 9.89983113e-08  1.20000000e+00  1.19999975e+00  1.29735107e-05 
 9.90983113e-08  1.20000000e+00  1.20000000e+00 -1.30263044e-05 
 9.91983113e-08  1.20000000e+00  1.19999976e+00  1.29711202e-05 
 9.92983113e-08  1.20000000e+00  1.19999999e+00 -1.30239306e-05 
 9.93983113e-08  1.20000000e+00  1.19999976e+00  1.29687631e-05 
 9.94983113e-08  1.20000000e+00  1.19999999e+00 -1.30215902e-05 
 9.95983113e-08  1.20000000e+00  1.19999976e+00  1.29664393e-05 
 9.96983113e-08  1.20000000e+00  1.19999999e+00 -1.30192830e-05 
 9.97983113e-08  1.20000000e+00  1.19999976e+00  1.29641487e-05 
 9.98983113e-08  1.20000000e+00  1.19999999e+00 -1.30170088e-05 
 9.99491556e-08  1.20000000e+00  1.19999976e+00  1.29608114e-05 
 1.00000000e-07  1.20000000e+00  1.19999999e+00 -1.30126314e-05 
