 time            v(in)           v(out)          i(VDD)         
 0.00000000e+00  0.00000000e+00  6.25378101e-08 -2.70377750e-08 
 1.00000000e-12  0.00000000e+00  6.25378102e-08 -2.70377727e-08 
 2.00000000e-12  0.00000000e+00  6.25378102e-08 -2.70377777e-08 
 4.00000000e-12  0.00000000e+00  6.25378102e-08 -2.70377776e-08 
 8.00000000e-12  0.00000000e+00  6.25378126e-08 -2.70377680e-08 
 1.60000000e-11  0.00000000e+00  6.25378159e-08 -2.70377799e-08 
 3.20000000e-11  0.00000000e+00  6.25378108e-08 -2.70377758e-08 
 6.40000000e-11  0.00000000e+00  6.25378097e-08 -2.70377798e-08 
 1.28000000e-10  0.00000000e+00  6.25378068e-08 -2.70377777e-08 
 2.28000000e-10  0.00000000e+00  6.25378109e-08 -2.70377718e-08 
 3.28000000e-10  0.00000000e+00  6.25378152e-08 -2.70377705e-08 
 4.28000000e-10  0.00000000e+00  6.25378039e-08 -2.70377705e-08 
 5.28000000e-10  0.00000000e+00  6.25378119e-08 -2.70377707e-08 
 6.28000000e-10  0.00000000e+00  6.25378149e-08 -2.70377704e-08 
 7.28000000e-10  0.00000000e+00  6.25378075e-08 -2.70377711e-08 
 8.28000000e-10  0.00000000e+00  6.25378099e-08 -2.70377707e-08 
 9.28000000e-10  0.00000000e+00  6.25378114e-08 -2.70377706e-08 
 1.02800000e-09  0.00000000e+00  6.25378112e-08 -2.70377706e-08 
 1.12800000e-09  0.00000000e+00  6.25378092e-08 -2.70377712e-08 
 1.22800000e-09  0.00000000e+00  6.25378093e-08 -2.70377718e-08 
 1.32800000e-09  0.00000000e+00  6.25378119e-08 -2.70377710e-08 
 1.42800000e-09  0.00000000e+00  6.25378087e-08 -2.70377702e-08 
 1.52800000e-09  0.00000000e+00  6.25378113e-08 -2.70377706e-08 
 1.62800000e-09  0.00000000e+00  6.25378114e-08 -2.70377713e-08 
 1.72800000e-09  0.00000000e+00  6.25378088e-08 -2.70377708e-08 
 1.82800000e-09  0.00000000e+00  6.25378121e-08 -2.70377705e-08 
 1.92800000e-09  0.00000000e+00  6.25378087e-08 -2.70377709e-08 
 2.02800000e-09  0.00000000e+00  6.25378095e-08 -2.70377708e-08 
 2.12800000e-09  0.00000000e+00  6.25378115e-08 -2.70377702e-08 
 2.22800000e-09  0.00000000e+00  6.25378076e-08 -2.70377701e-08 
 2.32800000e-09  0.00000000e+00  6.25378073e-08 -2.70377704e-08 
 2.42800000e-09  0.00000000e+00  6.25378151e-08 -2.70377701e-08 
 2.52800000e-09  0.00000000e+00  6.25378095e-08 -2.70377717e-08 
 2.62800000e-09  0.00000000e+00  6.25378107e-08 -2.70377702e-08 
 2.72800000e-09  0.00000000e+00  6.25378115e-08 -2.70377703e-08 
 2.82800000e-09  0.00000000e+00  6.25378068e-08 -2.70377712e-08 
 2.92800000e-09  0.00000000e+00  6.25378122e-08 -2.70377706e-08 
 3.02800000e-09  0.00000000e+00  6.25378101e-08 -2.70377704e-08 
 3.12800000e-09  0.00000000e+00  6.25378109e-08 -2.70377708e-08 
 3.22800000e-09  0.00000000e+00  6.25378107e-08 -2.70377709e-08 
 3.32800000e-09  0.00000000e+00  6.25378109e-08 -2.70377709e-08 
 3.42800000e-09  0.00000000e+00  6.25378114e-08 -2.70377699e-08 
 3.52800000e-09  0.00000000e+00  6.25378090e-08 -2.70377702e-08 
 3.62800000e-09  0.00000000e+00  6.25378096e-08 -2.70377712e-08 
 3.72800000e-09  0.00000000e+00  6.25378114e-08 -2.70377709e-08 
 3.82800000e-09  0.00000000e+00  6.25378076e-08 -2.70377710e-08 
 3.92800000e-09  0.00000000e+00  6.25378110e-08 -2.70377718e-08 
 4.02800000e-09  0.00000000e+00  6.25378069e-08 -2.70377716e-08 
 4.12800000e-09  0.00000000e+00  6.25378147e-08 -2.70377713e-08 
 4.22800000e-09  0.00000000e+00  6.25378100e-08 -2.70377705e-08 
 4.32800000e-09  0.00000000e+00  6.25378100e-08 -2.70377714e-08 
 4.42800000e-09  0.00000000e+00  6.25378121e-08 -2.70377704e-08 
 4.52800000e-09  0.00000000e+00  6.25378059e-08 -2.70377710e-08 
 4.62800000e-09  0.00000000e+00  6.25378173e-08 -2.70377707e-08 
 4.72800000e-09  0.00000000e+00  6.25378069e-08 -2.70377712e-08 
 4.82800000e-09  0.00000000e+00  6.25378103e-08 -2.70377718e-08 
 4.92800000e-09  0.00000000e+00  6.25378118e-08 -2.70377712e-08 
 5.02800000e-09  0.00000000e+00  6.25378087e-08 -2.70377713e-08 
 5.12800000e-09  0.00000000e+00  6.25378097e-08 -2.70377711e-08 
 5.22800000e-09  0.00000000e+00  6.25378111e-08 -2.70377706e-08 
 5.32800000e-09  0.00000000e+00  6.25378116e-08 -2.70377711e-08 
 5.42800000e-09  0.00000000e+00  6.25378087e-08 -2.70377711e-08 
 5.52800000e-09  0.00000000e+00  6.25378098e-08 -2.70377706e-08 
 5.62800000e-09  0.00000000e+00  6.25378110e-08 -2.70377707e-08 
 5.72800000e-09  0.00000000e+00  6.25378114e-08 -2.70377702e-08 
 5.82800000e-09  0.00000000e+00  6.25378052e-08 -2.70377701e-08 
 5.92800000e-09  0.00000000e+00  6.25378164e-08 -2.70377708e-08 
 6.02800000e-09  0.00000000e+00  6.25378079e-08 -2.70377704e-08 
 6.12800000e-09  0.00000000e+00  6.25378087e-08 -2.70377711e-08 
 6.22800000e-09  0.00000000e+00  6.25378125e-08 -2.70377712e-08 
 6.32800000e-09  0.00000000e+00  6.25378095e-08 -2.70377704e-08 
 6.42800000e-09  0.00000000e+00  6.25378125e-08 -2.70377702e-08 
 6.52800000e-09  0.00000000e+00  6.25378081e-08 -2.70377712e-08 
 6.62800000e-09  0.00000000e+00  6.25378066e-08 -2.70377715e-08 
 6.72800000e-09  0.00000000e+00  6.25378154e-08 -2.70377705e-08 
 6.82800000e-09  0.00000000e+00  6.25378070e-08 -2.70377714e-08 
 6.92800000e-09  0.00000000e+00  6.25378101e-08 -2.70377715e-08 
 7.02800000e-09  0.00000000e+00  6.25378120e-08 -2.70377703e-08 
 7.12800000e-09  0.00000000e+00  6.25378088e-08 -2.70377709e-08 
 7.22800000e-09  0.00000000e+00  6.25378125e-08 -2.70377707e-08 
 7.32800000e-09  0.00000000e+00  6.25378093e-08 -2.70377704e-08 
 7.42800000e-09  0.00000000e+00  6.25378126e-08 -2.70377701e-08 
 7.52800000e-09  0.00000000e+00  6.25378077e-08 -2.70377714e-08 
 7.62800000e-09  0.00000000e+00  6.25378094e-08 -2.70377711e-08 
 7.72800000e-09  0.00000000e+00  6.25378101e-08 -2.70377713e-08 
 7.82800000e-09  0.00000000e+00  6.25378158e-08 -2.70377706e-08 
 7.92800000e-09  0.00000000e+00  6.25378075e-08 -2.70377700e-08 
 8.02800000e-09  0.00000000e+00  6.25378103e-08 -2.70377707e-08 
 8.12800000e-09  0.00000000e+00  6.25378093e-08 -2.70377708e-08 
 8.22800000e-09  0.00000000e+00  6.25378116e-08 -2.70377704e-08 
 8.32800000e-09  0.00000000e+00  6.25378058e-08 -2.70377710e-08 
 8.42800000e-09  0.00000000e+00  6.25378107e-08 -2.70377710e-08 
 8.52800000e-09  0.00000000e+00  6.25378157e-08 -2.70377709e-08 
 8.62800000e-09  0.00000000e+00  6.25378067e-08 -2.70377702e-08 
 8.72800000e-09  0.00000000e+00  6.25378126e-08 -2.70377708e-08 
 8.82800000e-09  0.00000000e+00  6.25378048e-08 -2.70377709e-08 
 8.92800000e-09  0.00000000e+00  6.25378162e-08 -2.70377708e-08 
 9.02800000e-09  0.00000000e+00  6.25378105e-08 -2.70377705e-08 
 9.12800000e-09  0.00000000e+00  6.25378087e-08 -2.70377710e-08 
 9.22800000e-09  0.00000000e+00  6.25378071e-08 -2.70377711e-08 
 9.32800000e-09  0.00000000e+00  6.25378100e-08 -2.70377709e-08 
 9.42800000e-09  0.00000000e+00  6.25378162e-08 -2.70377705e-08 
 9.52800000e-09  0.00000000e+00  6.25378062e-08 -2.70377704e-08 
 9.62800000e-09  0.00000000e+00  6.25378133e-08 -2.70377704e-08 
 9.72800000e-09  0.00000000e+00  6.25378081e-08 -2.70377710e-08 
 9.82800000e-09  0.00000000e+00  6.25378119e-08 -2.70377713e-08 
 9.91400000e-09  0.00000000e+00  6.25378090e-08 -2.70377848e-08 
 1.00000000e-08  0.00000000e+00  6.25378129e-08 -2.70377872e-08 
 1.00048392e-08  5.80706194e-02  6.25378094e-08  2.48028241e-05 
 1.00145177e-08  1.74211858e-01  6.25378087e-08  2.80484546e-05 
 1.00338745e-08  4.06494336e-01  6.25378138e-08  2.86066142e-05 
 1.00669373e-08  8.03247168e-01  6.25378080e-08  1.99803048e-06 
 1.00939245e-08  1.12709448e+00  6.25378067e-08 -5.83359738e-05 
 1.01000000e-08  1.20000000e+00  6.25378075e-08 -6.10259438e-05 
 1.01029166e-08  1.20000000e+00  6.25378078e-08 -8.34739569e-05 
 1.01087497e-08  1.20000000e+00  6.25378082e-08 -7.65332951e-05 
 1.01204159e-08  1.20000000e+00  6.25378130e-08 -5.24533548e-05 
 1.01340400e-08  1.20000000e+00  6.25378136e-08 -5.22036604e-05 
 1.01485503e-08  1.20000000e+00  6.25378060e-08 -7.53402304e-05 
 1.01660230e-08  1.20000000e+00  6.25378100e-08 -8.91274692e-05 
 1.01874743e-08  1.20000000e+00  6.25378146e-08 -9.89094050e-05 
 1.02056605e-08  1.20000000e+00  6.25378130e-08 -7.88525463e-05 
 1.02255648e-08  1.20000000e+00  6.25378183e-08 -5.48047515e-05 
 1.02412732e-08  1.20000000e+00  6.25378107e-08 -8.63727188e-05 
 1.02599080e-08  1.20000000e+00  6.25378055e-08 -8.57660494e-05 
 1.02794647e-08  1.20000000e+00  6.25378094e-08 -1.06030838e-04 
 1.02966487e-08  1.20000000e+00  6.25378104e-08 -7.01648794e-05 
 1.03156065e-08  1.20000000e+00  6.25378126e-08 -6.17086022e-05 
 1.03302076e-08  1.20000000e+00  6.25378065e-08 -8.03099170e-05 
 1.03491515e-08  1.20000000e+00  6.25378040e-08 -9.14130327e-05 
 1.03686377e-08  1.20000000e+00  6.25378075e-08 -1.00563724e-04 
 1.03858970e-08  1.20000000e+00  6.25378055e-08 -7.62621681e-05 
 1.04049734e-08  1.20000000e+00  6.25378125e-08 -5.60966952e-05 
 1.04196972e-08  1.20000000e+00  6.25378107e-08 -8.54280366e-05 
 1.04385896e-08  1.20000000e+00  6.25378070e-08 -8.62940836e-05 
 1.04582628e-08  1.20000000e+00  6.25378204e-08 -1.05569843e-04 
 1.04755906e-08  1.20000000e+00  6.25378175e-08 -7.11268482e-05 
 1.04947170e-08  1.20000000e+00  6.25378121e-08 -6.10988192e-05 
 1.05094575e-08  1.20000000e+00  6.25378100e-08 -8.09028168e-05 
 1.05283664e-08  1.20000000e+00  6.25378068e-08 -9.09186676e-05 
 1.05478559e-08  1.20000000e+00  6.25378098e-08 -1.01064936e-04 
 1.05651029e-08  1.20000000e+00  6.25378078e-08 -7.56594425e-05 
 1.05841568e-08  1.20000000e+00  6.25378092e-08 -5.66310575e-05 
 1.05988585e-08  1.20000000e+00  6.25378124e-08 -8.49536708e-05 
 1.06177589e-08  1.20000000e+00  6.25378075e-08 -8.67668748e-05 
 1.06374086e-08  1.20000000e+00  6.25378025e-08 -1.05107763e-04 
 1.06547286e-08  1.20000000e+00  6.25378053e-08 -7.16144548e-05 
 1.06738500e-08  1.20000000e+00  6.25378090e-08 -6.06281914e-05 
 1.06885896e-08  1.20000000e+00  6.25378050e-08 -8.13151574e-05 
 1.07074961e-08  1.20000000e+00  6.25378165e-08 -9.04906161e-05 
 1.07270094e-08  1.20000000e+00  6.25378232e-08 -1.01480839e-04 
 1.07442669e-08  1.20000000e+00  6.25378085e-08 -7.52355406e-05 
 1.07633300e-08  1.20000000e+00  6.25378143e-08 -5.70492930e-05 
 1.07780366e-08  1.20000000e+00  6.25378103e-08 -8.45855795e-05 
 1.07969382e-08  1.20000000e+00  6.25378086e-08 -8.71514092e-05 
 1.08165669e-08  1.20000000e+00  6.25378168e-08 -1.04734283e-04 
 1.08338773e-08  1.20000000e+00  6.25378065e-08 -7.19922083e-05 
 1.08529898e-08  1.20000000e+00  6.25378058e-08 -6.02537326e-05 
 1.08677245e-08  1.20000000e+00  6.25378109e-08 -8.16460377e-05 
 1.08866301e-08  1.20000000e+00  6.25378107e-08 -9.01454708e-05 
 1.09061615e-08  1.20000000e+00  6.25378072e-08 -1.01816027e-04 
 1.09234272e-08  1.20000000e+00  6.25378175e-08 -7.48980539e-05 
 1.09424980e-08  1.20000000e+00  6.25378250e-08 -5.73840297e-05 
 1.09572090e-08  1.20000000e+00  6.25378097e-08 -8.42877853e-05 
 1.09761112e-08  1.20000000e+00  6.25377991e-08 -8.74610664e-05 
 1.09957246e-08  1.20000000e+00  6.25378039e-08 -1.04433255e-04 
 1.10130280e-08  1.20000000e+00  6.25378053e-08 -7.22950108e-05 
 1.10321340e-08  1.20000000e+00  6.25378145e-08 -5.99534609e-05 
 1.10468650e-08  1.20000000e+00  6.25378095e-08 -8.19145129e-05 
 1.10657701e-08  1.20000000e+00  6.25378075e-08 -8.98672632e-05 
 1.10853144e-08  1.20000000e+00  6.25378153e-08 -1.02086585e-04 
 1.11025860e-08  1.20000000e+00  6.25378092e-08 -7.46265730e-05 
 1.11216623e-08  1.20000000e+00  6.25378108e-08 -5.76531165e-05 
 1.11363764e-08  1.20000000e+00  6.25378140e-08 -8.40457012e-05 
 1.11552790e-08  1.20000000e+00  6.25378186e-08 -8.77111044e-05 
 1.11748817e-08  1.20000000e+00  6.25378148e-08 -1.04189863e-04 
 1.11921801e-08  1.20000000e+00  6.25378012e-08 -7.25390601e-05 
 1.12112814e-08  1.20000000e+00  6.25378021e-08 -5.97116762e-05 
 1.12260098e-08  1.20000000e+00  6.25378173e-08 -8.21330887e-05 
 1.12449145e-08  1.20000000e+00  6.25378150e-08 -8.96422262e-05 
 1.12644679e-08  1.20000000e+00  6.25378016e-08 -1.02305742e-04 
 1.12817437e-08  1.20000000e+00  6.25378097e-08 -7.44072383e-05 
 1.13008239e-08  1.20000000e+00  6.25378115e-08 -5.78703144e-05 
 1.13155403e-08  1.20000000e+00  6.25378082e-08 -8.38482798e-05 
 1.13344433e-08  1.20000000e+00  6.25378165e-08 -8.79137603e-05 
 1.13540382e-08  1.20000000e+00  6.25378122e-08 -1.03992339e-04 
 1.13713331e-08  1.20000000e+00  6.25378029e-08 -7.27365898e-05 
 1.13904311e-08  1.20000000e+00  6.25378061e-08 -5.95161507e-05 
 1.14051576e-08  1.20000000e+00  6.25378177e-08 -8.23116185e-05 
 1.14240620e-08  1.20000000e+00  6.25378094e-08 -8.94594820e-05 
 1.14436219e-08  1.20000000e+00  6.25378071e-08 -1.02483945e-04 
 1.14609007e-08  1.20000000e+00  6.25378137e-08 -7.42292992e-05 
 1.14799837e-08  1.20000000e+00  6.25378049e-08 -5.80463771e-05 
 1.14947017e-08  1.20000000e+00  6.25378085e-08 -8.36867427e-05 
 1.15136049e-08  1.20000000e+00  6.25378111e-08 -8.80786752e-05 
 1.15331943e-08  1.20000000e+00  6.25378116e-08 -1.03831403e-04 
 1.15504867e-08  1.20000000e+00  6.25378136e-08 -7.28971592e-05 
 1.15695823e-08  1.20000000e+00  6.25378063e-08 -5.93573284e-05 
 1.15843075e-08  1.20000000e+00  6.25378009e-08 -8.24579503e-05 
 1.16032117e-08  1.20000000e+00  6.25378124e-08 -8.93104640e-05 
 1.16227763e-08  1.20000000e+00  6.25378132e-08 -1.02629440e-04 
 1.16400572e-08  1.20000000e+00  6.25378087e-08 -7.40843145e-05 
 1.16591422e-08  1.20000000e+00  6.25378140e-08 -5.81897363e-05 
 1.16738613e-08  1.20000000e+00  6.25378107e-08 -8.35540880e-05 
 1.16927646e-08  1.20000000e+00  6.25378114e-08 -8.82134505e-05 
 1.17123501e-08  1.20000000e+00  6.25378151e-08 -1.03699726e-04 
 1.17296407e-08  1.20000000e+00  6.25378041e-08 -7.30282751e-05 
 1.17487347e-08  1.20000000e+00  6.25378032e-08 -5.92277185e-05 
 1.17634589e-08  1.20000000e+00  6.25378169e-08 -8.25783454e-05 
 1.17823630e-08  1.20000000e+00  6.25378243e-08 -8.91884132e-05 
 1.18019308e-08  1.20000000e+00  6.25378094e-08 -1.02748745e-04 
 1.18192133e-08  1.20000000e+00  6.25377977e-08 -7.39656385e-05 
 1.18382997e-08  1.20000000e+00  6.25378064e-08 -5.83070177e-05 
 1.18530196e-08  1.20000000e+00  6.25378149e-08 -8.34447245e-05 
 1.18719230e-08  1.20000000e+00  6.25378141e-08 -8.83240913e-05 
 1.18915058e-08  1.20000000e+00  6.25378033e-08 -1.03591509e-04 
 1.19087951e-08  1.20000000e+00  6.25378067e-08 -7.31358484e-05 
 1.19278879e-08  1.20000000e+00  6.25378139e-08 -5.91214322e-05 
 1.19426114e-08  1.20000000e+00  6.25378092e-08 -8.26778052e-05 
 1.19615154e-08  1.20000000e+00  6.25378027e-08 -8.90879849e-05 
 1.19810856e-08  1.20000000e+00  6.25378099e-08 -1.02847023e-04 
 1.19983691e-08  1.20000000e+00  6.25378221e-08 -7.38680272e-05 
 1.20174565e-08  1.20000000e+00  6.25378193e-08 -5.84034414e-05 
 1.20321770e-08  1.20000000e+00  6.25378090e-08 -8.33541819e-05 
 1.20510805e-08  1.20000000e+00  6.25378140e-08 -8.84153526e-05 
 1.20706613e-08  1.20000000e+00  6.25378167e-08 -1.03502151e-04 
 1.20879497e-08  1.20000000e+00  6.25378047e-08 -7.32245470e-05 
 1.21070416e-08  1.20000000e+00  6.25378118e-08 -5.90338267e-05 
 1.21217647e-08  1.20000000e+00  6.25378149e-08 -8.27603305e-05 
 1.21406686e-08  1.20000000e+00  6.25378108e-08 -8.90049428e-05 
 1.21602405e-08  1.20000000e+00  6.25377996e-08 -1.02928372e-04 
 1.21775247e-08  1.20000000e+00  6.25378035e-08 -7.37873322e-05 
 1.21966128e-08  1.20000000e+00  6.25378150e-08 -5.84831306e-05 
 1.22113337e-08  1.20000000e+00  6.25377992e-08 -8.32788809e-05 
 1.22302373e-08  1.20000000e+00  6.25378048e-08 -8.84910085e-05 
 1.22498167e-08  1.20000000e+00  6.25378185e-08 -1.03427998e-04 
 1.22671045e-08  1.20000000e+00  6.25378118e-08 -7.32980663e-05 
 1.22861958e-08  1.20000000e+00  6.25378082e-08 -5.89612312e-05 
 1.23009185e-08  1.20000000e+00  6.25378132e-08 -8.28291272e-05 
 1.23198224e-08  1.20000000e+00  6.25378131e-08 -8.89359206e-05 
 1.23393954e-08  1.20000000e+00  6.25378071e-08 -1.02996056e-04 
 1.23566802e-08  1.20000000e+00  6.25378114e-08 -7.37202632e-05 
 1.23757688e-08  1.20000000e+00  6.25378172e-08 -5.85493510e-05 
 1.23904900e-08  1.20000000e+00  6.25378118e-08 -8.32159507e-05 
 1.24093937e-08  1.20000000e+00  6.25378064e-08 -8.85540619e-05 
 1.24289720e-08  1.20000000e+00  6.25378071e-08 -1.03366136e-04 
 1.24462593e-08  1.20000000e+00  6.25378077e-08 -7.33593411e-05 
 1.24653502e-08  1.20000000e+00  6.25378212e-08 -5.89007346e-05 
 1.24800727e-08  1.20000000e+00  6.25378155e-08 -8.28867683e-05 
 1.24989766e-08  1.20000000e+00  6.25378071e-08 -8.88782365e-05 
 1.25185504e-08  1.20000000e+00  6.25378168e-08 -1.03052677e-04 
 1.25358356e-08  1.20000000e+00  6.25378120e-08 -7.36642035e-05 
 1.25549246e-08  1.20000000e+00  6.25378027e-08 -5.86046971e-05 
 1.25696460e-08  1.20000000e+00  6.25378097e-08 -8.31630850e-05 
 1.25885497e-08  1.20000000e+00  6.25378017e-08 -8.86069085e-05 
 1.26081273e-08  1.20000000e+00  6.25378024e-08 -1.03314238e-04 
 1.26254143e-08  1.20000000e+00  6.25378101e-08 -7.34107080e-05 
 1.26445049e-08  1.20000000e+00  6.25378087e-08 -5.88500215e-05 
 1.26592272e-08  1.20000000e+00  6.25378107e-08 -8.29353230e-05 
 1.26781310e-08  1.20000000e+00  6.25378068e-08 -8.88297485e-05 
 1.26977055e-08  1.20000000e+00  6.25378132e-08 -1.03100316e-04 
 1.27149910e-08  1.20000000e+00  6.25378233e-08 -7.36170659e-05 
 1.27340802e-08  1.20000000e+00  6.25378174e-08 -5.86512357e-05 
 1.27488017e-08  1.20000000e+00  6.25378022e-08 -8.31184268e-05 
 1.27677054e-08  1.20000000e+00  6.25378131e-08 -8.86514643e-05 
 1.27872826e-08  1.20000000e+00  6.25378229e-08 -1.03270441e-04 
 1.28045693e-08  1.20000000e+00  6.25378095e-08 -7.34540334e-05 
 1.28236597e-08  1.20000000e+00  6.25378012e-08 -5.88072445e-05 
 1.28383819e-08  1.20000000e+00  6.25377999e-08 -8.29764590e-05 
 1.28572857e-08  1.20000000e+00  6.25378118e-08 -8.87887410e-05 
 1.28768606e-08  1.20000000e+00  6.25378110e-08 -1.03140643e-04 
 1.28941462e-08  1.20000000e+00  6.25378031e-08 -7.35771810e-05 
 1.29132356e-08  1.20000000e+00  6.25378042e-08 -5.86906185e-05 
 1.29279573e-08  1.20000000e+00  6.25378128e-08 -8.30804782e-05 
 1.29468610e-08  1.20000000e+00  6.25378204e-08 -8.86892662e-05 
 1.29664378e-08  1.20000000e+00  6.25378088e-08 -1.03233249e-04 
 1.29837244e-08  1.20000000e+00  6.25378064e-08 -7.34908120e-05 
 1.30028146e-08  1.20000000e+00  6.25378196e-08 -5.87709253e-05 
 1.30175367e-08  1.20000000e+00  6.25378189e-08 -8.30115227e-05 
 1.30364405e-08  1.20000000e+00  6.25378040e-08 -8.87538361e-05 
 1.30560157e-08  1.20000000e+00  6.25378058e-08 -1.03175000e-04 
 1.30733015e-08  1.20000000e+00  6.25378051e-08 -7.35432099e-05 
 1.30923910e-08  1.20000000e+00  6.25378095e-08 -5.87241692e-05 
 1.31071127e-08  1.20000000e+00  6.25378114e-08 -8.30480281e-05 
 1.31260164e-08  1.20000000e+00  6.25378121e-08 -8.87215503e-05 
 1.31455930e-08  1.20000000e+00  6.25378071e-08 -1.03201457e-04 
 1.31628795e-08  1.20000000e+00  6.25378165e-08 -7.35222446e-05 
 1.31819696e-08  1.20000000e+00  6.25378250e-08 -5.87398775e-05 
 1.31966916e-08  1.20000000e+00  6.25378083e-08 -8.30416039e-05 
 1.32155954e-08  1.20000000e+00  6.25378092e-08 -8.87239241e-05 
 1.32351708e-08  1.20000000e+00  6.25378170e-08 -1.03204469e-04 
 1.32524567e-08  1.20000000e+00  6.25378076e-08 -7.35140750e-05 
 1.32715463e-08  1.20000000e+00  6.25377925e-08 -5.87529519e-05 
 1.32862681e-08  1.20000000e+00  6.25377892e-08 -8.30200956e-05 
 1.33051718e-08  1.20000000e+00  6.25378080e-08 -8.87493133e-05 
 1.33247482e-08  1.20000000e+00  6.25378259e-08 -1.03174094e-04 
 1.33420346e-08  1.20000000e+00  6.25378201e-08 -7.35492985e-05 
 1.33611246e-08  1.20000000e+00  6.25378097e-08 -5.87131457e-05 
 1.33758466e-08  1.20000000e+00  6.25378126e-08 -8.30675866e-05 
 1.33947504e-08  1.20000000e+00  6.25378133e-08 -8.86981090e-05 
 1.34143259e-08  1.20000000e+00  6.25378009e-08 -1.03229924e-04 
 1.34316119e-08  1.20000000e+00  6.25378007e-08 -7.34889073e-05 
 1.34507016e-08  1.20000000e+00  6.25378062e-08 -5.87778248e-05 
 1.34654234e-08  1.20000000e+00  6.25378120e-08 -8.29958839e-05 
 1.34843271e-08  1.20000000e+00  6.25378165e-08 -8.87733612e-05 
 1.35039034e-08  1.20000000e+00  6.25378140e-08 -1.03150371e-04 
 1.35211897e-08  1.20000000e+00  6.25378087e-08 -7.35727553e-05 
 1.35402797e-08  1.20000000e+00  6.25378105e-08 -5.86899586e-05 
 1.35550016e-08  1.20000000e+00  6.25378217e-08 -8.30901890e-05 
 1.35739054e-08  1.20000000e+00  6.25378166e-08 -8.86756653e-05 
 1.35934811e-08  1.20000000e+00  6.25378022e-08 -1.03252074e-04 
 1.36107671e-08  1.20000000e+00  6.25378106e-08 -7.34670036e-05 
 1.36298568e-08  1.20000000e+00  6.25378091e-08 -5.87994816e-05 
 1.36445786e-08  1.20000000e+00  6.25378042e-08 -8.29747449e-05 
 1.36634824e-08  1.20000000e+00  6.25378111e-08 -8.87943474e-05 
 1.36830585e-08  1.20000000e+00  6.25378118e-08 -1.03129650e-04 
 1.37003448e-08  1.20000000e+00  6.25378140e-08 -7.35932483e-05 
 1.37194348e-08  1.20000000e+00  6.25378102e-08 -5.86696918e-05 
 1.37341567e-08  1.20000000e+00  6.25378091e-08 -8.31099965e-05 
 1.37530605e-08  1.20000000e+00  6.25378147e-08 -8.86560040e-05 
 1.37726362e-08  1.20000000e+00  6.25378123e-08 -1.03271495e-04 
 1.37899223e-08  1.20000000e+00  6.25378145e-08 -7.34477932e-05 
 1.38090120e-08  1.20000000e+00  6.25378107e-08 -5.88184849e-05 
 1.38237339e-08  1.20000000e+00  6.25378045e-08 -8.29561498e-05 
 1.38426376e-08  1.20000000e+00  6.25378082e-08 -8.88128032e-05 
 1.38622137e-08  1.20000000e+00  6.25378056e-08 -1.03111412e-04 
 1.38795000e-08  1.20000000e+00  6.25378079e-08 -7.36112918e-05 
 1.38985899e-08  1.20000000e+00  6.25378145e-08 -5.86518379e-05 
 1.39133118e-08  1.20000000e+00  6.25378088e-08 -8.31274869e-05 
 1.39322156e-08  1.20000000e+00  6.25378125e-08 -8.86386457e-05 
 1.39517914e-08  1.20000000e+00  6.25378118e-08 -1.03288656e-04 
 1.39690775e-08  1.20000000e+00  6.25378116e-08 -7.34308121e-05 
 1.39881672e-08  1.20000000e+00  6.25378089e-08 -5.88352923e-05 
 1.40028891e-08  1.20000000e+00  6.25378117e-08 -8.29396666e-05 
 1.40217929e-08  1.20000000e+00  6.25378152e-08 -8.88291616e-05 
 1.40413689e-08  1.20000000e+00  6.25378092e-08 -1.03095233e-04 
 1.40586551e-08  1.20000000e+00  6.25378131e-08 -7.36273050e-05 
 1.40777450e-08  1.20000000e+00  6.25378117e-08 -5.86359840e-05 
 1.40924669e-08  1.20000000e+00  6.25378132e-08 -8.31430513e-05 
 1.41113707e-08  1.20000000e+00  6.25378132e-08 -8.86231990e-05 
 1.41309465e-08  1.20000000e+00  6.25378011e-08 -1.03303939e-04 
 1.41482326e-08  1.20000000e+00  6.25378088e-08 -7.34156815e-05 
 1.41673224e-08  1.20000000e+00  6.25378196e-08 -5.88502768e-05 
 1.41820443e-08  1.20000000e+00  6.25378093e-08 -8.29249412e-05 
 1.42009481e-08  1.20000000e+00  6.25378053e-08 -8.88437763e-05 
 1.42205241e-08  1.20000000e+00  6.25378005e-08 -1.03080767e-04 
 1.42378103e-08  1.20000000e+00  6.25378033e-08 -7.36416301e-05 
 1.42569001e-08  1.20000000e+00  6.25378189e-08 -5.86217928e-05 
 1.42716220e-08  1.20000000e+00  6.25378120e-08 -8.31570101e-05 
 1.42905258e-08  1.20000000e+00  6.25378000e-08 -8.86093441e-05 
 1.43101017e-08  1.20000000e+00  6.25378047e-08 -1.03317659e-04 
 1.43273878e-08  1.20000000e+00  6.25378070e-08 -7.34020920e-05 
 1.43464776e-08  1.20000000e+00  6.25378150e-08 -5.88637434e-05 
 1.43611995e-08  1.20000000e+00  6.25378182e-08 -8.29116832e-05 
 1.43801032e-08  1.20000000e+00  6.25378122e-08 -8.88569370e-05 
 1.43996792e-08  1.20000000e+00  6.25378151e-08 -1.03067730e-04 
 1.44169654e-08  1.20000000e+00  6.25378080e-08 -7.36545474e-05 
 1.44360553e-08  1.20000000e+00  6.25378070e-08 -5.86089885e-05 
 1.44507772e-08  1.20000000e+00  6.25378156e-08 -8.31696269e-05 
 1.44696809e-08  1.20000000e+00  6.25378018e-08 -8.85968184e-05 
 1.44892568e-08  1.20000000e+00  6.25378016e-08 -1.03330072e-04 
 1.45065430e-08  1.20000000e+00  6.25378198e-08 -7.33897896e-05 
 1.45256328e-08  1.20000000e+00  6.25378096e-08 -5.88759421e-05 
 1.45403547e-08  1.20000000e+00  6.25378017e-08 -8.28996536e-05 
 1.45592584e-08  1.20000000e+00  6.25378112e-08 -8.88688814e-05 
 1.45788344e-08  1.20000000e+00  6.25378151e-08 -1.03055888e-04 
 1.45961206e-08  1.20000000e+00  6.25378135e-08 -7.36662868e-05 
 1.46152104e-08  1.20000000e+00  6.25378088e-08 -5.85973443e-05 
 1.46299323e-08  1.20000000e+00  6.25378096e-08 -8.31811183e-05 
 1.46488361e-08  1.20000000e+00  6.25378079e-08 -8.85854064e-05 
 1.46684120e-08  1.20000000e+00  6.25378060e-08 -1.03341390e-04 
 1.46856981e-08  1.20000000e+00  6.25378155e-08 -7.33785660e-05 
 1.47047880e-08  1.20000000e+00  6.25378137e-08 -5.88870781e-05 
 1.47195098e-08  1.20000000e+00  6.25378081e-08 -8.28886556e-05 
 1.47384136e-08  1.20000000e+00  6.25378161e-08 -8.88798053e-05 
 1.47579895e-08  1.20000000e+00  6.25378130e-08 -1.03045051e-04 
 1.47752757e-08  1.20000000e+00  6.25378071e-08 -7.36770375e-05 
 1.47943656e-08  1.20000000e+00  6.25378098e-08 -5.85866743e-05 
 1.48090875e-08  1.20000000e+00  6.25378225e-08 -8.31916634e-05 
 1.48279912e-08  1.20000000e+00  6.25378159e-08 -8.85749303e-05 
 1.48475671e-08  1.20000000e+00  6.25377985e-08 -1.03351787e-04 
 1.48648533e-08  1.20000000e+00  6.25378143e-08 -7.33682493e-05 
 1.48839431e-08  1.20000000e+00  6.25378130e-08 -5.88973205e-05 
 1.48986650e-08  1.20000000e+00  6.25378032e-08 -8.28785266e-05 
 1.49175688e-08  1.20000000e+00  6.25378080e-08 -8.88898700e-05 
 1.49371447e-08  1.20000000e+00  6.25378082e-08 -1.03035058e-04 
 1.49544309e-08  1.20000000e+00  6.25378099e-08 -7.36869555e-05 
 1.49735207e-08  1.20000000e+00  6.25378124e-08 -5.85768247e-05 
 1.49882426e-08  1.20000000e+00  6.25378093e-08 -8.32014100e-05 
 1.50071464e-08  1.20000000e+00  6.25378123e-08 -8.85652437e-05 
 1.50267223e-08  1.20000000e+00  6.25378120e-08 -1.03361407e-04 
 1.50440085e-08  1.20000000e+00  6.25378083e-08 -7.33586978e-05 
 1.50630983e-08  1.20000000e+00  6.25378002e-08 -5.89068088e-05 
 1.50778202e-08  1.20000000e+00  6.25378054e-08 -8.28691320e-05 
 1.50967239e-08  1.20000000e+00  6.25378184e-08 -8.88992088e-05 
 1.51162999e-08  1.20000000e+00  6.25378164e-08 -1.03025780e-04 
 1.51335860e-08  1.20000000e+00  6.25378132e-08 -7.36961696e-05 
 1.51526759e-08  1.20000000e+00  6.25378150e-08 -5.85676688e-05 
 1.51673978e-08  1.20000000e+00  6.25378089e-08 -8.32104804e-05 
 1.51863015e-08  1.20000000e+00  6.25378005e-08 -8.85562254e-05 
 1.52058774e-08  1.20000000e+00  6.25378110e-08 -1.03370369e-04 
 1.52231636e-08  1.20000000e+00  6.25378114e-08 -7.33497945e-05 
 1.52422535e-08  1.20000000e+00  6.25378093e-08 -5.89156584e-05 
 1.52569753e-08  1.20000000e+00  6.25378112e-08 -8.28603604e-05 
 1.52758791e-08  1.20000000e+00  6.25378066e-08 -8.89079318e-05 
 1.52954550e-08  1.20000000e+00  6.25378113e-08 -1.03017109e-04 
 1.53127412e-08  1.20000000e+00  6.25378209e-08 -7.37047865e-05 
 1.53318310e-08  1.20000000e+00  6.25378096e-08 -5.85591017e-05 
 1.53465529e-08  1.20000000e+00  6.25378063e-08 -8.32189761e-05 
 1.53654567e-08  1.20000000e+00  6.25378036e-08 -8.85477747e-05 
 1.53850326e-08  1.20000000e+00  6.25378054e-08 -1.03378772e-04 
 1.54023188e-08  1.20000000e+00  6.25378213e-08 -7.33414421e-05 
 1.54214086e-08  1.20000000e+00  6.25378164e-08 -5.89239648e-05 
 1.54361305e-08  1.20000000e+00  6.25378078e-08 -8.28521195e-05 
 1.54550343e-08  1.20000000e+00  6.25378041e-08 -8.89161308e-05 
 1.54746102e-08  1.20000000e+00  6.25378053e-08 -1.03008954e-04 
 1.54918964e-08  1.20000000e+00  6.25378162e-08 -7.37128945e-05 
 1.55109862e-08  1.20000000e+00  6.25378167e-08 -5.85510362e-05 
 1.55257081e-08  1.20000000e+00  6.25378151e-08 -8.32269816e-05 
 1.55446119e-08  1.20000000e+00  6.25378088e-08 -8.85398085e-05 
 1.55641878e-08  1.20000000e+00  6.25377993e-08 -1.03386698e-04 
 1.55814739e-08  1.20000000e+00  6.25378139e-08 -7.33335601e-05 
 1.56005638e-08  1.20000000e+00  6.25378178e-08 -5.89318074e-05 
 1.56152857e-08  1.20000000e+00  6.25378168e-08 -8.28443321e-05 
 1.56341894e-08  1.20000000e+00  6.25378083e-08 -8.89238816e-05 
 1.56537653e-08  1.20000000e+00  6.25377960e-08 -1.03001241e-04 
 1.56710515e-08  1.20000000e+00  6.25378093e-08 -7.37205672e-05 
 1.56901414e-08  1.20000000e+00  6.25378161e-08 -5.85434002e-05 
 1.57048632e-08  1.20000000e+00  6.25378140e-08 -8.32345668e-05 
 1.57237670e-08  1.20000000e+00  6.25378078e-08 -8.85322574e-05 
 1.57433429e-08  1.20000000e+00  6.25378057e-08 -1.03394214e-04 
 1.57606291e-08  1.20000000e+00  6.25378187e-08 -7.33260814e-05 
 1.57797189e-08  1.20000000e+00  6.25378043e-08 -5.89392520e-05 
 1.57944408e-08  1.20000000e+00  6.25378041e-08 -8.28369344e-05 
 1.58133446e-08  1.20000000e+00  6.25378046e-08 -8.89312475e-05 
 1.58329205e-08  1.20000000e+00  6.25378047e-08 -1.02993908e-04 
 1.58502067e-08  1.20000000e+00  6.25378227e-08 -7.37278657e-05 
 1.58692965e-08  1.20000000e+00  6.25378195e-08 -5.85361333e-05 
 1.58840184e-08  1.20000000e+00  6.25378111e-08 -8.32417904e-05 
 1.59029222e-08  1.20000000e+00  6.25378116e-08 -8.85250636e-05 
 1.59224981e-08  1.20000000e+00  6.25378177e-08 -1.03401378e-04 
 1.59397843e-08  1.20000000e+00  6.25378061e-08 -7.33189503e-05 
 1.59588741e-08  1.20000000e+00  6.25378060e-08 -5.89463536e-05 
 1.59735960e-08  1.20000000e+00  6.25378174e-08 -8.28298728e-05 
 1.59924997e-08  1.20000000e+00  6.25378121e-08 -8.89382812e-05 
 1.60120757e-08  1.20000000e+00  6.25377990e-08 -1.02986902e-04 
 1.60293618e-08  1.20000000e+00  6.25378054e-08 -7.37348410e-05 
 1.60484517e-08  1.20000000e+00  6.25378107e-08 -5.85291855e-05 
 1.60631736e-08  1.20000000e+00  6.25378116e-08 -8.32487011e-05 
 1.60820773e-08  1.20000000e+00  6.25378182e-08 -8.85181789e-05 
 1.61016532e-08  1.20000000e+00  6.25378099e-08 -1.03408236e-04 
 1.61189394e-08  1.20000000e+00  6.25378086e-08 -7.33121202e-05 
 1.61380293e-08  1.20000000e+00  6.25378167e-08 -5.89531581e-05 
 1.61527511e-08  1.20000000e+00  6.25378054e-08 -8.28231028e-05 
 1.61716549e-08  1.20000000e+00  6.25378038e-08 -8.89450268e-05 
 1.61912308e-08  1.20000000e+00  6.25378178e-08 -1.02980180e-04 
 1.62085170e-08  1.20000000e+00  6.25378057e-08 -7.37415357e-05 
 1.62276068e-08  1.20000000e+00  6.25378043e-08 -5.85225147e-05 
 1.62423287e-08  1.20000000e+00  6.25378095e-08 -8.32553397e-05 
 1.62612325e-08  1.20000000e+00  6.25378098e-08 -8.85115632e-05 
 1.62808084e-08  1.20000000e+00  6.25378156e-08 -1.03414829e-04 
 1.62980946e-08  1.20000000e+00  6.25378066e-08 -7.33055520e-05 
 1.63171844e-08  1.20000000e+00  6.25378105e-08 -5.89597038e-05 
 1.63319063e-08  1.20000000e+00  6.25378116e-08 -8.28165870e-05 
 1.63508101e-08  1.20000000e+00  6.25378107e-08 -8.89515211e-05 
 1.63703860e-08  1.20000000e+00  6.25378129e-08 -1.02973707e-04 
 1.63876722e-08  1.20000000e+00  6.25378116e-08 -7.37479854e-05 
 1.64067620e-08  1.20000000e+00  6.25378178e-08 -5.85160861e-05 
 1.64214839e-08  1.20000000e+00  6.25378077e-08 -8.32617405e-05 
 1.64403876e-08  1.20000000e+00  6.25377963e-08 -8.85051827e-05 
 1.64599636e-08  1.20000000e+00  6.25378049e-08 -1.03421190e-04 
 1.64772497e-08  1.20000000e+00  6.25378136e-08 -7.32992134e-05 
 1.64963396e-08  1.20000000e+00  6.25378071e-08 -5.89660228e-05 
 1.65110615e-08  1.20000000e+00  6.25378108e-08 -8.28102942e-05 
 1.65299652e-08  1.20000000e+00  6.25378184e-08 -8.89577949e-05 
 1.65495411e-08  1.20000000e+00  6.25378071e-08 -1.02967452e-04 
 1.65668273e-08  1.20000000e+00  6.25378126e-08 -7.37542199e-05 
 1.65859172e-08  1.20000000e+00  6.25378165e-08 -5.85098701e-05 
 1.66006390e-08  1.20000000e+00  6.25378145e-08 -8.32679319e-05 
 1.66195428e-08  1.20000000e+00  6.25378065e-08 -8.84990091e-05 
 1.66391187e-08  1.20000000e+00  6.25378067e-08 -1.03427346e-04 
 1.66564049e-08  1.20000000e+00  6.25378190e-08 -7.32930768e-05 
 1.66754947e-08  1.20000000e+00  6.25378104e-08 -5.89721419e-05 
 1.66902166e-08  1.20000000e+00  6.25378038e-08 -8.28041980e-05 
 1.67091204e-08  1.20000000e+00  6.25378088e-08 -8.89638741e-05 
 1.67286963e-08  1.20000000e+00  6.25378124e-08 -1.02961390e-04 
 1.67459825e-08  1.20000000e+00  6.25378124e-08 -7.37602643e-05 
 1.67650723e-08  1.20000000e+00  6.25378046e-08 -5.85038422e-05 
 1.67797942e-08  1.20000000e+00  6.25378044e-08 -8.32739382e-05 
 1.67986980e-08  1.20000000e+00  6.25378161e-08 -8.84930188e-05 
 1.68182739e-08  1.20000000e+00  6.25378133e-08 -1.03433321e-04 
 1.68355601e-08  1.20000000e+00  6.25378120e-08 -7.32871194e-05 
 1.68546499e-08  1.20000000e+00  6.25378172e-08 -5.89780837e-05 
 1.68693718e-08  1.20000000e+00  6.25378116e-08 -8.27982766e-05 
 1.68882755e-08  1.20000000e+00  6.25378070e-08 -8.89697804e-05 
 1.69078515e-08  1.20000000e+00  6.25378048e-08 -1.02955498e-04 
 1.69251376e-08  1.20000000e+00  6.25378088e-08 -7.37661395e-05 
 1.69442275e-08  1.20000000e+00  6.25378041e-08 -5.84979817e-05 
 1.69589494e-08  1.20000000e+00  6.25378034e-08 -8.32797795e-05 
 1.69778531e-08  1.20000000e+00  6.25378155e-08 -8.84871919e-05 
 1.69974290e-08  1.20000000e+00  6.25378138e-08 -1.03439134e-04 
 1.70147152e-08  1.20000000e+00  6.25378135e-08 -7.32813219e-05 
 1.70338051e-08  1.20000000e+00  6.25378117e-08 -5.89838673e-05 
 1.70485269e-08  1.20000000e+00  6.25378053e-08 -8.27925112e-05 
 1.70674307e-08  1.20000000e+00  6.25378123e-08 -8.89755322e-05 
 1.70870066e-08  1.20000000e+00  6.25378128e-08 -1.02949760e-04 
 1.71042928e-08  1.20000000e+00  6.25378112e-08 -7.37718633e-05 
 1.71233826e-08  1.20000000e+00  6.25378120e-08 -5.84922711e-05 
 1.71381045e-08  1.20000000e+00  6.25378075e-08 -8.32854729e-05 
 1.71570083e-08  1.20000000e+00  6.25378091e-08 -8.84815114e-05 
 1.71765842e-08  1.20000000e+00  6.25378071e-08 -1.03444801e-04 
 1.71938704e-08  1.20000000e+00  6.25378146e-08 -7.32756680e-05 
 1.72129602e-08  1.20000000e+00  6.25378180e-08 -5.89895086e-05 
 1.72276821e-08  1.20000000e+00  6.25378097e-08 -8.27868862e-05 
 1.72465859e-08  1.20000000e+00  6.25378039e-08 -8.89811448e-05 
 1.72661618e-08  1.20000000e+00  6.25378090e-08 -1.02944159e-04 
 1.72834480e-08  1.20000000e+00  6.25378089e-08 -7.37774507e-05 
 1.73025378e-08  1.20000000e+00  6.25378135e-08 -5.84866957e-05 
 1.73172597e-08  1.20000000e+00  6.25378076e-08 -8.32910328e-05 
 1.73361634e-08  1.20000000e+00  6.25378033e-08 -8.84759633e-05 
 1.73557394e-08  1.20000000e+00  6.25378133e-08 -1.03450338e-04 
 1.73730255e-08  1.20000000e+00  6.25378101e-08 -7.32701439e-05 
 1.73921154e-08  1.20000000e+00  6.25378139e-08 -5.89950212e-05 
 1.74068373e-08  1.20000000e+00  6.25378099e-08 -8.27813884e-05 
 1.74257410e-08  1.20000000e+00  6.25378100e-08 -8.89866314e-05 
 1.74453169e-08  1.20000000e+00  6.25378073e-08 -1.02938683e-04 
 1.74626031e-08  1.20000000e+00  6.25378059e-08 -7.37829143e-05 
 1.74816930e-08  1.20000000e+00  6.25378178e-08 -5.84812430e-05 
 1.74964148e-08  1.20000000e+00  6.25378180e-08 -8.32964713e-05 
 1.75153186e-08  1.20000000e+00  6.25378167e-08 -8.84705356e-05 
 1.75348945e-08  1.20000000e+00  6.25378007e-08 -1.03455756e-04 
 1.75521807e-08  1.20000000e+00  6.25378049e-08 -7.32647382e-05 
 1.75712705e-08  1.20000000e+00  6.25378198e-08 -5.90004165e-05 
 1.75859924e-08  1.20000000e+00  6.25378188e-08 -8.27760066e-05 
 1.76048962e-08  1.20000000e+00  6.25378135e-08 -8.89920029e-05 
 1.76244721e-08  1.20000000e+00  6.25378007e-08 -1.02933322e-04 
 1.76417583e-08  1.20000000e+00  6.25378079e-08 -7.37882647e-05 
 1.76608481e-08  1.20000000e+00  6.25378032e-08 -5.84759026e-05 
 1.76755700e-08  1.20000000e+00  6.25377961e-08 -8.33017987e-05 
 1.76944738e-08  1.20000000e+00  6.25378103e-08 -8.84652181e-05 
 1.77140497e-08  1.20000000e+00  6.25378163e-08 -1.03461064e-04 
 1.77313359e-08  1.20000000e+00  6.25378116e-08 -7.32594409e-05 
 1.77504257e-08  1.20000000e+00  6.25378126e-08 -5.90057042e-05 
 1.77651476e-08  1.20000000e+00  6.25378188e-08 -8.27707313e-05 
 1.77840513e-08  1.20000000e+00  6.25378115e-08 -8.89972686e-05 
 1.78036273e-08  1.20000000e+00  6.25378019e-08 -1.02928065e-04 
 1.78209134e-08  1.20000000e+00  6.25378079e-08 -7.37935110e-05 
 1.78400033e-08  1.20000000e+00  6.25378013e-08 -5.84706656e-05 
 1.78547252e-08  1.20000000e+00  6.25378069e-08 -8.33070238e-05 
 1.78736289e-08  1.20000000e+00  6.25378196e-08 -8.84600021e-05 
 1.78932048e-08  1.20000000e+00  6.25378067e-08 -1.03466271e-04 
 1.79104910e-08  1.20000000e+00  6.25378127e-08 -7.32542436e-05 
 1.79295809e-08  1.20000000e+00  6.25378173e-08 -5.90108926e-05 
 1.79443027e-08  1.20000000e+00  6.25378179e-08 -8.27655545e-05 
 1.79632065e-08  1.20000000e+00  6.25378196e-08 -8.90024366e-05 
 1.79827824e-08  1.20000000e+00  6.25378043e-08 -1.02922906e-04 
 1.80000686e-08  1.20000000e+00  6.25377996e-08 -7.37986610e-05 
 1.80191584e-08  1.20000000e+00  6.25378085e-08 -5.84655242e-05 
 1.80338803e-08  1.20000000e+00  6.25378075e-08 -8.33121541e-05 
 1.80527841e-08  1.20000000e+00  6.25378097e-08 -8.84548804e-05 
 1.80723600e-08  1.20000000e+00  6.25378147e-08 -1.03471384e-04 
 1.80896462e-08  1.20000000e+00  6.25378196e-08 -7.32491394e-05 
 1.81087360e-08  1.20000000e+00  6.25378131e-08 -5.90159885e-05 
 1.81234579e-08  1.20000000e+00  6.25377959e-08 -8.27604693e-05 
 1.81423617e-08  1.20000000e+00  6.25377994e-08 -8.90075136e-05 
 1.81619376e-08  1.20000000e+00  6.25378134e-08 -1.02917836e-04 
 1.81792238e-08  1.20000000e+00  6.25378111e-08 -7.38037211e-05 
 1.81983136e-08  1.20000000e+00  6.25378088e-08 -5.84604721e-05 
 1.82130355e-08  1.20000000e+00  6.25378091e-08 -8.33171958e-05 
 1.82319392e-08  1.20000000e+00  6.25378107e-08 -8.84498467e-05 
 1.82515152e-08  1.20000000e+00  6.25378175e-08 -1.03476410e-04 
 1.82688013e-08  1.20000000e+00  6.25378222e-08 -7.32441220e-05 
 1.82878912e-08  1.20000000e+00  6.25378198e-08 -5.90209981e-05 
 1.83026131e-08  1.20000000e+00  6.25378128e-08 -8.27554698e-05 
 1.83215168e-08  1.20000000e+00  6.25378132e-08 -8.90125054e-05 
 1.83410927e-08  1.20000000e+00  6.25378074e-08 -1.02912852e-04 
 1.83583789e-08  1.20000000e+00  6.25377987e-08 -7.38086970e-05 
 1.83774688e-08  1.20000000e+00  6.25378087e-08 -5.84555037e-05 
 1.83921906e-08  1.20000000e+00  6.25378121e-08 -8.33221544e-05 
 1.84110944e-08  1.20000000e+00  6.25378067e-08 -8.84448956e-05 
 1.84306703e-08  1.20000000e+00  6.25378091e-08 -1.03481354e-04 
 1.84479565e-08  1.20000000e+00  6.25378110e-08 -7.32391863e-05 
 1.84670463e-08  1.20000000e+00  6.25378127e-08 -5.90259265e-05 
 1.84817682e-08  1.20000000e+00  6.25378155e-08 -8.27505509e-05 
 1.85006720e-08  1.20000000e+00  6.25378084e-08 -8.90174169e-05 
 1.85202479e-08  1.20000000e+00  6.25378040e-08 -1.02907948e-04 
 1.85375341e-08  1.20000000e+00  6.25378055e-08 -7.38135936e-05 
 1.85566239e-08  1.20000000e+00  6.25378036e-08 -5.84506143e-05 
 1.85713458e-08  1.20000000e+00  6.25378074e-08 -8.33270346e-05 
 1.85902496e-08  1.20000000e+00  6.25378171e-08 -8.84400225e-05 
 1.86098255e-08  1.20000000e+00  6.25378168e-08 -1.03486220e-04 
 1.86271117e-08  1.20000000e+00  6.25378138e-08 -7.32343278e-05 
 1.86462015e-08  1.20000000e+00  6.25378216e-08 -5.90307780e-05 
 1.86609234e-08  1.20000000e+00  6.25378156e-08 -8.27457084e-05 
 1.86798271e-08  1.20000000e+00  6.25378019e-08 -8.90222525e-05 
 1.86994031e-08  1.20000000e+00  6.25378017e-08 -1.02903119e-04 
 1.87166892e-08  1.20000000e+00  6.25378097e-08 -7.38184149e-05 
 1.87357791e-08  1.20000000e+00  6.25378009e-08 -5.84457998e-05 
 1.87505010e-08  1.20000000e+00  6.25378088e-08 -8.33318403e-05 
 1.87694047e-08  1.20000000e+00  6.25378145e-08 -8.84352235e-05 
 1.87889806e-08  1.20000000e+00  6.25378041e-08 -1.03491013e-04 
 1.88062668e-08  1.20000000e+00  6.25378153e-08 -7.32295427e-05 
 1.88253567e-08  1.20000000e+00  6.25378075e-08 -5.90355565e-05 
 1.88400785e-08  1.20000000e+00  6.25378089e-08 -8.27409385e-05 
 1.88589823e-08  1.20000000e+00  6.25378127e-08 -8.90270157e-05 
 1.88785582e-08  1.20000000e+00  6.25378075e-08 -1.02898362e-04 
 1.88958444e-08  1.20000000e+00  6.25378128e-08 -7.38231646e-05 
 1.89149342e-08  1.20000000e+00  6.25378215e-08 -5.84410566e-05 
 1.89296561e-08  1.20000000e+00  6.25378235e-08 -8.33365752e-05 
 1.89485599e-08  1.20000000e+00  6.25378137e-08 -8.84304952e-05 
 1.89681358e-08  1.20000000e+00  6.25378062e-08 -1.03495735e-04 
 1.89854220e-08  1.20000000e+00  6.25378108e-08 -7.32248277e-05 
 1.90045118e-08  1.20000000e+00  6.25378088e-08 -5.90402651e-05 
 1.90192337e-08  1.20000000e+00  6.25378068e-08 -8.27362380e-05 
 1.90381375e-08  1.20000000e+00  6.25378100e-08 -8.90317099e-05 
 1.90577134e-08  1.20000000e+00  6.25378116e-08 -1.02893674e-04 
 1.90749996e-08  1.20000000e+00  6.25378136e-08 -7.38278457e-05 
 1.90940894e-08  1.20000000e+00  6.25378110e-08 -5.84363817e-05 
 1.91088113e-08  1.20000000e+00  6.25378127e-08 -8.33412420e-05 
 1.91277150e-08  1.20000000e+00  6.25378031e-08 -8.84258346e-05 
 1.91472910e-08  1.20000000e+00  6.25378048e-08 -1.03500389e-04 
 1.91645771e-08  1.20000000e+00  6.25378089e-08 -7.32201798e-05 
 1.91836670e-08  1.20000000e+00  6.25378009e-08 -5.90449069e-05 
 1.91983889e-08  1.20000000e+00  6.25378006e-08 -8.27316041e-05 
 1.92172926e-08  1.20000000e+00  6.25378113e-08 -8.90363377e-05 
 1.92368685e-08  1.20000000e+00  6.25378174e-08 -1.02889052e-04 
 1.92541547e-08  1.20000000e+00  6.25378153e-08 -7.38324610e-05 
 1.92732446e-08  1.20000000e+00  6.25378174e-08 -5.84317724e-05 
 1.92879664e-08  1.20000000e+00  6.25378164e-08 -8.33458435e-05 
 1.93068702e-08  1.20000000e+00  6.25378150e-08 -8.84212390e-05 
 1.93264461e-08  1.20000000e+00  6.25378073e-08 -1.03504979e-04 
 1.93437323e-08  1.20000000e+00  6.25378036e-08 -7.32155966e-05 
 1.93628221e-08  1.20000000e+00  6.25378081e-08 -5.90494843e-05 
 1.93775440e-08  1.20000000e+00  6.25378143e-08 -8.27270344e-05 
 1.93964478e-08  1.20000000e+00  6.25378068e-08 -8.90409015e-05 
 1.94160237e-08  1.20000000e+00  6.25378052e-08 -1.02884494e-04 
 1.94333099e-08  1.20000000e+00  6.25378109e-08 -7.38370127e-05 
 1.94523997e-08  1.20000000e+00  6.25378104e-08 -5.84272264e-05 
 1.94671216e-08  1.20000000e+00  6.25378054e-08 -8.33503821e-05 
 1.94860254e-08  1.20000000e+00  6.25378011e-08 -8.84167063e-05 
 1.95056013e-08  1.20000000e+00  6.25378127e-08 -1.03509506e-04 
 1.95228875e-08  1.20000000e+00  6.25378177e-08 -7.32110758e-05 
 1.95419773e-08  1.20000000e+00  6.25378037e-08 -5.90539994e-05 
 1.95566992e-08  1.20000000e+00  6.25378085e-08 -8.27225266e-05 
 1.95756029e-08  1.20000000e+00  6.25378257e-08 -8.90454036e-05 
 1.95951789e-08  1.20000000e+00  6.25378159e-08 -1.02879997e-04 
 1.96124650e-08  1.20000000e+00  6.25378104e-08 -7.38415031e-05 
 1.96315549e-08  1.20000000e+00  6.25378056e-08 -5.84227417e-05 
 1.96462768e-08  1.20000000e+00  6.25378128e-08 -8.33548596e-05 
 1.96651805e-08  1.20000000e+00  6.25378215e-08 -8.84122345e-05 
 1.96847564e-08  1.20000000e+00  6.25378056e-08 -1.03513973e-04 
 1.97020426e-08  1.20000000e+00  6.25378020e-08 -7.32066154e-05 
 1.97211325e-08  1.20000000e+00  6.25378097e-08 -5.90584542e-05 
 1.97358543e-08  1.20000000e+00  6.25378110e-08 -8.27180789e-05 
 1.97547581e-08  1.20000000e+00  6.25378016e-08 -8.90498457e-05 
 1.97743340e-08  1.20000000e+00  6.25377950e-08 -1.02875560e-04 
 1.97916202e-08  1.20000000e+00  6.25378121e-08 -7.38459339e-05 
 1.98107100e-08  1.20000000e+00  6.25378217e-08 -5.84183164e-05 
 1.98254319e-08  1.20000000e+00  6.25378140e-08 -8.33592778e-05 
 1.98443357e-08  1.20000000e+00  6.25378117e-08 -8.84078216e-05 
 1.98639116e-08  1.20000000e+00  6.25378168e-08 -1.03518380e-04 
 1.98811978e-08  1.20000000e+00  6.25378115e-08 -7.32022138e-05 
 1.99002876e-08  1.20000000e+00  6.25378037e-08 -5.90628505e-05 
 1.99150095e-08  1.20000000e+00  6.25378107e-08 -8.27136896e-05 
 1.99339133e-08  1.20000000e+00  6.25378171e-08 -8.90542296e-05 
 1.99534892e-08  1.20000000e+00  6.25378097e-08 -1.02871182e-04 
 1.99707754e-08  1.20000000e+00  6.25378121e-08 -7.38503067e-05 
 1.99898652e-08  1.20000000e+00  6.25378084e-08 -5.84139488e-05 
 2.00045871e-08  1.20000000e+00  6.25378038e-08 -8.33636385e-05 
 2.00234908e-08  1.20000000e+00  6.25378176e-08 -8.84034663e-05 
 2.00430668e-08  1.20000000e+00  6.25378125e-08 -1.03522731e-04 
 2.00603529e-08  1.20000000e+00  6.25378067e-08 -7.31978694e-05 
 2.00794428e-08  1.20000000e+00  6.25378025e-08 -5.90671896e-05 
 2.00955514e-08  1.20000000e+00  6.25378081e-08 -8.41161785e-05 
 2.01000000e-08  1.20000000e+00  6.25378111e-08 -8.75401724e-05 
 2.01018140e-08  1.17823186e+00  6.25378097e-08 -1.03101191e-04 
 2.01054420e-08  1.13469559e+00  6.25378078e-08 -1.02609786e-04 
 2.01126981e-08  1.04762305e+00  6.25378076e-08 -9.92065448e-05 
 2.01272102e-08  8.73477955e-01  6.25378100e-08 -1.12920279e-04 
 2.01434314e-08  6.78822836e-01  6.25378127e-08 -1.08543388e-04 
 2.01603649e-08  4.75621721e-01  6.25378115e-08 -9.04433441e-05 
 2.01766371e-08  2.80354453e-01  6.25378127e-08 -1.21071709e-04 
 2.01883186e-08  1.40177226e-01  6.25378126e-08 -1.44206093e-04 
 2.02000000e-08  0.00000000e+00  6.25378036e-08 -1.68215981e-04 
 2.02023363e-08  0.00000000e+00  6.25378074e-08 -1.45930658e-04 
 2.02070089e-08  0.00000000e+00  6.25378109e-08 -1.57526941e-04 
 2.02163540e-08  0.00000000e+00  6.25378150e-08 -1.78584613e-04 
 2.02303663e-08  0.00000000e+00  6.25378119e-08 -1.83682479e-04 
 2.02458525e-08  0.00000000e+00  6.25378015e-08 -1.46106251e-04 
 2.02610889e-08  0.00000000e+00  6.25378066e-08 -1.68175418e-04 
 2.02792719e-08  0.00000000e+00  6.25378091e-08 -1.40729962e-04 
 2.02964746e-08  0.00000000e+00  6.25378145e-08 -1.63749710e-04 
 2.03138333e-08  0.00000000e+00  6.25378181e-08 -1.83114136e-04 
 2.03321067e-08  0.00000000e+00  6.25378102e-08 -1.60973304e-04 
 2.03492544e-08  0.00000000e+00  6.25378076e-08 -1.58194288e-04 
 2.03656647e-08  0.00000000e+00  6.25378109e-08 -1.55694437e-04 
 2.03837190e-08  0.00000000e+00  6.25378063e-08 -1.48756113e-04 
 2.03999272e-08  0.00000000e+00  6.25378011e-08 -1.94731155e-04 
 2.04184918e-08  0.00000000e+00  6.25378020e-08 -1.54927914e-04 
 2.04352219e-08  0.00000000e+00  6.25378141e-08 -1.66712128e-04 
 2.04509486e-08  0.00000000e+00  6.25378237e-08 -1.50246286e-04 
 2.04688070e-08  0.00000000e+00  6.25378152e-08 -1.52327503e-04 
 2.04836537e-08  0.00000000e+00  6.25378064e-08 -1.75904998e-04 
 2.05020799e-08  0.00000000e+00  6.25378102e-08 -1.78595124e-04 
 2.05200245e-08  0.00000000e+00  6.25378114e-08 -1.51535646e-04 
 2.05360684e-08  0.00000000e+00  6.25378116e-08 -1.66448490e-04 
 2.05545583e-08  0.00000000e+00  6.25378155e-08 -1.38048820e-04 
 2.05707040e-08  0.00000000e+00  6.25378128e-08 -1.81169928e-04 
 2.05885275e-08  0.00000000e+00  6.25378087e-08 -1.74201427e-04 
 2.06077306e-08  0.00000000e+00  6.25378089e-08 -1.60214745e-04 
 2.06265855e-08  0.00000000e+00  6.25378108e-08 -1.55818389e-04 
 2.06447019e-08  0.00000000e+00  6.25378081e-08 -1.48687610e-04 
 2.06613715e-08  0.00000000e+00  6.25378087e-08 -1.74145767e-04 
 2.06793603e-08  0.00000000e+00  6.25378048e-08 -1.81112761e-04 
 2.06987139e-08  0.00000000e+00  6.25378037e-08 -1.51195342e-04 
 2.07160777e-08  0.00000000e+00  6.25378121e-08 -1.65789619e-04 
 2.07344944e-08  0.00000000e+00  6.25378222e-08 -1.38810827e-04 
 2.07508368e-08  0.00000000e+00  6.25378185e-08 -1.84078466e-04 
 2.07687043e-08  0.00000000e+00  6.25378083e-08 -1.71333240e-04 
 2.07880793e-08  0.00000000e+00  6.25378056e-08 -1.60853668e-04 
 2.08054018e-08  0.00000000e+00  6.25378100e-08 -1.56319839e-04 
 2.08238208e-08  0.00000000e+00  6.25378119e-08 -1.48406729e-04 
 2.08401785e-08  0.00000000e+00  6.25378140e-08 -1.74214681e-04 
 2.08580450e-08  0.00000000e+00  6.25378149e-08 -1.81037942e-04 
 2.08774550e-08  0.00000000e+00  6.25378105e-08 -1.51201769e-04 
 2.08948229e-08  0.00000000e+00  6.25378081e-08 -1.66003587e-04 
 2.09132444e-08  0.00000000e+00  6.25378063e-08 -1.38910283e-04 
 2.09296215e-08  0.00000000e+00  6.25378090e-08 -1.83647411e-04 
 2.09474951e-08  0.00000000e+00  6.25378071e-08 -1.71540107e-04 
 2.09668893e-08  0.00000000e+00  6.25378128e-08 -1.60516101e-04 
 2.09842271e-08  0.00000000e+00  6.25378106e-08 -1.56875162e-04 
 2.10026467e-08  0.00000000e+00  6.25378074e-08 -1.48142860e-04 
 2.10190195e-08  0.00000000e+00  6.25378101e-08 -1.74327866e-04 
 2.10368960e-08  0.00000000e+00  6.25378080e-08 -1.80718385e-04 
 2.10562871e-08  0.00000000e+00  6.25378162e-08 -1.51295223e-04 
 2.10736239e-08  0.00000000e+00  6.25378226e-08 -1.66177310e-04 
 2.10920439e-08  0.00000000e+00  6.25378124e-08 -1.39017861e-04 
 2.11084249e-08  0.00000000e+00  6.25378058e-08 -1.83305905e-04 
 2.11263064e-08  0.00000000e+00  6.25378070e-08 -1.71667643e-04 
 2.11456957e-08  0.00000000e+00  6.25377996e-08 -1.60232177e-04 
 2.11630283e-08  0.00000000e+00  6.25378033e-08 -1.57385541e-04 
 2.11814484e-08  0.00000000e+00  6.25378137e-08 -1.47918388e-04 
 2.11978347e-08  0.00000000e+00  6.25378135e-08 -1.74343727e-04 
 2.12157208e-08  0.00000000e+00  6.25378122e-08 -1.80500564e-04 
 2.12351054e-08  0.00000000e+00  6.25378101e-08 -1.51335284e-04 
 2.12524303e-08  0.00000000e+00  6.25378041e-08 -1.66368108e-04 
 2.12708504e-08  0.00000000e+00  6.25378132e-08 -1.39096491e-04 
 2.12872412e-08  0.00000000e+00  6.25378236e-08 -1.83038631e-04 
 2.13051318e-08  0.00000000e+00  6.25378151e-08 -1.71731592e-04 
 2.13245130e-08  0.00000000e+00  6.25378063e-08 -1.59999316e-04 
 2.13418328e-08  0.00000000e+00  6.25378114e-08 -1.57836031e-04 
 2.13602530e-08  0.00000000e+00  6.25378155e-08 -1.47737616e-04 
 2.13766492e-08  0.00000000e+00  6.25378080e-08 -1.74330796e-04 
 2.13945445e-08  0.00000000e+00  6.25378035e-08 -1.80320012e-04 
 2.14139221e-08  0.00000000e+00  6.25378006e-08 -1.51348961e-04 
 2.14312360e-08  0.00000000e+00  6.25378065e-08 -1.66567788e-04 
 2.14496563e-08  0.00000000e+00  6.25378156e-08 -1.39154863e-04 
 2.14660574e-08  0.00000000e+00  6.25378082e-08 -1.82802727e-04 
 2.14839574e-08  0.00000000e+00  6.25378065e-08 -1.71774235e-04 
 2.15033312e-08  0.00000000e+00  6.25378091e-08 -1.59795651e-04 
 2.15206392e-08  0.00000000e+00  6.25378180e-08 -1.58241775e-04 
 2.15390596e-08  0.00000000e+00  6.25378119e-08 -1.47586951e-04 
 2.15554656e-08  0.00000000e+00  6.25378069e-08 -1.74306691e-04 
 2.15733702e-08  0.00000000e+00  6.25378066e-08 -1.80159356e-04 
 2.15927404e-08  0.00000000e+00  6.25378075e-08 -1.51349424e-04 
 2.16100429e-08  0.00000000e+00  6.25378195e-08 -1.66765406e-04 
 2.16284633e-08  0.00000000e+00  6.25378071e-08 -1.39202501e-04 
 2.16448742e-08  0.00000000e+00  6.25378020e-08 -1.82590745e-04 
 2.16627834e-08  0.00000000e+00  6.25378074e-08 -1.71803173e-04 
 2.16821500e-08  0.00000000e+00  6.25378098e-08 -1.59613045e-04 
 2.16994468e-08  0.00000000e+00  6.25378114e-08 -1.58612352e-04 
 2.17178673e-08  0.00000000e+00  6.25378183e-08 -1.47457438e-04 
 2.17342829e-08  0.00000000e+00  6.25378188e-08 -1.74276327e-04 
 2.17521968e-08  0.00000000e+00  6.25378131e-08 -1.80013884e-04 
 2.17715598e-08  0.00000000e+00  6.25378128e-08 -1.51342766e-04 
 2.17888510e-08  0.00000000e+00  6.25378168e-08 -1.66955419e-04 
 2.18072716e-08  0.00000000e+00  6.25378112e-08 -1.39244805e-04 
 2.18236919e-08  0.00000000e+00  6.25378023e-08 -1.82397396e-04 
 2.18416103e-08  0.00000000e+00  6.25378023e-08 -1.71823513e-04 
 2.18609697e-08  0.00000000e+00  6.25378063e-08 -1.59446153e-04 
 2.18782554e-08  0.00000000e+00  6.25378163e-08 -1.58954037e-04 
 2.18966761e-08  0.00000000e+00  6.25378134e-08 -1.47343070e-04 
 2.19131010e-08  0.00000000e+00  6.25378063e-08 -1.74244356e-04 
 2.19310240e-08  0.00000000e+00  6.25378125e-08 -1.79879107e-04 
 2.19503799e-08  0.00000000e+00  6.25378190e-08 -1.51333488e-04 
 2.19676602e-08  0.00000000e+00  6.25378188e-08 -1.67134397e-04 
 2.19860810e-08  0.00000000e+00  6.25378157e-08 -1.39285295e-04 
 2.20025104e-08  0.00000000e+00  6.25378112e-08 -1.82218138e-04 
 2.20204378e-08  0.00000000e+00  6.25377986e-08 -1.71839548e-04 
 2.20397902e-08  0.00000000e+00  6.25377966e-08 -1.59290925e-04 
 2.20570652e-08  0.00000000e+00  6.25378097e-08 -1.59271585e-04 
 2.20754861e-08  0.00000000e+00  6.25378173e-08 -1.47239479e-04 
 2.20919199e-08  0.00000000e+00  6.25378155e-08 -1.74214060e-04 
 2.21098517e-08  0.00000000e+00  6.25378029e-08 -1.79751750e-04 
 2.21292007e-08  0.00000000e+00  6.25378078e-08 -1.51324699e-04 
 2.21464705e-08  0.00000000e+00  6.25378148e-08 -1.67300255e-04 
 2.21648915e-08  0.00000000e+00  6.25378083e-08 -1.39326251e-04 
 2.21813296e-08  0.00000000e+00  6.25378068e-08 -1.82049782e-04 
 2.21992657e-08  0.00000000e+00  6.25378082e-08 -1.71854187e-04 
 2.22186114e-08  0.00000000e+00  6.25378113e-08 -1.59144521e-04 
 2.22358760e-08  0.00000000e+00  6.25378114e-08 -1.59568581e-04 
 2.22542972e-08  0.00000000e+00  6.25378125e-08 -1.47143533e-04 
 2.22707394e-08  0.00000000e+00  6.25378087e-08 -1.74187491e-04 
 2.22886798e-08  0.00000000e+00  6.25378083e-08 -1.79629650e-04 
 2.23080222e-08  0.00000000e+00  6.25378157e-08 -1.51318388e-04 
 2.23252818e-08  0.00000000e+00  6.25378113e-08 -1.67451923e-04 
 2.23437031e-08  0.00000000e+00  6.25378122e-08 -1.39369048e-04 
 2.23601494e-08  0.00000000e+00  6.25378057e-08 -1.81890104e-04 
 2.23780940e-08  0.00000000e+00  6.25378043e-08 -1.71869342e-04 
 2.23974332e-08  0.00000000e+00  6.25378120e-08 -1.59004971e-04 
 2.24146879e-08  0.00000000e+00  6.25378092e-08 -1.59847733e-04 
 2.24331093e-08  0.00000000e+00  6.25378051e-08 -1.47053011e-04 
 2.24495596e-08  0.00000000e+00  6.25378063e-08 -1.74165874e-04 
 2.24675083e-08  0.00000000e+00  6.25378174e-08 -1.79511383e-04 
 2.24868443e-08  0.00000000e+00  6.25378163e-08 -1.51315769e-04 
 2.25040942e-08  0.00000000e+00  6.25378090e-08 -1.67589047e-04 
 2.25225157e-08  0.00000000e+00  6.25378051e-08 -1.39414431e-04 
 2.25389698e-08  0.00000000e+00  6.25378067e-08 -1.81737537e-04 
 2.25569226e-08  0.00000000e+00  6.25378163e-08 -1.71886238e-04 
 2.25762555e-08  0.00000000e+00  6.25378150e-08 -1.58870918e-04 
 2.25935007e-08  0.00000000e+00  6.25378096e-08 -1.60111120e-04 
 2.26119224e-08  0.00000000e+00  6.25378116e-08 -1.46966358e-04 
 2.26283803e-08  0.00000000e+00  6.25378069e-08 -1.74149862e-04 
 2.26463370e-08  0.00000000e+00  6.25378186e-08 -1.79396036e-04 
 2.26656669e-08  0.00000000e+00  6.25378205e-08 -1.51317508e-04 
 2.26829075e-08  0.00000000e+00  6.25378013e-08 -1.67711755e-04 
 2.27013293e-08  0.00000000e+00  6.25378009e-08 -1.39462722e-04 
 2.27177908e-08  0.00000000e+00  6.25378090e-08 -1.81590982e-04 
 2.27357514e-08  0.00000000e+00  6.25378120e-08 -1.71905611e-04 
 2.27550784e-08  0.00000000e+00  6.25378069e-08 -1.58741433e-04 
 2.27723145e-08  0.00000000e+00  6.25378096e-08 -1.60360360e-04 
 2.27907364e-08  0.00000000e+00  6.25378170e-08 -1.46882490e-04 
 2.28072015e-08  0.00000000e+00  6.25378126e-08 -1.74139709e-04 
 2.28251659e-08  0.00000000e+00  6.25378140e-08 -1.79283046e-04 
 2.28444899e-08  0.00000000e+00  6.25378178e-08 -1.51323896e-04 
 2.28617217e-08  0.00000000e+00  6.25378131e-08 -1.67820495e-04 
 2.28801437e-08  0.00000000e+00  6.25378084e-08 -1.39513964e-04 
 2.28966123e-08  0.00000000e+00  6.25378102e-08 -1.81449665e-04 
 2.29145804e-08  0.00000000e+00  6.25378057e-08 -1.71927856e-04 
 2.29339016e-08  0.00000000e+00  6.25378010e-08 -1.58615888e-04 
 2.29511291e-08  0.00000000e+00  6.25378083e-08 -1.60596747e-04 
 2.29695513e-08  0.00000000e+00  6.25378114e-08 -1.46800669e-04 
 2.29860233e-08  0.00000000e+00  6.25378063e-08 -1.74135402e-04 
 2.30039949e-08  0.00000000e+00  6.25378077e-08 -1.79172088e-04 
 2.30233134e-08  0.00000000e+00  6.25378079e-08 -1.51334967e-04 
 2.30405367e-08  0.00000000e+00  6.25378072e-08 -1.67915920e-04 
 2.30589590e-08  0.00000000e+00  6.25378149e-08 -1.39568019e-04 
 2.30754343e-08  0.00000000e+00  6.25378187e-08 -1.81313044e-04 
 2.30934095e-08  0.00000000e+00  6.25378151e-08 -1.71953129e-04 
 2.31127253e-08  0.00000000e+00  6.25378090e-08 -1.58493858e-04 
 2.31299446e-08  0.00000000e+00  6.25378099e-08 -1.60821329e-04 
 2.31483670e-08  0.00000000e+00  6.25378126e-08 -1.46720398e-04 
 2.31648454e-08  0.00000000e+00  6.25378042e-08 -1.74136747e-04 
 2.31828240e-08  0.00000000e+00  6.25378060e-08 -1.79062996e-04 
 2.32021372e-08  0.00000000e+00  6.25378165e-08 -1.51350584e-04 
 2.32193526e-08  0.00000000e+00  6.25378084e-08 -1.67998804e-04 
 2.32377751e-08  0.00000000e+00  6.25378078e-08 -1.39624645e-04 
 2.32542567e-08  0.00000000e+00  6.25378187e-08 -1.81180731e-04 
 2.32722386e-08  0.00000000e+00  6.25378111e-08 -1.71981429e-04 
 2.32915493e-08  0.00000000e+00  6.25377984e-08 -1.58375059e-04 
 2.33087608e-08  0.00000000e+00  6.25378086e-08 -1.61034984e-04 
 2.33271835e-08  0.00000000e+00  6.25378153e-08 -1.46641354e-04 
 2.33436680e-08  0.00000000e+00  6.25378128e-08 -1.74143442e-04 
 2.33616532e-08  0.00000000e+00  6.25378048e-08 -1.78955700e-04 
 2.33809614e-08  0.00000000e+00  6.25378021e-08 -1.51370504e-04 
 2.33981692e-08  0.00000000e+00  6.25378220e-08 -1.68069979e-04 
 2.34165920e-08  0.00000000e+00  6.25378199e-08 -1.39683540e-04 
 2.34330794e-08  0.00000000e+00  6.25378041e-08 -1.81052445e-04 
 2.34510678e-08  0.00000000e+00  6.25378096e-08 -1.72012646e-04 
 2.34703736e-08  0.00000000e+00  6.25378121e-08 -1.58259300e-04 
 2.34875778e-08  0.00000000e+00  6.25378113e-08 -1.61238458e-04 
 2.35060007e-08  0.00000000e+00  6.25378116e-08 -1.46563332e-04 
 2.35224910e-08  0.00000000e+00  6.25378095e-08 -1.74155118e-04 
 2.35404824e-08  0.00000000e+00  6.25378197e-08 -1.78850194e-04 
 2.35597859e-08  0.00000000e+00  6.25378132e-08 -1.51394424e-04 
 2.35769866e-08  0.00000000e+00  6.25378045e-08 -1.68130301e-04 
 2.35954096e-08  0.00000000e+00  6.25378058e-08 -1.39744378e-04 
 2.36119026e-08  0.00000000e+00  6.25377999e-08 -1.80927976e-04 
 2.36298970e-08  0.00000000e+00  6.25378039e-08 -1.72046608e-04 
 2.36491982e-08  0.00000000e+00  6.25378038e-08 -1.58146450e-04 
 2.36663955e-08  0.00000000e+00  6.25378012e-08 -1.61432404e-04 
 2.36848186e-08  0.00000000e+00  6.25378148e-08 -1.46486214e-04 
 2.37013143e-08  0.00000000e+00  6.25378245e-08 -1.74171375e-04 
 2.37193115e-08  0.00000000e+00  6.25378140e-08 -1.78746502e-04 
 2.37386106e-08  0.00000000e+00  6.25378016e-08 -1.51422006e-04 
 2.37558046e-08  0.00000000e+00  6.25378125e-08 -1.68180616e-04 
 2.37742278e-08  0.00000000e+00  6.25378227e-08 -1.39806834e-04 
 2.37907260e-08  0.00000000e+00  6.25378121e-08 -1.80807160e-04 
 2.38087261e-08  0.00000000e+00  6.25378067e-08 -1.72083101e-04 
 2.38280230e-08  0.00000000e+00  6.25378143e-08 -1.58036415e-04 
 2.38452139e-08  0.00000000e+00  6.25378164e-08 -1.61617402e-04 
 2.38636372e-08  0.00000000e+00  6.25377994e-08 -1.46409934e-04 
 2.38801379e-08  0.00000000e+00  6.25378044e-08 -1.74191805e-04 
 2.38981407e-08  0.00000000e+00  6.25378178e-08 -1.78644665e-04 
 2.39174355e-08  0.00000000e+00  6.25378176e-08 -1.51452902e-04 
 2.39346233e-08  0.00000000e+00  6.25378174e-08 -1.68221745e-04 
 2.39530467e-08  0.00000000e+00  6.25378110e-08 -1.39870592e-04 
 2.39695498e-08  0.00000000e+00  6.25378008e-08 -1.80689862e-04 
 2.39875552e-08  0.00000000e+00  6.25378051e-08 -1.72121896e-04 
 2.40068481e-08  0.00000000e+00  6.25378177e-08 -1.57929124e-04 
 2.40240329e-08  0.00000000e+00  6.25378065e-08 -1.61793979e-04 
 2.40424564e-08  0.00000000e+00  6.25378033e-08 -1.46334465e-04 
 2.40589618e-08  0.00000000e+00  6.25378102e-08 -1.74216003e-04 
 2.40769698e-08  0.00000000e+00  6.25378128e-08 -1.78544728e-04 
 2.40962607e-08  0.00000000e+00  6.25378135e-08 -1.51486767e-04 
 2.41134426e-08  0.00000000e+00  6.25378126e-08 -1.68254470e-04 
 2.41318662e-08  0.00000000e+00  6.25378054e-08 -1.39935357e-04 
 2.41483738e-08  0.00000000e+00  6.25378074e-08 -1.80575965e-04 
 2.41663843e-08  0.00000000e+00  6.25378090e-08 -1.72162755e-04 
 2.41856734e-08  0.00000000e+00  6.25378165e-08 -1.57824516e-04 
 2.42028524e-08  0.00000000e+00  6.25378105e-08 -1.61962615e-04 
 2.42212762e-08  0.00000000e+00  6.25378017e-08 -1.46259804e-04 
 2.42377860e-08  0.00000000e+00  6.25378111e-08 -1.74243581e-04 
 2.42557989e-08  0.00000000e+00  6.25378027e-08 -1.78446732e-04 
 2.42750861e-08  0.00000000e+00  6.25378116e-08 -1.51523270e-04 
 2.42922624e-08  0.00000000e+00  6.25378151e-08 -1.68279530e-04 
 2.43106863e-08  0.00000000e+00  6.25378092e-08 -1.40000861e-04 
 2.43271981e-08  0.00000000e+00  6.25378064e-08 -1.80465363e-04 
 2.43452134e-08  0.00000000e+00  6.25378083e-08 -1.72205445e-04 
 2.43644989e-08  0.00000000e+00  6.25378178e-08 -1.57722538e-04 
 2.43816726e-08  0.00000000e+00  6.25378174e-08 -1.62123759e-04 
 2.44000965e-08  0.00000000e+00  6.25378122e-08 -1.46185961e-04 
 2.44166104e-08  0.00000000e+00  6.25378105e-08 -1.74274171e-04 
 2.44346279e-08  0.00000000e+00  6.25378114e-08 -1.78350710e-04 
 2.44539117e-08  0.00000000e+00  6.25378084e-08 -1.51562095e-04 
 2.44710828e-08  0.00000000e+00  6.25378060e-08 -1.68297616e-04 
 2.44895069e-08  0.00000000e+00  6.25378032e-08 -1.40066861e-04 
 2.45060227e-08  0.00000000e+00  6.25378113e-08 -1.80357956e-04 
 2.45240423e-08  0.00000000e+00  6.25378031e-08 -1.72249741e-04 
 2.45433245e-08  0.00000000e+00  6.25378089e-08 -1.57623138e-04 
 2.45604932e-08  0.00000000e+00  6.25378254e-08 -1.62277827e-04 
 2.45789173e-08  0.00000000e+00  6.25378135e-08 -1.46112955e-04 
 2.45954350e-08  0.00000000e+00  6.25378126e-08 -1.74307429e-04 
 2.46134568e-08  0.00000000e+00  6.25378116e-08 -1.78256686e-04 
 2.46327374e-08  0.00000000e+00  6.25378076e-08 -1.51602951e-04 
 2.46499037e-08  0.00000000e+00  6.25378053e-08 -1.68309370e-04 
 2.46683279e-08  0.00000000e+00  6.25378027e-08 -1.40133141e-04 
 2.46848474e-08  0.00000000e+00  6.25378041e-08 -1.80253645e-04 
 2.47028712e-08  0.00000000e+00  6.25378045e-08 -1.72295430e-04 
 2.47221503e-08  0.00000000e+00  6.25378162e-08 -1.57526261e-04 
 2.47393143e-08  0.00000000e+00  6.25378093e-08 -1.62425212e-04 
 2.47577386e-08  0.00000000e+00  6.25378040e-08 -1.46040807e-04 
 2.47742617e-08  0.00000000e+00  6.25378164e-08 -1.74347287e-04 
 2.47922866e-08  0.00000000e+00  6.25378226e-08 -1.78162796e-04 
 2.48115647e-08  0.00000000e+00  6.25378165e-08 -1.51646678e-04 
 2.48287261e-08  0.00000000e+00  6.25378042e-08 -1.68314452e-04 
 2.48471502e-08  0.00000000e+00  6.25378006e-08 -1.40199479e-04 
 2.48636787e-08  0.00000000e+00  6.25378052e-08 -1.80167629e-04 
 2.48817032e-08  0.00000000e+00  6.25378197e-08 -1.72335555e-04 
 2.49009810e-08  0.00000000e+00  6.25378117e-08 -1.57435929e-04 
 2.49181390e-08  0.00000000e+00  6.25378085e-08 -1.62562886e-04 
 2.49365627e-08  0.00000000e+00  6.25378117e-08 -1.45969757e-04 
 2.49530957e-08  0.00000000e+00  6.25378095e-08 -1.74406484e-04 
 2.49711196e-08  0.00000000e+00  6.25378148e-08 -1.78063973e-04 
 2.49903968e-08  0.00000000e+00  6.25378171e-08 -1.51696408e-04 
 2.50075516e-08  0.00000000e+00  6.25378107e-08 -1.68310324e-04 
 2.50259749e-08  0.00000000e+00  6.25378071e-08 -1.40266365e-04 
 2.50425123e-08  0.00000000e+00  6.25378155e-08 -1.80088854e-04 
 2.50605356e-08  0.00000000e+00  6.25378051e-08 -1.72376823e-04 
 2.50798125e-08  0.00000000e+00  6.25378079e-08 -1.57348843e-04 
 2.50969645e-08  0.00000000e+00  6.25378129e-08 -1.62692780e-04 
 2.51153874e-08  0.00000000e+00  6.25378124e-08 -1.45899816e-04 
 2.51319290e-08  0.00000000e+00  6.25378165e-08 -1.74464701e-04 
 2.51499519e-08  0.00000000e+00  6.25378089e-08 -1.77970155e-04 
 2.51692285e-08  0.00000000e+00  6.25378051e-08 -1.51746829e-04 
 2.51863776e-08  0.00000000e+00  6.25378050e-08 -1.68300471e-04 
 2.52048002e-08  0.00000000e+00  6.25378045e-08 -1.40332865e-04 
 2.52213457e-08  0.00000000e+00  6.25378056e-08 -1.80011814e-04 
 2.52393681e-08  0.00000000e+00  6.25378091e-08 -1.72419978e-04 
 2.52586444e-08  0.00000000e+00  6.25378124e-08 -1.57264420e-04 
 2.52757909e-08  0.00000000e+00  6.25378192e-08 -1.62815649e-04 
 2.52942131e-08  0.00000000e+00  6.25378140e-08 -1.45830820e-04 
 2.53107624e-08  0.00000000e+00  6.25378094e-08 -1.74523480e-04 
 2.53287844e-08  0.00000000e+00  6.25378081e-08 -1.77879340e-04 
 2.53480603e-08  0.00000000e+00  6.25378014e-08 -1.51798471e-04 
 2.53652043e-08  0.00000000e+00  6.25378107e-08 -1.68285343e-04 
 2.53836262e-08  0.00000000e+00  6.25378202e-08 -1.40398987e-04 
 2.54001791e-08  0.00000000e+00  6.25378116e-08 -1.79936231e-04 
 2.54182007e-08  0.00000000e+00  6.25378045e-08 -1.72465026e-04 
 2.54374762e-08  0.00000000e+00  6.25378080e-08 -1.57182310e-04 
 2.54546179e-08  0.00000000e+00  6.25378076e-08 -1.62932247e-04 
 2.54730395e-08  0.00000000e+00  6.25378116e-08 -1.45762716e-04 
 2.54895957e-08  0.00000000e+00  6.25378133e-08 -1.74582527e-04 
 2.55076169e-08  0.00000000e+00  6.25378163e-08 -1.77791448e-04 
 2.55268922e-08  0.00000000e+00  6.25378219e-08 -1.51851078e-04 
 2.55440317e-08  0.00000000e+00  6.25378103e-08 -1.68265565e-04 
 2.55624529e-08  0.00000000e+00  6.25377953e-08 -1.40464640e-04 
 2.55790124e-08  0.00000000e+00  6.25378035e-08 -1.79862181e-04 
 2.55970332e-08  0.00000000e+00  6.25378148e-08 -1.72511565e-04 
 2.56163082e-08  0.00000000e+00  6.25378109e-08 -1.57102431e-04 
 2.56334455e-08  0.00000000e+00  6.25378058e-08 -1.63043100e-04 
 2.56518665e-08  0.00000000e+00  6.25378088e-08 -1.45695516e-04 
 2.56684290e-08  0.00000000e+00  6.25378175e-08 -1.74641652e-04 
 2.56864495e-08  0.00000000e+00  6.25378081e-08 -1.77706357e-04 
 2.57057243e-08  0.00000000e+00  6.25378076e-08 -1.51904408e-04 
 2.57228595e-08  0.00000000e+00  6.25378191e-08 -1.68241744e-04 
 2.57412803e-08  0.00000000e+00  6.25378156e-08 -1.40529730e-04 
 2.57578456e-08  0.00000000e+00  6.25378130e-08 -1.79789634e-04 
 2.57758658e-08  0.00000000e+00  6.25378124e-08 -1.72559328e-04 
 2.57951403e-08  0.00000000e+00  6.25378082e-08 -1.57024677e-04 
 2.58122737e-08  0.00000000e+00  6.25378073e-08 -1.63148676e-04 
 2.58306941e-08  0.00000000e+00  6.25378152e-08 -1.45629231e-04 
 2.58472622e-08  0.00000000e+00  6.25378075e-08 -1.74700734e-04 
 2.58652821e-08  0.00000000e+00  6.25378005e-08 -1.77623906e-04 
 2.58845564e-08  0.00000000e+00  6.25378023e-08 -1.51958269e-04 
 2.59016879e-08  0.00000000e+00  6.25378081e-08 -1.68214412e-04 
 2.59201081e-08  0.00000000e+00  6.25378157e-08 -1.40594184e-04 
 2.59366788e-08  0.00000000e+00  6.25378076e-08 -1.79718549e-04 
 2.59546985e-08  0.00000000e+00  6.25378024e-08 -1.72608086e-04 
 2.59739724e-08  0.00000000e+00  6.25378149e-08 -1.56948941e-04 
 2.59911023e-08  0.00000000e+00  6.25378193e-08 -1.63249402e-04 
 2.60095223e-08  0.00000000e+00  6.25378155e-08 -1.45563870e-04 
 2.60260954e-08  0.00000000e+00  6.25378134e-08 -1.74759663e-04 
 2.60441148e-08  0.00000000e+00  6.25378112e-08 -1.77543948e-04 
 2.60633885e-08  0.00000000e+00  6.25378080e-08 -1.52012492e-04 
 2.60805167e-08  0.00000000e+00  6.25378069e-08 -1.68184043e-04 
 2.60989365e-08  0.00000000e+00  6.25378093e-08 -1.40657946e-04 
 2.61155120e-08  0.00000000e+00  6.25378126e-08 -1.79648889e-04 
 2.61335311e-08  0.00000000e+00  6.25378067e-08 -1.72657635e-04 
 2.61528047e-08  0.00000000e+00  6.25378121e-08 -1.56875129e-04 
 2.61699313e-08  0.00000000e+00  6.25378184e-08 -1.63345663e-04 
 2.61883509e-08  0.00000000e+00  6.25377976e-08 -1.45499438e-04 
 2.62049285e-08  0.00000000e+00  6.25377997e-08 -1.74818345e-04 
 2.62229475e-08  0.00000000e+00  6.25378130e-08 -1.77466344e-04 
 2.62422208e-08  0.00000000e+00  6.25378174e-08 -1.52066929e-04 
 2.62593459e-08  0.00000000e+00  6.25378126e-08 -1.68151056e-04 
 2.62777653e-08  0.00000000e+00  6.25378086e-08 -1.40720966e-04 
 2.62943451e-08  0.00000000e+00  6.25378100e-08 -1.79580617e-04 
 2.63123638e-08  0.00000000e+00  6.25378082e-08 -1.72707793e-04 
 2.63316369e-08  0.00000000e+00  6.25378123e-08 -1.56803150e-04 
 2.63487607e-08  0.00000000e+00  6.25378064e-08 -1.63437810e-04 
 2.63671799e-08  0.00000000e+00  6.25378042e-08 -1.45435940e-04 
 2.63837616e-08  0.00000000e+00  6.25378107e-08 -1.74876700e-04 
 2.64017801e-08  0.00000000e+00  6.25378186e-08 -1.77390968e-04 
 2.64210531e-08  0.00000000e+00  6.25378146e-08 -1.52121452e-04 
 2.64381755e-08  0.00000000e+00  6.25377999e-08 -1.68115826e-04 
 2.64565946e-08  0.00000000e+00  6.25378082e-08 -1.40783209e-04 
 2.64731782e-08  0.00000000e+00  6.25378120e-08 -1.79513697e-04 
 2.64911965e-08  0.00000000e+00  6.25378035e-08 -1.72758398e-04 
 2.65104693e-08  0.00000000e+00  6.25378081e-08 -1.56732920e-04 
 2.65275904e-08  0.00000000e+00  6.25378120e-08 -1.63526158e-04 
 2.65460093e-08  0.00000000e+00  6.25378066e-08 -1.45373377e-04 
 2.65625947e-08  0.00000000e+00  6.25378154e-08 -1.74934656e-04 
 2.65806128e-08  0.00000000e+00  6.25378238e-08 -1.77317701e-04 
 2.65998854e-08  0.00000000e+00  6.25378132e-08 -1.52175949e-04 
 2.66170054e-08  0.00000000e+00  6.25378034e-08 -1.68078683e-04 
 2.66354241e-08  0.00000000e+00  6.25378066e-08 -1.40844645e-04 
 2.66520112e-08  0.00000000e+00  6.25378072e-08 -1.79448092e-04 
 2.66700292e-08  0.00000000e+00  6.25378149e-08 -1.72809309e-04 
 2.66893016e-08  0.00000000e+00  6.25378193e-08 -1.56664363e-04 
 2.67064205e-08  0.00000000e+00  6.25378147e-08 -1.63610993e-04 
 2.67248391e-08  0.00000000e+00  6.25378115e-08 -1.45311750e-04 
 2.67414278e-08  0.00000000e+00  6.25378060e-08 -1.74992155e-04 
 2.67594455e-08  0.00000000e+00  6.25378071e-08 -1.77246431e-04 
 2.67787178e-08  0.00000000e+00  6.25378066e-08 -1.52230322e-04 
 2.67958356e-08  0.00000000e+00  6.25378056e-08 -1.68039921e-04 
 2.68142540e-08  0.00000000e+00  6.25378086e-08 -1.40905253e-04 
 2.68308443e-08  0.00000000e+00  6.25378146e-08 -1.79383767e-04 
 2.68488619e-08  0.00000000e+00  6.25378142e-08 -1.72860399e-04 
 2.68681340e-08  0.00000000e+00  6.25378146e-08 -1.56597405e-04 
 2.68852508e-08  0.00000000e+00  6.25378171e-08 -1.63692575e-04 
 2.69036691e-08  0.00000000e+00  6.25378097e-08 -1.45251057e-04 
 2.69202608e-08  0.00000000e+00  6.25378102e-08 -1.75049145e-04 
 2.69382783e-08  0.00000000e+00  6.25378113e-08 -1.77177057e-04 
 2.69575503e-08  0.00000000e+00  6.25378076e-08 -1.52284486e-04 
 2.69746660e-08  0.00000000e+00  6.25378042e-08 -1.67999803e-04 
 2.69930842e-08  0.00000000e+00  6.25377961e-08 -1.40965017e-04 
 2.70096773e-08  0.00000000e+00  6.25378096e-08 -1.79320688e-04 
 2.70276946e-08  0.00000000e+00  6.25378199e-08 -1.72911557e-04 
 2.70469665e-08  0.00000000e+00  6.25378169e-08 -1.56531979e-04 
 2.70640813e-08  0.00000000e+00  6.25378121e-08 -1.63771139e-04 
 2.70824994e-08  0.00000000e+00  6.25378077e-08 -1.45191294e-04 
 2.70990938e-08  0.00000000e+00  6.25378044e-08 -1.75105583e-04 
 2.71171110e-08  0.00000000e+00  6.25378083e-08 -1.77109482e-04 
 2.71363827e-08  0.00000000e+00  6.25378166e-08 -1.52338367e-04 
 2.71534967e-08  0.00000000e+00  6.25378178e-08 -1.67958559e-04 
 2.71719147e-08  0.00000000e+00  6.25378223e-08 -1.41023925e-04 
 2.71885102e-08  0.00000000e+00  6.25378122e-08 -1.79258823e-04 
 2.72065274e-08  0.00000000e+00  6.25378102e-08 -1.72962687e-04 
 2.72257990e-08  0.00000000e+00  6.25378086e-08 -1.56468023e-04 
 2.72429121e-08  0.00000000e+00  6.25377999e-08 -1.63846900e-04 
 2.72613300e-08  0.00000000e+00  6.25378043e-08 -1.45132456e-04 
 2.72779267e-08  0.00000000e+00  6.25377995e-08 -1.75161434e-04 
 2.72959437e-08  0.00000000e+00  6.25378091e-08 -1.77043619e-04 
 2.73152152e-08  0.00000000e+00  6.25378179e-08 -1.52391903e-04 
 2.73323276e-08  0.00000000e+00  6.25378086e-08 -1.67916396e-04 
 2.73507454e-08  0.00000000e+00  6.25378205e-08 -1.41081972e-04 
 2.73673432e-08  0.00000000e+00  6.25378173e-08 -1.79198138e-04 
 2.73853601e-08  0.00000000e+00  6.25378026e-08 -1.73013703e-04 
 2.74046315e-08  0.00000000e+00  6.25378052e-08 -1.56405476e-04 
 2.74217431e-08  0.00000000e+00  6.25378135e-08 -1.63920051e-04 
 2.74401608e-08  0.00000000e+00  6.25378105e-08 -1.45074538e-04 
 2.74567597e-08  0.00000000e+00  6.25377952e-08 -1.75216668e-04 
 2.74747765e-08  0.00000000e+00  6.25377975e-08 -1.76979385e-04 
 2.74940478e-08  0.00000000e+00  6.25378170e-08 -1.52445039e-04 
 2.75111587e-08  0.00000000e+00  6.25378176e-08 -1.67873495e-04 
 2.75295763e-08  0.00000000e+00  6.25378144e-08 -1.41139153e-04 
 2.75461762e-08  0.00000000e+00  6.25378145e-08 -1.79138603e-04 
 2.75641928e-08  0.00000000e+00  6.25378091e-08 -1.73064528e-04 
 2.75834641e-08  0.00000000e+00  6.25378063e-08 -1.56344284e-04 
 2.76005743e-08  0.00000000e+00  6.25378098e-08 -1.63990769e-04 
 2.76189918e-08  0.00000000e+00  6.25378120e-08 -1.45017532e-04 
 2.76355926e-08  0.00000000e+00  6.25378139e-08 -1.75271259e-04 
 2.76536092e-08  0.00000000e+00  6.25378115e-08 -1.76916704e-04 
 2.76728803e-08  0.00000000e+00  6.25378050e-08 -1.52497729e-04 
 2.76899899e-08  0.00000000e+00  6.25378125e-08 -1.67830018e-04 
 2.77084074e-08  0.00000000e+00  6.25378124e-08 -1.41195468e-04 
 2.77250091e-08  0.00000000e+00  6.25378097e-08 -1.79080188e-04 
 2.77430256e-08  0.00000000e+00  6.25378134e-08 -1.73115099e-04 
 2.77622966e-08  0.00000000e+00  6.25378153e-08 -1.56284396e-04 
 2.77794056e-08  0.00000000e+00  6.25378135e-08 -1.64059214e-04 
 2.77978230e-08  0.00000000e+00  6.25378118e-08 -1.44961430e-04 
 2.78144255e-08  0.00000000e+00  6.25378090e-08 -1.75325186e-04 
 2.78324420e-08  0.00000000e+00  6.25378036e-08 -1.76855505e-04 
 2.78517129e-08  0.00000000e+00  6.25378052e-08 -1.52549932e-04 
 2.78688213e-08  0.00000000e+00  6.25378167e-08 -1.67786108e-04 
 2.78872386e-08  0.00000000e+00  6.25378165e-08 -1.41250919e-04 
 2.79038420e-08  0.00000000e+00  6.25378082e-08 -1.79022863e-04 
 2.79218583e-08  0.00000000e+00  6.25378092e-08 -1.73165357e-04 
 2.79411292e-08  0.00000000e+00  6.25378200e-08 -1.56225763e-04 
 2.79582371e-08  0.00000000e+00  6.25378135e-08 -1.64125534e-04 
 2.79766543e-08  0.00000000e+00  6.25377901e-08 -1.44906222e-04 
 2.79932584e-08  0.00000000e+00  6.25377968e-08 -1.75378435e-04 
 2.80112747e-08  0.00000000e+00  6.25378112e-08 -1.76795722e-04 
 2.80305455e-08  0.00000000e+00  6.25378056e-08 -1.52601615e-04 
 2.80476529e-08  0.00000000e+00  6.25378108e-08 -1.67741892e-04 
 2.80660700e-08  0.00000000e+00  6.25378118e-08 -1.41305510e-04 
 2.80826749e-08  0.00000000e+00  6.25378107e-08 -1.78966600e-04 
 2.81006911e-08  0.00000000e+00  6.25378226e-08 -1.73215254e-04 
 2.81199618e-08  0.00000000e+00  6.25378179e-08 -1.56168341e-04 
 2.81370687e-08  0.00000000e+00  6.25378146e-08 -1.64189861e-04 
 2.81554858e-08  0.00000000e+00  6.25378063e-08 -1.44851899e-04 
 2.81720913e-08  0.00000000e+00  6.25378058e-08 -1.75430992e-04 
 2.81901075e-08  0.00000000e+00  6.25378137e-08 -1.76737294e-04 
 2.82093781e-08  0.00000000e+00  6.25378121e-08 -1.52652748e-04 
 2.82264845e-08  0.00000000e+00  6.25378148e-08 -1.67697481e-04 
 2.82449016e-08  0.00000000e+00  6.25378060e-08 -1.41359246e-04 
 2.82615078e-08  0.00000000e+00  6.25378018e-08 -1.78911374e-04 
 2.82795239e-08  0.00000000e+00  6.25378121e-08 -1.73264745e-04 
 2.82987945e-08  0.00000000e+00  6.25378116e-08 -1.56112087e-04 
 2.83159004e-08  0.00000000e+00  6.25378037e-08 -1.64252316e-04 
 2.83343174e-08  0.00000000e+00  6.25378002e-08 -1.44798451e-04 
 2.83509242e-08  0.00000000e+00  6.25378155e-08 -1.75482848e-04 
 2.83689402e-08  0.00000000e+00  6.25378278e-08 -1.76680164e-04 
 2.83882108e-08  0.00000000e+00  6.25378167e-08 -1.52703309e-04 
 2.84053163e-08  0.00000000e+00  6.25378054e-08 -1.67652975e-04 
 2.84237333e-08  0.00000000e+00  6.25378034e-08 -1.41412134e-04 
 2.84403407e-08  0.00000000e+00  6.25378032e-08 -1.78857157e-04 
 2.84583566e-08  0.00000000e+00  6.25377974e-08 -1.73313794e-04 
 2.84776271e-08  0.00000000e+00  6.25378061e-08 -1.56056961e-04 
 2.84947322e-08  0.00000000e+00  6.25378129e-08 -1.64313011e-04 
 2.85131492e-08  0.00000000e+00  6.25378113e-08 -1.44745866e-04 
 2.85297571e-08  0.00000000e+00  6.25378159e-08 -1.75533994e-04 
 2.85477730e-08  0.00000000e+00  6.25378223e-08 -1.76624279e-04 
 2.85670434e-08  0.00000000e+00  6.25378208e-08 -1.52753277e-04 
 2.85841482e-08  0.00000000e+00  6.25378135e-08 -1.67608459e-04 
 2.86025651e-08  0.00000000e+00  6.25378087e-08 -1.41464181e-04 
 2.86191735e-08  0.00000000e+00  6.25378115e-08 -1.78803925e-04 
 2.86371894e-08  0.00000000e+00  6.25377996e-08 -1.73362369e-04 
 2.86564598e-08  0.00000000e+00  6.25378062e-08 -1.56002926e-04 
 2.86735642e-08  0.00000000e+00  6.25378182e-08 -1.64372046e-04 
 2.86919810e-08  0.00000000e+00  6.25378100e-08 -1.44694134e-04 
 2.87085900e-08  0.00000000e+00  6.25378015e-08 -1.75584427e-04 
 2.87266058e-08  0.00000000e+00  6.25378036e-08 -1.76569591e-04 
 2.87458761e-08  0.00000000e+00  6.25378113e-08 -1.52802636e-04 
 2.87629802e-08  0.00000000e+00  6.25378095e-08 -1.67564012e-04 
 2.87813969e-08  0.00000000e+00  6.25378057e-08 -1.41515396e-04 
 2.87980064e-08  0.00000000e+00  6.25378045e-08 -1.78751653e-04 
 2.88160222e-08  0.00000000e+00  6.25378080e-08 -1.73410443e-04 
 2.88352924e-08  0.00000000e+00  6.25378151e-08 -1.55949948e-04 
 2.88523962e-08  0.00000000e+00  6.25378173e-08 -1.64429513e-04 
 2.88708129e-08  0.00000000e+00  6.25378118e-08 -1.44643242e-04 
 2.88874228e-08  0.00000000e+00  6.25378108e-08 -1.75634144e-04 
 2.89054385e-08  0.00000000e+00  6.25378097e-08 -1.76516053e-04 
 2.89247088e-08  0.00000000e+00  6.25378172e-08 -1.52851373e-04 
 2.89418122e-08  0.00000000e+00  6.25378127e-08 -1.67519700e-04 
 2.89602289e-08  0.00000000e+00  6.25378018e-08 -1.41565789e-04 
 2.89768392e-08  0.00000000e+00  6.25378063e-08 -1.78700321e-04 
 2.89948549e-08  0.00000000e+00  6.25378054e-08 -1.73457993e-04 
 2.90141251e-08  0.00000000e+00  6.25378110e-08 -1.55897993e-04 
 2.90312283e-08  0.00000000e+00  6.25378197e-08 -1.64485498e-04 
 2.90496449e-08  0.00000000e+00  6.25378160e-08 -1.44593180e-04 
 2.90662557e-08  0.00000000e+00  6.25378075e-08 -1.75683144e-04 
 2.90842713e-08  0.00000000e+00  6.25378110e-08 -1.76463623e-04 
 2.91035414e-08  0.00000000e+00  6.25378133e-08 -1.52899478e-04 
 2.91206443e-08  0.00000000e+00  6.25378118e-08 -1.67475583e-04 
 2.91390610e-08  0.00000000e+00  6.25378109e-08 -1.41615370e-04 
 2.91556721e-08  0.00000000e+00  6.25378065e-08 -1.78649904e-04 
 2.91736877e-08  0.00000000e+00  6.25378121e-08 -1.73505000e-04 
 2.91929578e-08  0.00000000e+00  6.25378127e-08 -1.55847030e-04 
 2.92100604e-08  0.00000000e+00  6.25378024e-08 -1.64540078e-04 
 2.92284770e-08  0.00000000e+00  6.25378022e-08 -1.44543935e-04 
 2.92450885e-08  0.00000000e+00  6.25378043e-08 -1.75731427e-04 
 2.92631041e-08  0.00000000e+00  6.25378053e-08 -1.76412261e-04 
 2.92823741e-08  0.00000000e+00  6.25378154e-08 -1.52946942e-04 
 2.92994765e-08  0.00000000e+00  6.25378211e-08 -1.67431713e-04 
 2.93178931e-08  0.00000000e+00  6.25378063e-08 -1.41664148e-04 
 2.93345049e-08  0.00000000e+00  6.25378016e-08 -1.78600382e-04 
 2.93525205e-08  0.00000000e+00  6.25378030e-08 -1.73551447e-04 
 2.93717905e-08  0.00000000e+00  6.25378127e-08 -1.55797031e-04 
 2.93888927e-08  0.00000000e+00  6.25378168e-08 -1.64593323e-04 
 2.94073092e-08  0.00000000e+00  6.25378068e-08 -1.44495495e-04 
 2.94239213e-08  0.00000000e+00  6.25378076e-08 -1.75778994e-04 
 2.94419369e-08  0.00000000e+00  6.25378153e-08 -1.76361931e-04 
 2.94612068e-08  0.00000000e+00  6.25378176e-08 -1.52993760e-04 
 2.94783088e-08  0.00000000e+00  6.25378124e-08 -1.67388134e-04 
 2.94967253e-08  0.00000000e+00  6.25378139e-08 -1.41712135e-04 
 2.95133377e-08  0.00000000e+00  6.25378056e-08 -1.78551734e-04 
 2.95313532e-08  0.00000000e+00  6.25378122e-08 -1.73597322e-04 
 2.95506232e-08  0.00000000e+00  6.25378173e-08 -1.55747968e-04 
 2.95677249e-08  0.00000000e+00  6.25378108e-08 -1.64645299e-04 
 2.95861414e-08  0.00000000e+00  6.25378104e-08 -1.44447849e-04 
 2.96027542e-08  0.00000000e+00  6.25378096e-08 -1.75825850e-04 
 2.96207696e-08  0.00000000e+00  6.25378092e-08 -1.76312596e-04 
 2.96400396e-08  0.00000000e+00  6.25378104e-08 -1.53039929e-04 
 2.96571411e-08  0.00000000e+00  6.25378072e-08 -1.67344886e-04 
 2.96755576e-08  0.00000000e+00  6.25377993e-08 -1.41759342e-04 
 2.96921706e-08  0.00000000e+00  6.25378079e-08 -1.78503941e-04 
 2.97101860e-08  0.00000000e+00  6.25378212e-08 -1.73642613e-04 
 2.97294559e-08  0.00000000e+00  6.25378123e-08 -1.55699814e-04 
 2.97465573e-08  0.00000000e+00  6.25378071e-08 -1.64696065e-04 
 2.97649737e-08  0.00000000e+00  6.25378090e-08 -1.44400983e-04 
 2.97815870e-08  0.00000000e+00  6.25378153e-08 -1.75871997e-04 
 2.97996024e-08  0.00000000e+00  6.25378136e-08 -1.76264225e-04 
 2.98188723e-08  0.00000000e+00  6.25378150e-08 -1.53085446e-04 
 2.98359734e-08  0.00000000e+00  6.25378179e-08 -1.67302003e-04 
 2.98543899e-08  0.00000000e+00  6.25378120e-08 -1.41805779e-04 
 2.98710034e-08  0.00000000e+00  6.25378076e-08 -1.78456984e-04 
 2.98890188e-08  0.00000000e+00  6.25378015e-08 -1.73687313e-04 
 2.99082886e-08  0.00000000e+00  6.25378128e-08 -1.55652546e-04 
 2.99253896e-08  0.00000000e+00  6.25378204e-08 -1.64745676e-04 
 2.99438060e-08  0.00000000e+00  6.25378135e-08 -1.44354887e-04 
 2.99604198e-08  0.00000000e+00  6.25378066e-08 -1.75917441e-04 
 2.99784352e-08  0.00000000e+00  6.25377970e-08 -1.76216788e-04 
 2.99892176e-08  0.00000000e+00  6.25378007e-08 -1.54182021e-04 
 3.00000000e-08  3.97046694e-14  6.25378097e-08 -1.61776628e-04 
 3.00021565e-08  2.58777883e-02  6.25378049e-08 -1.39030424e-04 
 3.00064694e-08  7.76333650e-02  6.25377967e-08 -1.41774473e-04 
 3.00150954e-08  1.81144518e-01  6.25377990e-08 -1.34528401e-04 
 3.00303008e-08  3.63609254e-01  6.25378117e-08 -1.17951331e-04 
 3.00465309e-08  5.58370720e-01  6.25378132e-08 -1.43915864e-04 
 3.00627348e-08  7.52817621e-01  6.25378263e-08 -1.79541304e-04 
 3.00813674e-08  9.76408810e-01  6.25378218e-08 -1.78078918e-04 
 3.00906837e-08  1.08820441e+00  6.25378108e-08 -2.01762059e-04 
 3.01000000e-08  1.20000000e+00  6.25378013e-08 -2.36340960e-04 
 3.01018633e-08  1.20000000e+00  6.25378018e-08 -2.47946011e-04 
 3.01055898e-08  1.20000000e+00  6.25378049e-08 -2.43916542e-04 
 3.01130428e-08  1.20000000e+00  6.25378073e-08 -2.21832652e-04 
 3.01264349e-08  1.20000000e+00  6.25378075e-08 -1.95956020e-04 
 3.01406667e-08  1.20000000e+00  6.25378117e-08 -2.42653525e-04 
 3.01556162e-08  1.20000000e+00  6.25378130e-08 -2.59531860e-04 
 3.01739351e-08  1.20000000e+00  6.25378149e-08 -2.41990478e-04 
 3.01900353e-08  1.20000000e+00  6.25378114e-08 -2.68306453e-04 
 3.02080295e-08  1.20000000e+00  6.25378063e-08 -2.17530623e-04 
 3.02250289e-08  1.20000000e+00  6.25378069e-08 -2.25401780e-04 
 3.02432976e-08  1.20000000e+00  6.25378042e-08 -2.66589281e-04 
 3.02599749e-08  1.20000000e+00  6.25378012e-08 -2.39682970e-04 
 3.02791776e-08  1.20000000e+00  6.25378048e-08 -2.71745533e-04 
 3.02972681e-08  1.20000000e+00  6.25378132e-08 -2.16841043e-04 
 3.03156542e-08  1.20000000e+00  6.25378196e-08 -2.32043317e-04 
 3.03323008e-08  1.20000000e+00  6.25378164e-08 -2.64655889e-04 
 3.03500497e-08  1.20000000e+00  6.25378143e-08 -2.41411384e-04 
 3.03685117e-08  1.20000000e+00  6.25378031e-08 -2.69832919e-04 
 3.03864591e-08  1.20000000e+00  6.25378019e-08 -2.19160562e-04 
 3.04047079e-08  1.20000000e+00  6.25378172e-08 -2.29360050e-04 
 3.04233569e-08  1.20000000e+00  6.25378148e-08 -2.64773080e-04 
 3.04401421e-08  1.20000000e+00  6.25378106e-08 -2.39845637e-04 
 3.04573679e-08  1.20000000e+00  6.25378091e-08 -2.72139323e-04 
 3.04757777e-08  1.20000000e+00  6.25378040e-08 -2.16987037e-04 
 3.04931986e-08  1.20000000e+00  6.25378095e-08 -2.29149981e-04 
 3.05097846e-08  1.20000000e+00  6.25378124e-08 -2.64004580e-04 
 3.05273368e-08  1.20000000e+00  6.25378081e-08 -2.42484067e-04 
 3.05455677e-08  1.20000000e+00  6.25378019e-08 -2.67736446e-04 
 3.05641677e-08  1.20000000e+00  6.25378078e-08 -2.24323769e-04 
 3.05822205e-08  1.20000000e+00  6.25378085e-08 -2.23584058e-04 
 3.05986983e-08  1.20000000e+00  6.25378064e-08 -2.68065826e-04 
 3.06165394e-08  1.20000000e+00  6.25378172e-08 -2.38314644e-04 
 3.06344919e-08  1.20000000e+00  6.25378094e-08 -2.71217997e-04 
 3.06534348e-08  1.20000000e+00  6.25378100e-08 -2.21085358e-04 
 3.06712268e-08  1.20000000e+00  6.25378150e-08 -2.26344516e-04 
 3.06876253e-08  1.20000000e+00  6.25378121e-08 -2.64174389e-04 
 3.07055194e-08  1.20000000e+00  6.25378163e-08 -2.42010252e-04 
 3.07233538e-08  1.20000000e+00  6.25378139e-08 -2.66963623e-04 
 3.07425545e-08  1.20000000e+00  6.25378137e-08 -2.25919357e-04 
 3.07601265e-08  1.20000000e+00  6.25378150e-08 -2.21349418e-04 
 3.07764115e-08  1.20000000e+00  6.25377976e-08 -2.67493704e-04 
 3.07943999e-08  1.20000000e+00  6.25377963e-08 -2.38659706e-04 
 3.08120595e-08  1.20000000e+00  6.25378101e-08 -2.69406490e-04 
 3.08294061e-08  1.20000000e+00  6.25378137e-08 -2.31461894e-04 
 3.08474355e-08  1.20000000e+00  6.25378113e-08 -2.18041116e-04 
 3.08637690e-08  1.20000000e+00  6.25378068e-08 -2.64074473e-04 
 3.08818160e-08  1.20000000e+00  6.25378165e-08 -2.42878893e-04 
 3.08990408e-08  1.20000000e+00  6.25378199e-08 -2.62477326e-04 
 3.09157451e-08  1.20000000e+00  6.25378109e-08 -2.44999282e-04 
 3.09336178e-08  1.20000000e+00  6.25378129e-08 -2.08540449e-04 
 3.09524772e-08  1.20000000e+00  6.25378136e-08 -2.66876615e-04 
 3.09695249e-08  1.20000000e+00  6.25378000e-08 -2.41670066e-04 
 3.09875977e-08  1.20000000e+00  6.25377973e-08 -2.64077856e-04 
 3.10042174e-08  1.20000000e+00  6.25378087e-08 -2.45001061e-04 
 3.10222293e-08  1.20000000e+00  6.25378216e-08 -2.10475689e-04 
 3.10405640e-08  1.20000000e+00  6.25378187e-08 -2.62671523e-04 
 3.10576986e-08  1.20000000e+00  6.25378104e-08 -2.46169542e-04 
 3.10755893e-08  1.20000000e+00  6.25378114e-08 -2.58409956e-04 
 3.10918585e-08  1.20000000e+00  6.25378169e-08 -2.53027973e-04 
 3.11099186e-08  1.20000000e+00  6.25378040e-08 -2.06725872e-04 
 3.11276524e-08  1.20000000e+00  6.25377978e-08 -2.60691221e-04 
 3.11448583e-08  1.20000000e+00  6.25378148e-08 -2.48095321e-04 
 3.11627414e-08  1.20000000e+00  6.25378222e-08 -2.55247484e-04 
 3.11785047e-08  1.20000000e+00  6.25378141e-08 -2.58897695e-04 
 3.11965193e-08  1.20000000e+00  6.25378052e-08 -2.09491423e-04 
 3.12136130e-08  1.20000000e+00  6.25378165e-08 -2.48208087e-04 
 3.12307815e-08  1.20000000e+00  6.25378105e-08 -2.57499795e-04 
 3.12486420e-08  1.20000000e+00  6.25378051e-08 -2.45434333e-04 
 3.12639119e-08  1.20000000e+00  6.25378079e-08 -2.68989948e-04 
 3.12821372e-08  1.20000000e+00  6.25378081e-08 -2.12528637e-04 
 3.12986937e-08  1.20000000e+00  6.25378101e-08 -2.34655613e-04 
 3.13162180e-08  1.20000000e+00  6.25378081e-08 -2.61549580e-04 
 3.13331911e-08  1.20000000e+00  6.25378168e-08 -2.43036848e-04 
 3.13502599e-08  1.20000000e+00  6.25378180e-08 -2.67550381e-04 
 3.13685498e-08  1.20000000e+00  6.25378097e-08 -2.23455275e-04 
 3.13865198e-08  1.20000000e+00  6.25378077e-08 -2.25616106e-04 
 3.14049693e-08  1.20000000e+00  6.25378075e-08 -2.65544173e-04 
 3.14218884e-08  1.20000000e+00  6.25378022e-08 -2.39555008e-04 
 3.14411737e-08  1.20000000e+00  6.25378183e-08 -2.70935765e-04 
 3.14589811e-08  1.20000000e+00  6.25378178e-08 -2.17885623e-04 
 3.14779329e-08  1.20000000e+00  6.25378090e-08 -2.35747672e-04 
 3.14959976e-08  1.20000000e+00  6.25378089e-08 -2.60198884e-04 
 3.15131915e-08  1.20000000e+00  6.25378075e-08 -2.43226551e-04 
 3.15299197e-08  1.20000000e+00  6.25378119e-08 -2.68307531e-04 
 3.15480664e-08  1.20000000e+00  6.25378015e-08 -2.20739540e-04 
 3.15656243e-08  1.20000000e+00  6.25378063e-08 -2.28559008e-04 
 3.15836140e-08  1.20000000e+00  6.25378001e-08 -2.63708764e-04 
 3.16005670e-08  1.20000000e+00  6.25378161e-08 -2.40768024e-04 
 3.16199138e-08  1.20000000e+00  6.25378069e-08 -2.69473929e-04 
 3.16374518e-08  1.20000000e+00  6.25377822e-08 -2.20341855e-04 
 3.16566657e-08  1.20000000e+00  6.25378841e-08 -2.34605465e-04 
 3.16744997e-08  1.20000000e+00  6.25376992e-08 -2.61018420e-04 
 3.16918431e-08  1.20000000e+00  6.25378693e-08 -2.42177949e-04 
 3.17085808e-08  1.20000000e+00  6.25380818e-08 -2.68997938e-04 
 3.17266792e-08  1.20000000e+00  6.25368890e-08 -2.20620045e-04 
 3.17444232e-08  1.20000000e+00  6.25394090e-08 -2.29946029e-04 
 3.17622632e-08  1.20000000e+00  6.25363293e-08 -2.62298312e-04 
 3.17793372e-08  1.20000000e+00  6.25364916e-08 -2.41668198e-04 
 3.17986554e-08  1.20000000e+00  6.25459611e-08 -2.68322151e-04 
 3.18161173e-08  1.20000000e+00  6.25204707e-08 -2.21850608e-04 
 3.18353992e-08  1.20000000e+00  6.25577448e-08 -2.33986804e-04 
 3.18530898e-08  1.20000000e+00  6.25310106e-08 -2.61333712e-04 
 3.18705172e-08  1.20000000e+00  6.24627991e-08 -2.41583380e-04 
 3.18872297e-08  1.20000000e+00  6.27860487e-08 -2.69247256e-04 
 3.19052979e-08  1.20000000e+00  6.22515558e-08 -2.20879636e-04 
 3.19232130e-08  1.20000000e+00  6.26898004e-08 -2.30904641e-04 
 3.19409133e-08  1.20000000e+00  6.28857491e-08 -2.61280347e-04 
 3.19581101e-08  1.20000000e+00  5.98691076e-08 -2.42230130e-04 
 3.19773929e-08  1.20000000e+00  6.66892612e-08 -2.67481409e-04 
 3.19947991e-08  1.20000000e+00  6.17986648e-08 -2.22985488e-04 
 3.20141442e-08  1.20000000e+00  6.47770870e-08 -2.33715663e-04 
 3.20317037e-08  1.20000000e+00  7.82313684e-08 -2.61327981e-04 
 3.20492129e-08  1.20000000e+00 -2.37038676e-08 -2.41317378e-04 
 3.20659026e-08  1.20000000e+00  7.68827249e-08 -2.69160277e-04 
 3.20839438e-08  1.20000000e+00  1.33966077e-07 -2.21368814e-04 
 3.21020349e-08  1.20000000e+00  2.27060061e-07 -2.31645829e-04 
 3.21195934e-08  1.20000000e+00  1.02813102e-06 -2.60540003e-04 
 3.21369210e-08  1.20000000e+00 -1.49293562e-06 -2.42540801e-04 
 3.21561707e-08  1.20000000e+00 -3.43731535e-06 -2.66883131e-04 
 3.21735206e-08  1.20000000e+00 -2.69130634e-06 -2.23756115e-04 
 3.21909422e-08  1.20000000e+00  5.66189963e-06 -2.28898250e-04 
 3.22092828e-08  1.20000000e+00  5.28084063e-05 -2.61907631e-04 
 3.22259124e-08  1.20000000e+00  3.09136072e-05 -2.40945376e-04 
 3.22430172e-08  1.20000000e+00 -1.26094407e-04 -2.67584030e-04 
 3.22614048e-08  1.20000000e+00 -3.88215985e-04 -2.26228572e-04 
 3.22799063e-08  1.20000000e+00 -4.36496781e-04 -2.28160700e-04 
 3.22980892e-08  1.20000000e+00  1.74768519e-03 -2.62582189e-04 
 3.23155020e-08  1.20000000e+00  4.92682720e-03 -2.41333673e-04 
 3.23347131e-08  1.20000000e+00  1.32895091e-03 -2.65844956e-04 
 3.23523161e-08  1.20000000e+00 -1.82253305e-02 -2.15220374e-04 
 3.23716487e-08  1.20000000e+00 -4.66697578e-02 -2.28355978e-04 
 3.23867127e-08  1.20000000e+00 -1.79208233e-02 -2.96123651e-04 
 3.24030968e-08  1.20000000e+00  1.05804642e-01 -3.11207518e-04 
 3.24183847e-08  1.20000000e+00  2.62054351e-01 -3.14004918e-04 
 3.24348104e-08  1.20000000e+00  4.30180870e-01 -2.71477883e-04 
 3.24519436e-08  1.20000000e+00  5.97163621e-01 -2.28395861e-04 
 3.24706675e-08  1.20000000e+00  7.62268240e-01 -2.53650422e-04 
 3.24880768e-08  1.20000000e+00  8.91853668e-01 -2.54441895e-04 
 3.25071953e-08  1.20000000e+00  1.00131045e+00 -2.51749522e-04 
 3.25264085e-08  1.20000000e+00  1.07756362e+00 -1.86062939e-04 
 3.25437781e-08  1.20000000e+00  1.12280943e+00 -1.50832738e-04 
 3.25610118e-08  1.20000000e+00  1.15185688e+00 -1.78362434e-04 
 3.25791210e-08  1.20000000e+00  1.17098680e+00 -1.90172820e-04 
 3.25984560e-08  1.20000000e+00  1.18324494e+00 -1.99843498e-04 
 3.26171925e-08  1.20000000e+00  1.19018568e+00 -1.47469350e-04 
 3.26351470e-08  1.20000000e+00  1.19413033e+00 -1.30132847e-04 
 3.26521321e-08  1.20000000e+00  1.19638807e+00 -1.67902139e-04 
 3.26704189e-08  1.20000000e+00  1.19786613e+00 -1.82489963e-04 
 3.26904105e-08  1.20000000e+00  1.19880106e+00 -1.93301907e-04 
 3.27087611e-08  1.20000000e+00  1.19929447e+00 -1.36184569e-04 
 3.27278103e-08  1.20000000e+00  1.19959131e+00 -1.35384044e-04 
 3.27464206e-08  1.20000000e+00  1.19976228e+00 -1.71504539e-04 
 3.27636610e-08  1.20000000e+00  1.19985372e+00 -1.88244769e-04 
 3.27812784e-08  1.20000000e+00  1.19991312e+00 -1.88273747e-04 
 3.28009066e-08  1.20000000e+00  1.19994943e+00 -1.30473643e-04 
 3.28186586e-08  1.20000000e+00  1.19997086e+00 -1.37453915e-04 
 3.28367215e-08  1.20000000e+00  1.19998140e+00 -1.73503922e-04 
 3.28539012e-08  1.20000000e+00  1.19998980e+00 -1.87579781e-04 
 3.28709048e-08  1.20000000e+00  1.19999251e+00 -1.89305190e-04 
 3.28882561e-08  1.20000000e+00  1.19999655e+00 -1.34455976e-04 
 3.29067570e-08  1.20000000e+00  1.19999682e+00 -1.35851539e-04 
 3.29236744e-08  1.20000000e+00  1.19999909e+00 -1.69361932e-04 
 3.29413054e-08  1.20000000e+00  1.19999834e+00 -1.87140699e-04 
 3.29592438e-08  1.20000000e+00  1.20000000e+00 -1.88812865e-04 
 3.29785916e-08  1.20000000e+00  1.19999895e+00 -1.34050559e-04 
 3.29969559e-08  1.20000000e+00  1.20000031e+00 -1.35594463e-04 
 3.30149651e-08  1.20000000e+00  1.19999917e+00 -1.73309104e-04 
 3.30323883e-08  1.20000000e+00  1.20000040e+00 -1.86918813e-04 
 3.30497703e-08  1.20000000e+00  1.19999926e+00 -1.89251442e-04 
 3.30692978e-08  1.20000000e+00  1.20000042e+00 -1.28858982e-04 
 3.30870104e-08  1.20000000e+00  1.19999931e+00 -1.39658323e-04 
 3.31049058e-08  1.20000000e+00  1.20000040e+00 -1.71033417e-04 
 3.31221445e-08  1.20000000e+00  1.19999935e+00 -1.89917835e-04 
 3.31392000e-08  1.20000000e+00  1.20000038e+00 -1.86417026e-04 
 3.31587015e-08  1.20000000e+00  1.19999937e+00 -1.31874140e-04 
 3.31762558e-08  1.20000000e+00  1.20000036e+00 -1.36547322e-04 
 3.31941285e-08  1.20000000e+00  1.19999940e+00 -1.73430204e-04 
 3.32113438e-08  1.20000000e+00  1.20000034e+00 -1.86946202e-04 
 3.32284691e-08  1.20000000e+00  1.19999942e+00 -1.89291896e-04 
 3.32480089e-08  1.20000000e+00  1.20000032e+00 -1.29715182e-04 
 3.32657284e-08  1.20000000e+00  1.19999944e+00 -1.39166933e-04 
 3.32835868e-08  1.20000000e+00  1.20000030e+00 -1.70664084e-04 
 3.33008786e-08  1.20000000e+00  1.19999946e+00 -1.89769708e-04 
 3.33180598e-08  1.20000000e+00  1.20000029e+00 -1.86250521e-04 
 3.33375579e-08  1.20000000e+00  1.19999947e+00 -1.32470959e-04 
 3.33553195e-08  1.20000000e+00  1.20000027e+00 -1.36632601e-04 
 3.33731300e-08  1.20000000e+00  1.19999949e+00 -1.73429722e-04 
 3.33904447e-08  1.20000000e+00  1.20000025e+00 -1.87151881e-04 
 3.34076106e-08  1.20000000e+00  1.19999951e+00 -1.88748855e-04 
 3.34270698e-08  1.20000000e+00  1.20000024e+00 -1.29789626e-04 
 3.34448406e-08  1.20000000e+00  1.19999952e+00 -1.39511800e-04 
 3.34626089e-08  1.20000000e+00  1.20000022e+00 -1.70565700e-04 
 3.34799398e-08  1.20000000e+00  1.19999954e+00 -1.90043523e-04 
 3.34971089e-08  1.20000000e+00  1.20000021e+00 -1.85716035e-04 
 3.35165443e-08  1.20000000e+00  1.19999955e+00 -1.32824171e-04 
 3.35343559e-08  1.20000000e+00  1.20000019e+00 -1.36704218e-04 
 3.35520875e-08  1.20000000e+00  1.19999956e+00 -1.73386833e-04 
 3.35694466e-08  1.20000000e+00  1.20000018e+00 -1.87242106e-04 
 3.35866282e-08  1.20000000e+00  1.19999958e+00 -1.88380207e-04 
 3.36060366e-08  1.20000000e+00  1.20000017e+00 -1.30077038e-04 
 3.36238869e-08  1.20000000e+00  1.19999959e+00 -1.39689723e-04 
 3.36415807e-08  1.20000000e+00  1.20000016e+00 -1.70442266e-04 
 3.36589658e-08  1.20000000e+00  1.19999960e+00 -1.90250192e-04 
 3.36761534e-08  1.20000000e+00  1.20000015e+00 -1.85221204e-04 
 3.36955335e-08  1.20000000e+00  1.19999961e+00 -1.33147076e-04 
 3.37134154e-08  1.20000000e+00  1.20000013e+00 -1.36831142e-04 
 3.37310720e-08  1.20000000e+00  1.19999962e+00 -1.73350770e-04 
 3.37484805e-08  1.20000000e+00  1.20000012e+00 -1.87382828e-04 
 3.37656733e-08  1.20000000e+00  1.19999963e+00 -1.87954035e-04 
 3.37850267e-08  1.20000000e+00  1.20000012e+00 -1.30329400e-04 
 3.38029414e-08  1.20000000e+00  1.19999964e+00 -1.39873824e-04 
 3.38205622e-08  1.20000000e+00  1.20000011e+00 -1.70337800e-04 
 3.38379943e-08  1.20000000e+00  1.19999965e+00 -1.90446041e-04 
 3.38551934e-08  1.20000000e+00  1.20000010e+00 -1.84742703e-04 
 3.38745210e-08  1.20000000e+00  1.19999966e+00 -1.33464370e-04 
 3.38924652e-08  1.20000000e+00  1.20000009e+00 -1.36947111e-04 
 3.39100525e-08  1.20000000e+00  1.19999967e+00 -1.73301305e-04 
 3.39275065e-08  1.20000000e+00  1.20000008e+00 -1.87519442e-04 
 3.39447114e-08  1.20000000e+00  1.19999967e+00 -1.87532709e-04 
 3.39640141e-08  1.20000000e+00  1.20000007e+00 -1.30594890e-04 
 3.39819764e-08  1.20000000e+00  1.19999968e+00 -1.40017246e-04 
 3.39995364e-08  1.20000000e+00  1.20000007e+00 -1.70232635e-04 
 3.40170066e-08  1.20000000e+00  1.19999969e+00 -1.90613839e-04 
 3.40342175e-08  1.20000000e+00  1.20000006e+00 -1.84298190e-04 
 3.40534983e-08  1.20000000e+00  1.19999969e+00 -1.33793887e-04 
 3.40714789e-08  1.20000000e+00  1.20000005e+00 -1.37009956e-04 
 3.40890147e-08  1.20000000e+00  1.19999970e+00 -1.73228748e-04 
 3.41065011e-08  1.20000000e+00  1.20000005e+00 -1.87624017e-04 
 3.41237204e-08  1.20000000e+00  1.19999971e+00 -1.87156014e-04 
 3.41429808e-08  1.20000000e+00  1.20000004e+00 -1.30901473e-04 
 3.41609805e-08  1.20000000e+00  1.19999971e+00 -1.40099536e-04 
 3.41784937e-08  1.20000000e+00  1.20000004e+00 -1.70121474e-04 
 3.41959963e-08  1.20000000e+00  1.19999972e+00 -1.90745458e-04 
 3.42132198e-08  1.20000000e+00  1.20000003e+00 -1.83902246e-04 
 3.42324625e-08  1.20000000e+00  1.19999972e+00 -1.34130242e-04 
 3.42504793e-08  1.20000000e+00  1.20000003e+00 -1.37055815e-04 
 3.42679713e-08  1.20000000e+00  1.19999973e+00 -1.73148754e-04 
 3.42854894e-08  1.20000000e+00  1.20000002e+00 -1.87722857e-04 
 3.43027080e-08  1.20000000e+00  1.19999973e+00 -1.86811861e-04 
 3.43219389e-08  1.20000000e+00  1.20000002e+00 -1.31213467e-04 
 3.43399687e-08  1.20000000e+00  1.19999973e+00 -1.40153858e-04 
 3.43574426e-08  1.20000000e+00  1.20000001e+00 -1.70009539e-04 
 3.43749756e-08  1.20000000e+00  1.19999974e+00 -1.90857731e-04 
 3.43921942e-08  1.20000000e+00  1.20000001e+00 -1.83557424e-04 
 3.44114134e-08  1.20000000e+00  1.19999974e+00 -1.34471382e-04 
 3.44294583e-08  1.20000000e+00  1.20000001e+00 -1.37073381e-04 
 3.44469150e-08  1.20000000e+00  1.19999975e+00 -1.73055922e-04 
 3.44644631e-08  1.20000000e+00  1.20000000e+00 -1.87805792e-04 
 3.44816813e-08  1.20000000e+00  1.19999975e+00 -1.86495479e-04 
 3.45008892e-08  1.20000000e+00  1.20000000e+00 -1.31527310e-04 
 3.45189485e-08  1.20000000e+00  1.19999975e+00 -1.40194359e-04 
 3.45363883e-08  1.20000000e+00  1.20000000e+00 -1.69901585e-04 
 3.45539512e-08  1.20000000e+00  1.19999976e+00 -1.90960101e-04 
 3.45711677e-08  1.20000000e+00  1.19999999e+00 -1.83226641e-04 
 3.45903650e-08  1.20000000e+00  1.19999976e+00 -1.34791812e-04 
 3.46084380e-08  1.20000000e+00  1.19999999e+00 -1.37099421e-04 
 3.46258614e-08  1.20000000e+00  1.19999976e+00 -1.72966818e-04 
 3.46434387e-08  1.20000000e+00  1.19999999e+00 -1.87891300e-04 
 3.46606533e-08  1.20000000e+00  1.19999976e+00 -1.86185843e-04 
 3.46798404e-08  1.20000000e+00  1.19999999e+00 -1.31825612e-04 
 3.46979268e-08  1.20000000e+00  1.19999977e+00 -1.40234473e-04 
 3.47153344e-08  1.20000000e+00  1.19999998e+00 -1.69800349e-04 
 3.47329258e-08  1.20000000e+00  1.19999977e+00 -1.91056818e-04 
 3.47501385e-08  1.20000000e+00  1.19999998e+00 -1.82910074e-04 
 3.47693159e-08  1.20000000e+00  1.19999977e+00 -1.35095537e-04 
 3.47874153e-08  1.20000000e+00  1.19999998e+00 -1.37127734e-04 
 3.48048076e-08  1.20000000e+00  1.19999977e+00 -1.72879393e-04 
 3.48224129e-08  1.20000000e+00  1.19999998e+00 -1.87975046e-04 
 3.48396232e-08  1.20000000e+00  1.19999978e+00 -1.85885707e-04 
 3.48587913e-08  1.20000000e+00  1.19999997e+00 -1.32111208e-04 
 3.48769034e-08  1.20000000e+00  1.19999978e+00 -1.40273715e-04 
 3.48942808e-08  1.20000000e+00  1.19999997e+00 -1.69705024e-04 
 3.49118997e-08  1.20000000e+00  1.19999978e+00 -1.91148743e-04 
 3.49291074e-08  1.20000000e+00  1.19999997e+00 -1.82605959e-04 
 3.49482667e-08  1.20000000e+00  1.19999978e+00 -1.35383081e-04 
 3.49663910e-08  1.20000000e+00  1.19999997e+00 -1.37158547e-04 
 3.49837540e-08  1.20000000e+00  1.19999978e+00 -1.72794560e-04 
 3.50013862e-08  1.20000000e+00  1.19999997e+00 -1.88057157e-04 
 3.50185911e-08  1.20000000e+00  1.19999979e+00 -1.85594881e-04 
 3.50377419e-08  1.20000000e+00  1.19999996e+00 -1.32384207e-04 
 3.50558781e-08  1.20000000e+00  1.19999979e+00 -1.40312264e-04 
 3.50732272e-08  1.20000000e+00  1.19999996e+00 -1.69614946e-04 
 3.50908724e-08  1.20000000e+00  1.19999979e+00 -1.91236250e-04 
 3.51080743e-08  1.20000000e+00  1.19999996e+00 -1.82313621e-04 
 3.51272171e-08  1.20000000e+00  1.19999979e+00 -1.35655938e-04 
 3.51453648e-08  1.20000000e+00  1.19999996e+00 -1.37191049e-04 
 3.51627004e-08  1.20000000e+00  1.19999979e+00 -1.72712517e-04 
 3.51803584e-08  1.20000000e+00  1.19999996e+00 -1.88137243e-04 
 3.51975570e-08  1.20000000e+00  1.19999979e+00 -1.85313328e-04 
 3.52166921e-08  1.20000000e+00  1.19999996e+00 -1.32645090e-04 
 3.52348511e-08  1.20000000e+00  1.19999979e+00 -1.40350300e-04 
 3.52521736e-08  1.20000000e+00  1.19999996e+00 -1.69529661e-04 
 3.52698441e-08  1.20000000e+00  1.19999979e+00 -1.91319787e-04 
 3.52870393e-08  1.20000000e+00  1.19999996e+00 -1.82032276e-04 
 3.53061671e-08  1.20000000e+00  1.19999980e+00 -1.35915207e-04 
 3.53243369e-08  1.20000000e+00  1.19999995e+00 -1.37224753e-04 
 3.53416468e-08  1.20000000e+00  1.19999980e+00 -1.72633424e-04 
 3.53593296e-08  1.20000000e+00  1.19999995e+00 -1.88215105e-04 
 3.53765212e-08  1.20000000e+00  1.19999980e+00 -1.85040906e-04 
 3.53956419e-08  1.20000000e+00  1.19999995e+00 -1.32894404e-04 
 3.54138223e-08  1.20000000e+00  1.19999980e+00 -1.40387883e-04 
 3.54311199e-08  1.20000000e+00  1.19999995e+00 -1.69448765e-04 
 3.54488147e-08  1.20000000e+00  1.19999980e+00 -1.91399674e-04 
 3.54660026e-08  1.20000000e+00  1.19999995e+00 -1.81761267e-04 
 3.54851166e-08  1.20000000e+00  1.19999980e+00 -1.36161917e-04 
 3.55033072e-08  1.20000000e+00  1.19999995e+00 -1.37259261e-04 
 3.55205930e-08  1.20000000e+00  1.19999980e+00 -1.72557350e-04 
 3.55382995e-08  1.20000000e+00  1.19999995e+00 -1.88290616e-04 
 3.55554835e-08  1.20000000e+00  1.19999980e+00 -1.84777393e-04 
 3.55745912e-08  1.20000000e+00  1.19999995e+00 -1.33132717e-04 
 3.55927918e-08  1.20000000e+00  1.19999980e+00 -1.40425047e-04 
 3.56100660e-08  1.20000000e+00  1.19999995e+00 -1.69371919e-04 
 3.56277840e-08  1.20000000e+00  1.19999980e+00 -1.91476182e-04 
 3.56449641e-08  1.20000000e+00  1.19999995e+00 -1.81499997e-04 
 3.56640656e-08  1.20000000e+00  1.19999980e+00 -1.36396988e-04 
 3.56822758e-08  1.20000000e+00  1.19999995e+00 -1.37294258e-04 
 3.56995389e-08  1.20000000e+00  1.19999981e+00 -1.72484299e-04 
 3.57172682e-08  1.20000000e+00  1.19999995e+00 -1.88363712e-04 
 3.57344442e-08  1.20000000e+00  1.19999981e+00 -1.84522520e-04 
 3.57535399e-08  1.20000000e+00  1.19999994e+00 -1.33360618e-04 
 3.57717595e-08  1.20000000e+00  1.19999981e+00 -1.40461797e-04 
 3.57890117e-08  1.20000000e+00  1.19999994e+00 -1.69298830e-04 
 3.58067521e-08  1.20000000e+00  1.19999981e+00 -1.91549537e-04 
 3.58239239e-08  1.20000000e+00  1.19999994e+00 -1.81247922e-04 
 3.58430140e-08  1.20000000e+00  1.19999981e+00 -1.36621259e-04 
 3.58612427e-08  1.20000000e+00  1.19999994e+00 -1.37329497e-04 
 3.58784845e-08  1.20000000e+00  1.19999981e+00 -1.72414233e-04 
 3.58962356e-08  1.20000000e+00  1.19999994e+00 -1.88434374e-04 
 3.59134032e-08  1.20000000e+00  1.19999981e+00 -1.84275989e-04 
 3.59324879e-08  1.20000000e+00  1.19999994e+00 -1.33578687e-04 
 3.59507256e-08  1.20000000e+00  1.19999981e+00 -1.40498125e-04 
 3.59679571e-08  1.20000000e+00  1.19999994e+00 -1.69229238e-04 
 3.59857188e-08  1.20000000e+00  1.19999981e+00 -1.91619933e-04 
 3.60028821e-08  1.20000000e+00  1.19999994e+00 -1.81004539e-04 
 3.60219617e-08  1.20000000e+00  1.19999981e+00 -1.36835490e-04 
 3.60402079e-08  1.20000000e+00  1.19999994e+00 -1.37364786e-04 
 3.60574297e-08  1.20000000e+00  1.19999981e+00 -1.72347083e-04 
 3.60752017e-08  1.20000000e+00  1.19999994e+00 -1.88502615e-04 
 3.60923606e-08  1.20000000e+00  1.19999981e+00 -1.84037478e-04 
 3.61114353e-08  1.20000000e+00  1.19999994e+00 -1.33787496e-04 
 3.61296899e-08  1.20000000e+00  1.19999981e+00 -1.40534013e-04 
 3.61469021e-08  1.20000000e+00  1.19999994e+00 -1.69162913e-04 
 3.61646843e-08  1.20000000e+00  1.19999981e+00 -1.91687540e-04 
 3.61818386e-08  1.20000000e+00  1.19999994e+00 -1.80769382e-04 
 3.62009087e-08  1.20000000e+00  1.19999981e+00 -1.37040380e-04 
 3.62191714e-08  1.20000000e+00  1.19999994e+00 -1.37399974e-04 
 3.62363743e-08  1.20000000e+00  1.19999981e+00 -1.72282756e-04 
 3.62541664e-08  1.20000000e+00  1.19999994e+00 -1.88568471e-04 
 3.62713163e-08  1.20000000e+00  1.19999981e+00 -1.83806655e-04 
 3.62903819e-08  1.20000000e+00  1.19999994e+00 -1.33987597e-04 
 3.63086526e-08  1.20000000e+00  1.19999981e+00 -1.40569442e-04 
 3.63258464e-08  1.20000000e+00  1.19999994e+00 -1.69099647e-04 
 3.63436483e-08  1.20000000e+00  1.19999981e+00 -1.91752512e-04 
 3.63607936e-08  1.20000000e+00  1.19999994e+00 -1.80542013e-04 
 3.63798549e-08  1.20000000e+00  1.19999981e+00 -1.37236569e-04 
 3.63981333e-08  1.20000000e+00  1.19999994e+00 -1.37434943e-04 
 3.64153184e-08  1.20000000e+00  1.19999981e+00 -1.72221148e-04 
 3.64331298e-08  1.20000000e+00  1.19999994e+00 -1.88631997e-04 
 3.64502705e-08  1.20000000e+00  1.19999981e+00 -1.83583184e-04 
 3.64693277e-08  1.20000000e+00  1.19999994e+00 -1.34179517e-04 
 3.64876136e-08  1.20000000e+00  1.19999981e+00 -1.40604392e-04 
 3.65047902e-08  1.20000000e+00  1.19999994e+00 -1.69039251e-04 
 3.65226109e-08  1.20000000e+00  1.19999981e+00 -1.91814986e-04 
 3.65397471e-08  1.20000000e+00  1.19999994e+00 -1.80322020e-04 
 3.65588003e-08  1.20000000e+00  1.19999982e+00 -1.37424645e-04 
 3.65770934e-08  1.20000000e+00  1.19999994e+00 -1.37469607e-04 
 3.65942619e-08  1.20000000e+00  1.19999982e+00 -1.72162146e-04 
 3.66120916e-08  1.20000000e+00  1.19999994e+00 -1.88693259e-04 
 3.66292232e-08  1.20000000e+00  1.19999982e+00 -1.83366729e-04 
 3.66482727e-08  1.20000000e+00  1.19999994e+00 -1.34363758e-04 
 3.66665729e-08  1.20000000e+00  1.19999982e+00 -1.40638848e-04 
 3.66837334e-08  1.20000000e+00  1.19999994e+00 -1.68981549e-04 
 3.67015721e-08  1.20000000e+00  1.19999982e+00 -1.91875091e-04 
 3.67186990e-08  1.20000000e+00  1.19999993e+00 -1.80109015e-04 
 3.67377448e-08  1.20000000e+00  1.19999982e+00 -1.37605152e-04 
 3.67560519e-08  1.20000000e+00  1.19999993e+00 -1.37503896e-04 
 3.67732047e-08  1.20000000e+00  1.19999982e+00 -1.72105633e-04 
 3.67910521e-08  1.20000000e+00  1.19999993e+00 -1.88752331e-04 
 3.68081743e-08  1.20000000e+00  1.19999982e+00 -1.83156960e-04 
 3.68272168e-08  1.20000000e+00  1.19999993e+00 -1.34540797e-04 
 3.68455306e-08  1.20000000e+00  1.19999982e+00 -1.40672795e-04 
 3.68626758e-08  1.20000000e+00  1.19999993e+00 -1.68926380e-04 
 3.68805318e-08  1.20000000e+00  1.19999982e+00 -1.91932945e-04 
 3.68976494e-08  1.20000000e+00  1.19999993e+00 -1.79902628e-04 
 3.69166885e-08  1.20000000e+00  1.19999982e+00 -1.37778591e-04 
 3.69350088e-08  1.20000000e+00  1.19999993e+00 -1.37537761e-04 
 3.69521467e-08  1.20000000e+00  1.19999982e+00 -1.72051491e-04 
 3.69700111e-08  1.20000000e+00  1.19999993e+00 -1.88809293e-04 
 3.69871240e-08  1.20000000e+00  1.19999982e+00 -1.82953553e-04 
 3.70061600e-08  1.20000000e+00  1.19999993e+00 -1.34711081e-04 
 3.70244867e-08  1.20000000e+00  1.19999982e+00 -1.40706224e-04 
 3.70416175e-08  1.20000000e+00  1.19999993e+00 -1.68873595e-04 
 3.70594901e-08  1.20000000e+00  1.19999982e+00 -1.91988660e-04 
 3.70765983e-08  1.20000000e+00  1.19999993e+00 -1.79702511e-04 
 3.70956312e-08  1.20000000e+00  1.19999982e+00 -1.37945424e-04 
 3.71139641e-08  1.20000000e+00  1.19999993e+00 -1.37571166e-04 
 3.71310880e-08  1.20000000e+00  1.19999982e+00 -1.71999601e-04 
 3.71489687e-08  1.20000000e+00  1.19999993e+00 -1.88864226e-04 
 3.71660722e-08  1.20000000e+00  1.19999982e+00 -1.82756193e-04 
 3.71851022e-08  1.20000000e+00  1.19999993e+00 -1.34875032e-04 
 3.72034411e-08  1.20000000e+00  1.19999982e+00 -1.40739129e-04 
 3.72205584e-08  1.20000000e+00  1.19999993e+00 -1.68823055e-04 
 3.72384469e-08  1.20000000e+00  1.19999982e+00 -1.92042341e-04 
 3.72555457e-08  1.20000000e+00  1.19999993e+00 -1.79507858e-04 
 3.72745730e-08  1.20000000e+00  1.19999982e+00 -1.38106246e-04 
 3.72929174e-08  1.20000000e+00  1.19999993e+00 -1.37603566e-04 
 3.73100282e-08  1.20000000e+00  1.19999982e+00 -1.71948471e-04 
 3.73279240e-08  1.20000000e+00  1.19999993e+00 -1.88916911e-04 
 3.73450182e-08  1.20000000e+00  1.19999982e+00 -1.82563834e-04 
 3.73640428e-08  1.20000000e+00  1.19999993e+00 -1.35036406e-04 
 3.73823932e-08  1.20000000e+00  1.19999982e+00 -1.40769616e-04 
 3.73994976e-08  1.20000000e+00  1.19999993e+00 -1.68772481e-04 
 3.74174014e-08  1.20000000e+00  1.19999982e+00 -1.92093195e-04 
 3.74344914e-08  1.20000000e+00  1.19999993e+00 -1.79318240e-04 
 3.74535133e-08  1.20000000e+00  1.19999982e+00 -1.38264907e-04 
 3.74718697e-08  1.20000000e+00  1.19999993e+00 -1.37635585e-04 
 3.74889679e-08  1.20000000e+00  1.19999982e+00 -1.71899581e-04 
 3.75068792e-08  1.20000000e+00  1.19999993e+00 -1.88968507e-04 
 3.75239644e-08  1.20000000e+00  1.19999982e+00 -1.82374866e-04 
 3.75429839e-08  1.20000000e+00  1.19999993e+00 -1.35190361e-04 
 3.75613457e-08  1.20000000e+00  1.19999982e+00 -1.40802543e-04 
 3.75784378e-08  1.20000000e+00  1.19999993e+00 -1.68725911e-04 
 3.75963564e-08  1.20000000e+00  1.19999982e+00 -1.92144215e-04 
 3.76134368e-08  1.20000000e+00  1.19999993e+00 -1.79132181e-04 
 3.76324539e-08  1.20000000e+00  1.19999982e+00 -1.38415903e-04 
 3.76508210e-08  1.20000000e+00  1.19999993e+00 -1.37668107e-04 
 3.76679072e-08  1.20000000e+00  1.19999982e+00 -1.71853348e-04 
 3.76858331e-08  1.20000000e+00  1.19999993e+00 -1.89018501e-04 
 3.77029088e-08  1.20000000e+00  1.19999982e+00 -1.82191593e-04 
 3.77219236e-08  1.20000000e+00  1.19999993e+00 -1.35339469e-04 
 3.77402960e-08  1.20000000e+00  1.19999982e+00 -1.40834245e-04 
 3.77573765e-08  1.20000000e+00  1.19999993e+00 -1.68680734e-04 
 3.77753094e-08  1.20000000e+00  1.19999982e+00 -1.92192945e-04 
 3.77923805e-08  1.20000000e+00  1.19999993e+00 -1.78951716e-04 
 3.78113932e-08  1.20000000e+00  1.19999982e+00 -1.38562078e-04 
 3.78297706e-08  1.20000000e+00  1.19999993e+00 -1.37699969e-04 
 3.78468455e-08  1.20000000e+00  1.19999982e+00 -1.71808902e-04 
 3.78647854e-08  1.20000000e+00  1.19999993e+00 -1.89066763e-04 
 3.78818518e-08  1.20000000e+00  1.19999982e+00 -1.82013228e-04 
 3.79008624e-08  1.20000000e+00  1.19999993e+00 -1.35483378e-04 
 3.79192448e-08  1.20000000e+00  1.19999982e+00 -1.40865579e-04 
 3.79363143e-08  1.20000000e+00  1.19999993e+00 -1.68637509e-04 
 3.79542611e-08  1.20000000e+00  1.19999982e+00 -1.92240062e-04 
 3.79713227e-08  1.20000000e+00  1.19999993e+00 -1.78776098e-04 
 3.79903314e-08  1.20000000e+00  1.19999982e+00 -1.38703322e-04 
 3.80087186e-08  1.20000000e+00  1.19999993e+00 -1.37731307e-04 
 3.80257829e-08  1.20000000e+00  1.19999982e+00 -1.71766213e-04 
 3.80437363e-08  1.20000000e+00  1.19999993e+00 -1.89113336e-04 
 3.80607934e-08  1.20000000e+00  1.19999982e+00 -1.81839675e-04 
 3.80798001e-08  1.20000000e+00  1.19999993e+00 -1.35622629e-04 
 3.80981921e-08  1.20000000e+00  1.19999982e+00 -1.40896346e-04 
 3.81152512e-08  1.20000000e+00  1.19999993e+00 -1.68595969e-04 
 3.81332112e-08  1.20000000e+00  1.19999982e+00 -1.92285526e-04 
 3.81502636e-08  1.20000000e+00  1.19999993e+00 -1.78605131e-04 
 3.81692686e-08  1.20000000e+00  1.19999982e+00 -1.38840016e-04 
 3.81876651e-08  1.20000000e+00  1.19999993e+00 -1.37762132e-04 
 3.82047193e-08  1.20000000e+00  1.19999982e+00 -1.71725191e-04 
 3.82226857e-08  1.20000000e+00  1.19999993e+00 -1.89158328e-04 
 3.82397335e-08  1.20000000e+00  1.19999982e+00 -1.81670620e-04 
 3.82587368e-08  1.20000000e+00  1.19999993e+00 -1.35757461e-04 
 3.82771378e-08  1.20000000e+00  1.19999982e+00 -1.40926608e-04 
 3.82941871e-08  1.20000000e+00  1.19999993e+00 -1.68556051e-04 
 3.83121598e-08  1.20000000e+00  1.19999982e+00 -1.92329444e-04 
 3.83292031e-08  1.20000000e+00  1.19999993e+00 -1.78438545e-04 
 3.83482047e-08  1.20000000e+00  1.19999982e+00 -1.38972444e-04 
 3.83666101e-08  1.20000000e+00  1.19999993e+00 -1.37792448e-04 
 3.83836547e-08  1.20000000e+00  1.19999982e+00 -1.71685738e-04 
 3.84016336e-08  1.20000000e+00  1.19999993e+00 -1.89201807e-04 
 3.84186723e-08  1.20000000e+00  1.19999982e+00 -1.81505824e-04 
 3.84376723e-08  1.20000000e+00  1.19999993e+00 -1.35888165e-04 
 3.84560820e-08  1.20000000e+00  1.19999982e+00 -1.40956370e-04 
 3.84731220e-08  1.20000000e+00  1.19999993e+00 -1.68517657e-04 
 3.84911070e-08  1.20000000e+00  1.19999982e+00 -1.92371889e-04 
 3.85081411e-08  1.20000000e+00  1.19999993e+00 -1.78276092e-04 
 3.85271397e-08  1.20000000e+00  1.19999982e+00 -1.39100877e-04 
 3.85455535e-08  1.20000000e+00  1.19999993e+00 -1.37822273e-04 
 3.85625891e-08  1.20000000e+00  1.19999982e+00 -1.71647770e-04 
 3.85805800e-08  1.20000000e+00  1.19999993e+00 -1.89243848e-04 
 3.85976097e-08  1.20000000e+00  1.19999982e+00 -1.81345047e-04 
 3.86166068e-08  1.20000000e+00  1.19999993e+00 -1.36015000e-04 
 3.86350246e-08  1.20000000e+00  1.19999982e+00 -1.40985651e-04 
 3.86520559e-08  1.20000000e+00  1.19999993e+00 -1.68480702e-04 
 3.86700526e-08  1.20000000e+00  1.19999982e+00 -1.92412936e-04 
 3.86870778e-08  1.20000000e+00  1.19999993e+00 -1.78117540e-04 
 3.87060736e-08  1.20000000e+00  1.19999982e+00 -1.39225568e-04 
 3.87244954e-08  1.20000000e+00  1.19999993e+00 -1.37851621e-04 
 3.87415224e-08  1.20000000e+00  1.19999982e+00 -1.71611204e-04 
 3.87595249e-08  1.20000000e+00  1.19999993e+00 -1.89284521e-04 
 3.87765457e-08  1.20000000e+00  1.19999982e+00 -1.81188060e-04 
 3.87955401e-08  1.20000000e+00  1.19999993e+00 -1.36138208e-04 
 3.88139658e-08  1.20000000e+00  1.19999982e+00 -1.41014470e-04 
 3.88309887e-08  1.20000000e+00  1.19999993e+00 -1.68445105e-04 
 3.88489969e-08  1.20000000e+00  1.19999982e+00 -1.92452654e-04 
 3.88660132e-08  1.20000000e+00  1.19999993e+00 -1.77962663e-04 
 3.88850064e-08  1.20000000e+00  1.19999982e+00 -1.39346754e-04 
 3.89034359e-08  1.20000000e+00  1.19999993e+00 -1.37880510e-04 
 3.89204548e-08  1.20000000e+00  1.19999982e+00 -1.71575964e-04 
 3.89384685e-08  1.20000000e+00  1.19999993e+00 -1.89323893e-04 
 3.89554804e-08  1.20000000e+00  1.19999982e+00 -1.81034648e-04 
 3.89744723e-08  1.20000000e+00  1.19999993e+00 -1.36258019e-04 
 3.89929056e-08  1.20000000e+00  1.19999982e+00 -1.41042844e-04 
 3.90099205e-08  1.20000000e+00  1.19999993e+00 -1.68410791e-04 
 3.90279397e-08  1.20000000e+00  1.19999982e+00 -1.92491109e-04 
 3.90449472e-08  1.20000000e+00  1.19999993e+00 -1.77811249e-04 
 3.90639380e-08  1.20000000e+00  1.19999982e+00 -1.39464658e-04 
 3.90823749e-08  1.20000000e+00  1.19999993e+00 -1.37908958e-04 
 3.90993860e-08  1.20000000e+00  1.19999982e+00 -1.71541977e-04 
 3.91174105e-08  1.20000000e+00  1.19999993e+00 -1.89362029e-04 
 3.91344137e-08  1.20000000e+00  1.19999983e+00 -1.80884603e-04 
 3.91534035e-08  1.20000000e+00  1.19999993e+00 -1.36374645e-04 
 3.91718439e-08  1.20000000e+00  1.19999983e+00 -1.41070794e-04 
 3.91888513e-08  1.20000000e+00  1.19999993e+00 -1.68377690e-04 
 3.92068811e-08  1.20000000e+00  1.19999983e+00 -1.92528365e-04 
 3.92238799e-08  1.20000000e+00  1.19999993e+00 -1.77663096e-04 
 3.92428686e-08  1.20000000e+00  1.19999983e+00 -1.39579486e-04 
 3.92613125e-08  1.20000000e+00  1.19999993e+00 -1.37936984e-04 
 3.92783163e-08  1.20000000e+00  1.19999983e+00 -1.71509175e-04 
 3.92963512e-08  1.20000000e+00  1.19999993e+00 -1.89398988e-04 
 3.93133457e-08  1.20000000e+00  1.19999983e+00 -1.80737727e-04 
 3.93323335e-08  1.20000000e+00  1.19999993e+00 -1.36488289e-04 
 3.93507807e-08  1.20000000e+00  1.19999983e+00 -1.41098338e-04 
 3.93677810e-08  1.20000000e+00  1.19999993e+00 -1.68345735e-04 
 3.93858210e-08  1.20000000e+00  1.19999983e+00 -1.92564481e-04 
 3.94028112e-08  1.20000000e+00  1.19999993e+00 -1.77518010e-04 
 3.94217981e-08  1.20000000e+00  1.19999983e+00 -1.39691433e-04 
 3.94402486e-08  1.20000000e+00  1.19999993e+00 -1.37964609e-04 
 3.94572455e-08  1.20000000e+00  1.19999983e+00 -1.71477496e-04 
 3.94752905e-08  1.20000000e+00  1.19999993e+00 -1.89434829e-04 
 3.94922764e-08  1.20000000e+00  1.19999983e+00 -1.80593832e-04 
 3.95112624e-08  1.20000000e+00  1.19999992e+00 -1.36599138e-04 
 3.95297162e-08  1.20000000e+00  1.19999983e+00 -1.41125498e-04 
 3.95467097e-08  1.20000000e+00  1.19999992e+00 -1.68314865e-04 
 3.95647596e-08  1.20000000e+00  1.19999983e+00 -1.92599514e-04 
 3.95817413e-08  1.20000000e+00  1.19999992e+00 -1.77375807e-04 
 3.96007264e-08  1.20000000e+00  1.19999983e+00 -1.39800685e-04 
 3.96191834e-08  1.20000000e+00  1.19999992e+00 -1.37991852e-04 
 3.96361736e-08  1.20000000e+00  1.19999983e+00 -1.71446879e-04 
 3.96542283e-08  1.20000000e+00  1.19999992e+00 -1.89469606e-04 
 3.96712058e-08  1.20000000e+00  1.19999983e+00 -1.80452737e-04 
 3.96901902e-08  1.20000000e+00  1.19999992e+00 -1.36707371e-04 
 3.97086503e-08  1.20000000e+00  1.19999983e+00 -1.41152294e-04 
 3.97256373e-08  1.20000000e+00  1.19999992e+00 -1.68285021e-04 
 3.97436968e-08  1.20000000e+00  1.19999983e+00 -1.92633515e-04 
 3.97606701e-08  1.20000000e+00  1.19999992e+00 -1.77236313e-04 
 3.97796537e-08  1.20000000e+00  1.19999983e+00 -1.39907410e-04 
 3.97981168e-08  1.20000000e+00  1.19999992e+00 -1.38018730e-04 
 3.98151007e-08  1.20000000e+00  1.19999983e+00 -1.71417276e-04 
 3.98331648e-08  1.20000000e+00  1.19999992e+00 -1.89503386e-04 
 3.98501340e-08  1.20000000e+00  1.19999983e+00 -1.80314193e-04 
 3.98691169e-08  1.20000000e+00  1.19999992e+00 -1.36813235e-04 
 3.98875829e-08  1.20000000e+00  1.19999983e+00 -1.41178746e-04 
 3.99045638e-08  1.20000000e+00  1.19999992e+00 -1.68256035e-04 
 3.99226326e-08  1.20000000e+00  1.19999983e+00 -1.92666413e-04 
 3.99395976e-08  1.20000000e+00  1.19999992e+00 -1.77100205e-04 
 3.99585798e-08  1.20000000e+00  1.19999983e+00 -1.40010599e-04 
 3.99770491e-08  1.20000000e+00  1.19999992e+00 -1.38046246e-04 
 3.99940269e-08  1.20000000e+00  1.19999983e+00 -1.71388666e-04 
 4.00120998e-08  1.20000000e+00  1.19999992e+00 -1.89536509e-04 
 4.00290601e-08  1.20000000e+00  1.19999983e+00 -1.80178526e-04 
 4.00480418e-08  1.20000000e+00  1.19999992e+00 -1.36917309e-04 
 4.00665131e-08  1.20000000e+00  1.19999983e+00 -1.41204563e-04 
 4.00834883e-08  1.20000000e+00  1.19999992e+00 -1.68226319e-04 
 4.01000000e-08  1.20000000e+00  1.19999983e+00 -1.91786476e-04 
 4.01018078e-08  1.17830591e+00  1.19999988e+00 -2.03960239e-04 
 4.01054235e-08  1.13491774e+00  1.19999988e+00 -2.03885537e-04 
 4.01126549e-08  1.04814140e+00  1.19999988e+00 -1.97653519e-04 
 4.01271176e-08  8.74588711e-01  1.19999988e+00 -1.71545802e-04 
 4.01412275e-08  7.05269754e-01  1.19999988e+00 -1.58818621e-04 
 4.01580569e-08  5.03317587e-01  1.19999988e+00 -1.71628449e-04 
 4.01744433e-08  3.06680568e-01  1.19999988e+00 -2.21228978e-04 
 4.01872216e-08  1.53340284e-01  1.19999988e+00 -2.42496171e-04 
 4.02000000e-08  0.00000000e+00  1.19999988e+00 -2.66577378e-04 
 4.02024091e-08  0.00000000e+00  1.19999988e+00 -2.41801182e-04 
 4.02072272e-08  0.00000000e+00  1.19999988e+00 -2.43354586e-04 
 4.02168634e-08  0.00000000e+00  1.19999988e+00 -2.41695299e-04 
 4.02326511e-08  0.00000000e+00  1.19999988e+00 -2.25158707e-04 
 4.02479623e-08  0.00000000e+00  1.19999988e+00 -2.34588852e-04 
 4.02643387e-08  0.00000000e+00  1.19999988e+00 -2.68719292e-04 
 4.02820140e-08  0.00000000e+00  1.19999988e+00 -2.42764676e-04 
 4.02989409e-08  0.00000000e+00  1.19999988e+00 -2.52533284e-04 
 4.03167889e-08  0.00000000e+00  1.19999988e+00 -2.19601812e-04 
 4.03351159e-08  0.00000000e+00  1.19999988e+00 -2.41335975e-04 
 4.03518978e-08  0.00000000e+00  1.19999988e+00 -2.60645516e-04 
 4.03696100e-08  0.00000000e+00  1.19999988e+00 -2.55120983e-04 
 4.03876951e-08  0.00000000e+00  1.19999988e+00 -2.42290622e-04 
 4.04054451e-08  0.00000000e+00  1.19999988e+00 -2.32360764e-04 
 4.04221130e-08  0.00000000e+00  1.19999988e+00 -2.26013491e-04 
 4.04396781e-08  0.00000000e+00  1.19999988e+00 -2.72069280e-04 
 4.04565913e-08  0.00000000e+00  1.19999988e+00 -2.45981155e-04 
 4.04747438e-08  0.00000000e+00  1.19999988e+00 -2.52313516e-04 
 4.04931068e-08  0.00000000e+00  1.19999988e+00 -2.24555305e-04 
 4.05109575e-08  0.00000000e+00  1.19999988e+00 -2.34357447e-04 
 4.05283044e-08  0.00000000e+00  1.19999988e+00 -2.62433905e-04 
 4.05461546e-08  0.00000000e+00  1.19999988e+00 -2.54515329e-04 
 4.05637624e-08  0.00000000e+00  1.19999988e+00 -2.43622558e-04 
 4.05827286e-08  0.00000000e+00  1.19999988e+00 -2.32911321e-04 
 4.06001515e-08  0.00000000e+00  1.19999988e+00 -2.25447885e-04 
 4.06177768e-08  0.00000000e+00  1.19999988e+00 -2.70987055e-04 
 4.06355273e-08  0.00000000e+00  1.19999988e+00 -2.45695011e-04 
 4.06532540e-08  0.00000000e+00  1.19999988e+00 -2.52694816e-04 
 4.06721867e-08  0.00000000e+00  1.19999988e+00 -2.24318436e-04 
 4.06896872e-08  0.00000000e+00  1.19999988e+00 -2.34019652e-04 
 4.07072931e-08  0.00000000e+00  1.19999988e+00 -2.62612809e-04 
 4.07250310e-08  0.00000000e+00  1.19999988e+00 -2.53396595e-04 
 4.07428146e-08  0.00000000e+00  1.19999988e+00 -2.45357799e-04 
 4.07617046e-08  0.00000000e+00  1.19999988e+00 -2.31882103e-04 
 4.07793174e-08  0.00000000e+00  1.19999988e+00 -2.26760534e-04 
 4.07968640e-08  0.00000000e+00  1.19999988e+00 -2.69997272e-04 
 4.08146033e-08  0.00000000e+00  1.19999988e+00 -2.45450553e-04 
 4.08324496e-08  0.00000000e+00  1.19999988e+00 -2.53469018e-04 
 4.08512787e-08  0.00000000e+00  1.19999988e+00 -2.24135732e-04 
 4.08690377e-08  0.00000000e+00  1.19999988e+00 -2.34773463e-04 
 4.08864984e-08  0.00000000e+00  1.19999988e+00 -2.62414999e-04 
 4.09042484e-08  0.00000000e+00  1.19999988e+00 -2.52205879e-04 
 4.09221723e-08  0.00000000e+00  1.19999988e+00 -2.47050571e-04 
 4.09409188e-08  0.00000000e+00  1.19999988e+00 -2.30708338e-04 
 4.09588647e-08  0.00000000e+00  1.19999988e+00 -2.28823719e-04 
 4.09762116e-08  0.00000000e+00  1.19999988e+00 -2.68773236e-04 
 4.09939852e-08  0.00000000e+00  1.19999988e+00 -2.45072195e-04 
 4.10120078e-08  0.00000000e+00  1.19999988e+00 -2.54366506e-04 
 4.10306491e-08  0.00000000e+00  1.19999988e+00 -2.23605812e-04 
 4.10488325e-08  0.00000000e+00  1.19999988e+00 -2.36661089e-04 
 4.10660348e-08  0.00000000e+00  1.19999988e+00 -2.61678235e-04 
 4.10838497e-08  0.00000000e+00  1.19999988e+00 -2.51108251e-04 
 4.11020052e-08  0.00000000e+00  1.19999988e+00 -2.48641100e-04 
 4.11205158e-08  0.00000000e+00  1.19999988e+00 -2.29267584e-04 
 4.11390065e-08  0.00000000e+00  1.19999988e+00 -2.32252516e-04 
 4.11560273e-08  0.00000000e+00  1.19999988e+00 -2.66958573e-04 
 4.11739097e-08  0.00000000e+00  1.19999988e+00 -2.44681763e-04 
 4.11922582e-08  0.00000000e+00  1.19999988e+00 -2.55214208e-04 
 4.12104441e-08  0.00000000e+00  1.19999988e+00 -2.22733229e-04 
 4.12271673e-08  0.00000000e+00  1.19999988e+00 -2.36168746e-04 
 4.12448811e-08  0.00000000e+00  1.19999988e+00 -2.61032485e-04 
 4.12617965e-08  0.00000000e+00  1.19999988e+00 -2.51176498e-04 
 4.12805557e-08  0.00000000e+00  1.19999988e+00 -2.49361657e-04 
 4.12987185e-08  0.00000000e+00  1.19999988e+00 -2.30605771e-04 
 4.13174795e-08  0.00000000e+00  1.19999988e+00 -2.31252991e-04 
 4.13344666e-08  0.00000000e+00  1.19999988e+00 -2.66711748e-04 
 4.13524524e-08  0.00000000e+00  1.19999988e+00 -2.43924296e-04 
 4.13707377e-08  0.00000000e+00  1.19999988e+00 -2.56441519e-04 
 4.13890787e-08  0.00000000e+00  1.19999988e+00 -2.22720060e-04 
 4.14058865e-08  0.00000000e+00  1.19999988e+00 -2.36398119e-04 
 4.14236177e-08  0.00000000e+00  1.19999988e+00 -2.60083094e-04 
 4.14406215e-08  0.00000000e+00  1.19999988e+00 -2.50746686e-04 
 4.14594451e-08  0.00000000e+00  1.19999988e+00 -2.50229516e-04 
 4.14776588e-08  0.00000000e+00  1.19999988e+00 -2.30611445e-04 
 4.14946368e-08  0.00000000e+00  1.19999988e+00 -2.28492980e-04 
 4.15124476e-08  0.00000000e+00  1.19999988e+00 -2.66496676e-04 
 4.15295612e-08  0.00000000e+00  1.19999988e+00 -2.43967141e-04 
 4.15482044e-08  0.00000000e+00  1.19999988e+00 -2.57029455e-04 
 4.15666910e-08  0.00000000e+00  1.19999988e+00 -2.24847078e-04 
 4.15852862e-08  0.00000000e+00  1.19999988e+00 -2.36816616e-04 
 4.16025054e-08  0.00000000e+00  1.19999988e+00 -2.59767063e-04 
 4.16204809e-08  0.00000000e+00  1.19999988e+00 -2.49027142e-04 
 4.16389540e-08  0.00000000e+00  1.19999988e+00 -2.52348321e-04 
 4.16571008e-08  0.00000000e+00  1.19999988e+00 -2.28592972e-04 
 4.16738029e-08  0.00000000e+00  1.19999988e+00 -2.30603016e-04 
 4.16915783e-08  0.00000000e+00  1.19999988e+00 -2.64566456e-04 
 4.17085127e-08  0.00000000e+00  1.19999988e+00 -2.44451944e-04 
 4.17275086e-08  0.00000000e+00  1.19999988e+00 -2.57205285e-04 
 4.17456305e-08  0.00000000e+00  1.19999988e+00 -2.25646147e-04 
 4.17625968e-08  0.00000000e+00  1.19999988e+00 -2.33620006e-04 
 4.17804851e-08  0.00000000e+00  1.19999988e+00 -2.60219498e-04 
 4.17975823e-08  0.00000000e+00  1.19999988e+00 -2.48236617e-04 
 4.18163885e-08  0.00000000e+00  1.19999988e+00 -2.53526708e-04 
 4.18348349e-08  0.00000000e+00  1.19999988e+00 -2.29966541e-04 
 4.18536364e-08  0.00000000e+00  1.19999988e+00 -2.32498368e-04 
 4.18708401e-08  0.00000000e+00  1.19999988e+00 -2.63432545e-04 
 4.18888794e-08  0.00000000e+00  1.19999988e+00 -2.43478268e-04 
 4.19076014e-08  0.00000000e+00  1.19999988e+00 -2.58797717e-04 
 4.19253189e-08  0.00000000e+00  1.19999988e+00 -2.23680685e-04 
 4.19418451e-08  0.00000000e+00  1.19999988e+00 -2.35566944e-04 
 4.19596056e-08  0.00000000e+00  1.19999988e+00 -2.58674890e-04 
 4.19763855e-08  0.00000000e+00  1.19999988e+00 -2.48477462e-04 
 4.19956248e-08  0.00000000e+00  1.19999988e+00 -2.53890549e-04 
 4.20134025e-08  0.00000000e+00  1.19999988e+00 -2.31201554e-04 
 4.20302585e-08  0.00000000e+00  1.19999988e+00 -2.28228545e-04 
 4.20482210e-08  0.00000000e+00  1.19999987e+00 -2.63923399e-04 
 4.20652467e-08  0.00000000e+00  1.19999988e+00 -2.42886023e-04 
 4.20841306e-08  0.00000000e+00  1.19999988e+00 -2.59258385e-04 
 4.21025155e-08  0.00000000e+00  1.19999986e+00 -2.26518890e-04 
 4.21213802e-08  0.00000000e+00  1.19999989e+00 -2.36168363e-04 
 4.21386834e-08  0.00000000e+00  1.19999988e+00 -2.58318684e-04 
 4.21567837e-08  0.00000000e+00  1.19999992e+00 -2.47070701e-04 
 4.21755755e-08  0.00000000e+00  1.19999996e+00 -2.55960706e-04 
 4.21932312e-08  0.00000000e+00  1.19999932e+00 -2.28150336e-04 
 4.22097428e-08  0.00000000e+00  1.19999959e+00 -2.31312085e-04 
 4.22275412e-08  0.00000000e+00  1.20000003e+00 -2.61746589e-04 
 4.22443224e-08  0.00000000e+00  1.20000196e+00 -2.43745600e-04 
 4.22636999e-08  0.00000000e+00  1.20000825e+00 -2.59144391e-04 
 4.22812878e-08  0.00000000e+00  1.19999262e+00 -2.27837730e-04 
 4.22980923e-08  0.00000000e+00  1.19996665e+00 -2.31813474e-04 
 4.23161220e-08  0.00000000e+00  1.19994755e+00 -2.59117346e-04 
 4.23331113e-08  0.00000000e+00  1.20000467e+00 -2.46027083e-04 
 4.23521196e-08  0.00000000e+00  1.20044046e+00 -2.56888589e-04 
 4.23703255e-08  0.00000000e+00  1.20055739e+00 -2.30930027e-04 
 4.23893819e-08  0.00000000e+00  1.19910620e+00 -2.31592606e-04 
 4.24066698e-08  0.00000000e+00  1.19567975e+00 -2.59343264e-04 
 4.24248529e-08  0.00000000e+00  1.19370929e+00 -2.42868145e-04 
 4.24437504e-08  0.00000000e+00  1.21337954e+00 -2.73855435e-04 
 4.24612437e-08  0.00000000e+00  1.24877989e+00 -2.36859470e-04 
 4.24770038e-08  0.00000000e+00  1.24969299e+00 -2.23527700e-04 
 4.24945159e-08  0.00000000e+00  1.14575933e+00 -2.14379285e-04 
 4.25103743e-08  0.00000000e+00  9.68002757e-01 -1.81423931e-04 
 4.25248150e-08  0.00000000e+00  7.80948121e-01 -1.74791192e-04 
 4.25414519e-08  0.00000000e+00  5.66567201e-01 -2.05758355e-04 
 4.25602139e-08  0.00000000e+00  3.49097094e-01 -1.62384381e-04 
 4.25772529e-08  0.00000000e+00  1.95087033e-01 -1.82550512e-04 
 4.25934598e-08  0.00000000e+00  9.94707536e-02 -1.61788045e-04 
 4.26114790e-08  0.00000000e+00  4.27721970e-02 -1.56704614e-04 
 4.26256299e-08  0.00000000e+00  2.16774536e-02 -1.85079472e-04 
 4.26415782e-08  0.00000000e+00  9.87701160e-03 -1.70996889e-04 
 4.26589127e-08  0.00000000e+00  4.15525646e-03 -1.52484949e-04 
 4.26736991e-08  0.00000000e+00  2.00350635e-03 -1.73772483e-04 
 4.26917732e-08  0.00000000e+00  8.10788130e-04 -1.41428901e-04 
 4.27104830e-08  0.00000000e+00  3.11404591e-04 -1.79242733e-04 
 4.27274589e-08  0.00000000e+00  1.37454933e-04 -1.72200462e-04 
 4.27474910e-08  0.00000000e+00  4.60651221e-05 -1.55281334e-04 
 4.27646954e-08  0.00000000e+00  2.30901587e-05 -1.67099729e-04 
 4.27828995e-08  0.00000000e+00  5.93479869e-06 -1.45578338e-04 
 4.27999486e-08  0.00000000e+00  5.91759548e-06 -1.74943149e-04 
 4.28179712e-08  0.00000000e+00 -7.68041857e-07 -1.74768142e-04 
 4.28369945e-08  0.00000000e+00  2.82111068e-06 -1.51292558e-04 
 4.28535042e-08  0.00000000e+00 -1.84737448e-06 -1.71912043e-04 
 4.28718956e-08  0.00000000e+00  2.25881948e-06 -1.41088694e-04 
 4.28908670e-08  0.00000000e+00 -1.95262443e-06 -1.82696010e-04 
 4.29080078e-08  0.00000000e+00  2.07796780e-06 -1.69085605e-04 
 4.29279156e-08  0.00000000e+00 -1.88798376e-06 -1.57490576e-04 
 4.29443999e-08  0.00000000e+00  1.96988688e-06 -1.65867687e-04 
 4.29627048e-08  0.00000000e+00 -1.79659198e-06 -1.45215269e-04 
 4.29791605e-08  0.00000000e+00  1.87457518e-06 -1.76274378e-04 
 4.29970225e-08  0.00000000e+00 -1.70568476e-06 -1.74197486e-04 
 4.30158042e-08  0.00000000e+00  1.79084946e-06 -1.51823568e-04 
 4.30320854e-08  0.00000000e+00 -1.62089405e-06 -1.71234130e-04 
 4.30504715e-08  0.00000000e+00  1.70732658e-06 -1.41586809e-04 
 4.30693890e-08  0.00000000e+00 -1.54582974e-06 -1.81475856e-04 
 4.30865297e-08  0.00000000e+00  1.63166596e-06 -1.70613493e-04 
 4.31065619e-08  0.00000000e+00 -1.47407513e-06 -1.56649968e-04 
 4.31232963e-08  0.00000000e+00  1.56112370e-06 -1.65973114e-04 
 4.31415755e-08  0.00000000e+00 -1.40237811e-06 -1.44737939e-04 
 4.31580307e-08  0.00000000e+00  1.49097962e-06 -1.76782290e-04 
 4.31759249e-08  0.00000000e+00 -1.33347487e-06 -1.73971718e-04 
 4.31947229e-08  0.00000000e+00  1.42839706e-06 -1.52394611e-04 
 4.32110588e-08  0.00000000e+00 -1.26974964e-06 -1.70384394e-04 
 4.32294468e-08  0.00000000e+00  1.36575255e-06 -1.41862418e-04 
 4.32464952e-08  0.00000000e+00 -1.21032295e-06 -1.77217932e-04 
 4.32644485e-08  0.00000000e+00  1.30729672e-06 -1.73076956e-04 
 4.32838713e-08  0.00000000e+00 -1.15703982e-06 -1.54822205e-04 
 4.33009746e-08  0.00000000e+00  1.25420392e-06 -1.66962623e-04 
 4.33193703e-08  0.00000000e+00 -1.10399845e-06 -1.44799636e-04 
 4.33364168e-08  0.00000000e+00  1.20263191e-06 -1.75443771e-04 
 4.33544580e-08  0.00000000e+00 -1.05336552e-06 -1.75103367e-04 
 4.33736343e-08  0.00000000e+00  1.15621970e-06 -1.52084746e-04 
 4.33903869e-08  0.00000000e+00 -1.00649857e-06 -1.70202735e-04 
 4.34087834e-08  0.00000000e+00  1.10970416e-06 -1.41295708e-04 
 4.34257027e-08  0.00000000e+00 -9.61593581e-07 -1.78754864e-04 
 4.34436859e-08  0.00000000e+00  1.06555698e-06 -1.71827460e-04 
 4.34629010e-08  0.00000000e+00 -9.21314037e-07 -1.55738822e-04 
 4.34797479e-08  0.00000000e+00  1.02507453e-06 -1.66221821e-04 
 4.34981416e-08  0.00000000e+00 -8.81084254e-07 -1.45341539e-04 
 4.35151007e-08  0.00000000e+00  9.86171423e-07 -1.74565449e-04 
 4.35331014e-08  0.00000000e+00 -8.42851484e-07 -1.76153099e-04 
 4.35523401e-08  0.00000000e+00  9.51270134e-07 -1.51434014e-04 
 4.35692169e-08  0.00000000e+00 -8.07782053e-07 -1.70539507e-04 
 4.35876126e-08  0.00000000e+00  9.16404013e-07 -1.40775385e-04 
 4.36045430e-08  0.00000000e+00 -7.73999647e-07 -1.79306083e-04 
 4.36225441e-08  0.00000000e+00  8.83205940e-07 -1.71409343e-04 
 4.36417685e-08  0.00000000e+00 -7.43706405e-07 -1.56304527e-04 
 4.36586360e-08  0.00000000e+00  8.52761171e-07 -1.65529636e-04 
 4.36770322e-08  0.00000000e+00 -7.13445299e-07 -1.45761181e-04 
 4.36939447e-08  0.00000000e+00  8.23436030e-07 -1.74211128e-04 
 4.37119432e-08  0.00000000e+00 -6.84621311e-07 -1.76651722e-04 
 4.37311755e-08  0.00000000e+00  7.97156213e-07 -1.51090742e-04 
 4.37480634e-08  0.00000000e+00 -6.58224602e-07 -1.70739647e-04 
 4.37664603e-08  0.00000000e+00  7.70915547e-07 -1.40375853e-04 
 4.37833613e-08  0.00000000e+00 -6.32766924e-07 -1.79685218e-04 
 4.38013615e-08  0.00000000e+00  7.45895370e-07 -1.71171877e-04 
 4.38205957e-08  0.00000000e+00 -6.09961396e-07 -1.56708863e-04 
 4.38374932e-08  0.00000000e+00  7.22995452e-07 -1.64984751e-04 
 4.38558909e-08  0.00000000e+00 -5.87193273e-07 -1.46091484e-04 
 4.38727765e-08  0.00000000e+00  7.00890863e-07 -1.73911135e-04 
 4.38907767e-08  0.00000000e+00 -5.65465443e-07 -1.77071816e-04 
 4.39100123e-08  0.00000000e+00  6.81097476e-07 -1.50824364e-04 
 4.39269195e-08  0.00000000e+00 -5.45593355e-07 -1.70869078e-04 
 4.39453178e-08  0.00000000e+00  6.61340140e-07 -1.40054975e-04 
 4.39621903e-08  0.00000000e+00 -5.26395975e-07 -1.80014319e-04 
 4.39801908e-08  0.00000000e+00  6.42470459e-07 -1.70971555e-04 
 4.39994287e-08  0.00000000e+00 -5.09212131e-07 -1.57047129e-04 
 4.40163463e-08  0.00000000e+00  6.25224182e-07 -1.64527091e-04 
 4.40347453e-08  0.00000000e+00 -4.92062517e-07 -1.46357229e-04 
 4.40516053e-08  0.00000000e+00  6.08549095e-07 -1.73665677e-04 
 4.40696062e-08  0.00000000e+00 -4.75670020e-07 -1.77426350e-04 
 4.40888458e-08  0.00000000e+00  5.93627918e-07 -1.50612556e-04 
 4.41057724e-08  0.00000000e+00 -4.60696583e-07 -1.70954500e-04 
 4.41241721e-08  0.00000000e+00  5.78738103e-07 -1.39797643e-04 
 4.41410200e-08  0.00000000e+00 -4.46207468e-07 -1.80281525e-04 
 4.41590213e-08  0.00000000e+00  5.64494480e-07 -1.70819124e-04 
 4.41782625e-08  0.00000000e+00 -4.33246070e-07 -1.57323781e-04 
 4.41951980e-08  0.00000000e+00  5.51491019e-07 -1.64142398e-04 
 4.42135983e-08  0.00000000e+00 -4.20313193e-07 -1.46568593e-04 
 4.42304349e-08  0.00000000e+00  5.38898155e-07 -1.73474523e-04 
 4.42484365e-08  0.00000000e+00 -4.07932025e-07 -1.77716200e-04 
 4.42676793e-08  0.00000000e+00  5.27635863e-07 -1.50450390e-04 
 4.42846231e-08  0.00000000e+00 -3.96634345e-07 -1.71003203e-04 
 4.43030241e-08  0.00000000e+00  5.16398932e-07 -1.39593886e-04 
 4.43198498e-08  0.00000000e+00 -3.85684811e-07 -1.80495137e-04 
 4.43378519e-08  0.00000000e+00  5.05633132e-07 -1.70708325e-04 
 4.43570962e-08  0.00000000e+00 -3.75894207e-07 -1.57547131e-04 
 4.43740478e-08  0.00000000e+00  4.95813585e-07 -1.63820823e-04 
 4.43924494e-08  0.00000000e+00 -3.66125890e-07 -1.46734336e-04 
 4.44092649e-08  0.00000000e+00  4.86289286e-07 -1.73327902e-04 
 4.44272673e-08  0.00000000e+00 -3.56759970e-07 -1.77951858e-04 
 4.44465130e-08  0.00000000e+00  4.77774409e-07 -1.50329297e-04 
 4.44634721e-08  0.00000000e+00 -3.48220393e-07 -1.71022241e-04 
 4.44818743e-08  0.00000000e+00  4.69278673e-07 -1.39434828e-04 
 4.44986800e-08  0.00000000e+00 -3.39931170e-07 -1.80664376e-04 
 4.45166828e-08  0.00000000e+00  4.61126699e-07 -1.70631235e-04 
 4.45359298e-08  0.00000000e+00 -3.32521229e-07 -1.57725840e-04 
 4.45528959e-08  0.00000000e+00  4.53696228e-07 -1.63553077e-04 
 4.45712988e-08  0.00000000e+00 -3.25127517e-07 -1.46862023e-04 
 4.45880952e-08  0.00000000e+00  4.46477907e-07 -1.73217999e-04 
 4.46060983e-08  0.00000000e+00 -3.18027492e-07 -1.78142068e-04 
 4.46253466e-08  0.00000000e+00  4.40025671e-07 -1.50241989e-04 
 4.46423194e-08  0.00000000e+00 -3.11557391e-07 -1.71017692e-04 
 4.46607228e-08  0.00000000e+00  4.33586794e-07 -1.39313015e-04 
 4.46775104e-08  0.00000000e+00 -3.05267052e-07 -1.80796439e-04 
 4.46955139e-08  0.00000000e+00  4.27398833e-07 -1.70581762e-04 
 4.47147634e-08  0.00000000e+00 -2.99644268e-07 -1.57867011e-04 
 4.47317425e-08  0.00000000e+00  4.21760801e-07 -1.63331259e-04 
 4.47501465e-08  0.00000000e+00 -2.94032247e-07 -1.46957956e-04 
 4.47669257e-08  0.00000000e+00  4.16274975e-07 -1.73138553e-04 
 4.47849296e-08  0.00000000e+00 -2.88634590e-07 -1.78293929e-04 
 4.48041802e-08  0.00000000e+00  4.11371012e-07 -1.50182541e-04 
 4.48211653e-08  0.00000000e+00 -2.83717047e-07 -1.70994475e-04 
 4.48395697e-08  0.00000000e+00  4.06475396e-07 -1.39222244e-04 
 4.48563411e-08  0.00000000e+00 -2.78928265e-07 -1.80897311e-04 
 4.48743454e-08  0.00000000e+00  4.01762792e-07 -1.70554923e-04 
 4.48935969e-08  0.00000000e+00 -2.74646901e-07 -1.57976576e-04 
 4.49105877e-08  0.00000000e+00  3.97469459e-07 -1.63148688e-04 
 4.49289927e-08  0.00000000e+00 -2.70371607e-07 -1.47027389e-04 
 4.49457565e-08  0.00000000e+00  3.93284914e-07 -1.73084342e-04 
 4.49637612e-08  0.00000000e+00 -2.66252550e-07 -1.78413421e-04 
 4.49830137e-08  0.00000000e+00  3.89543009e-07 -1.50146042e-04 
 4.50000098e-08  0.00000000e+00 -2.62499726e-07 -1.70956594e-04 
 4.50184153e-08  0.00000000e+00  3.85805128e-07 -1.39157335e-04 
 4.50351719e-08  0.00000000e+00 -2.58838664e-07 -1.80972030e-04 
 4.50531770e-08  0.00000000e+00  3.82200553e-07 -1.70546577e-04 
 4.50724304e-08  0.00000000e+00 -2.55563971e-07 -1.58059531e-04 
 4.50894316e-08  0.00000000e+00  3.78915940e-07 -1.62999680e-04 
 4.51078376e-08  0.00000000e+00 -2.52291433e-07 -1.47074722e-04 
 4.51245875e-08  0.00000000e+00  3.75708605e-07 -1.73051014e-04 
 4.51425929e-08  0.00000000e+00 -2.49132555e-07 -1.78505585e-04 
 4.51618471e-08  0.00000000e+00  3.72838723e-07 -1.50128410e-04 
 4.51788532e-08  0.00000000e+00 -2.46253395e-07 -1.70907306e-04 
 4.51972596e-08  0.00000000e+00  3.69969294e-07 -1.39113956e-04 
 4.52140030e-08  0.00000000e+00 -2.43439093e-07 -1.81024825e-04 
 4.52320088e-08  0.00000000e+00  3.67196700e-07 -1.70553293e-04 
 4.52512639e-08  0.00000000e+00 -2.40919792e-07 -1.58120085e-04 
 4.52682745e-08  0.00000000e+00  3.64668712e-07 -1.62879395e-04 
 4.52866813e-08  0.00000000e+00 -2.38399414e-07 -1.47103639e-04 
 4.53034186e-08  0.00000000e+00  3.62195058e-07 -1.73034942e-04 
 4.53214247e-08  0.00000000e+00 -2.35961440e-07 -1.78574675e-04 
 4.53406806e-08  0.00000000e+00  3.59979484e-07 -1.50126255e-04 
 4.53576955e-08  0.00000000e+00 -2.33737550e-07 -1.70849259e-04 
 4.53761027e-08  0.00000000e+00  3.57761474e-07 -1.39088481e-04 
 4.53928343e-08  0.00000000e+00 -2.31558969e-07 -1.81059256e-04 
 4.54108407e-08  0.00000000e+00  3.55613459e-07 -1.70572229e-04 
 4.54300973e-08  0.00000000e+00 -2.29606411e-07 -1.58161787e-04 
 4.54471163e-08  0.00000000e+00  3.53652986e-07 -1.62783703e-04 
 4.54655239e-08  0.00000000e+00 -2.27650195e-07 -1.47117228e-04 
 4.54822499e-08  0.00000000e+00  3.51730084e-07 -1.73033102e-04 
 4.55002567e-08  0.00000000e+00 -2.25753394e-07 -1.78624283e-04 
 4.55195139e-08  0.00000000e+00  3.50005399e-07 -1.50136762e-04 
 4.55365368e-08  0.00000000e+00 -2.24020974e-07 -1.70784601e-04 
 4.55549449e-08  0.00000000e+00  3.48275971e-07 -1.39077877e-04 
 4.55716657e-08  0.00000000e+00 -2.22319559e-07 -1.81078317e-04 
 4.55896727e-08  0.00000000e+00  3.46596812e-07 -1.70601033e-04 
 4.56089306e-08  0.00000000e+00 -2.20792208e-07 -1.58187633e-04 
 4.56259572e-08  0.00000000e+00  3.45061955e-07 -1.62709076e-04 
 4.56443656e-08  0.00000000e+00 -2.19259137e-07 -1.47118079e-04 
 4.56610814e-08  0.00000000e+00  3.43552446e-07 -1.73042972e-04 
 4.56790888e-08  0.00000000e+00 -2.17768513e-07 -1.78657445e-04 
 4.56983473e-08  0.00000000e+00  3.42196059e-07 -1.50157589e-04 
 4.57153773e-08  0.00000000e+00 -2.16404714e-07 -1.70715070e-04 
 4.57337861e-08  0.00000000e+00  3.40833073e-07 -1.39079600e-04 
 4.57504972e-08  0.00000000e+00 -2.15061447e-07 -1.81084527e-04 
 4.57685049e-08  0.00000000e+00  3.39505799e-07 -1.70637755e-04 
 4.57877639e-08  0.00000000e+00 -2.13853088e-07 -1.58200156e-04 
 4.58047972e-08  0.00000000e+00  3.38290188e-07 -1.62652496e-04 
 4.58232063e-08  0.00000000e+00 -2.12637391e-07 -1.47108366e-04 
 4.58399130e-08  0.00000000e+00  3.37090949e-07 -1.73062446e-04 
 4.58579210e-08  0.00000000e+00 -2.11451623e-07 -1.78676732e-04 
 4.58771805e-08  0.00000000e+00  3.36010854e-07 -1.50186792e-04 
 4.58942170e-08  0.00000000e+00 -2.10364314e-07 -1.70642067e-04 
 4.59126264e-08  0.00000000e+00  3.34922741e-07 -1.39091522e-04 
 4.59293288e-08  0.00000000e+00 -2.09289847e-07 -1.81080012e-04 
 4.59473371e-08  0.00000000e+00  3.33859567e-07 -1.70680784e-04 
 4.59665971e-08  0.00000000e+00 -2.08320826e-07 -1.58201496e-04 
 4.59836366e-08  0.00000000e+00  3.32883420e-07 -1.62611380e-04 
 4.60020463e-08  0.00000000e+00 -2.07343200e-07 -1.47089917e-04 
 4.60187447e-08  0.00000000e+00  3.31917063e-07 -1.73089768e-04 
 4.60367532e-08  0.00000000e+00 -2.06386240e-07 -1.78684321e-04 
 4.60560137e-08  0.00000000e+00  3.31044258e-07 -1.50222754e-04 
 4.60730560e-08  0.00000000e+00 -2.05506348e-07 -1.70566719e-04 
 4.60914660e-08  0.00000000e+00  3.30162374e-07 -1.39111855e-04 
 4.61081606e-08  0.00000000e+00 -2.04633631e-07 -1.81066564e-04 
 4.61261694e-08  0.00000000e+00  3.29297425e-07 -1.70728785e-04 
 4.61454303e-08  0.00000000e+00 -2.03844192e-07 -1.58193463e-04 
 4.61624752e-08  0.00000000e+00  3.28500957e-07 -1.62583511e-04 
 4.61808855e-08  0.00000000e+00 -2.03045193e-07 -1.47064264e-04 
 4.61975765e-08  0.00000000e+00  3.27709378e-07 -1.73123471e-04 
 4.62155855e-08  0.00000000e+00 -2.02260008e-07 -1.78682058e-04 
 4.62348469e-08  0.00000000e+00  3.26992174e-07 -1.50264132e-04 
 4.62518943e-08  0.00000000e+00 -2.01535737e-07 -1.70489927e-04 
 4.62703049e-08  0.00000000e+00  3.26265015e-07 -1.39139102e-04 
 4.62869924e-08  0.00000000e+00 -2.00814496e-07 -1.81045694e-04 
 4.63050017e-08  0.00000000e+00  3.25548910e-07 -1.70780657e-04 
 4.63242635e-08  0.00000000e+00 -2.00159858e-07 -1.58177591e-04 
 4.63413133e-08  0.00000000e+00  3.24887253e-07 -1.62566987e-04 
 4.63597241e-08  0.00000000e+00 -1.99494912e-07 -1.47032697e-04 
 4.63764084e-08  0.00000000e+00  3.24226960e-07 -1.73162332e-04 
 4.63944179e-08  0.00000000e+00 -1.98838710e-07 -1.78671510e-04 
 4.64136801e-08  0.00000000e+00  3.23626543e-07 -1.50309813e-04 
 4.64307321e-08  0.00000000e+00 -1.98231276e-07 -1.70412408e-04 
 4.64491432e-08  0.00000000e+00  3.23015546e-07 -1.39172006e-04 
 4.64658244e-08  0.00000000e+00 -1.97623792e-07 -1.81018678e-04 
 4.64838341e-08  0.00000000e+00  3.22411234e-07 -1.70835493e-04 
 4.65030966e-08  0.00000000e+00 -1.97070373e-07 -1.58155179e-04 
 4.65201508e-08  0.00000000e+00  3.21850824e-07 -1.62560174e-04 
 4.65385621e-08  0.00000000e+00 -1.96506121e-07 -1.46996299e-04 
 4.65552404e-08  0.00000000e+00  3.21289124e-07 -1.73205330e-04 
 4.65732503e-08  0.00000000e+00 -1.95946810e-07 -1.78654008e-04 
 4.65925132e-08  0.00000000e+00  3.20776448e-07 -1.50358870e-04 
 4.66095694e-08  0.00000000e+00 -1.95427139e-07 -1.70334728e-04 
 4.66279809e-08  0.00000000e+00  3.20252731e-07 -1.39209515e-04 
 4.66446564e-08  0.00000000e+00 -1.94905139e-07 -1.80986591e-04 
 4.66626665e-08  0.00000000e+00  3.19732436e-07 -1.70892545e-04 
 4.66819297e-08  0.00000000e+00 -1.94427788e-07 -1.58127328e-04 
 4.66989879e-08  0.00000000e+00  3.19248102e-07 -1.62561667e-04 
 4.67173996e-08  0.00000000e+00 -1.93939210e-07 -1.46955982e-04 
 4.67340724e-08  0.00000000e+00  3.18760550e-07 -1.73251613e-04 
 4.67520828e-08  0.00000000e+00 -1.93452749e-07 -1.78630683e-04 
 4.67713462e-08  0.00000000e+00  3.18313833e-07 -1.50410538e-04 
 4.67884062e-08  0.00000000e+00 -1.92999072e-07 -1.70257332e-04 
 4.68068181e-08  0.00000000e+00  3.17855738e-07 -1.39250744e-04 
 4.68234885e-08  0.00000000e+00 -1.92541384e-07 -1.80950343e-04 
 4.68414990e-08  0.00000000e+00  3.17398647e-07 -1.70951197e-04 
 4.68607627e-08  0.00000000e+00 -1.92121257e-07 -1.58094971e-04 
 4.68778245e-08  0.00000000e+00  3.16971559e-07 -1.62570256e-04 
 4.68962366e-08  0.00000000e+00 -1.91689601e-07 -1.46912509e-04 
 4.69129045e-08  0.00000000e+00  3.16539810e-07 -1.73300471e-04 
 4.69309152e-08  0.00000000e+00 -1.91258001e-07 -1.78602497e-04 
 4.69501792e-08  0.00000000e+00  3.16142755e-07 -1.50464182e-04 
 4.69672426e-08  0.00000000e+00 -1.90854005e-07 -1.70180563e-04 
 4.69856549e-08  0.00000000e+00  3.15734067e-07 -1.39294953e-04 
 4.70023206e-08  0.00000000e+00 -1.90444747e-07 -1.80910703e-04 
 4.70203315e-08  0.00000000e+00  3.15324606e-07 -1.71010945e-04 
 4.70395957e-08  0.00000000e+00 -1.90067742e-07 -1.58058900e-04 
 4.70566607e-08  0.00000000e+00  3.14940646e-07 -1.62584898e-04 
 4.70750731e-08  0.00000000e+00 -1.89679006e-07 -1.46866525e-04 
 4.70917367e-08  0.00000000e+00  3.14550959e-07 -1.73351313e-04 
 4.71097477e-08  0.00000000e+00 -1.89288757e-07 -1.78570268e-04 
 4.71290122e-08  0.00000000e+00  3.14191372e-07 -1.50519277e-04 
 4.71460786e-08  0.00000000e+00 -1.88922229e-07 -1.70104684e-04 
 4.71644913e-08  0.00000000e+00  3.13819963e-07 -1.39341520e-04 
 4.71811528e-08  0.00000000e+00 -1.88549545e-07 -1.80868317e-04 
 4.71991640e-08  0.00000000e+00  3.13446440e-07 -1.71071378e-04 
 4.72184287e-08  0.00000000e+00 -1.88205087e-07 -1.58019786e-04 
 4.72354965e-08  0.00000000e+00  3.13095059e-07 -1.62604695e-04 
 4.72539093e-08  0.00000000e+00 -1.87848770e-07 -1.46818568e-04 
 4.72705689e-08  0.00000000e+00  3.12737165e-07 -1.73403648e-04 
 4.72885803e-08  0.00000000e+00 -1.87489772e-07 -1.78534692e-04 
 4.73078452e-08  0.00000000e+00  3.12405888e-07 -1.50575391e-04 
 4.73249143e-08  0.00000000e+00 -1.87151579e-07 -1.70029892e-04 
 4.73433272e-08  0.00000000e+00  3.12062695e-07 -1.39389926e-04 
 4.73599851e-08  0.00000000e+00 -1.86806570e-07 -1.80823735e-04 
 4.73779965e-08  0.00000000e+00  3.11716364e-07 -1.71132159e-04 
 4.73972617e-08  0.00000000e+00 -1.86486775e-07 -1.57978200e-04 
 4.74143321e-08  0.00000000e+00  3.11389658e-07 -1.62628869e-04 
 4.74327451e-08  0.00000000e+00 -1.86155008e-07 -1.46769093e-04 
 4.74494012e-08  0.00000000e+00  3.11055870e-07 -1.73457066e-04 
 4.74674128e-08  0.00000000e+00 -1.85819706e-07 -1.78496364e-04 
 4.74866781e-08  0.00000000e+00  3.10746072e-07 -1.50632166e-04 
 4.75037497e-08  0.00000000e+00 -1.85503037e-07 -1.69956333e-04 
 4.75221629e-08  0.00000000e+00  3.10424277e-07 -1.39439734e-04 
 4.75388174e-08  0.00000000e+00 -1.85179024e-07 -1.80777417e-04 
 4.75568291e-08  0.00000000e+00  3.10098632e-07 -1.71193017e-04 
 4.75760946e-08  0.00000000e+00 -1.84877949e-07 -1.57934625e-04 
 4.75931673e-08  0.00000000e+00  3.09790697e-07 -1.62656753e-04 
 4.76115806e-08  0.00000000e+00 -1.84564881e-07 -1.46718478e-04 
 4.76282335e-08  0.00000000e+00  3.09475229e-07 -1.73511227e-04 
 4.76462454e-08  0.00000000e+00 -1.84247647e-07 -1.78455789e-04 
 4.76655111e-08  0.00000000e+00  3.09181809e-07 -1.50689310e-04 
 4.76825848e-08  0.00000000e+00 -1.83947351e-07 -1.69884108e-04 
 4.77009983e-08  0.00000000e+00  3.08876341e-07 -1.39490579e-04 
 4.77176497e-08  0.00000000e+00 -1.83639383e-07 -1.80729754e-04 
 4.77356617e-08  0.00000000e+00  3.08566484e-07 -1.71253730e-04 
 4.77549275e-08  0.00000000e+00 -1.83352624e-07 -1.57889471e-04 
 4.77720023e-08  0.00000000e+00  3.08272877e-07 -1.62687766e-04 
 4.77904158e-08  0.00000000e+00 -1.83053847e-07 -1.46667042e-04 
 4.78070659e-08  0.00000000e+00  3.07971472e-07 -1.73565852e-04 
 4.78250780e-08  0.00000000e+00 -1.82750429e-07 -1.78413398e-04 
 4.78443440e-08  0.00000000e+00  3.07690575e-07 -1.50746583e-04 
 4.78614197e-08  0.00000000e+00 -1.82462719e-07 -1.69813285e-04 
 4.78798334e-08  0.00000000e+00  3.07397657e-07 -1.39542158e-04 
 4.78964821e-08  0.00000000e+00 -1.82167045e-07 -1.80681076e-04 
 4.79144943e-08  0.00000000e+00  3.07099902e-07 -1.71314123e-04 
 4.79337604e-08  0.00000000e+00 -1.81891312e-07 -1.57843087e-04 
 4.79508371e-08  0.00000000e+00  3.06817367e-07 -1.62721409e-04 
 4.79692508e-08  0.00000000e+00 -1.81603535e-07 -1.46615052e-04 
 4.79858983e-08  0.00000000e+00  3.06526746e-07 -1.73620707e-04 
 4.80039106e-08  0.00000000e+00 -1.81310788e-07 -1.78369558e-04 
 4.80231768e-08  0.00000000e+00  3.06255552e-07 -1.50803789e-04 
 4.80402544e-08  0.00000000e+00 -1.81032774e-07 -1.69743906e-04 
 4.80586682e-08  0.00000000e+00  3.05972331e-07 -1.39594216e-04 
 4.80753145e-08  0.00000000e+00 -1.80746653e-07 -1.80631660e-04 
 4.80933269e-08  0.00000000e+00  3.05683978e-07 -1.71374054e-04 
 4.81125933e-08  0.00000000e+00 -1.80479441e-07 -1.57795768e-04 
 4.81296716e-08  0.00000000e+00  3.05409993e-07 -1.62757247e-04 
 4.81480856e-08  0.00000000e+00 -1.80200241e-07 -1.46562730e-04 
 4.81647307e-08  0.00000000e+00  3.05127804e-07 -1.73675776e-04 
 4.81827433e-08  0.00000000e+00 -1.79915781e-07 -1.78324058e-04 
 4.82020098e-08  0.00000000e+00  3.04864157e-07 -1.50861450e-04 
 4.82190889e-08  0.00000000e+00 -1.79645366e-07 -1.69675004e-04 
 4.82375029e-08  0.00000000e+00  3.04588495e-07 -1.39646529e-04 
 4.82541468e-08  0.00000000e+00 -1.79366669e-07 -1.80582388e-04 
 4.82721595e-08  0.00000000e+00  3.04307508e-07 -1.71433059e-04 
 4.82914260e-08  0.00000000e+00 -1.79106170e-07 -1.57748823e-04 
 4.83085058e-08  0.00000000e+00  3.04040251e-07 -1.62793010e-04 
 4.83269200e-08  0.00000000e+00 -1.78833671e-07 -1.46510333e-04 
 4.83435627e-08  0.00000000e+00  3.03764680e-07 -1.73730903e-04 
 4.83615755e-08  0.00000000e+00 -1.78555772e-07 -1.78279025e-04 
 4.83808422e-08  0.00000000e+00  3.03506975e-07 -1.50918562e-04 
 4.83979228e-08  0.00000000e+00 -1.78291342e-07 -1.69606886e-04 
 4.84163371e-08  0.00000000e+00  3.03237304e-07 -1.39698944e-04 
 4.84329787e-08  0.00000000e+00 -1.78018548e-07 -1.80532304e-04 
 4.84509916e-08  0.00000000e+00  3.02962141e-07 -1.71492636e-04 
 4.84702584e-08  0.00000000e+00 -1.77763346e-07 -1.57700791e-04 
 4.84873398e-08  0.00000000e+00  3.02700256e-07 -1.62830535e-04 
 4.85057541e-08  0.00000000e+00 -1.77496209e-07 -1.46457851e-04 
 4.85223947e-08  0.00000000e+00  3.02429943e-07 -1.73785768e-04 
 4.85404077e-08  0.00000000e+00 -1.77223514e-07 -1.78233188e-04 
 4.85596746e-08  0.00000000e+00  3.02177013e-07 -1.50975246e-04 
 4.85767567e-08  0.00000000e+00 -1.76963889e-07 -1.69540304e-04 
 4.85951711e-08  0.00000000e+00  3.01912152e-07 -1.39751324e-04 
 4.86118107e-08  0.00000000e+00 -1.76695835e-07 -1.80482148e-04 
 4.86298238e-08  0.00000000e+00  3.01641666e-07 -1.71551337e-04 
 4.86490908e-08  0.00000000e+00 -1.76444925e-07 -1.57652445e-04 
 4.86661735e-08  0.00000000e+00  3.01384102e-07 -1.62869434e-04 
 4.86845880e-08  0.00000000e+00 -1.76182124e-07 -1.46405511e-04 
 4.87012267e-08  0.00000000e+00  3.01118068e-07 -1.73840197e-04 
 4.87192399e-08  0.00000000e+00 -1.75913660e-07 -1.78186899e-04 
 4.87385069e-08  0.00000000e+00  3.00869001e-07 -1.51031320e-04 
 4.87555904e-08  0.00000000e+00 -1.75657946e-07 -1.69475310e-04 
 4.87740049e-08  0.00000000e+00  3.00608064e-07 -1.39803520e-04 
 4.87906427e-08  0.00000000e+00 -1.75393750e-07 -1.80431989e-04 
 4.88086559e-08  0.00000000e+00  3.00341433e-07 -1.71609176e-04 
 4.88279231e-08  0.00000000e+00 -1.75146362e-07 -1.57603933e-04 
 4.88450071e-08  0.00000000e+00  3.00087414e-07 -1.62909431e-04 
 4.88634218e-08  0.00000000e+00 -1.74887130e-07 -1.46353421e-04 
 4.88800587e-08  0.00000000e+00  2.99824909e-07 -1.73894163e-04 
 4.88980720e-08  0.00000000e+00 -1.74622166e-07 -1.78140272e-04 
 4.89173393e-08  0.00000000e+00  2.99579041e-07 -1.51086746e-04 
 4.89344239e-08  0.00000000e+00 -1.74369703e-07 -1.69411861e-04 
 4.89528386e-08  0.00000000e+00  2.99321373e-07 -1.39855435e-04 
 4.89694747e-08  0.00000000e+00 -1.74108736e-07 -1.80381924e-04 
 4.89874881e-08  0.00000000e+00  2.99057951e-07 -1.71666143e-04 
 4.90067555e-08  0.00000000e+00 -1.73864282e-07 -1.57555374e-04 
 4.90238406e-08  0.00000000e+00  2.98806894e-07 -1.62950307e-04 
 4.90422553e-08  0.00000000e+00 -1.73608057e-07 -1.46301667e-04 
 4.90588908e-08  0.00000000e+00  2.98547365e-07 -1.73947603e-04 
 4.90769042e-08  0.00000000e+00 -1.73346039e-07 -1.78093451e-04 
 4.90961716e-08  0.00000000e+00  2.98304218e-07 -1.51141480e-04 
 4.91132573e-08  0.00000000e+00 -1.73096314e-07 -1.69349913e-04 
 4.91316721e-08  0.00000000e+00  2.98049313e-07 -1.39906988e-04 
 4.91483068e-08  0.00000000e+00 -1.72838093e-07 -1.80332052e-04 
 4.91663203e-08  0.00000000e+00  2.97788622e-07 -1.71722217e-04 
 4.91855878e-08  0.00000000e+00 -1.72596172e-07 -1.57506880e-04 
 4.92026739e-08  0.00000000e+00  2.97540114e-07 -1.62991870e-04 
 4.92210888e-08  0.00000000e+00 -1.72342490e-07 -1.46250318e-04 
 4.92377228e-08  0.00000000e+00  2.97283150e-07 -1.74000462e-04 
 4.92557364e-08  0.00000000e+00 -1.72083027e-07 -1.78046560e-04 
 4.92750040e-08  0.00000000e+00  2.97042323e-07 -1.51195485e-04 
 4.92920905e-08  0.00000000e+00 -1.71835686e-07 -1.69289420e-04 
 4.93105055e-08  0.00000000e+00  2.96789832e-07 -1.39958112e-04 
 4.93271388e-08  0.00000000e+00 -1.71579841e-07 -1.80282458e-04 
 4.93451525e-08  0.00000000e+00  2.96531500e-07 -1.71777386e-04 
 4.93644201e-08  0.00000000e+00 -1.71340105e-07 -1.57458546e-04 
 4.93815071e-08  0.00000000e+00  2.96285242e-07 -1.63033952e-04 
 4.93999221e-08  0.00000000e+00 -1.71088689e-07 -1.46199435e-04 
 4.94165549e-08  0.00000000e+00  2.96030497e-07 -1.74052700e-04 
 4.94345686e-08  0.00000000e+00 -1.70831452e-07 -1.77999705e-04 
 4.94538363e-08  0.00000000e+00  2.95791743e-07 -1.51248738e-04 
 4.94709237e-08  0.00000000e+00 -1.70586223e-07 -1.69230335e-04 
 4.94893387e-08  0.00000000e+00  2.95541366e-07 -1.40008752e-04 
 4.95059709e-08  0.00000000e+00 -1.70332498e-07 -1.80233208e-04 
 4.95239847e-08  0.00000000e+00  2.95285167e-07 -1.71831645e-04 
 4.95432524e-08  0.00000000e+00 -1.70094685e-07 -1.57410449e-04 
 4.95603403e-08  0.00000000e+00  2.95040897e-07 -1.63076408e-04 
 4.95787553e-08  0.00000000e+00 -1.69845308e-07 -1.46149063e-04 
 4.95953870e-08  0.00000000e+00  2.94788136e-07 -1.74104284e-04 
 4.96134007e-08  0.00000000e+00 -1.69590061e-07 -1.77952976e-04 
 4.96326686e-08  0.00000000e+00  2.94551262e-07 -1.51301219e-04 
 4.96497568e-08  0.00000000e+00 -1.69346725e-07 -1.69172611e-04 
 4.96681719e-08  0.00000000e+00  2.94302790e-07 -1.40058864e-04 
 4.96848030e-08  0.00000000e+00 -1.69094911e-07 -1.80184361e-04 
 4.97028168e-08  0.00000000e+00  2.94048498e-07 -1.71884994e-04 
 4.97220847e-08  0.00000000e+00 -1.68858891e-07 -1.57362657e-04 
 4.97391733e-08  0.00000000e+00  2.93806039e-07 -1.63119111e-04 
 4.97575884e-08  0.00000000e+00 -1.68611319e-07 -1.46099241e-04 
 4.97742191e-08  0.00000000e+00  2.93555129e-07 -1.74155190e-04 
 4.97922329e-08  0.00000000e+00 -1.68357926e-07 -1.77906449e-04 
 4.98115009e-08  0.00000000e+00  2.93319927e-07 -1.51352917e-04 
 4.98285898e-08  0.00000000e+00 -1.68116330e-07 -1.69116198e-04 
 4.98470050e-08  0.00000000e+00  2.93073228e-07 -1.40108412e-04 
 4.98636351e-08  0.00000000e+00 -1.67866265e-07 -1.80135966e-04 
 4.98816490e-08  0.00000000e+00  2.92820710e-07 -1.71937434e-04 
 4.99009170e-08  0.00000000e+00 -1.67631878e-07 -1.57315223e-04 
 4.99180062e-08  0.00000000e+00  2.92579919e-07 -1.63161959e-04 
 4.99364215e-08  0.00000000e+00 -1.67386014e-07 -1.46050010e-04 
 4.99530512e-08  0.00000000e+00  2.92330698e-07 -1.74205329e-04 
 4.99710651e-08  0.00000000e+00 -1.67134331e-07 -1.77860267e-04 
 4.99855326e-08  0.00000000e+00  2.92059662e-07 -1.50315608e-04 
 5.00000000e-08  0.00000000e+00 -1.66833904e-07 -1.70153412e-04 
 5.00021650e-08  2.59798757e-02  6.22877037e-08 -1.43148746e-04 
 5.00064950e-08  7.79396270e-02  6.27879990e-08 -1.38894339e-04 
 5.00151549e-08  1.81859130e-01  6.22888635e-08 -1.26970024e-04 
 5.00289692e-08  3.47630222e-01  6.27874228e-08 -1.18582147e-04 
 5.00443131e-08  5.31756824e-01  6.22889902e-08 -1.57121477e-04 
 5.00624140e-08  7.48967767e-01  6.27868172e-08 -1.64452060e-04 
 5.00796790e-08  9.56148361e-01  6.22891120e-08 -1.80534485e-04 
 5.00958200e-08  1.14983982e+00  6.27864020e-08 -2.18301767e-04 
 5.01000000e-08  1.20000000e+00  6.22898959e-08 -2.27972149e-04 
 5.01017868e-08  1.20000000e+00  6.25374538e-08 -2.40901443e-04 
 5.01053603e-08  1.20000000e+00  6.25381910e-08 -2.38648754e-04 
 5.01125073e-08  1.20000000e+00  6.25374597e-08 -2.16441833e-04 
 5.01268013e-08  1.20000000e+00  6.25381699e-08 -2.12430477e-04 
 5.01405636e-08  1.20000000e+00  6.25374536e-08 -2.47725809e-04 
 5.01559642e-08  1.20000000e+00  6.25381744e-08 -2.44201086e-04 
 5.01737002e-08  1.20000000e+00  6.25374525e-08 -2.49759424e-04 
 5.01921775e-08  1.20000000e+00  6.25381688e-08 -2.58515980e-04 
 5.02090988e-08  1.20000000e+00  6.25374476e-08 -2.16688980e-04 
 5.02271908e-08  1.20000000e+00  6.25381632e-08 -2.49738021e-04 
 5.02440029e-08  1.20000000e+00  6.25374615e-08 -2.46100465e-04 
 5.02616506e-08  1.20000000e+00  6.25381627e-08 -2.50952991e-04 
 5.02770904e-08  1.20000000e+00  6.25374589e-08 -2.62698587e-04 
 5.02950955e-08  1.20000000e+00  6.25381616e-08 -2.23692996e-04 
 5.03122772e-08  1.20000000e+00  6.25374614e-08 -2.37186108e-04 
 5.03293117e-08  1.20000000e+00  6.25381571e-08 -2.54846315e-04 
 5.03465766e-08  1.20000000e+00  6.25374595e-08 -2.42235516e-04 
 5.03621769e-08  1.20000000e+00  6.25381548e-08 -2.65321318e-04 
 5.03801772e-08  1.20000000e+00  6.25374611e-08 -2.31254037e-04 
 5.03970692e-08  1.20000000e+00  6.25381612e-08 -2.28462056e-04 
 5.04148975e-08  1.20000000e+00  6.25374640e-08 -2.55722810e-04 
 5.04326275e-08  1.20000000e+00  6.25381541e-08 -2.41575909e-04 
 5.04515282e-08  1.20000000e+00  6.25374623e-08 -2.63515453e-04 
 5.04695979e-08  1.20000000e+00  6.25381514e-08 -2.33435481e-04 
 5.04888096e-08  1.20000000e+00  6.25374620e-08 -2.30428855e-04 
 5.05067666e-08  1.20000000e+00  6.25381573e-08 -2.57070578e-04 
 5.05248885e-08  1.20000000e+00  6.25374757e-08 -2.40697538e-04 
 5.05417338e-08  1.20000000e+00  6.25381501e-08 -2.66666711e-04 
 5.05598862e-08  1.20000000e+00  6.25374717e-08 -2.27785661e-04 
 5.05768371e-08  1.20000000e+00  6.25381609e-08 -2.31936490e-04 
 5.05947793e-08  1.20000000e+00  6.25374712e-08 -2.54362627e-04 
 5.06121597e-08  1.20000000e+00  6.25381456e-08 -2.42861213e-04 
 5.06293392e-08  1.20000000e+00  6.25374622e-08 -2.62269437e-04 
 5.06476695e-08  1.20000000e+00  6.25381528e-08 -2.35343802e-04 
 5.06663893e-08  1.20000000e+00  6.25374724e-08 -2.27741546e-04 
 5.06842707e-08  1.20000000e+00  6.25381398e-08 -2.58242541e-04 
 5.07026471e-08  1.20000000e+00  6.25374762e-08 -2.39409114e-04 
 5.07218169e-08  1.20000000e+00  6.25381501e-08 -2.67536357e-04 
 5.07392819e-08  1.20000000e+00  6.25374730e-08 -2.25955141e-04 
 5.07560648e-08  1.20000000e+00  6.25381437e-08 -2.33829965e-04 
 5.07742851e-08  1.20000000e+00  6.25374768e-08 -2.53279590e-04 
 5.07910757e-08  1.20000000e+00  6.25381515e-08 -2.43671803e-04 
 5.08076251e-08  1.20000000e+00  6.25374834e-08 -2.61659298e-04 
 5.08258951e-08  1.20000000e+00  6.25381459e-08 -2.36913313e-04 
 5.08445143e-08  1.20000000e+00  6.25374761e-08 -2.26215421e-04 
 5.08623480e-08  1.20000000e+00  6.25381364e-08 -2.58821268e-04 
 5.08808864e-08  1.20000000e+00  6.25374691e-08 -2.38576451e-04 
 5.08997649e-08  1.20000000e+00  6.25381409e-08 -2.67909638e-04 
 5.09175555e-08  1.20000000e+00  6.25374781e-08 -2.26377488e-04 
 5.09345617e-08  1.20000000e+00  6.25381509e-08 -2.33746153e-04 
 5.09528654e-08  1.20000000e+00  6.25374839e-08 -2.52964532e-04 
 5.09698557e-08  1.20000000e+00  6.25381368e-08 -2.43948463e-04 
 5.09865210e-08  1.20000000e+00  6.25374723e-08 -2.61669801e-04 
 5.10048085e-08  1.20000000e+00  6.25381331e-08 -2.36418313e-04 
 5.10235236e-08  1.20000000e+00  6.25374788e-08 -2.26792080e-04 
 5.10412501e-08  1.20000000e+00  6.25381399e-08 -2.58888047e-04 
 5.10597533e-08  1.20000000e+00  6.25374865e-08 -2.38447298e-04 
 5.10787733e-08  1.20000000e+00  6.25381481e-08 -2.68355767e-04 
 5.10963465e-08  1.20000000e+00  6.25374819e-08 -2.25722841e-04 
 5.11131874e-08  1.20000000e+00  6.25381375e-08 -2.34231353e-04 
 5.11314543e-08  1.20000000e+00  6.25374781e-08 -2.52451082e-04 
 5.11483198e-08  1.20000000e+00  6.25381378e-08 -2.44312370e-04 
 5.11649297e-08  1.20000000e+00  6.25374899e-08 -2.61067464e-04 
 5.11832136e-08  1.20000000e+00  6.25381380e-08 -2.37601840e-04 
 5.12018281e-08  1.20000000e+00  6.25374819e-08 -2.25587890e-04 
 5.12196814e-08  1.20000000e+00  6.25381337e-08 -2.59434980e-04 
 5.12381972e-08  1.20000000e+00  6.25374704e-08 -2.37745330e-04 
 5.12571487e-08  1.20000000e+00  6.25381299e-08 -2.68911122e-04 
 5.12748608e-08  1.20000000e+00  6.25374949e-08 -2.25474900e-04 
 5.12918242e-08  1.20000000e+00  6.25381467e-08 -2.34703619e-04 
 5.13101252e-08  1.20000000e+00  6.25374892e-08 -2.51878936e-04 
 5.13270757e-08  1.20000000e+00  6.25381272e-08 -2.44808503e-04 
 5.13436919e-08  1.20000000e+00  6.25374768e-08 -2.60779306e-04 
 5.13619729e-08  1.20000000e+00  6.25381266e-08 -2.37709306e-04 
 5.13806363e-08  1.20000000e+00  6.25374834e-08 -2.25539164e-04 
 5.13984149e-08  1.20000000e+00  6.25381400e-08 -2.59764360e-04 
 5.14169251e-08  1.20000000e+00  6.25374882e-08 -2.37337771e-04 
 5.14359341e-08  1.20000000e+00  6.25381363e-08 -2.69462700e-04 
 5.14535455e-08  1.20000000e+00  6.25374908e-08 -2.24903286e-04 
 5.14704370e-08  1.20000000e+00  6.25381312e-08 -2.35216719e-04 
 5.14887233e-08  1.20000000e+00  6.25374825e-08 -2.51301027e-04 
 5.15056210e-08  1.20000000e+00  6.25381374e-08 -2.45273080e-04 
 5.15222140e-08  1.20000000e+00  6.25374942e-08 -2.60209833e-04 
 5.15404937e-08  1.20000000e+00  6.25381362e-08 -2.38596148e-04 
 5.15591051e-08  1.20000000e+00  6.25375022e-08 -2.24654645e-04 
 5.15769506e-08  1.20000000e+00  6.25381243e-08 -2.60303050e-04 
 5.15954646e-08  1.20000000e+00  6.25374887e-08 -2.36685180e-04 
 5.16144491e-08  1.20000000e+00  6.25381289e-08 -2.70064276e-04 
 5.16321203e-08  1.20000000e+00  6.25374667e-08 -2.24482062e-04 
 5.16490699e-08  1.20000000e+00  6.25382074e-08 -2.35758841e-04 
 5.16673739e-08  1.20000000e+00  6.25373743e-08 -2.50689026e-04 
 5.16843097e-08  1.20000000e+00  6.25382103e-08 -2.45807935e-04 
 5.17008979e-08  1.20000000e+00  6.25377076e-08 -2.59785993e-04 
 5.17191751e-08  1.20000000e+00  6.25373175e-08 -2.38986445e-04 
 5.17378038e-08  1.20000000e+00  6.25389013e-08 -2.24299227e-04 
 5.17556186e-08  1.20000000e+00  6.25368170e-08 -2.60743801e-04 
 5.17741299e-08  1.20000000e+00  6.25364003e-08 -2.36169008e-04 
 5.17931438e-08  1.20000000e+00  6.25460785e-08 -2.70656221e-04 
 5.18107679e-08  1.20000000e+00  6.25200474e-08 -2.23927074e-04 
 5.18276881e-08  1.20000000e+00  6.25588910e-08 -2.36304554e-04 
 5.18459877e-08  1.20000000e+00  6.25265069e-08 -2.50085446e-04 
 5.18629006e-08  1.20000000e+00  6.24742604e-08 -2.46320338e-04 
 5.18794733e-08  1.20000000e+00  6.27613170e-08 -2.59239078e-04 
 5.18977491e-08  1.20000000e+00  6.22825378e-08 -2.39721797e-04 
 5.19163498e-08  1.20000000e+00  6.26717911e-08 -2.23573814e-04 
 5.19341991e-08  1.20000000e+00  6.28964372e-08 -2.61275074e-04 
 5.19527117e-08  1.20000000e+00  5.99648615e-08 -2.35548826e-04 
 5.19717182e-08  1.20000000e+00  6.67654385e-08 -2.71265074e-04 
 5.19893672e-08  1.20000000e+00  6.18574119e-08 -2.23440386e-04 
 5.20063160e-08  1.20000000e+00  6.53147214e-08 -2.36860639e-04 
 5.20246256e-08  1.20000000e+00  7.41491302e-08 -2.49472535e-04 
 5.20415560e-08  1.20000000e+00 -1.74986480e-08 -2.46861929e-04 
 5.20581214e-08  1.20000000e+00  7.15937986e-08 -2.58760926e-04 
 5.20763954e-08  1.20000000e+00  1.31184155e-07 -2.40227141e-04 
 5.20949993e-08  1.20000000e+00  2.23066716e-07 -2.23090140e-04 
 5.21128386e-08  1.20000000e+00  1.03295767e-06 -2.61761026e-04 
 5.21313494e-08  1.20000000e+00 -1.65130496e-06 -2.34992954e-04 
 5.21503725e-08  1.20000000e+00 -3.59505653e-06 -2.71865342e-04 
 5.21679985e-08  1.20000000e+00 -2.46310454e-06 -2.22897010e-04 
 5.21849367e-08  1.20000000e+00  7.42711324e-06 -2.37418552e-04 
 5.22032464e-08  1.20000000e+00  5.51257174e-05 -2.48886175e-04 
 5.22201668e-08  1.20000000e+00  2.41373585e-05 -2.47346956e-04 
 5.22367208e-08  1.20000000e+00 -1.36585578e-04 -2.58189626e-04 
 5.22549934e-08  1.20000000e+00 -3.99042269e-04 -2.40822547e-04 
 5.22735807e-08  1.20000000e+00 -4.10095579e-04 -2.22547320e-04 
 5.22914393e-08  1.20000000e+00  1.82380989e-03 -2.63336909e-04 
 5.23099499e-08  1.20000000e+00  5.07337167e-03 -2.34487244e-04 
 5.23289739e-08  1.20000000e+00  6.44398902e-04 -2.69865467e-04 
 5.23465991e-08  1.20000000e+00 -2.02697049e-02 -2.14809956e-04 
 5.23635483e-08  1.20000000e+00 -4.71291000e-02 -2.30091035e-04 
 5.23777795e-08  1.20000000e+00 -2.77047703e-02 -2.77876352e-04 
 5.23942563e-08  1.20000000e+00  8.77595083e-02 -3.15328819e-04 
 5.24107639e-08  1.20000000e+00  2.54852926e-01 -3.05291487e-04 
 5.24271634e-08  1.20000000e+00  4.23110740e-01 -2.87576026e-04 
 5.24439063e-08  1.20000000e+00  5.86901562e-01 -2.27684566e-04 
 5.24615293e-08  1.20000000e+00  7.44240801e-01 -2.49694908e-04 
 5.24789481e-08  1.20000000e+00  8.77183968e-01 -2.47387946e-04 
 5.24965258e-08  1.20000000e+00  9.82813648e-01 -2.59066153e-04 
 5.25128201e-08  1.20000000e+00  1.05463770e+00 -2.13176412e-04 
 5.25309679e-08  1.20000000e+00  1.10960409e+00 -1.64638553e-04 
 5.25478702e-08  1.20000000e+00  1.14285356e+00 -1.54582564e-04 
 5.25653455e-08  1.20000000e+00  1.16482024e+00 -1.90873469e-04 
 5.25823819e-08  1.20000000e+00  1.17821429e+00 -1.92098932e-04 
 5.25984660e-08  1.20000000e+00  1.18617502e+00 -1.93989638e-04 
 5.26175731e-08  1.20000000e+00  1.19200331e+00 -1.30475460e-04 
 5.26350544e-08  1.20000000e+00  1.19514785e+00 -1.45919932e-04 
 5.26524307e-08  1.20000000e+00  1.19705363e+00 -1.65582852e-04 
 5.26698697e-08  1.20000000e+00  1.19821097e+00 -1.95618718e-04 
 5.26871796e-08  1.20000000e+00  1.19891398e+00 -1.78903388e-04 
 5.27063667e-08  1.20000000e+00  1.19937319e+00 -1.41438781e-04 
 5.27246577e-08  1.20000000e+00  1.19963217e+00 -1.32332749e-04 
 5.27420388e-08  1.20000000e+00  1.19977434e+00 -1.76705104e-04 
 5.27598009e-08  1.20000000e+00  1.19986687e+00 -1.83740973e-04 
 5.27772851e-08  1.20000000e+00  1.19991714e+00 -1.89338558e-04 
 5.27963684e-08  1.20000000e+00  1.19995435e+00 -1.28631572e-04 
 5.28146742e-08  1.20000000e+00  1.19997086e+00 -1.44725508e-04 
 5.28319660e-08  1.20000000e+00  1.19998434e+00 -1.65542735e-04 
 5.28496808e-08  1.20000000e+00  1.19998848e+00 -1.95597164e-04 
 5.28667872e-08  1.20000000e+00  1.19999493e+00 -1.77682891e-04 
 5.28859097e-08  1.20000000e+00  1.19999509e+00 -1.39883653e-04 
 5.29040440e-08  1.20000000e+00  1.19999896e+00 -1.33430154e-04 
 5.29213315e-08  1.20000000e+00  1.19999742e+00 -1.76472943e-04 
 5.29390110e-08  1.20000000e+00  1.20000024e+00 -1.84468001e-04 
 5.29561534e-08  1.20000000e+00  1.19999829e+00 -1.88646332e-04 
 5.29752728e-08  1.20000000e+00  1.20000069e+00 -1.29376053e-04 
 5.29934515e-08  1.20000000e+00  1.19999865e+00 -1.44064177e-04 
 5.30107350e-08  1.20000000e+00  1.20000082e+00 -1.65691262e-04 
 5.30284463e-08  1.20000000e+00  1.19999880e+00 -1.95045848e-04 
 5.30456517e-08  1.20000000e+00  1.20000084e+00 -1.77999372e-04 
 5.30647536e-08  1.20000000e+00  1.19999888e+00 -1.39920025e-04 
 5.30829724e-08  1.20000000e+00  1.20000082e+00 -1.33764661e-04 
 5.31002407e-08  1.20000000e+00  1.19999893e+00 -1.75977867e-04 
 5.31179693e-08  1.20000000e+00  1.20000079e+00 -1.84908939e-04 
 5.31351515e-08  1.20000000e+00  1.19999898e+00 -1.87975946e-04 
 5.31542486e-08  1.20000000e+00  1.20000075e+00 -1.29923508e-04 
 5.31724650e-08  1.20000000e+00  1.19999902e+00 -1.43804051e-04 
 5.31897214e-08  1.20000000e+00  1.20000072e+00 -1.66018844e-04 
 5.32074561e-08  1.20000000e+00  1.19999905e+00 -1.94809538e-04 
 5.32246245e-08  1.20000000e+00  1.20000068e+00 -1.78066808e-04 
 5.32437178e-08  1.20000000e+00  1.19999909e+00 -1.39772585e-04 
 5.32619397e-08  1.20000000e+00  1.20000065e+00 -1.34146371e-04 
 5.32791864e-08  1.20000000e+00  1.19999912e+00 -1.75570582e-04 
 5.32969317e-08  1.20000000e+00  1.20000062e+00 -1.85306278e-04 
 5.33141013e-08  1.20000000e+00  1.19999915e+00 -1.87413297e-04 
 5.33331886e-08  1.20000000e+00  1.20000059e+00 -1.30482000e-04 
 5.33514225e-08  1.20000000e+00  1.19999918e+00 -1.43507948e-04 
 5.33686588e-08  1.20000000e+00  1.20000056e+00 -1.66253929e-04 
 5.33864159e-08  1.20000000e+00  1.19999921e+00 -1.94563578e-04 
 5.34035822e-08  1.20000000e+00  1.20000053e+00 -1.78129608e-04 
 5.34226640e-08  1.20000000e+00  1.19999923e+00 -1.39691189e-04 
 5.34409068e-08  1.20000000e+00  1.20000051e+00 -1.34479618e-04 
 5.34581330e-08  1.20000000e+00  1.19999926e+00 -1.75212017e-04 
 5.34759004e-08  1.20000000e+00  1.20000048e+00 -1.85665457e-04 
 5.34930611e-08  1.20000000e+00  1.19999928e+00 -1.86886166e-04 
 5.35121381e-08  1.20000000e+00  1.20000046e+00 -1.30969167e-04 
 5.35303887e-08  1.20000000e+00  1.19999930e+00 -1.43270681e-04 
 5.35476053e-08  1.20000000e+00  1.20000044e+00 -1.66459995e-04 
 5.35653827e-08  1.20000000e+00  1.19999933e+00 -1.94365272e-04 
 5.35825390e-08  1.20000000e+00  1.20000042e+00 -1.78156028e-04 
 5.36016112e-08  1.20000000e+00  1.19999935e+00 -1.39638287e-04 
 5.36198701e-08  1.20000000e+00  1.20000040e+00 -1.34770295e-04 
 5.36370773e-08  1.20000000e+00  1.19999936e+00 -1.74894239e-04 
 5.36548648e-08  1.20000000e+00  1.20000038e+00 -1.85979644e-04 
 5.36720169e-08  1.20000000e+00  1.19999938e+00 -1.86409637e-04 
 5.36910845e-08  1.20000000e+00  1.20000036e+00 -1.31413135e-04 
 5.37093516e-08  1.20000000e+00  1.19999940e+00 -1.43068224e-04 
 5.37265496e-08  1.20000000e+00  1.20000034e+00 -1.66629732e-04 
 5.37443469e-08  1.20000000e+00  1.19999942e+00 -1.94200416e-04 
 5.37614944e-08  1.20000000e+00  1.20000032e+00 -1.78153483e-04 
 5.37805577e-08  1.20000000e+00  1.19999943e+00 -1.39612861e-04 
 5.37988325e-08  1.20000000e+00  1.20000031e+00 -1.35025628e-04 
 5.38160217e-08  1.20000000e+00  1.19999945e+00 -1.74615549e-04 
 5.38338286e-08  1.20000000e+00  1.20000030e+00 -1.86257098e-04 
 5.38509715e-08  1.20000000e+00  1.19999946e+00 -1.85974548e-04 
 5.38700306e-08  1.20000000e+00  1.20000028e+00 -1.31813567e-04 
 5.38883130e-08  1.20000000e+00  1.19999948e+00 -1.42899716e-04 
 5.39054936e-08  1.20000000e+00  1.20000027e+00 -1.66769041e-04 
 5.39233099e-08  1.20000000e+00  1.19999949e+00 -1.94066282e-04 
 5.39404482e-08  1.20000000e+00  1.20000025e+00 -1.78125808e-04 
 5.39595032e-08  1.20000000e+00  1.19999950e+00 -1.39611718e-04 
 5.39777930e-08  1.20000000e+00  1.20000024e+00 -1.35248464e-04 
 5.39949653e-08  1.20000000e+00  1.19999951e+00 -1.74370847e-04 
 5.40127908e-08  1.20000000e+00  1.20000023e+00 -1.86500953e-04 
 5.40299245e-08  1.20000000e+00  1.19999952e+00 -1.85577415e-04 
 5.40489757e-08  1.20000000e+00  1.20000022e+00 -1.32175988e-04 
 5.40672727e-08  1.20000000e+00  1.19999954e+00 -1.42760644e-04 
 5.40844369e-08  1.20000000e+00  1.20000021e+00 -1.66881488e-04 
 5.41022714e-08  1.20000000e+00  1.19999955e+00 -1.93958947e-04 
 5.41194005e-08  1.20000000e+00  1.20000020e+00 -1.78076365e-04 
 5.41384480e-08  1.20000000e+00  1.19999955e+00 -1.39631264e-04 
 5.41567519e-08  1.20000000e+00  1.20000019e+00 -1.35442929e-04 
 5.41739082e-08  1.20000000e+00  1.19999956e+00 -1.74156397e-04 
 5.41917516e-08  1.20000000e+00  1.20000018e+00 -1.86715319e-04 
 5.42088760e-08  1.20000000e+00  1.19999957e+00 -1.85213965e-04 
 5.42279200e-08  1.20000000e+00  1.20000017e+00 -1.32504473e-04 
 5.42462308e-08  1.20000000e+00  1.19999958e+00 -1.42647317e-04 
 5.42633795e-08  1.20000000e+00  1.20000017e+00 -1.66970614e-04 
 5.42812315e-08  1.20000000e+00  1.19999959e+00 -1.93874856e-04 
 5.42983512e-08  1.20000000e+00  1.20000016e+00 -1.78008469e-04 
 5.43173919e-08  1.20000000e+00  1.19999960e+00 -1.39668495e-04 
 5.43357092e-08  1.20000000e+00  1.20000015e+00 -1.35612453e-04 
 5.43528505e-08  1.20000000e+00  1.19999960e+00 -1.73968504e-04 
 5.43707110e-08  1.20000000e+00  1.20000014e+00 -1.86903721e-04 
 5.43878260e-08  1.20000000e+00  1.19999961e+00 -1.84880441e-04 
 5.44068635e-08  1.20000000e+00  1.20000014e+00 -1.32802921e-04 
 5.44251872e-08  1.20000000e+00  1.19999962e+00 -1.42556339e-04 
 5.44423213e-08  1.20000000e+00  1.20000013e+00 -1.67039625e-04 
 5.44601901e-08  1.20000000e+00  1.19999962e+00 -1.93810816e-04 
 5.44773005e-08  1.20000000e+00  1.20000012e+00 -1.77925031e-04 
 5.44963348e-08  1.20000000e+00  1.19999963e+00 -1.39720612e-04 
 5.45146648e-08  1.20000000e+00  1.20000012e+00 -1.35760230e-04 
 5.45317919e-08  1.20000000e+00  1.19999963e+00 -1.73803878e-04 
 5.45496688e-08  1.20000000e+00  1.20000011e+00 -1.87069395e-04 
 5.45667745e-08  1.20000000e+00  1.19999964e+00 -1.84573410e-04 
 5.45858059e-08  1.20000000e+00  1.20000011e+00 -1.33074838e-04 
 5.46041420e-08  1.20000000e+00  1.19999964e+00 -1.42484653e-04 
 5.46212624e-08  1.20000000e+00  1.20000010e+00 -1.67091390e-04 
 5.46391472e-08  1.20000000e+00  1.19999965e+00 -1.93763954e-04 
 5.46562482e-08  1.20000000e+00  1.20000010e+00 -1.77828200e-04 
 5.46752768e-08  1.20000000e+00  1.19999965e+00 -1.39785311e-04 
 5.46936185e-08  1.20000000e+00  1.20000009e+00 -1.35888577e-04 
 5.47107324e-08  1.20000000e+00  1.19999966e+00 -1.73658168e-04 
 5.47286246e-08  1.20000000e+00  1.20000009e+00 -1.87214921e-04 
 5.47457209e-08  1.20000000e+00  1.19999966e+00 -1.84289066e-04 
 5.47647467e-08  1.20000000e+00  1.20000009e+00 -1.33326766e-04 
 5.47830945e-08  1.20000000e+00  1.19999967e+00 -1.42427629e-04 
 5.48002018e-08  1.20000000e+00  1.20000008e+00 -1.67126284e-04 
 5.48181020e-08  1.20000000e+00  1.19999967e+00 -1.93730823e-04 
 5.48351943e-08  1.20000000e+00  1.20000008e+00 -1.77720113e-04 
 5.48542174e-08  1.20000000e+00  1.19999967e+00 -1.39863913e-04 
 5.48725712e-08  1.20000000e+00  1.20000008e+00 -1.36000671e-04 
 5.48896722e-08  1.20000000e+00  1.19999968e+00 -1.73530357e-04 
 5.49075801e-08  1.20000000e+00  1.20000007e+00 -1.87343956e-04 
 5.49246675e-08  1.20000000e+00  1.19999968e+00 -1.84023294e-04 
 5.49436880e-08  1.20000000e+00  1.20000007e+00 -1.33556228e-04 
 5.49620473e-08  1.20000000e+00  1.19999968e+00 -1.42387804e-04 
 5.49791422e-08  1.20000000e+00  1.20000007e+00 -1.67150737e-04 
 5.49970574e-08  1.20000000e+00  1.19999969e+00 -1.93712131e-04 
 5.50141400e-08  1.20000000e+00  1.20000006e+00 -1.77601593e-04 
 5.50331582e-08  1.20000000e+00  1.19999969e+00 -1.39948582e-04 
 5.50515228e-08  1.20000000e+00  1.20000006e+00 -1.36099646e-04 
 5.50686117e-08  1.20000000e+00  1.19999969e+00 -1.73418655e-04 
 5.50865343e-08  1.20000000e+00  1.20000006e+00 -1.87458157e-04 
 5.51036121e-08  1.20000000e+00  1.19999970e+00 -1.83776295e-04 
 5.51226280e-08  1.20000000e+00  1.20000005e+00 -1.33767948e-04 
 5.51409980e-08  1.20000000e+00  1.19999970e+00 -1.42359370e-04 
 5.51580811e-08  1.20000000e+00  1.20000005e+00 -1.67164179e-04 
 5.51760108e-08  1.20000000e+00  1.19999970e+00 -1.93703355e-04 
 5.51930840e-08  1.20000000e+00  1.20000005e+00 -1.77476703e-04 
 5.52120977e-08  1.20000000e+00  1.19999970e+00 -1.40040215e-04 
 5.52304728e-08  1.20000000e+00  1.20000005e+00 -1.36186276e-04 
 5.52475503e-08  1.20000000e+00  1.19999970e+00 -1.73320259e-04 
 5.52654870e-08  1.20000000e+00  1.20000005e+00 -1.87559291e-04 
 5.52825555e-08  1.20000000e+00  1.19999971e+00 -1.83545399e-04 
 5.53015671e-08  1.20000000e+00  1.20000004e+00 -1.33963420e-04 
 5.53199472e-08  1.20000000e+00  1.19999971e+00 -1.42341369e-04 
 5.53370192e-08  1.20000000e+00  1.20000004e+00 -1.67168973e-04 
 5.53549628e-08  1.20000000e+00  1.19999971e+00 -1.93703405e-04 
 5.53720266e-08  1.20000000e+00  1.20000004e+00 -1.77346436e-04 
 5.53910362e-08  1.20000000e+00  1.19999971e+00 -1.40136981e-04 
 5.54094212e-08  1.20000000e+00  1.20000004e+00 -1.36262400e-04 
 5.54264879e-08  1.20000000e+00  1.19999971e+00 -1.73233463e-04 
 5.54444382e-08  1.20000000e+00  1.20000004e+00 -1.87649054e-04 
 5.54614974e-08  1.20000000e+00  1.19999972e+00 -1.83328883e-04 
 5.54805050e-08  1.20000000e+00  1.20000003e+00 -1.34144799e-04 
 5.54988948e-08  1.20000000e+00  1.19999972e+00 -1.42332017e-04 
 5.55159563e-08  1.20000000e+00  1.20000003e+00 -1.67166406e-04 
 5.55339133e-08  1.20000000e+00  1.19999972e+00 -1.93710707e-04 
 5.55509678e-08  1.20000000e+00  1.20000003e+00 -1.77212103e-04 
 5.55699736e-08  1.20000000e+00  1.19999972e+00 -1.40237772e-04 
 5.55883680e-08  1.20000000e+00  1.20000003e+00 -1.36329496e-04 
 5.56054245e-08  1.20000000e+00  1.19999972e+00 -1.73156727e-04 
 5.56233879e-08  1.20000000e+00  1.20000003e+00 -1.87728982e-04 
 5.56404379e-08  1.20000000e+00  1.19999972e+00 -1.83125024e-04 
 5.56594419e-08  1.20000000e+00  1.20000003e+00 -1.34313713e-04 
 5.56778409e-08  1.20000000e+00  1.19999972e+00 -1.42330010e-04 
 5.56948924e-08  1.20000000e+00  1.20000003e+00 -1.67157762e-04 
 5.57128622e-08  1.20000000e+00  1.19999973e+00 -1.93724041e-04 
 5.57299076e-08  1.20000000e+00  1.20000002e+00 -1.77074739e-04 
 5.57489100e-08  1.20000000e+00  1.19999973e+00 -1.40341590e-04 
 5.57673133e-08  1.20000000e+00  1.20000002e+00 -1.36388839e-04 
 5.57843601e-08  1.20000000e+00  1.19999973e+00 -1.73088700e-04 
 5.58023362e-08  1.20000000e+00  1.20000002e+00 -1.87800373e-04 
 5.58193770e-08  1.20000000e+00  1.19999973e+00 -1.82932368e-04 
 5.58383777e-08  1.20000000e+00  1.20000002e+00 -1.34471655e-04 
 5.58567854e-08  1.20000000e+00  1.19999973e+00 -1.42334175e-04 
 5.58738275e-08  1.20000000e+00  1.20000002e+00 -1.67144098e-04 
 5.58918097e-08  1.20000000e+00  1.19999973e+00 -1.93742342e-04 
 5.59088460e-08  1.20000000e+00  1.20000002e+00 -1.76935218e-04 
 5.59278452e-08  1.20000000e+00  1.19999973e+00 -1.40447601e-04 
 5.59462571e-08  1.20000000e+00  1.20000002e+00 -1.36441537e-04 
 5.59632947e-08  1.20000000e+00  1.19999973e+00 -1.73028224e-04 
 5.59812829e-08  1.20000000e+00  1.20000002e+00 -1.87864363e-04 
 5.59983147e-08  1.20000000e+00  1.19999973e+00 -1.82749630e-04 
 5.60173124e-08  1.20000000e+00  1.20000002e+00 -1.34619913e-04 
 5.60357284e-08  1.20000000e+00  1.19999973e+00 -1.42343520e-04 
 5.60527616e-08  1.20000000e+00  1.20000002e+00 -1.67126326e-04 
 5.60707557e-08  1.20000000e+00  1.19999974e+00 -1.93764703e-04 
 5.60877830e-08  1.20000000e+00  1.20000002e+00 -1.76794268e-04 
 5.61067793e-08  1.20000000e+00  1.19999974e+00 -1.40555114e-04 
 5.61251994e-08  1.20000000e+00  1.20000001e+00 -1.36488540e-04 
 5.61422283e-08  1.20000000e+00  1.19999974e+00 -1.72974292e-04 
 5.61602282e-08  1.20000000e+00  1.20000001e+00 -1.87921930e-04 
 5.61772510e-08  1.20000000e+00  1.19999974e+00 -1.82575688e-04 
 5.61962460e-08  1.20000000e+00  1.20000001e+00 -1.34759614e-04 
 5.62146700e-08  1.20000000e+00  1.19999974e+00 -1.42357194e-04 
 5.62316947e-08  1.20000000e+00  1.20000001e+00 -1.67105215e-04 
 5.62497003e-08  1.20000000e+00  1.19999974e+00 -1.93790356e-04 
 5.62667187e-08  1.20000000e+00  1.20000001e+00 -1.76652488e-04 
 5.62857124e-08  1.20000000e+00  1.19999974e+00 -1.40663553e-04 
 5.63041402e-08  1.20000000e+00  1.20000001e+00 -1.36530668e-04 
 5.63211609e-08  1.20000000e+00  1.19999974e+00 -1.72926039e-04 
 5.63391721e-08  1.20000000e+00  1.20000001e+00 -1.87973917e-04 
 5.63561860e-08  1.20000000e+00  1.19999974e+00 -1.82409557e-04 
 5.63751785e-08  1.20000000e+00  1.20000001e+00 -1.34891743e-04 
 5.63936100e-08  1.20000000e+00  1.19999974e+00 -1.42374476e-04 
 5.64106268e-08  1.20000000e+00  1.20000001e+00 -1.67081419e-04 
 5.64286434e-08  1.20000000e+00  1.19999974e+00 -1.93818650e-04 
 5.64456530e-08  1.20000000e+00  1.20000001e+00 -1.76510369e-04 
 5.64646443e-08  1.20000000e+00  1.19999974e+00 -1.40772449e-04 
 5.64830795e-08  1.20000000e+00  1.20000001e+00 -1.36568624e-04 
 5.65000924e-08  1.20000000e+00  1.19999974e+00 -1.72882717e-04 
 5.65181145e-08  1.20000000e+00  1.20000001e+00 -1.88021054e-04 
 5.65351196e-08  1.20000000e+00  1.19999974e+00 -1.82250376e-04 
 5.65541099e-08  1.20000000e+00  1.20000001e+00 -1.35017160e-04 
 5.65725487e-08  1.20000000e+00  1.19999974e+00 -1.42394751e-04 
 5.65895578e-08  1.20000000e+00  1.20000001e+00 -1.67055489e-04 
 5.66075851e-08  1.20000000e+00  1.19999974e+00 -1.93849036e-04 
 5.66245859e-08  1.20000000e+00  1.20000001e+00 -1.76368310e-04 
 5.66435752e-08  1.20000000e+00  1.19999975e+00 -1.40881418e-04 
 5.66620174e-08  1.20000000e+00  1.20000001e+00 -1.36603012e-04 
 5.66790229e-08  1.20000000e+00  1.19999975e+00 -1.72843682e-04 
 5.66970555e-08  1.20000000e+00  1.20000001e+00 -1.88063967e-04 
 5.67140519e-08  1.20000000e+00  1.19999975e+00 -1.82097390e-04 
 5.67330401e-08  1.20000000e+00  1.20000000e+00 -1.35136616e-04 
 5.67514859e-08  1.20000000e+00  1.19999975e+00 -1.42417500e-04 
 5.67684877e-08  1.20000000e+00  1.20000000e+00 -1.67027889e-04 
 5.67865254e-08  1.20000000e+00  1.19999975e+00 -1.93881052e-04 
 5.68035176e-08  1.20000000e+00  1.20000000e+00 -1.76226628e-04 
 5.68225049e-08  1.20000000e+00  1.19999975e+00 -1.40990153e-04 
 5.68409539e-08  1.20000000e+00  1.20000000e+00 -1.36634349e-04 
 5.68579523e-08  1.20000000e+00  1.19999975e+00 -1.72808381e-04 
 5.68759950e-08  1.20000000e+00  1.20000000e+00 -1.88103196e-04 
 5.68929830e-08  1.20000000e+00  1.19999975e+00 -1.81949934e-04 
 5.69119693e-08  1.20000000e+00  1.20000000e+00 -1.35250770e-04 
 5.69304216e-08  1.20000000e+00  1.19999975e+00 -1.42442284e-04 
 5.69474166e-08  1.20000000e+00  1.20000000e+00 -1.66999006e-04 
 5.69654643e-08  1.20000000e+00  1.19999975e+00 -1.93914310e-04 
 5.69824480e-08  1.20000000e+00  1.20000000e+00 -1.76085573e-04 
 5.70014335e-08  1.20000000e+00  1.19999975e+00 -1.41098409e-04 
 5.70198890e-08  1.20000000e+00  1.20000000e+00 -1.36663078e-04 
 5.70368807e-08  1.20000000e+00  1.19999975e+00 -1.72776336e-04 
 5.70549332e-08  1.20000000e+00  1.20000000e+00 -1.88139207e-04 
 5.70719127e-08  1.20000000e+00  1.19999975e+00 -1.81807421e-04 
 5.70908974e-08  1.20000000e+00  1.20000000e+00 -1.35360200e-04 
 5.71093560e-08  1.20000000e+00  1.19999975e+00 -1.42468733e-04 
 5.71263445e-08  1.20000000e+00  1.20000000e+00 -1.66969167e-04 
 5.71444018e-08  1.20000000e+00  1.19999975e+00 -1.93948488e-04 
 5.71613770e-08  1.20000000e+00  1.20000000e+00 -1.75945338e-04 
 5.71803610e-08  1.20000000e+00  1.19999975e+00 -1.41205996e-04 
 5.71988227e-08  1.20000000e+00  1.20000000e+00 -1.36689581e-04 
 5.72158080e-08  1.20000000e+00  1.19999975e+00 -1.72747136e-04 
 5.72338700e-08  1.20000000e+00  1.20000000e+00 -1.88172400e-04 
 5.72508411e-08  1.20000000e+00  1.19999975e+00 -1.81669337e-04 
 5.72698243e-08  1.20000000e+00  1.20000000e+00 -1.35465412e-04 
 5.72882890e-08  1.20000000e+00  1.19999975e+00 -1.42496534e-04 
 5.73052712e-08  1.20000000e+00  1.20000000e+00 -1.66938642e-04 
 5.73233379e-08  1.20000000e+00  1.19999975e+00 -1.93983316e-04 
 5.73403048e-08  1.20000000e+00  1.20000000e+00 -1.75806069e-04 
 5.73592873e-08  1.20000000e+00  1.19999975e+00 -1.41312768e-04 
 5.73777550e-08  1.20000000e+00  1.20000000e+00 -1.36714183e-04 
 5.73947342e-08  1.20000000e+00  1.19999975e+00 -1.72720427e-04 
 5.74128055e-08  1.20000000e+00  1.20000000e+00 -1.88203120e-04 
 5.74297682e-08  1.20000000e+00  1.19999975e+00 -1.81535223e-04 
 5.74487501e-08  1.20000000e+00  1.20000000e+00 -1.35566853e-04 
 5.74672207e-08  1.20000000e+00  1.19999975e+00 -1.42525429e-04 
 5.74841970e-08  1.20000000e+00  1.20000000e+00 -1.66907656e-04 
 5.75022727e-08  1.20000000e+00  1.19999975e+00 -1.94018568e-04 
 5.75192313e-08  1.20000000e+00  1.20000000e+00 -1.75667869e-04 
 5.75382123e-08  1.20000000e+00  1.19999975e+00 -1.41419098e-04 
 5.75566858e-08  1.20000000e+00  1.20000000e+00 -1.36736899e-04 
 5.75736591e-08  1.20000000e+00  1.19999975e+00 -1.72695613e-04 
 5.75917394e-08  1.20000000e+00  1.20000000e+00 -1.88231502e-04 
 5.76086941e-08  1.20000000e+00  1.19999975e+00 -1.81404770e-04 
 5.76276665e-08  1.20000000e+00  1.20000000e+00 -1.35679475e-04 
 5.76461464e-08  1.20000000e+00  1.19999976e+00 -1.42547205e-04 
 5.76631133e-08  1.20000000e+00  1.20000000e+00 -1.66867544e-04 
 5.76811998e-08  1.20000000e+00  1.19999976e+00 -1.94049187e-04 
 5.76981552e-08  1.20000000e+00  1.20000000e+00 -1.75533654e-04 
 5.77171200e-08  1.20000000e+00  1.19999976e+00 -1.41551925e-04 
 5.77356084e-08  1.20000000e+00  1.20000000e+00 -1.36745247e-04 
 5.77525689e-08  1.20000000e+00  1.19999976e+00 -1.72657547e-04 
 5.77706626e-08  1.20000000e+00  1.19999999e+00 -1.88251349e-04 
 5.77876181e-08  1.20000000e+00  1.19999976e+00 -1.81278732e-04 
 5.78065747e-08  1.20000000e+00  1.19999999e+00 -1.35800838e-04 
 5.78250711e-08  1.20000000e+00  1.19999976e+00 -1.42567745e-04 
 5.78420251e-08  1.20000000e+00  1.19999999e+00 -1.66823892e-04 
 5.78601254e-08  1.20000000e+00  1.19999976e+00 -1.94080695e-04 
 5.78770800e-08  1.20000000e+00  1.19999999e+00 -1.75395144e-04 
 5.78960285e-08  1.20000000e+00  1.19999976e+00 -1.41681373e-04 
 5.79145324e-08  1.20000000e+00  1.19999999e+00 -1.36756673e-04 
 5.79314801e-08  1.20000000e+00  1.19999976e+00 -1.72624242e-04 
 5.79495869e-08  1.20000000e+00  1.19999999e+00 -1.88272438e-04 
 5.79665411e-08  1.20000000e+00  1.19999976e+00 -1.81151245e-04 
 5.79854815e-08  1.20000000e+00  1.19999999e+00 -1.35920898e-04 
 5.80039934e-08  1.20000000e+00  1.19999976e+00 -1.42588945e-04 
 5.80209346e-08  1.20000000e+00  1.19999999e+00 -1.66779022e-04 
 5.80390482e-08  1.20000000e+00  1.19999976e+00 -1.94112102e-04 
 5.80560020e-08  1.20000000e+00  1.19999999e+00 -1.75256698e-04 
 5.80749343e-08  1.20000000e+00  1.19999976e+00 -1.41812493e-04 
 5.80934540e-08  1.20000000e+00  1.19999999e+00 -1.36766894e-04 
 5.81103889e-08  1.20000000e+00  1.19999976e+00 -1.72591119e-04 
 5.81285091e-08  1.20000000e+00  1.19999999e+00 -1.88292422e-04 
 5.81454624e-08  1.20000000e+00  1.19999976e+00 -1.81023887e-04 
 5.81643866e-08  1.20000000e+00  1.19999999e+00 -1.36039912e-04 
 5.81829141e-08  1.20000000e+00  1.19999976e+00 -1.42611427e-04 
 5.81998427e-08  1.20000000e+00  1.19999999e+00 -1.66733971e-04 
 5.82179695e-08  1.20000000e+00  1.19999976e+00 -1.94144305e-04 
 5.82349222e-08  1.20000000e+00  1.19999999e+00 -1.75116675e-04 
 5.82538384e-08  1.20000000e+00  1.19999976e+00 -1.41944114e-04 
 5.82723737e-08  1.20000000e+00  1.19999999e+00 -1.36776823e-04 
 5.82892960e-08  1.20000000e+00  1.19999976e+00 -1.72558726e-04 
 5.83074294e-08  1.20000000e+00  1.19999999e+00 -1.88311681e-04 
 5.83243816e-08  1.20000000e+00  1.19999976e+00 -1.80896495e-04 
 5.83432898e-08  1.20000000e+00  1.19999999e+00 -1.36158576e-04 
 5.83618329e-08  1.20000000e+00  1.19999976e+00 -1.42634645e-04 
 5.83787488e-08  1.20000000e+00  1.19999999e+00 -1.66688356e-04 
 5.83968889e-08  1.20000000e+00  1.19999976e+00 -1.94176887e-04 
 5.84138405e-08  1.20000000e+00  1.19999999e+00 -1.74975369e-04 
 5.84327406e-08  1.20000000e+00  1.19999976e+00 -1.42076405e-04 
 5.84512916e-08  1.20000000e+00  1.19999999e+00 -1.36786566e-04 
 5.84682012e-08  1.20000000e+00  1.19999976e+00 -1.72526906e-04 
 5.84863479e-08  1.20000000e+00  1.19999999e+00 -1.88330397e-04 
 5.85032990e-08  1.20000000e+00  1.19999976e+00 -1.80768651e-04 
 5.85221911e-08  1.20000000e+00  1.19999999e+00 -1.36277001e-04 
 5.85407498e-08  1.20000000e+00  1.19999976e+00 -1.42658626e-04 
 5.85576532e-08  1.20000000e+00  1.19999999e+00 -1.66642360e-04 
 5.85758065e-08  1.20000000e+00  1.19999976e+00 -1.94209819e-04 
 5.85927569e-08  1.20000000e+00  1.19999999e+00 -1.74832682e-04 
 5.86116410e-08  1.20000000e+00  1.19999976e+00 -1.42209439e-04 
 5.86302075e-08  1.20000000e+00  1.19999999e+00 -1.36796207e-04 
 5.86471047e-08  1.20000000e+00  1.19999976e+00 -1.72495489e-04 
 5.86652647e-08  1.20000000e+00  1.19999999e+00 -1.88348647e-04 
 5.86822144e-08  1.20000000e+00  1.19999976e+00 -1.80640137e-04 
 5.87010905e-08  1.20000000e+00  1.19999999e+00 -1.36395461e-04 
 5.87196648e-08  1.20000000e+00  1.19999976e+00 -1.42683287e-04 
 5.87365558e-08  1.20000000e+00  1.19999999e+00 -1.66596019e-04 
 5.87547224e-08  1.20000000e+00  1.19999976e+00 -1.94243031e-04 
 5.87716715e-08  1.20000000e+00  1.19999999e+00 -1.74688518e-04 
 5.87905395e-08  1.20000000e+00  1.19999976e+00 -1.42343274e-04 
 5.88091216e-08  1.20000000e+00  1.19999999e+00 -1.36805861e-04 
 5.88260064e-08  1.20000000e+00  1.19999976e+00 -1.72464376e-04 
 5.88441797e-08  1.20000000e+00  1.19999999e+00 -1.88366537e-04 
 5.88611280e-08  1.20000000e+00  1.19999976e+00 -1.80510693e-04 
 5.88799880e-08  1.20000000e+00  1.19999999e+00 -1.36514187e-04 
 5.88985780e-08  1.20000000e+00  1.19999976e+00 -1.42708575e-04 
 5.89154565e-08  1.20000000e+00  1.19999999e+00 -1.66549369e-04 
 5.89336365e-08  1.20000000e+00  1.19999976e+00 -1.94276463e-04 
 5.89505841e-08  1.20000000e+00  1.19999999e+00 -1.74542773e-04 
 5.89694361e-08  1.20000000e+00  1.19999976e+00 -1.42478004e-04 
 5.89880339e-08  1.20000000e+00  1.19999999e+00 -1.36815619e-04 
 5.90049062e-08  1.20000000e+00  1.19999976e+00 -1.72433459e-04 
 5.90230929e-08  1.20000000e+00  1.19999999e+00 -1.88384146e-04 
 5.90400397e-08  1.20000000e+00  1.19999976e+00 -1.80380070e-04 
 5.90588836e-08  1.20000000e+00  1.19999999e+00 -1.36633403e-04 
 5.90774893e-08  1.20000000e+00  1.19999976e+00 -1.42734452e-04 
 5.90943555e-08  1.20000000e+00  1.19999999e+00 -1.66502438e-04 
 5.91125488e-08  1.20000000e+00  1.19999976e+00 -1.94310071e-04 
 5.91294948e-08  1.20000000e+00  1.19999999e+00 -1.74395317e-04 
 5.91483307e-08  1.20000000e+00  1.19999976e+00 -1.42613733e-04 
 5.91669443e-08  1.20000000e+00  1.19999999e+00 -1.36825564e-04 
 5.91838043e-08  1.20000000e+00  1.19999976e+00 -1.72402648e-04 
 5.92020043e-08  1.20000000e+00  1.19999999e+00 -1.88401544e-04 
 5.92189495e-08  1.20000000e+00  1.19999977e+00 -1.80248021e-04 
 5.92377774e-08  1.20000000e+00  1.19999999e+00 -1.36753329e-04 
 5.92563988e-08  1.20000000e+00  1.19999977e+00 -1.42760892e-04 
 5.92732526e-08  1.20000000e+00  1.19999999e+00 -1.66455244e-04 
 5.92914593e-08  1.20000000e+00  1.19999977e+00 -1.94343818e-04 
 5.93084037e-08  1.20000000e+00  1.19999999e+00 -1.74246004e-04 
 5.93272235e-08  1.20000000e+00  1.19999977e+00 -1.42750581e-04 
 5.93458528e-08  1.20000000e+00  1.19999999e+00 -1.36835772e-04 
 5.93627005e-08  1.20000000e+00  1.19999977e+00 -1.72371859e-04 
 5.93809139e-08  1.20000000e+00  1.19999999e+00 -1.88418793e-04 
 5.93978574e-08  1.20000000e+00  1.19999977e+00 -1.80114298e-04 
 5.94166692e-08  1.20000000e+00  1.19999998e+00 -1.36874185e-04 
 5.94353064e-08  1.20000000e+00  1.19999977e+00 -1.42787879e-04 
 5.94521479e-08  1.20000000e+00  1.19999998e+00 -1.66407794e-04 
 5.94703681e-08  1.20000000e+00  1.19999977e+00 -1.94377673e-04 
 5.94873110e-08  1.20000000e+00  1.19999998e+00 -1.74094340e-04 
 5.95061144e-08  1.20000000e+00  1.19999977e+00 -1.42888558e-04 
 5.95247597e-08  1.20000000e+00  1.19999998e+00 -1.36846497e-04 
 5.95415950e-08  1.20000000e+00  1.19999977e+00 -1.72341204e-04 
 5.95598220e-08  1.20000000e+00  1.19999998e+00 -1.88436056e-04 
 5.95767638e-08  1.20000000e+00  1.19999977e+00 -1.79978199e-04 
 5.95955591e-08  1.20000000e+00  1.19999998e+00 -1.36996094e-04 
 5.96142124e-08  1.20000000e+00  1.19999977e+00 -1.42815552e-04 
 5.96310415e-08  1.20000000e+00  1.19999998e+00 -1.66360260e-04 
 5.96492752e-08  1.20000000e+00  1.19999977e+00 -1.94411672e-04 
 5.96662161e-08  1.20000000e+00  1.19999998e+00 -1.73940750e-04 
 5.96850033e-08  1.20000000e+00  1.19999977e+00 -1.43028143e-04 
 5.97036645e-08  1.20000000e+00  1.19999998e+00 -1.36857392e-04 
 5.97204875e-08  1.20000000e+00  1.19999977e+00 -1.72310150e-04 
 5.97387280e-08  1.20000000e+00  1.19999998e+00 -1.88453117e-04 
 5.97556680e-08  1.20000000e+00  1.19999977e+00 -1.79840398e-04 
 5.97744470e-08  1.20000000e+00  1.19999998e+00 -1.37119542e-04 
 5.97931162e-08  1.20000000e+00  1.19999977e+00 -1.42843599e-04 
 5.98099331e-08  1.20000000e+00  1.19999998e+00 -1.66312276e-04 
 5.98281805e-08  1.20000000e+00  1.19999977e+00 -1.94445684e-04 
 5.98451194e-08  1.20000000e+00  1.19999998e+00 -1.73784703e-04 
 5.98638902e-08  1.20000000e+00  1.19999977e+00 -1.43169280e-04 
 5.98825675e-08  1.20000000e+00  1.19999998e+00 -1.36868814e-04 
 5.98993781e-08  1.20000000e+00  1.19999977e+00 -1.72278939e-04 
 5.99176324e-08  1.20000000e+00  1.19999998e+00 -1.88470166e-04 
 5.99345703e-08  1.20000000e+00  1.19999977e+00 -1.79700500e-04 
 5.99533329e-08  1.20000000e+00  1.19999998e+00 -1.37243842e-04 
 5.99701373e-08  1.20000000e+00  1.19999977e+00 -1.41710013e-04 
 5.99877791e-08  1.20000000e+00  1.19999998e+00 -1.64952481e-04 
 6.00051279e-08  1.20000000e+00  1.19999977e+00 -1.92913253e-04 
 6.00223161e-08  1.20000000e+00  1.19999998e+00 -1.76144432e-04 
 6.00412264e-08  1.20000000e+00  1.19999977e+00 -1.45375921e-04 
 6.00581224e-08  1.20000000e+00  1.19999998e+00 -1.34510342e-04 
 6.00758998e-08  1.20000000e+00  1.19999977e+00 -1.69129339e-04 
 6.00879499e-08  1.20000000e+00  1.19999998e+00 -1.78532562e-04 
 6.01000000e-08  1.20000000e+00  1.19999977e+00 -1.93031608e-04 
 6.01023741e-08  1.17151027e+00  1.19999988e+00 -2.03460567e-04 
 6.01071224e-08  1.11453081e+00  1.19999988e+00 -1.98739553e-04 
 6.01166190e-08  1.00057190e+00  1.19999988e+00 -1.80357151e-04 
 6.01306623e-08  8.32052632e-01  1.19999988e+00 -1.58765858e-04 
 6.01461381e-08  6.46342298e-01  1.19999988e+00 -1.57907002e-04 
 6.01618994e-08  4.57206894e-01  1.19999988e+00 -1.99024741e-04 
 6.01787918e-08  2.54497971e-01  1.19999988e+00 -2.30356758e-04 
 6.01893959e-08  1.27248985e-01  1.19999988e+00 -2.52048160e-04 
 6.02000000e-08  0.00000000e+00  1.19999988e+00 -2.56470584e-04 
 6.02021208e-08  0.00000000e+00  1.19999988e+00 -2.32786115e-04 
 6.02063624e-08  0.00000000e+00  1.19999988e+00 -2.34632177e-04 
 6.02148457e-08  0.00000000e+00  1.19999988e+00 -2.32374629e-04 
 6.02294869e-08  0.00000000e+00  1.19999988e+00 -2.25324514e-04 
 6.02450460e-08  0.00000000e+00  1.19999988e+00 -2.37211363e-04 
 6.02617520e-08  0.00000000e+00  1.19999988e+00 -2.74930729e-04 
 6.02802622e-08  0.00000000e+00  1.19999988e+00 -2.44052822e-04 
 6.02976776e-08  0.00000000e+00  1.19999988e+00 -2.40350356e-04 
 6.03155264e-08  0.00000000e+00  1.19999988e+00 -2.18942117e-04 
 6.03329414e-08  0.00000000e+00  1.19999988e+00 -2.42801945e-04 
 6.03507285e-08  0.00000000e+00  1.19999988e+00 -2.69351311e-04 
 6.03677759e-08  0.00000000e+00  1.19999988e+00 -2.55627228e-04 
 6.03859541e-08  0.00000000e+00  1.19999988e+00 -2.33731866e-04 
 6.04030413e-08  0.00000000e+00  1.19999988e+00 -2.28094361e-04 
 6.04212749e-08  0.00000000e+00  1.19999988e+00 -2.32488725e-04 
 6.04383063e-08  0.00000000e+00  1.19999988e+00 -2.76824557e-04 
 6.04557351e-08  0.00000000e+00  1.19999988e+00 -2.51244591e-04 
 6.04733359e-08  0.00000000e+00  1.19999988e+00 -2.40791524e-04 
 6.04907132e-08  0.00000000e+00  1.19999988e+00 -2.22128088e-04 
 6.05086017e-08  0.00000000e+00  1.19999988e+00 -2.35003584e-04 
 6.05256119e-08  0.00000000e+00  1.19999988e+00 -2.69682501e-04 
 6.05429744e-08  0.00000000e+00  1.19999988e+00 -2.61928395e-04 
 6.05603982e-08  0.00000000e+00  1.19999988e+00 -2.33322134e-04 
 6.05781934e-08  0.00000000e+00  1.19999988e+00 -2.30585323e-04 
 6.05954377e-08  0.00000000e+00  1.19999988e+00 -2.24383089e-04 
 6.06126771e-08  0.00000000e+00  1.19999988e+00 -2.74861153e-04 
 6.06300717e-08  0.00000000e+00  1.19999988e+00 -2.58040564e-04 
 6.06475700e-08  0.00000000e+00  1.19999988e+00 -2.40548971e-04 
 6.06641703e-08  0.00000000e+00  1.19999988e+00 -2.26749768e-04 
 6.06817036e-08  0.00000000e+00  1.19999988e+00 -2.29228013e-04 
 6.06985269e-08  0.00000000e+00  1.19999988e+00 -2.60156840e-04 
 6.07168506e-08  0.00000000e+00  1.19999988e+00 -2.69278590e-04 
 6.07348744e-08  0.00000000e+00  1.19999988e+00 -2.33523375e-04 
 6.07513867e-08  0.00000000e+00  1.19999988e+00 -2.36541213e-04 
 6.07692045e-08  0.00000000e+00  1.19999988e+00 -2.20695232e-04 
 6.07864081e-08  0.00000000e+00  1.19999988e+00 -2.63003905e-04 
 6.08056806e-08  0.00000000e+00  1.19999988e+00 -2.63780191e-04 
 6.08236256e-08  0.00000000e+00  1.19999988e+00 -2.40650841e-04 
 6.08403397e-08  0.00000000e+00  1.19999988e+00 -2.29899125e-04 
 6.08583365e-08  0.00000000e+00  1.19999988e+00 -2.27171938e-04 
 6.08756364e-08  0.00000000e+00  1.19999988e+00 -2.55921063e-04 
 6.08952079e-08  0.00000000e+00  1.19999988e+00 -2.70791522e-04 
 6.09129593e-08  0.00000000e+00  1.19999988e+00 -2.33964732e-04 
 6.09296301e-08  0.00000000e+00  1.19999988e+00 -2.36297588e-04 
 6.09476673e-08  0.00000000e+00  1.19999988e+00 -2.20460602e-04 
 6.09648637e-08  0.00000000e+00  1.19999988e+00 -2.62195458e-04 
 6.09844746e-08  0.00000000e+00  1.19999988e+00 -2.64678427e-04 
 6.10022012e-08  0.00000000e+00  1.19999988e+00 -2.40595110e-04 
 6.10189122e-08  0.00000000e+00  1.19999988e+00 -2.29502314e-04 
 6.10369754e-08  0.00000000e+00  1.19999988e+00 -2.26909492e-04 
 6.10541852e-08  0.00000000e+00  1.19999988e+00 -2.55589395e-04 
 6.10738093e-08  0.00000000e+00  1.19999988e+00 -2.71559462e-04 
 6.10915376e-08  0.00000000e+00  1.19999988e+00 -2.34092312e-04 
 6.11082753e-08  0.00000000e+00  1.19999988e+00 -2.35660484e-04 
 6.11263572e-08  0.00000000e+00  1.19999988e+00 -2.20404454e-04 
 6.11435605e-08  0.00000000e+00  1.19999988e+00 -2.62118287e-04 
 6.11631426e-08  0.00000000e+00  1.19999988e+00 -2.65461706e-04 
 6.11809177e-08  0.00000000e+00  1.19999988e+00 -2.40452704e-04 
 6.11976904e-08  0.00000000e+00  1.19999988e+00 -2.28911857e-04 
 6.12157834e-08  0.00000000e+00  1.19999988e+00 -2.26751186e-04 
 6.12329886e-08  0.00000000e+00  1.19999988e+00 -2.56019561e-04 
 6.12524909e-08  0.00000000e+00  1.19999988e+00 -2.72067878e-04 
 6.12703461e-08  0.00000000e+00  1.19999988e+00 -2.34052862e-04 
 6.12871556e-08  0.00000000e+00  1.19999988e+00 -2.34802659e-04 
 6.13052530e-08  0.00000000e+00  1.19999988e+00 -2.20474064e-04 
 6.13224612e-08  0.00000000e+00  1.19999988e+00 -2.62674107e-04 
 6.13418518e-08  0.00000000e+00  1.19999988e+00 -2.66041314e-04 
 6.13598174e-08  0.00000000e+00  1.19999988e+00 -2.40177975e-04 
 6.13766656e-08  0.00000000e+00  1.19999988e+00 -2.28124792e-04 
 6.13947621e-08  0.00000000e+00  1.19999988e+00 -2.26723051e-04 
 6.14119755e-08  0.00000000e+00  1.19999988e+00 -2.56981003e-04 
 6.14312295e-08  0.00000000e+00  1.19999988e+00 -2.72419221e-04 
 6.14493321e-08  0.00000000e+00  1.19999988e+00 -2.33855587e-04 
 6.14662198e-08  0.00000000e+00  1.19999988e+00 -2.33787463e-04 
 6.14843109e-08  0.00000000e+00  1.19999988e+00 -2.20652274e-04 
 6.15015304e-08  0.00000000e+00  1.19999988e+00 -2.63716046e-04 
 6.15206276e-08  0.00000000e+00  1.19999988e+00 -2.66463343e-04 
 6.15388926e-08  0.00000000e+00  1.19999988e+00 -2.39765277e-04 
 6.15558210e-08  0.00000000e+00  1.19999988e+00 -2.27172641e-04 
 6.15739045e-08  0.00000000e+00  1.19999988e+00 -2.26822152e-04 
 6.15911303e-08  0.00000000e+00  1.19999988e+00 -2.58386389e-04 
 6.16100546e-08  0.00000000e+00  1.19999988e+00 -2.72619487e-04 
 6.16285076e-08  0.00000000e+00  1.19999988e+00 -2.33508008e-04 
 6.16454769e-08  0.00000000e+00  1.19999988e+00 -2.32612350e-04 
 6.16635510e-08  0.00000000e+00  1.19999988e+00 -2.20957713e-04 
 6.16807824e-08  0.00000000e+00  1.19999988e+00 -2.65227191e-04 
 6.16995188e-08  0.00000000e+00  1.19999988e+00 -2.66705990e-04 
 6.17181751e-08  0.00000000e+00  1.19999988e+00 -2.39216448e-04 
 6.17351797e-08  0.00000000e+00  1.19999988e+00 -2.26049891e-04 
 6.17532427e-08  0.00000000e+00  1.19999988e+00 -2.27075021e-04 
 6.17704766e-08  0.00000000e+00  1.19999988e+00 -2.60232422e-04 
 6.17890193e-08  0.00000000e+00  1.19999988e+00 -2.72646198e-04 
 6.18077008e-08  0.00000000e+00  1.19999988e+00 -2.33222207e-04 
 6.18247106e-08  0.00000000e+00  1.19999988e+00 -2.31489368e-04 
 6.18427211e-08  0.00000000e+00  1.19999988e+00 -2.21301455e-04 
 6.18599514e-08  0.00000000e+00  1.19999988e+00 -2.66341404e-04 
 6.18783847e-08  0.00000000e+00  1.19999988e+00 -2.67064291e-04 
 6.18971100e-08  0.00000000e+00  1.19999988e+00 -2.39001709e-04 
 6.19141491e-08  0.00000000e+00  1.19999988e+00 -2.25379966e-04 
 6.19321471e-08  0.00000000e+00  1.19999988e+00 -2.27096792e-04 
 6.19493953e-08  0.00000000e+00  1.19999988e+00 -2.60751433e-04 
 6.19677718e-08  0.00000000e+00  1.19999988e+00 -2.73050174e-04 
 6.19865389e-08  0.00000000e+00  1.19999988e+00 -2.33202408e-04 
 6.20036078e-08  0.00000000e+00  1.19999988e+00 -2.30807094e-04 
 6.20216024e-08  0.00000000e+00  1.19999988e+00 -2.21383363e-04 
 6.20388596e-08  0.00000000e+00  1.19999987e+00 -2.66723104e-04 
 6.20571795e-08  0.00000000e+00  1.19999988e+00 -2.67514983e-04 
 6.20759790e-08  0.00000000e+00  1.19999988e+00 -2.38865126e-04 
 6.20930726e-08  0.00000000e+00  1.19999986e+00 -2.24796714e-04 
 6.21110597e-08  0.00000000e+00  1.19999989e+00 -2.27093420e-04 
 6.21283221e-08  0.00000000e+00  1.19999988e+00 -2.61290589e-04 
 6.21465853e-08  0.00000000e+00  1.19999991e+00 -2.73344605e-04 
 6.21654152e-08  0.00000000e+00  1.19999999e+00 -2.33186269e-04 
 6.21825321e-08  0.00000000e+00  1.19999937e+00 -2.30126600e-04 
 6.22005118e-08  0.00000000e+00  1.19999957e+00 -2.21497456e-04 
 6.22177801e-08  0.00000000e+00  1.19999997e+00 -2.67119453e-04 
 6.22359910e-08  0.00000000e+00  1.20000184e+00 -2.67911358e-04 
 6.22548505e-08  0.00000000e+00  1.20000850e+00 -2.38751353e-04 
 6.22738602e-08  0.00000000e+00  1.19999191e+00 -2.22264111e-04 
 6.22909995e-08  0.00000000e+00  1.19996435e+00 -2.28188505e-04 
 6.23091691e-08  0.00000000e+00  1.19994648e+00 -2.66682150e-04 
 6.23267498e-08  0.00000000e+00  1.20002924e+00 -2.71486383e-04 
 6.23456711e-08  0.00000000e+00  1.20048817e+00 -2.32901379e-04 
 6.23641715e-08  0.00000000e+00  1.20049804e+00 -2.26515548e-04 
 6.23812371e-08  0.00000000e+00  1.19906715e+00 -2.22743067e-04 
 6.23991112e-08  0.00000000e+00  1.19547763e+00 -2.71538804e-04 
 6.24163731e-08  0.00000000e+00  1.19357869e+00 -2.65629179e-04 
 6.24352134e-08  0.00000000e+00  1.21298716e+00 -2.51198129e-04 
 6.24534049e-08  0.00000000e+00  1.24941173e+00 -2.33212353e-04 
 6.24705192e-08  0.00000000e+00  1.24423109e+00 -2.15395128e-04 
 6.24875614e-08  0.00000000e+00  1.13305764e+00 -2.20809740e-04 
 6.25041377e-08  0.00000000e+00  9.42382345e-01 -2.03523296e-04 
 6.25189278e-08  0.00000000e+00  7.49690995e-01 -1.65805978e-04 
 6.25355521e-08  0.00000000e+00  5.37034997e-01 -1.93166943e-04 
 6.25522062e-08  0.00000000e+00  3.45820291e-01 -1.60482632e-04 
 6.25703308e-08  0.00000000e+00  1.85019474e-01 -1.75483627e-04 
 6.25872731e-08  0.00000000e+00  9.04462597e-02 -1.86985547e-04 
 6.26056802e-08  0.00000000e+00  3.78104722e-02 -1.56502591e-04 
 6.26233795e-08  0.00000000e+00  1.57974265e-02 -1.70640510e-04 
 6.26402091e-08  0.00000000e+00  6.84347087e-03 -1.57301203e-04 
 6.26581387e-08  0.00000000e+00  2.78248938e-03 -1.53278111e-04 
 6.26737439e-08  0.00000000e+00  1.28371032e-03 -1.89895044e-04 
 6.26905321e-08  0.00000000e+00  5.59291977e-04 -1.51221332e-04 
 6.27080581e-08  0.00000000e+00  2.30037831e-04 -1.69451907e-04 
 6.27246051e-08  0.00000000e+00  1.03927791e-04 -1.58250797e-04 
 6.27427607e-08  0.00000000e+00  3.92360845e-05 -1.49698703e-04 
 6.27571689e-08  0.00000000e+00  2.20881613e-05 -1.80203375e-04 
 6.27734528e-08  0.00000000e+00  7.39440805e-06 -1.71230443e-04 
 6.27908448e-08  0.00000000e+00  5.54035872e-06 -1.49996961e-04 
 6.28051464e-08  0.00000000e+00  3.25833826e-07 -1.75467926e-04 
 6.28235555e-08  0.00000000e+00  2.40140480e-06 -1.42860728e-04 
 6.28412186e-08  0.00000000e+00 -1.17933946e-06 -1.72396447e-04 
 6.28593956e-08  0.00000000e+00  1.70334754e-06 -1.74090680e-04 
 6.28779392e-08  0.00000000e+00 -1.37084964e-06 -1.52226452e-04 
 6.28952875e-08  0.00000000e+00  1.53030614e-06 -1.70518679e-04 
 6.29136373e-08  0.00000000e+00 -1.34411533e-06 -1.47164876e-04 
 6.29317314e-08  0.00000000e+00  1.44881048e-06 -1.70917930e-04 
 6.29506025e-08  0.00000000e+00 -1.28950788e-06 -1.75410486e-04 
 6.29691404e-08  0.00000000e+00  1.38692809e-06 -1.49269603e-04 
 6.29857924e-08  0.00000000e+00 -1.22942377e-06 -1.74774523e-04 
 6.30041939e-08  0.00000000e+00  1.32687260e-06 -1.40884822e-04 
 6.30226911e-08  0.00000000e+00 -1.17475260e-06 -1.80604889e-04 
 6.30404727e-08  0.00000000e+00  1.27257950e-06 -1.68493763e-04 
 6.30600197e-08  0.00000000e+00 -1.12341918e-06 -1.56797310e-04 
 6.30765112e-08  0.00000000e+00  1.22071491e-06 -1.67570322e-04 
 6.30948760e-08  0.00000000e+00 -1.07149415e-06 -1.46042789e-04 
 6.31118823e-08  0.00000000e+00  1.17118851e-06 -1.74766974e-04 
 6.31298125e-08  0.00000000e+00 -1.02281425e-06 -1.74250056e-04 
 6.31487295e-08  0.00000000e+00  1.12636528e-06 -1.50608106e-04 
 6.31649785e-08  0.00000000e+00 -9.77033798e-07 -1.73564622e-04 
 6.31833724e-08  0.00000000e+00  1.08126985e-06 -1.40975628e-04 
 6.32020376e-08  0.00000000e+00 -9.36283324e-07 -1.81507650e-04 
 6.32194121e-08  0.00000000e+00  1.04052905e-06 -1.68856486e-04 
 6.32391486e-08  0.00000000e+00 -8.97674918e-07 -1.56931382e-04 
 6.32556373e-08  0.00000000e+00  1.00202984e-06 -1.67102134e-04 
 6.32739603e-08  0.00000000e+00 -8.58904386e-07 -1.45696873e-04 
 6.32907717e-08  0.00000000e+00  9.64842017e-07 -1.75219292e-04 
 6.33086675e-08  0.00000000e+00 -8.22361873e-07 -1.74286004e-04 
 6.33275461e-08  0.00000000e+00  9.31366094e-07 -1.50955043e-04 
 6.33438220e-08  0.00000000e+00 -7.88237555e-07 -1.72848114e-04 
 6.33622100e-08  0.00000000e+00  8.97779633e-07 -1.41178930e-04 
 6.33809417e-08  0.00000000e+00 -7.57912034e-07 -1.81418391e-04 
 6.33982584e-08  0.00000000e+00  8.67413551e-07 -1.69442760e-04 
 6.34180830e-08  0.00000000e+00 -7.29141984e-07 -1.56832186e-04 
 6.34346602e-08  0.00000000e+00  8.38856507e-07 -1.66743753e-04 
 6.34529692e-08  0.00000000e+00 -7.00310859e-07 -1.45418613e-04 
 6.34696744e-08  0.00000000e+00  8.11032265e-07 -1.75636624e-04 
 6.34875690e-08  0.00000000e+00 -6.72980217e-07 -1.74271311e-04 
 6.35064273e-08  0.00000000e+00  7.86066389e-07 -1.51319896e-04 
 6.35227284e-08  0.00000000e+00 -6.47552830e-07 -1.72172222e-04 
 6.35411155e-08  0.00000000e+00  7.61051292e-07 -1.41289264e-04 
 6.35599386e-08  0.00000000e+00 -6.25000190e-07 -1.81615498e-04 
 6.35771711e-08  0.00000000e+00  7.38411104e-07 -1.69780606e-04 
 6.35970799e-08  0.00000000e+00 -6.03537985e-07 -1.56906725e-04 
 6.36137057e-08  0.00000000e+00  7.17196157e-07 -1.66285349e-04 
 6.36320025e-08  0.00000000e+00 -5.82068725e-07 -1.45245524e-04 
 6.36485891e-08  0.00000000e+00  6.96367869e-07 -1.75987536e-04 
 6.36664782e-08  0.00000000e+00 -5.61614110e-07 -1.74309171e-04 
 6.36853083e-08  0.00000000e+00  6.77739901e-07 -1.51600931e-04 
 6.37016232e-08  0.00000000e+00 -5.42653500e-07 -1.71599166e-04 
 6.37200100e-08  0.00000000e+00  6.59098950e-07 -1.41340144e-04 
 6.37389172e-08  0.00000000e+00 -5.25875128e-07 -1.81826071e-04 
 6.37560741e-08  0.00000000e+00  6.42215779e-07 -1.70062358e-04 
 6.37760647e-08  0.00000000e+00 -5.09863338e-07 -1.57018642e-04 
 6.37927426e-08  0.00000000e+00  6.26451564e-07 -1.65787327e-04 
 6.38110278e-08  0.00000000e+00 -4.93873054e-07 -1.45160779e-04 
 6.38275080e-08  0.00000000e+00  6.10860373e-07 -1.76263186e-04 
 6.38453962e-08  0.00000000e+00 -4.78565652e-07 -1.74391019e-04 
 6.38641988e-08  0.00000000e+00  5.96957302e-07 -1.51817193e-04 
 6.38805246e-08  0.00000000e+00 -4.64419082e-07 -1.71108624e-04 
 6.38989118e-08  0.00000000e+00  5.83057990e-07 -1.41327795e-04 
 6.39159944e-08  0.00000000e+00 -4.51263167e-07 -1.77790985e-04 
 6.39339504e-08  0.00000000e+00  5.70126583e-07 -1.72347746e-04 
 6.39533658e-08  0.00000000e+00 -4.39470929e-07 -1.55410977e-04 
 6.39704425e-08  0.00000000e+00  5.58374030e-07 -1.66483362e-04 
 6.39888367e-08  0.00000000e+00 -4.27740458e-07 -1.45495309e-04 
 6.40059084e-08  0.00000000e+00  5.46994269e-07 -1.74712163e-04 
 6.40239489e-08  0.00000000e+00 -4.16576390e-07 -1.75734911e-04 
 6.40431213e-08  0.00000000e+00  5.36758152e-07 -1.51290587e-04 
 6.40598540e-08  0.00000000e+00 -4.06241658e-07 -1.71146065e-04 
 6.40782498e-08  0.00000000e+00  5.26507764e-07 -1.40519099e-04 
 6.40951954e-08  0.00000000e+00 -3.96367669e-07 -1.79544209e-04 
 6.41131784e-08  0.00000000e+00  5.16806024e-07 -1.70900437e-04 
 6.41323897e-08  0.00000000e+00 -3.87513673e-07 -1.56546809e-04 
 6.41492169e-08  0.00000000e+00  5.07907178e-07 -1.65511670e-04 
 6.41676095e-08  0.00000000e+00 -3.78676506e-07 -1.46249486e-04 
 6.41845934e-08  0.00000000e+00  4.99377918e-07 -1.73628514e-04 
 6.42025939e-08  0.00000000e+00 -3.70299343e-07 -1.76997700e-04 
 6.42218286e-08  0.00000000e+00  4.91727818e-07 -1.50440789e-04 
 6.42386865e-08  0.00000000e+00 -3.62612491e-07 -1.71666176e-04 
 6.42570812e-08  0.00000000e+00  4.84089516e-07 -1.39800814e-04 
 6.42740351e-08  0.00000000e+00 -3.55225331e-07 -1.80288649e-04 
 6.42920358e-08  0.00000000e+00  4.76833259e-07 -1.70304173e-04 
 6.43112568e-08  0.00000000e+00 -3.48601765e-07 -1.57301535e-04 
 6.43281068e-08  0.00000000e+00  4.70175686e-07 -1.64622956e-04 
 6.43465019e-08  0.00000000e+00 -3.41987588e-07 -1.46844879e-04 
 6.43634367e-08  0.00000000e+00  4.63776278e-07 -1.73100311e-04 
 6.43814349e-08  0.00000000e+00 -3.35699991e-07 -1.77678260e-04 
 6.44006639e-08  0.00000000e+00  4.58040819e-07 -1.49931596e-04 
 6.44175351e-08  0.00000000e+00 -3.29938135e-07 -1.72017956e-04 
 6.44359309e-08  0.00000000e+00  4.52314714e-07 -1.39236021e-04 
 6.44528531e-08  0.00000000e+00 -3.24390975e-07 -1.80829943e-04 
 6.44708529e-08  0.00000000e+00  4.46863940e-07 -1.69917980e-04 
 6.44900840e-08  0.00000000e+00 -3.19420068e-07 -1.57863914e-04 
 6.45069657e-08  0.00000000e+00  4.41870735e-07 -1.63912783e-04 
 6.45253624e-08  0.00000000e+00 -3.14456611e-07 -1.47322084e-04 
 6.45422682e-08  0.00000000e+00  4.37057598e-07 -1.72655631e-04 
 6.45602680e-08  0.00000000e+00 -3.09725937e-07 -1.78250479e-04 
 6.45795005e-08  0.00000000e+00  4.32745006e-07 -1.49527273e-04 
 6.45963928e-08  0.00000000e+00 -3.05394330e-07 -1.72272742e-04 
 6.46147901e-08  0.00000000e+00  4.28438289e-07 -1.38777166e-04 
 6.46316818e-08  0.00000000e+00 -3.01213735e-07 -1.81294318e-04 
 6.46496819e-08  0.00000000e+00  4.24328486e-07 -1.69594295e-04 
 6.46689170e-08  0.00000000e+00 -2.97467992e-07 -1.58334406e-04 
 6.46858204e-08  0.00000000e+00  4.20566604e-07 -1.63315987e-04 
 6.47042184e-08  0.00000000e+00 -2.93726549e-07 -1.47710474e-04 
 6.47210966e-08  0.00000000e+00  4.16931025e-07 -1.72289781e-04 
 6.47390971e-08  0.00000000e+00 -2.90151399e-07 -1.78732301e-04 
 6.47583340e-08  0.00000000e+00  4.13673306e-07 -1.49200697e-04 
 6.47752473e-08  0.00000000e+00 -2.86879516e-07 -1.72461751e-04 
 6.47936460e-08  0.00000000e+00  4.10418198e-07 -1.38404650e-04 
 6.48105112e-08  0.00000000e+00 -2.83713177e-07 -1.81674625e-04 
 6.48285120e-08  0.00000000e+00  4.07303568e-07 -1.69339327e-04 
 6.48477508e-08  0.00000000e+00 -2.80875354e-07 -1.58721806e-04 
 6.48646736e-08  0.00000000e+00  4.04453282e-07 -1.62814067e-04 
 6.48830730e-08  0.00000000e+00 -2.78038576e-07 -1.48024297e-04 
 6.48999259e-08  0.00000000e+00  4.01691008e-07 -1.71998249e-04 
 6.49179271e-08  0.00000000e+00 -2.75320324e-07 -1.79128889e-04 
 6.49371676e-08  0.00000000e+00  3.99214527e-07 -1.48942963e-04 
 6.49540994e-08  0.00000000e+00 -2.72832572e-07 -1.72596050e-04 
 6.49724995e-08  0.00000000e+00  3.96737579e-07 -1.38104658e-04 
 6.49893408e-08  0.00000000e+00 -2.70418012e-07 -1.81982938e-04 
 6.50073423e-08  0.00000000e+00  3.94360563e-07 -1.69143206e-04 
 6.50265844e-08  0.00000000e+00 -2.68252286e-07 -1.59038016e-04 
 6.50435247e-08  0.00000000e+00  3.92184547e-07 -1.62393601e-04 
 6.50619255e-08  0.00000000e+00 -2.66084673e-07 -1.48275711e-04 
 6.50787557e-08  0.00000000e+00  3.90069231e-07 -1.71767873e-04 
 6.50967576e-08  0.00000000e+00 -2.64001191e-07 -1.79454147e-04 
 6.51160013e-08  0.00000000e+00  3.88170794e-07 -1.48742243e-04 
 6.51329496e-08  0.00000000e+00 -2.62093111e-07 -1.72685808e-04 
 6.51513510e-08  0.00000000e+00  3.86269130e-07 -1.37865146e-04 
 6.51681707e-08  0.00000000e+00 -2.60235185e-07 -1.82231522e-04 
 6.51861729e-08  0.00000000e+00  3.84438155e-07 -1.68995104e-04 
 6.52054181e-08  0.00000000e+00 -2.58566472e-07 -1.59294642e-04 
 6.52223740e-08  0.00000000e+00  3.82760401e-07 -1.62042345e-04 
 6.52407760e-08  0.00000000e+00 -2.56893319e-07 -1.48475072e-04 
 6.52575858e-08  0.00000000e+00  3.81123825e-07 -1.71588061e-04 
 6.52755884e-08  0.00000000e+00 -2.55279477e-07 -1.79719623e-04 
 6.52948349e-08  0.00000000e+00  3.79652601e-07 -1.48588574e-04 
 6.53117981e-08  0.00000000e+00 -2.53799567e-07 -1.72739661e-04 
 6.53302007e-08  0.00000000e+00  3.78175801e-07 -1.37676048e-04 
 6.53470009e-08  0.00000000e+00 -2.52353249e-07 -1.82430093e-04 
 6.53650039e-08  0.00000000e+00  3.76748655e-07 -1.68886532e-04 
 6.53842517e-08  0.00000000e+00 -2.51051689e-07 -1.59501226e-04 
 6.54012217e-08  0.00000000e+00  3.75438714e-07 -1.61749945e-04 
 6.54196249e-08  0.00000000e+00 -2.49743547e-07 -1.48630986e-04 
 6.54364162e-08  0.00000000e+00  3.74155926e-07 -1.71450253e-04 
 6.54544195e-08  0.00000000e+00 -2.48476784e-07 -1.79934743e-04 
 6.54736685e-08  0.00000000e+00  3.73000133e-07 -1.48473820e-04 
 6.54906450e-08  0.00000000e+00 -2.47312806e-07 -1.72764633e-04 
 6.55090487e-08  0.00000000e+00  3.71836841e-07 -1.37528997e-04 
 6.55258314e-08  0.00000000e+00 -2.46170511e-07 -1.82586728e-04 
 6.55438352e-08  0.00000000e+00  3.70707911e-07 -1.68810520e-04 
 6.55630853e-08  0.00000000e+00 -2.45139877e-07 -1.59665723e-04 
 6.55800679e-08  0.00000000e+00  3.69669235e-07 -1.61507679e-04 
 6.55984721e-08  0.00000000e+00 -2.44100922e-07 -1.48750621e-04 
 6.56152468e-08  0.00000000e+00  3.68647652e-07 -1.71347324e-04 
 6.56332509e-08  0.00000000e+00 -2.43090332e-07 -1.80107422e-04 
 6.56525020e-08  0.00000000e+00  3.67724472e-07 -1.48391240e-04 
 6.56694904e-08  0.00000000e+00 -2.42159238e-07 -1.72766463e-04 
 6.56878952e-08  0.00000000e+00  3.66792262e-07 -1.37417015e-04 
 6.57046622e-08  0.00000000e+00 -2.41241256e-07 -1.82708202e-04 
 6.57226667e-08  0.00000000e+00  3.65883311e-07 -1.68761286e-04 
 6.57419188e-08  0.00000000e+00 -2.40410338e-07 -1.59794811e-04 
 6.57589127e-08  0.00000000e+00  3.65044518e-07 -1.61308159e-04 
 6.57773180e-08  0.00000000e+00 -2.39569685e-07 -1.48839963e-04 
 6.57940776e-08  0.00000000e+00  3.64215508e-07 -1.71273343e-04 
 6.58120825e-08  0.00000000e+00 -2.38747980e-07 -1.80244310e-04 
 6.58313355e-08  0.00000000e+00  3.63463737e-07 -1.48335236e-04 
 6.58483346e-08  0.00000000e+00 -2.37988370e-07 -1.72749845e-04 
 6.58667404e-08  0.00000000e+00  3.62701680e-07 -1.37334279e-04 
 6.58834931e-08  0.00000000e+00 -2.37235703e-07 -1.82800191e-04 
 6.59014984e-08  0.00000000e+00  3.61954859e-07 -1.68734035e-04 
 6.59207523e-08  0.00000000e+00 -2.36551808e-07 -1.59894102e-04 
 6.59377563e-08  0.00000000e+00  3.61263160e-07 -1.61145122e-04 
 6.59561625e-08  0.00000000e+00 -2.35857176e-07 -1.48904015e-04 
 6.59729086e-08  0.00000000e+00  3.60575991e-07 -1.71223373e-04 
 6.59909142e-08  0.00000000e+00 -2.35174559e-07 -1.80351002e-04 
 6.60101690e-08  0.00000000e+00  3.59950367e-07 -1.48301159e-04 
 6.60271777e-08  0.00000000e+00 -2.34541132e-07 -1.72718613e-04 
 6.60455843e-08  0.00000000e+00  3.59313522e-07 -1.37275923e-04 
 6.60623242e-08  0.00000000e+00 -2.33910146e-07 -1.82867456e-04 
 6.60803302e-08  0.00000000e+00  3.58686009e-07 -1.68724796e-04 
 6.60995857e-08  0.00000000e+00 -2.33334470e-07 -1.59968314e-04 
 6.61165988e-08  0.00000000e+00  3.58102522e-07 -1.61013245e-04 
 6.61350059e-08  0.00000000e+00 -2.32747174e-07 -1.48946962e-04 
 6.61517398e-08  0.00000000e+00  3.57519738e-07 -1.71193298e-04 
 6.61697461e-08  0.00000000e+00 -2.32166906e-07 -1.80432209e-04 
 6.61890024e-08  0.00000000e+00  3.56986895e-07 -1.48285148e-04 
 6.62060197e-08  0.00000000e+00 -2.31626246e-07 -1.72675898e-04 
 6.62244272e-08  0.00000000e+00  3.56442077e-07 -1.37237876e-04 
 6.62411555e-08  0.00000000e+00 -2.31084769e-07 -1.82913997e-04 
 6.62591621e-08  0.00000000e+00  3.55902340e-07 -1.68730274e-04 
 6.62784191e-08  0.00000000e+00 -2.30588642e-07 -1.60021419e-04 
 6.62954403e-08  0.00000000e+00  3.55398402e-07 -1.60908001e-04 
 6.63138482e-08  0.00000000e+00 -2.30080241e-07 -1.48972313e-04 
 6.63305712e-08  0.00000000e+00  3.54892331e-07 -1.71179689e-04 
 6.63485782e-08  0.00000000e+00 -2.29575241e-07 -1.80491903e-04 
 6.63678358e-08  0.00000000e+00  3.54427682e-07 -1.48283990e-04 
 6.63848608e-08  0.00000000e+00 -2.29102754e-07 -1.72624251e-04 
 6.64032690e-08  0.00000000e+00  3.53950510e-07 -1.37216733e-04 
 6.64199869e-08  0.00000000e+00 -2.28627068e-07 -1.82943175e-04 
 6.64379942e-08  0.00000000e+00  3.53475281e-07 -1.68747736e-04 
 6.64572524e-08  0.00000000e+00 -2.28189405e-07 -1.60056768e-04 
 6.64742810e-08  0.00000000e+00  3.53029771e-07 -1.60825533e-04 
 6.64926896e-08  0.00000000e+00 -2.27738971e-07 -1.48983006e-04 
 6.65094027e-08  0.00000000e+00  3.52580128e-07 -1.71179684e-04 
 6.65274103e-08  0.00000000e+00 -2.27289281e-07 -1.80533438e-04 
 6.65466691e-08  0.00000000e+00  3.52165570e-07 -1.48295013e-04 
 6.65637010e-08  0.00000000e+00 -2.26866887e-07 -1.72565751e-04 
 6.65821100e-08  0.00000000e+00  3.51738108e-07 -1.37209644e-04 
 6.65988185e-08  0.00000000e+00 -2.26439555e-07 -1.82957817e-04 
 6.66168264e-08  0.00000000e+00  3.51310290e-07 -1.68774917e-04 
 6.66360857e-08  0.00000000e+00 -2.26044855e-07 -1.60077184e-04 
 6.66531209e-08  0.00000000e+00  3.50907720e-07 -1.60762550e-04 
 6.66715301e-08  0.00000000e+00 -2.25637041e-07 -1.48981508e-04 
 6.66882343e-08  0.00000000e+00  3.50499532e-07 -1.71190893e-04 
 6.67062425e-08  0.00000000e+00 -2.25227982e-07 -1.80559648e-04 
 6.67255023e-08  0.00000000e+00  3.50121840e-07 -1.48315997e-04 
 6.67425405e-08  0.00000000e+00 -2.24842422e-07 -1.72502084e-04 
 6.67609501e-08  0.00000000e+00  3.49730881e-07 -1.37214217e-04 
 6.67776502e-08  0.00000000e+00 -2.24450651e-07 -1.82960304e-04 
 6.67956586e-08  0.00000000e+00  3.49337946e-07 -1.68809940e-04 
 6.68149189e-08  0.00000000e+00 -2.24087522e-07 -1.60085054e-04 
 6.68319600e-08  0.00000000e+00  3.48966949e-07 -1.60716240e-04 
 6.68503699e-08  0.00000000e+00 -2.23711073e-07 -1.48969889e-04 
 6.68670661e-08  0.00000000e+00  3.48589257e-07 -1.71211321e-04 
 6.68850747e-08  0.00000000e+00 -2.23331930e-07 -1.80572932e-04 
 6.69043355e-08  0.00000000e+00  3.48238668e-07 -1.48345092e-04 
 6.69213793e-08  0.00000000e+00 -2.22973465e-07 -1.72434620e-04 
 6.69397895e-08  0.00000000e+00  3.47874639e-07 -1.37228451e-04 
 6.69564820e-08  0.00000000e+00 -2.22607847e-07 -1.82952642e-04 
 6.69744909e-08  0.00000000e+00  3.47507347e-07 -1.68851247e-04 
 6.69937521e-08  0.00000000e+00 -2.22268019e-07 -1.60082393e-04 
 6.70107985e-08  0.00000000e+00  3.47159651e-07 -1.60684198e-04 
 6.70292089e-08  0.00000000e+00 -2.21914650e-07 -1.48949888e-04 
 6.70458979e-08  0.00000000e+00  3.46804425e-07 -1.71239302e-04 
 6.70639071e-08  0.00000000e+00 -2.21557566e-07 -1.80575319e-04 
 6.70831687e-08  0.00000000e+00  3.46473819e-07 -1.48380760e-04 
 6.71002175e-08  0.00000000e+00 -2.21219104e-07 -1.72364461e-04 
 6.71186282e-08  0.00000000e+00  3.46129641e-07 -1.37250665e-04 
 6.71353139e-08  0.00000000e+00 -2.20872815e-07 -1.82936520e-04 
 6.71533232e-08  0.00000000e+00  3.45781320e-07 -1.68897549e-04 
 6.71725853e-08  0.00000000e+00 -2.20550164e-07 -1.60070906e-04 
 6.71896364e-08  0.00000000e+00  3.45450815e-07 -1.60664366e-04 
 6.72080473e-08  0.00000000e+00 -2.20213883e-07 -1.48922965e-04 
 6.72247298e-08  0.00000000e+00  3.45112220e-07 -1.71273444e-04 
 6.72427394e-08  0.00000000e+00 -2.19873106e-07 -1.80568531e-04 
 6.72620018e-08  0.00000000e+00  3.44796421e-07 -1.48421723e-04 
 6.72790551e-08  0.00000000e+00 -2.19549469e-07 -1.72292496e-04 
 6.72974663e-08  0.00000000e+00  3.44466963e-07 -1.37279451e-04 
 6.73141458e-08  0.00000000e+00 -2.19217496e-07 -1.82913365e-04 
 6.73321557e-08  0.00000000e+00  3.44132687e-07 -1.68947782e-04 
 6.73514184e-08  0.00000000e+00 -2.18907616e-07 -1.60052035e-04 
 6.73684738e-08  0.00000000e+00  3.43814968e-07 -1.60654979e-04 
 6.73868852e-08  0.00000000e+00 -2.18584035e-07 -1.48890347e-04 
 6.74035618e-08  0.00000000e+00  3.43488744e-07 -1.71312585e-04 
 6.74215719e-08  0.00000000e+00 -2.18255392e-07 -1.80554028e-04 
 6.74408349e-08  0.00000000e+00  3.43183959e-07 -1.48466917e-04 
 6.74578923e-08  0.00000000e+00 -2.17942805e-07 -1.72219438e-04 
 6.74763039e-08  0.00000000e+00  3.42865476e-07 -1.37313627e-04 
 6.74929778e-08  0.00000000e+00 -2.17621519e-07 -1.82884378e-04 
 6.75109881e-08  0.00000000e+00  3.42541706e-07 -1.69001063e-04 
 6.75302514e-08  0.00000000e+00 -2.17321188e-07 -1.60027001e-04 
 6.75473107e-08  0.00000000e+00  3.42233553e-07 -1.60654523e-04 
 6.75657225e-08  0.00000000e+00 -2.17007132e-07 -1.48853067e-04 
 6.75823939e-08  0.00000000e+00  3.41916590e-07 -1.71355754e-04 
 6.76004043e-08  0.00000000e+00 -2.16687575e-07 -1.80533047e-04 
 6.76196679e-08  0.00000000e+00  3.41620100e-07 -1.48515460e-04 
 6.76367290e-08  0.00000000e+00 -2.16383298e-07 -1.72145854e-04 
 6.76551410e-08  0.00000000e+00  3.41309897e-07 -1.37352201e-04 
 6.76718099e-08  0.00000000e+00 -2.16070076e-07 -1.82850576e-04 
 6.76898206e-08  0.00000000e+00  3.40994027e-07 -1.69056665e-04 
 6.77090845e-08  0.00000000e+00 -2.15776934e-07 -1.59996839e-04 
 6.77261472e-08  0.00000000e+00  3.40693133e-07 -1.60661696e-04 
 6.77445593e-08  0.00000000e+00 -2.15470110e-07 -1.48811991e-04 
 6.77612260e-08  0.00000000e+00  3.40383173e-07 -1.71402142e-04 
 6.77792368e-08  0.00000000e+00 -2.15157470e-07 -1.80506643e-04 
 6.77985010e-08  0.00000000e+00  3.40092984e-07 -1.48566618e-04 
 6.78155652e-08  0.00000000e+00 -2.14859513e-07 -1.72072193e-04 
 6.78339776e-08  0.00000000e+00  3.39789104e-07 -1.37394341e-04 
 6.78506421e-08  0.00000000e+00 -2.14552451e-07 -1.82812814e-04 
 6.78686531e-08  0.00000000e+00  3.39479284e-07 -1.69113989e-04 
 6.78879175e-08  0.00000000e+00 -2.14264826e-07 -1.59962426e-04 
 6.79049833e-08  0.00000000e+00  3.39183957e-07 -1.60675382e-04 
 6.79233958e-08  0.00000000e+00 -2.13963544e-07 -1.48767847e-04 
 6.79400582e-08  0.00000000e+00  3.38879391e-07 -1.71451071e-04 
 6.79580693e-08  0.00000000e+00 -2.13656242e-07 -1.80475709e-04 
 6.79773340e-08  0.00000000e+00  3.38594079e-07 -1.48619782e-04 
 6.79944012e-08  0.00000000e+00 -2.13363201e-07 -1.71998806e-04 
 6.80128139e-08  0.00000000e+00  3.38295089e-07 -1.37439349e-04 
 6.80294743e-08  0.00000000e+00 -2.13060895e-07 -1.82771816e-04 
 6.80474856e-08  0.00000000e+00  3.37989985e-07 -1.69172542e-04 
 6.80667504e-08  0.00000000e+00 -2.12777584e-07 -1.59924503e-04 
 6.80838190e-08  0.00000000e+00  3.37699021e-07 -1.60694617e-04 
 6.81022319e-08  0.00000000e+00 -2.12480669e-07 -1.48721249e-04 
 6.81188904e-08  0.00000000e+00  3.37398693e-07 -1.71501979e-04 
 6.81369019e-08  0.00000000e+00 -2.12177532e-07 -1.80441007e-04 
 6.81561669e-08  0.00000000e+00  3.37117213e-07 -1.48674451e-04 
 6.81732368e-08  0.00000000e+00 -2.11888395e-07 -1.71925968e-04 
 6.81916498e-08  0.00000000e+00  3.36822107e-07 -1.37486639e-04 
 6.82083066e-08  0.00000000e+00 -2.11589859e-07 -1.82728193e-04 
 6.82263181e-08  0.00000000e+00  3.36520774e-07 -1.69231920e-04 
 6.82455834e-08  0.00000000e+00 -2.11310015e-07 -1.59883701e-04 
 6.82626545e-08  0.00000000e+00  3.36233274e-07 -1.60718573e-04 
 6.82810676e-08  0.00000000e+00 -2.11016585e-07 -1.48672710e-04 
 6.82977227e-08  0.00000000e+00  3.35936354e-07 -1.71554396e-04 
 6.83157344e-08  0.00000000e+00 -2.10716814e-07 -1.80403183e-04 
 6.83349998e-08  0.00000000e+00  3.35657999e-07 -1.48730205e-04 
 6.83520721e-08  0.00000000e+00 -2.10430831e-07 -1.71853887e-04 
 6.83704853e-08  0.00000000e+00  3.35366054e-07 -1.37535721e-04 
 6.83871389e-08  0.00000000e+00 -2.10135387e-07 -1.82682461e-04 
 6.84051507e-08  0.00000000e+00  3.35067755e-07 -1.69291793e-04 
 6.84244163e-08  0.00000000e+00 -2.09858374e-07 -1.59840556e-04 
 6.84414896e-08  0.00000000e+00  3.34783138e-07 -1.60746536e-04 
 6.84599030e-08  0.00000000e+00 -2.09567799e-07 -1.48622663e-04 
 6.84765551e-08  0.00000000e+00  3.34489048e-07 -1.71607930e-04 
 6.84945670e-08  0.00000000e+00 -2.09270841e-07 -1.80362790e-04 
 6.85138328e-08  0.00000000e+00  3.34213252e-07 -1.48786703e-04 
 6.85309071e-08  0.00000000e+00 -2.08987486e-07 -1.71782722e-04 
 6.85493206e-08  0.00000000e+00  3.33923960e-07 -1.37586183e-04 
 6.85659712e-08  0.00000000e+00 -2.08694630e-07 -1.82635055e-04 
 6.85839833e-08  0.00000000e+00  3.33628239e-07 -1.69351890e-04 
 6.86032492e-08  0.00000000e+00 -2.08419993e-07 -1.59795519e-04 
 6.86203246e-08  0.00000000e+00  3.33346045e-07 -1.60777889e-04 
 6.86387382e-08  0.00000000e+00 -2.08131862e-07 -1.48571469e-04 
 6.86553874e-08  0.00000000e+00  3.33054347e-07 -1.71662257e-04 
 6.86733996e-08  0.00000000e+00 -2.07837312e-07 -1.80320296e-04 
 6.86926656e-08  0.00000000e+00  3.32780765e-07 -1.48843660e-04 
 6.87097419e-08  0.00000000e+00 -2.07556197e-07 -1.71712588e-04 
 6.87281556e-08  0.00000000e+00  3.32493758e-07 -1.37637682e-04 
 6.87448036e-08  0.00000000e+00 -2.07265567e-07 -1.82586343e-04 
 6.87628159e-08  0.00000000e+00  3.32200268e-07 -1.69411993e-04 
 6.87820821e-08  0.00000000e+00 -2.06993008e-07 -1.59748976e-04 
 6.87991593e-08  0.00000000e+00  3.31920181e-07 -1.60812102e-04 
 6.88175731e-08  0.00000000e+00 -2.06707024e-07 -1.48519432e-04 
 6.88342198e-08  0.00000000e+00  3.31630581e-07 -1.71717106e-04 
 6.88522322e-08  0.00000000e+00 -2.06414550e-07 -1.80276102e-04 
 6.88714985e-08  0.00000000e+00  3.31358960e-07 -1.48900843e-04 
 6.88885765e-08  0.00000000e+00 -2.06135442e-07 -1.71643568e-04 
 6.89069904e-08  0.00000000e+00  3.31073953e-07 -1.37689927e-04 
 6.89236360e-08  0.00000000e+00 -2.05846811e-07 -1.82536635e-04 
 6.89416485e-08  0.00000000e+00  3.30782453e-07 -1.69471925e-04 
 6.89609149e-08  0.00000000e+00 -2.05576091e-07 -1.59701253e-04 
 6.89779938e-08  0.00000000e+00  3.30504276e-07 -1.60848714e-04 
 6.89964077e-08  0.00000000e+00 -2.05292022e-07 -1.48466808e-04 
 6.90130522e-08  0.00000000e+00  3.30216559e-07 -1.71772429e-04 
 6.90310650e-08  0.00000000e+00 -2.05001458e-07 -1.80230023e-04 
 6.90503315e-08  0.00000000e+00  3.29946708e-07 -1.48958746e-04 
 6.90674110e-08  0.00000000e+00 -2.04724149e-07 -1.71574726e-04 
 6.90858251e-08  0.00000000e+00  3.29663552e-07 -1.37742669e-04 
 6.91024683e-08  0.00000000e+00 -2.04437332e-07 -1.82486842e-04 
 6.91204811e-08  0.00000000e+00  3.29373862e-07 -1.69531189e-04 
 6.91397477e-08  0.00000000e+00 -2.04168305e-07 -1.59653689e-04 
 6.91568279e-08  0.00000000e+00  3.29097415e-07 -1.60885426e-04 
 6.91752421e-08  0.00000000e+00 -2.03886016e-07 -1.48413880e-04 
 6.91918842e-08  0.00000000e+00  3.28811462e-07 -1.71828046e-04 
 6.92098971e-08  0.00000000e+00 -2.03597184e-07 -1.80184214e-04 
 6.92291638e-08  0.00000000e+00  3.28543238e-07 -1.49016333e-04 
 6.92462449e-08  0.00000000e+00 -2.03321589e-07 -1.71506402e-04 
 6.92646592e-08  0.00000000e+00  3.28261788e-07 -1.37795727e-04 
 6.92813003e-08  0.00000000e+00 -2.03036452e-07 -1.82436030e-04 
 6.92993132e-08  0.00000000e+00  3.27973797e-07 -1.69591262e-04 
 6.93185801e-08  0.00000000e+00 -2.02769013e-07 -1.59604839e-04 
 6.93356618e-08  0.00000000e+00  3.27699014e-07 -1.60924066e-04 
 6.93540762e-08  0.00000000e+00 -2.02488397e-07 -1.48360662e-04 
 6.93707163e-08  0.00000000e+00  3.27414670e-07 -1.71883609e-04 
 6.93887293e-08  0.00000000e+00 -2.02201225e-07 -1.80137421e-04 
 6.94079962e-08  0.00000000e+00  3.27148023e-07 -1.49073702e-04 
 6.94250787e-08  0.00000000e+00 -2.01927204e-07 -1.71439377e-04 
 6.94434931e-08  0.00000000e+00  3.26868189e-07 -1.37848943e-04 
 6.94601323e-08  0.00000000e+00 -2.01643692e-07 -1.82384961e-04 
 6.94781454e-08  0.00000000e+00  3.26581820e-07 -1.69650667e-04 
 6.94974124e-08  0.00000000e+00 -2.01377774e-07 -1.59555499e-04 
 6.95144955e-08  0.00000000e+00  3.26308596e-07 -1.60964227e-04 
 6.95329101e-08  0.00000000e+00 -2.01098733e-07 -1.48307399e-04 
 6.95495483e-08  0.00000000e+00  3.26025842e-07 -1.71938926e-04 
 6.95675615e-08  0.00000000e+00 -2.00813158e-07 -1.80090011e-04 
 6.95868286e-08  0.00000000e+00  3.25760679e-07 -1.49130652e-04 
 6.96039123e-08  0.00000000e+00 -2.00540682e-07 -1.71373724e-04 
 6.96223269e-08  0.00000000e+00  3.25482401e-07 -1.37902152e-04 
 6.96389643e-08  0.00000000e+00 -2.00258712e-07 -1.82333720e-04 
 6.96569776e-08  0.00000000e+00  3.25197608e-07 -1.69709399e-04 
 6.96762448e-08  0.00000000e+00 -1.99994271e-07 -1.59505831e-04 
 6.96933291e-08  0.00000000e+00  3.24925872e-07 -1.61005620e-04 
 6.97117438e-08  0.00000000e+00 -1.99716765e-07 -1.48254218e-04 
 6.97283803e-08  0.00000000e+00  3.24644681e-07 -1.71993952e-04 
 6.97463937e-08  0.00000000e+00 -1.99432727e-07 -1.80042116e-04 
 6.97656610e-08  0.00000000e+00  3.24380945e-07 -1.49187128e-04 
 6.97827458e-08  0.00000000e+00 -1.99161737e-07 -1.71309423e-04 
 6.98011605e-08  0.00000000e+00  3.24104204e-07 -1.37955240e-04 
 6.98177963e-08  0.00000000e+00 -1.98881300e-07 -1.82282419e-04 
 6.98358097e-08  0.00000000e+00  3.23820924e-07 -1.69767433e-04 
 6.98550771e-08  0.00000000e+00 -1.98618274e-07 -1.59455972e-04 
 6.98721625e-08  0.00000000e+00  3.23550684e-07 -1.61048013e-04 
 6.98905773e-08  0.00000000e+00 -1.98342281e-07 -1.48201218e-04 
 6.99072123e-08  0.00000000e+00  3.23270967e-07 -1.72048608e-04 
 6.99252258e-08  0.00000000e+00 -1.98059768e-07 -1.79993895e-04 
 6.99444933e-08  0.00000000e+00  3.23008666e-07 -1.49243041e-04 
 6.99615792e-08  0.00000000e+00 -1.97790246e-07 -1.71246476e-04 
 6.99799940e-08  0.00000000e+00  3.22733404e-07 -1.38008102e-04 
 6.99899970e-08  0.00000000e+00 -1.97414180e-07 -1.65613446e-04 
 7.00000000e-08  0.00000000e+00  3.22246391e-07 -1.74318180e-04 
 7.00020006e-08  2.40071664e-02  6.28419317e-08 -1.60610179e-04 
 7.00060018e-08  7.20214991e-02  6.22353475e-08 -1.63867747e-04 
 7.00140042e-08  1.68050165e-01  6.28411021e-08 -1.47390275e-04 
 7.00300090e-08  3.60107496e-01  6.22357941e-08 -1.22278891e-04 
 7.00456974e-08  5.48368522e-01  6.28403701e-08 -1.45368542e-04 
 7.00622638e-08  7.47165347e-01  6.22358260e-08 -1.41573937e-04 
 7.00805924e-08  9.67108581e-01  6.28398355e-08 -1.88346847e-04 
 7.00902962e-08  1.08355429e+00  6.22361686e-08 -2.20237569e-04 
 7.01000000e-08  1.20000000e+00  6.28392112e-08 -2.56735092e-04 
 7.01019408e-08  1.20000000e+00  6.25381963e-08 -2.61967711e-04 
 7.01058223e-08  1.20000000e+00  6.25374644e-08 -2.51048198e-04 
 7.01135853e-08  1.20000000e+00  6.25381891e-08 -2.22527415e-04 
 7.01267999e-08  1.20000000e+00  6.25374564e-08 -2.10105338e-04 
 7.01411144e-08  1.20000000e+00  6.25381783e-08 -2.25276244e-04 
 7.01560307e-08  1.20000000e+00  6.25374362e-08 -2.28479067e-04 
 7.01705557e-08  1.20000000e+00  6.25381706e-08 -2.54326359e-04 
 7.01877490e-08  1.20000000e+00  6.25374560e-08 -2.83740345e-04 
 7.02065535e-08  1.20000000e+00  6.25381767e-08 -2.28798376e-04 
 7.02238983e-08  1.20000000e+00  6.25374404e-08 -2.23033349e-04 
 7.02401113e-08  1.20000000e+00  6.25381734e-08 -2.32447278e-04 
 7.02578690e-08  1.20000000e+00  6.25374542e-08 -2.46245928e-04 
 7.02751623e-08  1.20000000e+00  6.25381762e-08 -2.88954623e-04 
 7.02935785e-08  1.20000000e+00  6.25374472e-08 -2.32814687e-04 
 7.03108811e-08  1.20000000e+00  6.25381730e-08 -2.24162036e-04 
 7.03271833e-08  1.20000000e+00  6.25374459e-08 -2.29912630e-04 
 7.03450653e-08  1.20000000e+00  6.25381718e-08 -2.43258552e-04 
 7.03613751e-08  1.20000000e+00  6.25374528e-08 -2.84608498e-04 
 7.03797478e-08  1.20000000e+00  6.25381745e-08 -2.46735420e-04 
 7.03965467e-08  1.20000000e+00  6.25374474e-08 -2.19739953e-04 
 7.04126567e-08  1.20000000e+00  6.25381691e-08 -2.31527924e-04 
 7.04305547e-08  1.20000000e+00  6.25374412e-08 -2.34217788e-04 
 7.04468987e-08  1.20000000e+00  6.25381716e-08 -2.78951501e-04 
 7.04645448e-08  1.20000000e+00  6.25374529e-08 -2.63784043e-04 
 7.04822482e-08  1.20000000e+00  6.25381713e-08 -2.18811578e-04 
 7.05001289e-08  1.20000000e+00  6.25374490e-08 -2.30478668e-04 
 7.05171079e-08  1.20000000e+00  6.25381675e-08 -2.32385228e-04 
 7.05336603e-08  1.20000000e+00  6.25374432e-08 -2.70999883e-04 
 7.05510283e-08  1.20000000e+00  6.25381703e-08 -2.74858667e-04 
 7.05698318e-08  1.20000000e+00  6.25374536e-08 -2.17901613e-04 
 7.05867792e-08  1.20000000e+00  6.25381689e-08 -2.29750462e-04 
 7.06047480e-08  1.20000000e+00  6.25374508e-08 -2.30644627e-04 
 7.06220356e-08  1.20000000e+00  6.25381725e-08 -2.67607875e-04 
 7.06394909e-08  1.20000000e+00  6.25374501e-08 -2.78450029e-04 
 7.06560935e-08  1.20000000e+00  6.25381814e-08 -2.21430618e-04 
 7.06739427e-08  1.20000000e+00  6.25374517e-08 -2.28329972e-04 
 7.06911769e-08  1.20000000e+00  6.25381631e-08 -2.29616051e-04 
 7.07086689e-08  1.20000000e+00  6.25374492e-08 -2.60465245e-04 
 7.07269052e-08  1.20000000e+00  6.25381711e-08 -2.82534747e-04 
 7.07459457e-08  1.20000000e+00  6.25374498e-08 -2.20904482e-04 
 7.07631165e-08  1.20000000e+00  6.25381651e-08 -2.27448612e-04 
 7.07796025e-08  1.20000000e+00  6.25374474e-08 -2.30181572e-04 
 7.07973017e-08  1.20000000e+00  6.25381668e-08 -2.57539117e-04 
 7.08150256e-08  1.20000000e+00  6.25374554e-08 -2.85427157e-04 
 7.08322346e-08  1.20000000e+00  6.25381630e-08 -2.26826324e-04 
 7.08504241e-08  1.20000000e+00  6.25374493e-08 -2.25687208e-04 
 7.08671251e-08  1.20000000e+00  6.25381677e-08 -2.29503669e-04 
 7.08846928e-08  1.20000000e+00  6.25374483e-08 -2.53208630e-04 
 7.09042020e-08  1.20000000e+00  6.25381707e-08 -2.84965676e-04 
 7.09221189e-08  1.20000000e+00  6.25374513e-08 -2.26969553e-04 
 7.09407460e-08  1.20000000e+00  6.25381767e-08 -2.25246238e-04 
 7.09573460e-08  1.20000000e+00  6.25374699e-08 -2.30223627e-04 
 7.09751479e-08  1.20000000e+00  6.25381717e-08 -2.55623685e-04 
 7.09939287e-08  1.20000000e+00  6.25374461e-08 -2.85147872e-04 
 7.10126121e-08  1.20000000e+00  6.25381650e-08 -2.23492441e-04 
 7.10307189e-08  1.20000000e+00  6.25374529e-08 -2.27238259e-04 
 7.10473315e-08  1.20000000e+00  6.25381588e-08 -2.27868552e-04 
 7.10650921e-08  1.20000000e+00  6.25374499e-08 -2.59782795e-04 
 7.10832045e-08  1.20000000e+00  6.25381761e-08 -2.82456356e-04 
 7.11022688e-08  1.20000000e+00  6.25374640e-08 -2.25940805e-04 
 7.11199197e-08  1.20000000e+00  6.25381666e-08 -2.24235065e-04 
 7.11364871e-08  1.20000000e+00  6.25374478e-08 -2.30243334e-04 
 7.11541951e-08  1.20000000e+00  6.25381667e-08 -2.56412194e-04 
 7.11721457e-08  1.20000000e+00  6.25374612e-08 -2.85673963e-04 
 7.11912721e-08  1.20000000e+00  6.25381580e-08 -2.24222741e-04 
 7.12090638e-08  1.20000000e+00  6.25374467e-08 -2.26752776e-04 
 7.12256732e-08  1.20000000e+00  6.25381708e-08 -2.26734521e-04 
 7.12434161e-08  1.20000000e+00  6.25374562e-08 -2.59539085e-04 
 7.12614715e-08  1.20000000e+00  6.25381641e-08 -2.82064221e-04 
 7.12805530e-08  1.20000000e+00  6.25374610e-08 -2.28575669e-04 
 7.12985627e-08  1.20000000e+00  6.25381639e-08 -2.22725905e-04 
 7.13152686e-08  1.20000000e+00  6.25374518e-08 -2.30280029e-04 
 7.13330288e-08  1.20000000e+00  6.25381652e-08 -2.56620899e-04 
 7.13510667e-08  1.20000000e+00  6.25374520e-08 -2.85484276e-04 
 7.13701836e-08  1.20000000e+00  6.25381634e-08 -2.24615945e-04 
 7.13881660e-08  1.20000000e+00  6.25374479e-08 -2.26696612e-04 
 7.14049304e-08  1.20000000e+00  6.25381619e-08 -2.25757851e-04 
 7.14226597e-08  1.20000000e+00  6.25374616e-08 -2.62033072e-04 
 7.14405543e-08  1.20000000e+00  6.25381637e-08 -2.80493629e-04 
 7.14597627e-08  1.20000000e+00  6.25374616e-08 -2.29440965e-04 
 7.14776566e-08  1.20000000e+00  6.25381597e-08 -2.21749084e-04 
 7.14944551e-08  1.20000000e+00  6.25374638e-08 -2.30302360e-04 
 7.15121599e-08  1.20000000e+00  6.25381667e-08 -2.57764326e-04 
 7.15299449e-08  1.20000000e+00  6.25374536e-08 -2.85079272e-04 
 7.15492217e-08  1.20000000e+00  6.25381651e-08 -2.24906153e-04 
 7.15671082e-08  1.20000000e+00  6.25374399e-08 -2.26501351e-04 
 7.15839533e-08  1.20000000e+00  6.25381739e-08 -2.24966367e-04 
 7.16016525e-08  1.20000000e+00  6.25374641e-08 -2.63488596e-04 
 7.16193799e-08  1.20000000e+00  6.25381295e-08 -2.79441375e-04 
 7.16387030e-08  1.20000000e+00  6.25375551e-08 -2.30657693e-04 
 7.16566073e-08  1.20000000e+00  6.25380405e-08 -2.20804490e-04 
 7.16752891e-08  1.20000000e+00  6.25375298e-08 -2.30597095e-04 
 7.16921862e-08  1.20000000e+00  6.25383789e-08 -2.61369730e-04 
 7.17106591e-08  1.20000000e+00  6.25366279e-08 -2.82158654e-04 
 7.17297979e-08  1.20000000e+00  6.25396204e-08 -2.22798700e-04 
 7.17473699e-08  1.20000000e+00  6.25360700e-08 -2.27060641e-04 
 7.17657648e-08  1.20000000e+00  6.25371305e-08 -2.25437233e-04 
 7.17826177e-08  1.20000000e+00  6.25469677e-08 -2.70119578e-04 
 7.18005551e-08  1.20000000e+00  6.25178722e-08 -2.74907976e-04 
 7.18176675e-08  1.20000000e+00  6.25615039e-08 -2.31927260e-04 
 7.18358272e-08  1.20000000e+00  6.25263502e-08 -2.20090304e-04 
 7.18531225e-08  1.20000000e+00  6.24724919e-08 -2.31138038e-04 
 7.18704044e-08  1.20000000e+00  6.27620237e-08 -2.59434146e-04 
 7.18883408e-08  1.20000000e+00  6.22723109e-08 -2.83925999e-04 
 7.19075946e-08  1.20000000e+00  6.27053406e-08 -2.24301879e-04 
 7.19253951e-08  1.20000000e+00  6.28236976e-08 -2.26920358e-04 
 7.19438336e-08  1.20000000e+00  5.98976498e-08 -2.24438483e-04 
 7.19607756e-08  1.20000000e+00  6.71306878e-08 -2.69003411e-04 
 7.19789261e-08  1.20000000e+00  6.17965613e-08 -2.75065084e-04 
 7.19963236e-08  1.20000000e+00  6.42994393e-08 -2.32934546e-04 
 7.20146941e-08  1.20000000e+00  7.57964833e-08 -2.19592224e-04 
 7.20321170e-08  1.20000000e+00 -1.84974108e-08 -2.31270673e-04 
 7.20494209e-08  1.20000000e+00  7.64574177e-08 -2.60071473e-04 
 7.20673968e-08  1.20000000e+00  1.30631196e-07 -2.83338354e-04 
 7.20866940e-08  1.20000000e+00  2.63763741e-07 -2.24213029e-04 
 7.21044846e-08  1.20000000e+00  1.02811603e-06 -2.27005767e-04 
 7.21228130e-08  1.20000000e+00 -1.98310733e-06 -2.24202995e-04 
 7.21398027e-08  1.20000000e+00 -3.65754775e-06 -2.70107928e-04 
 7.21577991e-08  1.20000000e+00 -2.20621642e-06 -2.74219532e-04 
 7.21751677e-08  1.20000000e+00  7.45370945e-06 -2.33726528e-04 
 7.21935326e-08  1.20000000e+00  5.54378288e-05 -2.19124393e-04 
 7.22108381e-08  1.20000000e+00  2.16021338e-05 -2.31274784e-04 
 7.22281914e-08  1.20000000e+00 -1.52003801e-04 -2.59935256e-04 
 7.22460777e-08  1.20000000e+00 -4.16394198e-04 -2.83224844e-04 
 7.22654304e-08  1.20000000e+00 -3.34213726e-04 -2.24848450e-04 
 7.22833135e-08  1.20000000e+00  2.15311915e-03 -2.28058877e-04 
 7.23015744e-08  1.20000000e+00  5.17911390e-03 -2.23736071e-04 
 7.23186417e-08  1.20000000e+00  9.88832906e-04 -2.68078102e-04 
 7.23365758e-08  1.20000000e+00 -2.00978567e-02 -2.66119258e-04 
 7.23559435e-08  1.20000000e+00 -4.69482464e-02 -2.25344897e-04 
 7.23708550e-08  1.20000000e+00 -1.31862840e-02 -2.58436873e-04 
 7.23870505e-08  1.20000000e+00  1.13158965e-01 -2.98734287e-04 
 7.24021405e-08  1.20000000e+00  2.67843678e-01 -2.98208623e-04 
 7.24182002e-08  1.20000000e+00  4.32110974e-01 -3.11149959e-04 
 7.24359040e-08  1.20000000e+00  6.04267950e-01 -2.60665649e-04 
 7.24531635e-08  1.20000000e+00  7.56592759e-01 -2.17953134e-04 
 7.24719139e-08  1.20000000e+00  8.96070113e-01 -2.34597932e-04 
 7.24889983e-08  1.20000000e+00  9.94502390e-01 -2.37677784e-04 
 7.25082985e-08  1.20000000e+00  1.07333192e+00 -2.32624336e-04 
 7.25274419e-08  1.20000000e+00  1.12387246e+00 -1.76167308e-04 
 7.25447991e-08  1.20000000e+00  1.15270120e+00 -1.37706123e-04 
 7.25618535e-08  1.20000000e+00  1.17061390e+00 -1.75059477e-04 
 7.25799102e-08  1.20000000e+00  1.18237012e+00 -1.82825406e-04 
 7.25993243e-08  1.20000000e+00  1.18987878e+00 -2.01846526e-04 
 7.26180648e-08  1.20000000e+00  1.19408692e+00 -1.44001594e-04 
 7.26358664e-08  1.20000000e+00  1.19644918e+00 -1.30800627e-04 
 7.26527879e-08  1.20000000e+00  1.19781447e+00 -1.63948351e-04 
 7.26710584e-08  1.20000000e+00  1.19870660e+00 -1.84203541e-04 
 7.26910455e-08  1.20000000e+00  1.19927541e+00 -1.91887147e-04 
 7.27093954e-08  1.20000000e+00  1.19957162e+00 -1.40290696e-04 
 7.27280702e-08  1.20000000e+00  1.19975100e+00 -1.30051952e-04 
 7.27449403e-08  1.20000000e+00  1.19984540e+00 -1.72062251e-04 
 7.27628953e-08  1.20000000e+00  1.19990880e+00 -1.82171991e-04 
 7.27808520e-08  1.20000000e+00  1.19994451e+00 -1.94870646e-04 
 7.28000923e-08  1.20000000e+00  1.19996911e+00 -1.31573825e-04 
 7.28185934e-08  1.20000000e+00  1.19998084e+00 -1.37300377e-04 
 7.28369463e-08  1.20000000e+00  1.19998962e+00 -1.69943734e-04 
 7.28542674e-08  1.20000000e+00  1.19999269e+00 -1.89362904e-04 
 7.28718336e-08  1.20000000e+00  1.19999646e+00 -1.87718828e-04 
 7.28894357e-08  1.20000000e+00  1.19999692e+00 -1.36777197e-04 
 7.29080701e-08  1.20000000e+00  1.19999902e+00 -1.32768761e-04 
 7.29253064e-08  1.20000000e+00  1.19999849e+00 -1.73440355e-04 
 7.29428472e-08  1.20000000e+00  1.19999987e+00 -1.84016643e-04 
 7.29606965e-08  1.20000000e+00  1.19999906e+00 -1.92693557e-04 
 7.29801035e-08  1.20000000e+00  1.20000019e+00 -1.28986478e-04 
 7.29982807e-08  1.20000000e+00  1.19999929e+00 -1.39345340e-04 
 7.30163640e-08  1.20000000e+00  1.20000028e+00 -1.70331272e-04 
 7.30336506e-08  1.20000000e+00  1.19999938e+00 -1.90170118e-04 
 7.30508650e-08  1.20000000e+00  1.20000030e+00 -1.86808692e-04 
 7.30682683e-08  1.20000000e+00  1.19999943e+00 -1.37194818e-04 
 7.30868314e-08  1.20000000e+00  1.20000029e+00 -1.32734174e-04 
 7.31038423e-08  1.20000000e+00  1.19999946e+00 -1.72897558e-04 
 7.31214449e-08  1.20000000e+00  1.20000028e+00 -1.83932828e-04 
 7.31393412e-08  1.20000000e+00  1.19999948e+00 -1.92396206e-04 
 7.31587092e-08  1.20000000e+00  1.20000026e+00 -1.30081088e-04 
 7.31769955e-08  1.20000000e+00  1.19999950e+00 -1.39004713e-04 
 7.31950442e-08  1.20000000e+00  1.20000024e+00 -1.70120199e-04 
 7.32124052e-08  1.20000000e+00  1.19999952e+00 -1.90193675e-04 
 7.32297267e-08  1.20000000e+00  1.20000023e+00 -1.86319540e-04 
 7.32473116e-08  1.20000000e+00  1.19999953e+00 -1.37000852e-04 
 7.32658822e-08  1.20000000e+00  1.20000021e+00 -1.33296658e-04 
 7.32829200e-08  1.20000000e+00  1.19999955e+00 -1.72966583e-04 
 7.33005441e-08  1.20000000e+00  1.20000019e+00 -1.84424451e-04 
 7.33183887e-08  1.20000000e+00  1.19999957e+00 -1.91594507e-04 
 7.33378543e-08  1.20000000e+00  1.20000018e+00 -1.29755995e-04 
 7.33560812e-08  1.20000000e+00  1.19999958e+00 -1.39608380e-04 
 7.33740598e-08  1.20000000e+00  1.20000017e+00 -1.70073754e-04 
 7.33914454e-08  1.20000000e+00  1.19999959e+00 -1.90617583e-04 
 7.34087047e-08  1.20000000e+00  1.20000015e+00 -1.85563905e-04 
 7.34282035e-08  1.20000000e+00  1.19999960e+00 -1.32333041e-04 
 7.34458209e-08  1.20000000e+00  1.20000014e+00 -1.36049249e-04 
 7.34637010e-08  1.20000000e+00  1.19999962e+00 -1.74517633e-04 
 7.34809154e-08  1.20000000e+00  1.20000013e+00 -1.86239639e-04 
 7.34979745e-08  1.20000000e+00  1.19999963e+00 -1.90118437e-04 
 7.35174914e-08  1.20000000e+00  1.20000012e+00 -1.28441340e-04 
 7.35350907e-08  1.20000000e+00  1.19999964e+00 -1.40134547e-04 
 7.35529622e-08  1.20000000e+00  1.20000011e+00 -1.69709038e-04 
 7.35702000e-08  1.20000000e+00  1.19999965e+00 -1.90663202e-04 
 7.35873499e-08  1.20000000e+00  1.20000010e+00 -1.85485412e-04 
 7.36068814e-08  1.20000000e+00  1.19999966e+00 -1.33498966e-04 
 7.36246234e-08  1.20000000e+00  1.20000009e+00 -1.35442272e-04 
 7.36424690e-08  1.20000000e+00  1.19999967e+00 -1.74479444e-04 
 7.36597712e-08  1.20000000e+00  1.20000008e+00 -1.85986086e-04 
 7.36769496e-08  1.20000000e+00  1.19999968e+00 -1.90016329e-04 
 7.36964346e-08  1.20000000e+00  1.20000007e+00 -1.28609250e-04 
 7.37141970e-08  1.20000000e+00  1.19999969e+00 -1.40567239e-04 
 7.37319945e-08  1.20000000e+00  1.20000006e+00 -1.69493553e-04 
 7.37493128e-08  1.20000000e+00  1.19999969e+00 -1.91120825e-04 
 7.37664777e-08  1.20000000e+00  1.20000005e+00 -1.84722407e-04 
 7.37859296e-08  1.20000000e+00  1.19999970e+00 -1.33830986e-04 
 7.38037107e-08  1.20000000e+00  1.20000005e+00 -1.35517012e-04 
 7.38214683e-08  1.20000000e+00  1.19999971e+00 -1.74577224e-04 
 7.38388069e-08  1.20000000e+00  1.20000004e+00 -1.86017693e-04 
 7.38559798e-08  1.20000000e+00  1.19999972e+00 -1.89718984e-04 
 7.38754078e-08  1.20000000e+00  1.20000003e+00 -1.28788885e-04 
 7.38932314e-08  1.20000000e+00  1.19999972e+00 -1.40824839e-04 
 7.39109521e-08  1.20000000e+00  1.20000003e+00 -1.69261585e-04 
 7.39283191e-08  1.20000000e+00  1.19999973e+00 -1.91399827e-04 
 7.39455028e-08  1.20000000e+00  1.20000002e+00 -1.84164028e-04 
 7.39649030e-08  1.20000000e+00  1.19999973e+00 -1.34279286e-04 
 7.39827626e-08  1.20000000e+00  1.20000002e+00 -1.35535664e-04 
 7.40004455e-08  1.20000000e+00  1.19999974e+00 -1.74624987e-04 
 7.40178375e-08  1.20000000e+00  1.20000001e+00 -1.86067095e-04 
 7.40350265e-08  1.20000000e+00  1.19999974e+00 -1.89378331e-04 
 7.40543988e-08  1.20000000e+00  1.20000000e+00 -1.28953533e-04 
 7.40722900e-08  1.20000000e+00  1.19999975e+00 -1.41101437e-04 
 7.40899362e-08  1.20000000e+00  1.20000000e+00 -1.69077440e-04 
 7.41073514e-08  1.20000000e+00  1.19999975e+00 -1.91682135e-04 
 7.41245460e-08  1.20000000e+00  1.20000000e+00 -1.83600622e-04 
 7.41438919e-08  1.20000000e+00  1.19999976e+00 -1.34671262e-04 
 7.41618163e-08  1.20000000e+00  1.19999999e+00 -1.35583277e-04 
 7.41794268e-08  1.20000000e+00  1.19999976e+00 -1.74651120e-04 
 7.41968659e-08  1.20000000e+00  1.19999999e+00 -1.86134566e-04 
 7.42140667e-08  1.20000000e+00  1.19999977e+00 -1.89024404e-04 
 7.42333868e-08  1.20000000e+00  1.19999998e+00 -1.29147899e-04 
 7.42513363e-08  1.20000000e+00  1.19999977e+00 -1.41330968e-04 
 7.42689154e-08  1.20000000e+00  1.19999998e+00 -1.68910434e-04 
 7.42863741e-08  1.20000000e+00  1.19999977e+00 -1.91927894e-04 
 7.43035805e-08  1.20000000e+00  1.19999998e+00 -1.83074752e-04 
 7.43228768e-08  1.20000000e+00  1.19999978e+00 -1.35049697e-04 
 7.43408443e-08  1.20000000e+00  1.19999997e+00 -1.35609685e-04 
 7.43583972e-08  1.20000000e+00  1.19999978e+00 -1.74645210e-04 
 7.43758720e-08  1.20000000e+00  1.19999997e+00 -1.86194945e-04 
 7.43930853e-08  1.20000000e+00  1.19999978e+00 -1.88686863e-04 
 7.44123602e-08  1.20000000e+00  1.19999997e+00 -1.29388663e-04 
 7.44303464e-08  1.20000000e+00  1.19999979e+00 -1.41479703e-04 
 7.44478756e-08  1.20000000e+00  1.19999996e+00 -1.68746271e-04 
 7.44653667e-08  1.20000000e+00  1.19999979e+00 -1.92117523e-04 
 7.44825884e-08  1.20000000e+00  1.19999996e+00 -1.82615633e-04 
 7.45018430e-08  1.20000000e+00  1.19999979e+00 -1.35438650e-04 
 7.45198483e-08  1.20000000e+00  1.19999996e+00 -1.35610448e-04 
 7.45373550e-08  1.20000000e+00  1.19999979e+00 -1.74614483e-04 
 7.45548622e-08  1.20000000e+00  1.19999996e+00 -1.86249132e-04 
 7.45720837e-08  1.20000000e+00  1.19999980e+00 -1.88372402e-04 
 7.45913230e-08  1.20000000e+00  1.19999995e+00 -1.29651675e-04 
 7.46093433e-08  1.20000000e+00  1.19999980e+00 -1.41592224e-04 
 7.46268300e-08  1.20000000e+00  1.19999995e+00 -1.68594611e-04 
 7.46443524e-08  1.20000000e+00  1.19999980e+00 -1.92281029e-04 
 7.46615710e-08  1.20000000e+00  1.19999995e+00 -1.82213596e-04 
 7.46807985e-08  1.20000000e+00  1.19999980e+00 -1.35818140e-04 
 7.46988327e-08  1.20000000e+00  1.19999995e+00 -1.35595792e-04 
 7.47163016e-08  1.20000000e+00  1.19999980e+00 -1.74562276e-04 
 7.47338390e-08  1.20000000e+00  1.19999995e+00 -1.86298302e-04 
 7.47510576e-08  1.20000000e+00  1.19999981e+00 -1.88088519e-04 
 7.47702735e-08  1.20000000e+00  1.19999994e+00 -1.29934532e-04 
 7.47883226e-08  1.20000000e+00  1.19999981e+00 -1.41666051e-04 
 7.48057744e-08  1.20000000e+00  1.19999994e+00 -1.68449182e-04 
 7.48233268e-08  1.20000000e+00  1.19999981e+00 -1.92416816e-04 
 7.48405445e-08  1.20000000e+00  1.19999994e+00 -1.81847016e-04 
 7.48597493e-08  1.20000000e+00  1.19999981e+00 -1.36178197e-04 
 7.48778126e-08  1.20000000e+00  1.19999994e+00 -1.35588924e-04 
 7.48952476e-08  1.20000000e+00  1.19999981e+00 -1.74502188e-04 
 7.49128147e-08  1.20000000e+00  1.19999994e+00 -1.86354775e-04 
 7.49300307e-08  1.20000000e+00  1.19999981e+00 -1.87803828e-04 
 7.49492249e-08  1.20000000e+00  1.19999994e+00 -1.30209520e-04 
 7.49673019e-08  1.20000000e+00  1.19999981e+00 -1.41734058e-04 
 7.49847207e-08  1.20000000e+00  1.19999994e+00 -1.68319644e-04 
 7.50023020e-08  1.20000000e+00  1.19999982e+00 -1.92541357e-04 
 7.50195162e-08  1.20000000e+00  1.19999993e+00 -1.81500617e-04 
 7.50387004e-08  1.20000000e+00  1.19999982e+00 -1.36512022e-04 
 7.50567906e-08  1.20000000e+00  1.19999993e+00 -1.35592633e-04 
 7.50741937e-08  1.20000000e+00  1.19999982e+00 -1.74436944e-04 
 7.50917892e-08  1.20000000e+00  1.19999993e+00 -1.86416660e-04 
 7.51090012e-08  1.20000000e+00  1.19999982e+00 -1.87522154e-04 
 7.51281759e-08  1.20000000e+00  1.19999993e+00 -1.30478656e-04 
 7.51462790e-08  1.20000000e+00  1.19999982e+00 -1.41794020e-04 
 7.51636669e-08  1.20000000e+00  1.19999993e+00 -1.68202341e-04 
 7.51812761e-08  1.20000000e+00  1.19999982e+00 -1.92654239e-04 
 7.51984857e-08  1.20000000e+00  1.19999993e+00 -1.81173411e-04 
 7.52176513e-08  1.20000000e+00  1.19999982e+00 -1.36823336e-04 
 7.52357669e-08  1.20000000e+00  1.19999993e+00 -1.35605039e-04 
 7.52531401e-08  1.20000000e+00  1.19999982e+00 -1.74368283e-04 
 7.52707629e-08  1.20000000e+00  1.19999993e+00 -1.86482880e-04 
 7.52879698e-08  1.20000000e+00  1.19999982e+00 -1.87243997e-04 
 7.53071266e-08  1.20000000e+00  1.19999993e+00 -1.30740542e-04 
 7.53252543e-08  1.20000000e+00  1.19999982e+00 -1.41847814e-04 
 7.53426133e-08  1.20000000e+00  1.19999993e+00 -1.68095955e-04 
 7.53602493e-08  1.20000000e+00  1.19999983e+00 -1.92757255e-04 
 7.53774533e-08  1.20000000e+00  1.19999993e+00 -1.80863493e-04 
 7.53966018e-08  1.20000000e+00  1.19999983e+00 -1.37114337e-04 
 7.54147414e-08  1.20000000e+00  1.19999992e+00 -1.35624416e-04 
 7.54320865e-08  1.20000000e+00  1.19999983e+00 -1.74297320e-04 
 7.54497355e-08  1.20000000e+00  1.19999992e+00 -1.86552072e-04 
 7.54669364e-08  1.20000000e+00  1.19999983e+00 -1.86970331e-04 
 7.54860769e-08  1.20000000e+00  1.19999992e+00 -1.30994918e-04 
 7.55042279e-08  1.20000000e+00  1.19999983e+00 -1.41896354e-04 
 7.55215597e-08  1.20000000e+00  1.19999992e+00 -1.67999123e-04 
 7.55392214e-08  1.20000000e+00  1.19999983e+00 -1.92851631e-04 
 7.55564190e-08  1.20000000e+00  1.19999992e+00 -1.80569278e-04 
 7.55755520e-08  1.20000000e+00  1.19999983e+00 -1.37386974e-04 
 7.55937141e-08  1.20000000e+00  1.19999992e+00 -1.35649482e-04 
 7.56110329e-08  1.20000000e+00  1.19999983e+00 -1.74225025e-04 
 7.56287070e-08  1.20000000e+00  1.19999992e+00 -1.86623277e-04 
 7.56459012e-08  1.20000000e+00  1.19999983e+00 -1.86701754e-04 
 7.56650269e-08  1.20000000e+00  1.19999992e+00 -1.31241560e-04 
 7.56831998e-08  1.20000000e+00  1.19999983e+00 -1.41940452e-04 
 7.57005061e-08  1.20000000e+00  1.19999992e+00 -1.67910719e-04 
 7.57181924e-08  1.20000000e+00  1.19999983e+00 -1.92938411e-04 
 7.57353829e-08  1.20000000e+00  1.19999992e+00 -1.80289399e-04 
 7.57545017e-08  1.20000000e+00  1.19999983e+00 -1.37642986e-04 
 7.57726850e-08  1.20000000e+00  1.19999992e+00 -1.35679134e-04 
 7.57899792e-08  1.20000000e+00  1.19999983e+00 -1.74152141e-04 
 7.58076774e-08  1.20000000e+00  1.19999992e+00 -1.86695699e-04 
 7.58248642e-08  1.20000000e+00  1.19999983e+00 -1.86438701e-04 
 7.58439763e-08  1.20000000e+00  1.19999992e+00 -1.31480414e-04 
 7.58621699e-08  1.20000000e+00  1.19999983e+00 -1.41980764e-04 
 7.58794522e-08  1.20000000e+00  1.19999992e+00 -1.67829783e-04 
 7.58971621e-08  1.20000000e+00  1.19999983e+00 -1.93018474e-04 
 7.59143450e-08  1.20000000e+00  1.19999992e+00 -1.80022654e-04 
 7.59334509e-08  1.20000000e+00  1.19999983e+00 -1.37883901e-04 
 7.59516543e-08  1.20000000e+00  1.19999992e+00 -1.35712466e-04 
 7.59689252e-08  1.20000000e+00  1.19999983e+00 -1.74079248e-04 
 7.59866465e-08  1.20000000e+00  1.19999992e+00 -1.86768707e-04 
 7.60038254e-08  1.20000000e+00  1.19999983e+00 -1.86181458e-04 
 7.60229252e-08  1.20000000e+00  1.19999992e+00 -1.31711532e-04 
 7.60411382e-08  1.20000000e+00  1.19999983e+00 -1.42017825e-04 
 7.60583981e-08  1.20000000e+00  1.19999992e+00 -1.67755492e-04 
 7.60761307e-08  1.20000000e+00  1.19999984e+00 -1.93092568e-04 
 7.60933054e-08  1.20000000e+00  1.19999992e+00 -1.79767986e-04 
 7.61123995e-08  1.20000000e+00  1.19999984e+00 -1.38111075e-04 
 7.61306218e-08  1.20000000e+00  1.19999992e+00 -1.35748728e-04 
 7.61478709e-08  1.20000000e+00  1.19999984e+00 -1.74006797e-04 
 7.61656144e-08  1.20000000e+00  1.19999992e+00 -1.86841799e-04 
 7.61827850e-08  1.20000000e+00  1.19999984e+00 -1.85930193e-04 
 7.62018735e-08  1.20000000e+00  1.19999991e+00 -1.31935045e-04 
 7.62201049e-08  1.20000000e+00  1.19999984e+00 -1.42052076e-04 
 7.62373437e-08  1.20000000e+00  1.19999991e+00 -1.67687138e-04 
 7.62550979e-08  1.20000000e+00  1.19999984e+00 -1.93161327e-04 
 7.62722642e-08  1.20000000e+00  1.19999991e+00 -1.79524453e-04 
 7.62913474e-08  1.20000000e+00  1.19999984e+00 -1.38325715e-04 
 7.63095876e-08  1.20000000e+00  1.19999991e+00 -1.35787297e-04 
 7.63268163e-08  1.20000000e+00  1.19999984e+00 -1.73935133e-04 
 7.63445810e-08  1.20000000e+00  1.19999991e+00 -1.86914580e-04 
 7.63617430e-08  1.20000000e+00  1.19999984e+00 -1.85684983e-04 
 7.63808211e-08  1.20000000e+00  1.19999991e+00 -1.32151145e-04 
 7.63990698e-08  1.20000000e+00  1.19999984e+00 -1.42083881e-04 
 7.64162888e-08  1.20000000e+00  1.19999991e+00 -1.67624107e-04 
 7.64340638e-08  1.20000000e+00  1.19999984e+00 -1.93225297e-04 
 7.64512213e-08  1.20000000e+00  1.19999991e+00 -1.79291216e-04 
 7.64702947e-08  1.20000000e+00  1.19999984e+00 -1.38528895e-04 
 7.64885517e-08  1.20000000e+00  1.19999991e+00 -1.35827659e-04 
 7.65057611e-08  1.20000000e+00  1.19999984e+00 -1.73864515e-04 
 7.65235462e-08  1.20000000e+00  1.19999991e+00 -1.86986741e-04 
 7.65406993e-08  1.20000000e+00  1.19999984e+00 -1.85445833e-04 
 7.65597680e-08  1.20000000e+00  1.19999991e+00 -1.32360061e-04 
 7.65780331e-08  1.20000000e+00  1.19999984e+00 -1.42113545e-04 
 7.65952333e-08  1.20000000e+00  1.19999991e+00 -1.67565866e-04 
 7.66130283e-08  1.20000000e+00  1.19999984e+00 -1.93284949e-04 
 7.66301769e-08  1.20000000e+00  1.19999991e+00 -1.79067519e-04 
 7.66492412e-08  1.20000000e+00  1.19999984e+00 -1.38721579e-04 
 7.66675141e-08  1.20000000e+00  1.19999991e+00 -1.35869388e-04 
 7.66847054e-08  1.20000000e+00  1.19999984e+00 -1.73795136e-04 
 7.67025100e-08  1.20000000e+00  1.19999991e+00 -1.87058042e-04 
 7.67196540e-08  1.20000000e+00  1.19999984e+00 -1.85212690e-04 
 7.67387141e-08  1.20000000e+00  1.19999991e+00 -1.32562052e-04 
 7.67569947e-08  1.20000000e+00  1.19999984e+00 -1.42141322e-04 
 7.67741774e-08  1.20000000e+00  1.19999991e+00 -1.67511949e-04 
 7.67919914e-08  1.20000000e+00  1.19999984e+00 -1.93340691e-04 
 7.68091308e-08  1.20000000e+00  1.19999991e+00 -1.78852681e-04 
 7.68281869e-08  1.20000000e+00  1.19999984e+00 -1.38904629e-04 
 7.68464748e-08  1.20000000e+00  1.19999991e+00 -1.35912133e-04 
 7.68636491e-08  1.20000000e+00  1.19999984e+00 -1.73727134e-04 
 7.68814724e-08  1.20000000e+00  1.19999991e+00 -1.87128302e-04 
 7.68986073e-08  1.20000000e+00  1.19999984e+00 -1.84985458e-04 
 7.69176594e-08  1.20000000e+00  1.19999991e+00 -1.32757392e-04 
 7.69359546e-08  1.20000000e+00  1.19999984e+00 -1.42167427e-04 
 7.69531207e-08  1.20000000e+00  1.19999991e+00 -1.67461947e-04 
 7.69709531e-08  1.20000000e+00  1.19999984e+00 -1.93392881e-04 
 7.69880833e-08  1.20000000e+00  1.19999991e+00 -1.78646084e-04 
 7.70071317e-08  1.20000000e+00  1.19999984e+00 -1.39078823e-04 
 7.70254339e-08  1.20000000e+00  1.19999991e+00 -1.35955605e-04 
 7.70425922e-08  1.20000000e+00  1.19999984e+00 -1.73660604e-04 
 7.70604334e-08  1.20000000e+00  1.19999991e+00 -1.87197385e-04 
 7.70775589e-08  1.20000000e+00  1.19999984e+00 -1.84764010e-04 
 7.70966038e-08  1.20000000e+00  1.19999991e+00 -1.32946366e-04 
 7.71149129e-08  1.20000000e+00  1.19999984e+00 -1.42192044e-04 
 7.71320634e-08  1.20000000e+00  1.19999991e+00 -1.67415501e-04 
 7.71499133e-08  1.20000000e+00  1.19999984e+00 -1.93441831e-04 
 7.71670342e-08  1.20000000e+00  1.19999991e+00 -1.78447165e-04 
 7.71860757e-08  1.20000000e+00  1.19999984e+00 -1.39244861e-04 
 7.72043914e-08  1.20000000e+00  1.19999991e+00 -1.35999565e-04 
 7.72215345e-08  1.20000000e+00  1.19999984e+00 -1.73595606e-04 
 7.72393929e-08  1.20000000e+00  1.19999991e+00 -1.87265192e-04 
 7.72565091e-08  1.20000000e+00  1.19999984e+00 -1.84548191e-04 
 7.72755473e-08  1.20000000e+00  1.19999991e+00 -1.33129261e-04 
 7.72938695e-08  1.20000000e+00  1.19999984e+00 -1.42215329e-04 
 7.73110054e-08  1.20000000e+00  1.19999991e+00 -1.67372291e-04 
 7.73288721e-08  1.20000000e+00  1.19999984e+00 -1.93487816e-04 
 7.73459837e-08  1.20000000e+00  1.19999991e+00 -1.78255409e-04 
 7.73650188e-08  1.20000000e+00  1.19999984e+00 -1.39403376e-04 
 7.73833472e-08  1.20000000e+00  1.19999991e+00 -1.36043821e-04 
 7.74004761e-08  1.20000000e+00  1.19999984e+00 -1.73532175e-04 
 7.74183510e-08  1.20000000e+00  1.19999991e+00 -1.87331655e-04 
 7.74354578e-08  1.20000000e+00  1.19999984e+00 -1.84337829e-04 
 7.74544899e-08  1.20000000e+00  1.19999991e+00 -1.33306364e-04 
 7.74728245e-08  1.20000000e+00  1.19999984e+00 -1.42237416e-04 
 7.74899465e-08  1.20000000e+00  1.19999991e+00 -1.67332036e-04 
 7.75078295e-08  1.20000000e+00  1.19999984e+00 -1.93531083e-04 
 7.75249316e-08  1.20000000e+00  1.19999991e+00 -1.78069890e-04 
 7.75439609e-08  1.20000000e+00  1.19999984e+00 -1.39555108e-04 
 7.75623011e-08  1.20000000e+00  1.19999991e+00 -1.36087677e-04 
 7.75794166e-08  1.20000000e+00  1.19999984e+00 -1.73468922e-04 
 7.75973069e-08  1.20000000e+00  1.19999991e+00 -1.87396421e-04 
 7.76144044e-08  1.20000000e+00  1.19999984e+00 -1.84132019e-04 
 7.76334308e-08  1.20000000e+00  1.19999991e+00 -1.33481375e-04 
 7.76517772e-08  1.20000000e+00  1.19999984e+00 -1.42256489e-04 
 7.76688861e-08  1.20000000e+00  1.19999991e+00 -1.67292306e-04 
 7.76867844e-08  1.20000000e+00  1.19999984e+00 -1.93570935e-04 
 7.77038778e-08  1.20000000e+00  1.19999991e+00 -1.77890002e-04 
 7.77229016e-08  1.20000000e+00  1.19999984e+00 -1.39704093e-04 
 7.77412540e-08  1.20000000e+00  1.19999991e+00 -1.36131660e-04 
 7.77583565e-08  1.20000000e+00  1.19999984e+00 -1.73407462e-04 
 7.77762626e-08  1.20000000e+00  1.19999991e+00 -1.87460565e-04 
 7.77933511e-08  1.20000000e+00  1.19999984e+00 -1.83929170e-04 
 7.78123723e-08  1.20000000e+00  1.19999991e+00 -1.33649267e-04 
 7.78307302e-08  1.20000000e+00  1.19999984e+00 -1.42277607e-04 
 7.78478266e-08  1.20000000e+00  1.19999991e+00 -1.67257092e-04 
 7.78657400e-08  1.20000000e+00  1.19999984e+00 -1.93610525e-04 
 7.78828237e-08  1.20000000e+00  1.19999991e+00 -1.77714176e-04 
 7.79018425e-08  1.20000000e+00  1.19999984e+00 -1.39844825e-04 
 7.79202058e-08  1.20000000e+00  1.19999991e+00 -1.36176578e-04 
 7.79372962e-08  1.20000000e+00  1.19999984e+00 -1.73348305e-04 
 7.79552170e-08  1.20000000e+00  1.19999991e+00 -1.87523474e-04 
 7.79722960e-08  1.20000000e+00  1.19999984e+00 -1.83731743e-04 
 7.79913124e-08  1.20000000e+00  1.19999991e+00 -1.33812570e-04 
 7.80096811e-08  1.20000000e+00  1.19999984e+00 -1.42297119e-04 
 7.80267656e-08  1.20000000e+00  1.19999991e+00 -1.67223664e-04 
 7.80446936e-08  1.20000000e+00  1.19999984e+00 -1.93647433e-04 
 7.80617679e-08  1.20000000e+00  1.19999991e+00 -1.77544398e-04 
 7.80807821e-08  1.20000000e+00  1.19999984e+00 -1.39980279e-04 
 7.80991560e-08  1.20000000e+00  1.19999991e+00 -1.36221162e-04 
 7.81162348e-08  1.20000000e+00  1.19999984e+00 -1.73290650e-04 
 7.81341699e-08  1.20000000e+00  1.19999991e+00 -1.87584936e-04 
 7.81512395e-08  1.20000000e+00  1.19999984e+00 -1.83539014e-04 
 7.81702516e-08  1.20000000e+00  1.19999991e+00 -1.33970854e-04 
 7.81886305e-08  1.20000000e+00  1.19999984e+00 -1.42315966e-04 
 7.82057038e-08  1.20000000e+00  1.19999991e+00 -1.67192516e-04 
 7.82236457e-08  1.20000000e+00  1.19999984e+00 -1.93682415e-04 
 7.82407107e-08  1.20000000e+00  1.19999991e+00 -1.77379841e-04 
 7.82597208e-08  1.20000000e+00  1.19999984e+00 -1.40110420e-04 
 7.82781046e-08  1.20000000e+00  1.19999991e+00 -1.36265483e-04 
 7.82951725e-08  1.20000000e+00  1.19999984e+00 -1.73234531e-04 
 7.83131213e-08  1.20000000e+00  1.19999991e+00 -1.87644930e-04 
 7.83301816e-08  1.20000000e+00  1.19999984e+00 -1.83350949e-04 
 7.83491897e-08  1.20000000e+00  1.19999991e+00 -1.34124611e-04 
 7.83675783e-08  1.20000000e+00  1.19999984e+00 -1.42334008e-04 
 7.83846410e-08  1.20000000e+00  1.19999991e+00 -1.67163316e-04 
 7.84025964e-08  1.20000000e+00  1.19999984e+00 -1.93715494e-04 
 7.84196521e-08  1.20000000e+00  1.19999991e+00 -1.77220246e-04 
 7.84386583e-08  1.20000000e+00  1.19999984e+00 -1.40235691e-04 
 7.84570516e-08  1.20000000e+00  1.19999991e+00 -1.36309494e-04 
 7.84741093e-08  1.20000000e+00  1.19999984e+00 -1.73179912e-04 
 7.84920711e-08  1.20000000e+00  1.19999991e+00 -1.87703512e-04 
 7.85091222e-08  1.20000000e+00  1.19999984e+00 -1.83167281e-04 
 7.85281267e-08  1.20000000e+00  1.19999991e+00 -1.34274032e-04 
 7.85465245e-08  1.20000000e+00  1.19999984e+00 -1.42351358e-04 
 7.85635773e-08  1.20000000e+00  1.19999991e+00 -1.67135949e-04 
 7.85815455e-08  1.20000000e+00  1.19999984e+00 -1.93746825e-04 
 7.85985920e-08  1.20000000e+00  1.19999991e+00 -1.77065288e-04 
 7.86175948e-08  1.20000000e+00  1.19999985e+00 -1.40356433e-04 
 7.86359971e-08  1.20000000e+00  1.19999991e+00 -1.36353151e-04 
 7.86530450e-08  1.20000000e+00  1.19999985e+00 -1.73126739e-04 
 7.86710196e-08  1.20000000e+00  1.19999991e+00 -1.87760704e-04 
 7.86880615e-08  1.20000000e+00  1.19999985e+00 -1.82987813e-04 
 7.87070626e-08  1.20000000e+00  1.19999991e+00 -1.34419373e-04 
 7.87254692e-08  1.20000000e+00  1.19999985e+00 -1.42368065e-04 
 7.87425125e-08  1.20000000e+00  1.19999991e+00 -1.67110272e-04 
 7.87604932e-08  1.20000000e+00  1.19999985e+00 -1.93776527e-04 
 7.87775306e-08  1.20000000e+00  1.19999991e+00 -1.76914676e-04 
 7.87965302e-08  1.20000000e+00  1.19999985e+00 -1.40472964e-04 
 7.88149410e-08  1.20000000e+00  1.19999991e+00 -1.36396430e-04 
 7.88319797e-08  1.20000000e+00  1.19999985e+00 -1.73074965e-04 
 7.88499665e-08  1.20000000e+00  1.19999991e+00 -1.87816544e-04 
 7.88669993e-08  1.20000000e+00  1.19999985e+00 -1.82812338e-04 
 7.88859974e-08  1.20000000e+00  1.19999991e+00 -1.34560858e-04 
 7.89044125e-08  1.20000000e+00  1.19999985e+00 -1.42384184e-04 
 7.89214467e-08  1.20000000e+00  1.19999991e+00 -1.67086160e-04 
 7.89394394e-08  1.20000000e+00  1.19999985e+00 -1.93804710e-04 
 7.89564677e-08  1.20000000e+00  1.19999991e+00 -1.76768135e-04 
 7.89754644e-08  1.20000000e+00  1.19999985e+00 -1.40585579e-04 
 7.89938835e-08  1.20000000e+00  1.19999990e+00 -1.36439311e-04 
 7.90109135e-08  1.20000000e+00  1.19999985e+00 -1.73024539e-04 
 7.90289120e-08  1.20000000e+00  1.19999990e+00 -1.87871071e-04 
 7.90459358e-08  1.20000000e+00  1.19999985e+00 -1.82640658e-04 
 7.90649312e-08  1.20000000e+00  1.19999990e+00 -1.34698707e-04 
 7.90833542e-08  1.20000000e+00  1.19999985e+00 -1.42399763e-04 
 7.91003799e-08  1.20000000e+00  1.19999990e+00 -1.67063501e-04 
 7.91183842e-08  1.20000000e+00  1.19999985e+00 -1.93831476e-04 
 7.91354036e-08  1.20000000e+00  1.19999990e+00 -1.76625409e-04 
 7.91543976e-08  1.20000000e+00  1.19999985e+00 -1.40694548e-04 
 7.91728245e-08  1.20000000e+00  1.19999990e+00 -1.36481784e-04 
 7.91898462e-08  1.20000000e+00  1.19999985e+00 -1.72975412e-04 
 7.92078560e-08  1.20000000e+00  1.19999990e+00 -1.87924325e-04 
 7.92248710e-08  1.20000000e+00  1.19999985e+00 -1.82472578e-04 
 7.92438638e-08  1.20000000e+00  1.19999990e+00 -1.34833126e-04 
 7.92622944e-08  1.20000000e+00  1.19999985e+00 -1.42414847e-04 
 7.92793121e-08  1.20000000e+00  1.19999990e+00 -1.67042193e-04 
 7.92973275e-08  1.20000000e+00  1.19999985e+00 -1.93856917e-04 
 7.93143380e-08  1.20000000e+00  1.19999990e+00 -1.76486257e-04 
 7.93333297e-08  1.20000000e+00  1.19999985e+00 -1.40800124e-04 
 7.93517640e-08  1.20000000e+00  1.19999990e+00 -1.36523842e-04 
 7.93687778e-08  1.20000000e+00  1.19999985e+00 -1.72927533e-04 
 7.93867986e-08  1.20000000e+00  1.19999990e+00 -1.87976349e-04 
 7.94038048e-08  1.20000000e+00  1.19999985e+00 -1.82307910e-04 
 7.94227953e-08  1.20000000e+00  1.19999990e+00 -1.34964312e-04 
 7.94412332e-08  1.20000000e+00  1.19999985e+00 -1.42429478e-04 
 7.94582432e-08  1.20000000e+00  1.19999990e+00 -1.67022142e-04 
 7.94762693e-08  1.20000000e+00  1.19999985e+00 -1.93881120e-04 
 7.94932712e-08  1.20000000e+00  1.19999990e+00 -1.76350451e-04 
 7.95122606e-08  1.20000000e+00  1.19999985e+00 -1.40902538e-04 
 7.95307021e-08  1.20000000e+00  1.19999990e+00 -1.36565484e-04 
 7.95477084e-08  1.20000000e+00  1.19999985e+00 -1.72880853e-04 
 7.95657397e-08  1.20000000e+00  1.19999990e+00 -1.88027184e-04 
 7.95827373e-08  1.20000000e+00  1.19999985e+00 -1.82146474e-04 
 7.96017257e-08  1.20000000e+00  1.19999990e+00 -1.35092450e-04 
 7.96201706e-08  1.20000000e+00  1.19999985e+00 -1.42443693e-04 
 7.96371733e-08  1.20000000e+00  1.19999990e+00 -1.67003261e-04 
 7.96552098e-08  1.20000000e+00  1.19999985e+00 -1.93904162e-04 
 7.96722030e-08  1.20000000e+00  1.19999990e+00 -1.76217778e-04 
 7.96911905e-08  1.20000000e+00  1.19999985e+00 -1.41002009e-04 
 7.97096387e-08  1.20000000e+00  1.19999990e+00 -1.36606712e-04 
 7.97266380e-08  1.20000000e+00  1.19999985e+00 -1.72835323e-04 
 7.97446795e-08  1.20000000e+00  1.19999990e+00 -1.88076872e-04 
 7.97616684e-08  1.20000000e+00  1.19999985e+00 -1.81988098e-04 
 7.97806550e-08  1.20000000e+00  1.19999990e+00 -1.35217715e-04 
 7.97991065e-08  1.20000000e+00  1.19999985e+00 -1.42457525e-04 
 7.98161023e-08  1.20000000e+00  1.19999990e+00 -1.66985481e-04 
 7.98341488e-08  1.20000000e+00  1.19999985e+00 -1.93926134e-04 
 7.98511335e-08  1.20000000e+00  1.19999990e+00 -1.76087944e-04 
 7.98701192e-08  1.20000000e+00  1.19999985e+00 -1.41098827e-04 
 7.98885740e-08  1.20000000e+00  1.19999990e+00 -1.36647538e-04 
 7.99055664e-08  1.20000000e+00  1.19999985e+00 -1.72790760e-04 
 7.99236179e-08  1.20000000e+00  1.19999990e+00 -1.88125301e-04 
 7.99405984e-08  1.20000000e+00  1.19999985e+00 -1.81833635e-04 
 7.99595832e-08  1.20000000e+00  1.19999990e+00 -1.35338892e-04 
 7.99780415e-08  1.20000000e+00  1.19999985e+00 -1.42472090e-04 
 7.99950306e-08  1.20000000e+00  1.19999990e+00 -1.66968900e-04 
 8.00130863e-08  1.20000000e+00  1.19999985e+00 -1.93947573e-04 
 8.00300619e-08  1.20000000e+00  1.19999990e+00 -1.75960231e-04 
 8.00490461e-08  1.20000000e+00  1.19999985e+00 -1.41195223e-04 
 8.00675062e-08  1.20000000e+00  1.19999990e+00 -1.36685803e-04 
 8.00844926e-08  1.20000000e+00  1.19999985e+00 -1.72746708e-04 
 8.01000000e-08  1.20000000e+00  1.19999990e+00 -1.86423318e-04 
 8.01018062e-08  1.17832560e+00  1.19999988e+00 -2.03469422e-04 
 8.01054186e-08  1.13497679e+00  1.19999988e+00 -2.03529455e-04 
 8.01126434e-08  1.04827917e+00  1.19999988e+00 -1.99271361e-04 
 8.01270930e-08  8.74883932e-01  1.19999988e+00 -1.73849075e-04 
 8.01418440e-08  6.97871714e-01  1.19999988e+00 -1.59038020e-04 
 8.01584699e-08  4.98360613e-01  1.19999988e+00 -1.71023009e-04 
 8.01747940e-08  3.02472338e-01  1.19999988e+00 -2.20951318e-04 
 8.01873970e-08  1.51236169e-01  1.19999988e+00 -2.41414275e-04 
 8.02000000e-08  0.00000000e+00  1.19999988e+00 -2.67809151e-04 
 8.02024807e-08  0.00000000e+00  1.19999988e+00 -2.43341464e-04 
 8.02074421e-08  0.00000000e+00  1.19999988e+00 -2.45157890e-04 
 8.02173648e-08  0.00000000e+00  1.19999988e+00 -2.43218476e-04 
 8.02334191e-08  0.00000000e+00  1.19999988e+00 -2.24953516e-04 
 8.02484874e-08  0.00000000e+00  1.19999988e+00 -2.34334101e-04 
 8.02643732e-08  0.00000000e+00  1.19999988e+00 -2.67651366e-04 
 8.02820662e-08  0.00000000e+00  1.19999988e+00 -2.42509774e-04 
 8.02990873e-08  0.00000000e+00  1.19999988e+00 -2.54231964e-04 
 8.03170577e-08  0.00000000e+00  1.19999988e+00 -2.20488639e-04 
 8.03355756e-08  0.00000000e+00  1.19999988e+00 -2.40899920e-04 
 8.03522662e-08  0.00000000e+00  1.19999988e+00 -2.59423959e-04 
 8.03701723e-08  0.00000000e+00  1.19999988e+00 -2.53923817e-04 
 8.03882820e-08  0.00000000e+00  1.19999988e+00 -2.44441389e-04 
 8.04063370e-08  0.00000000e+00  1.19999988e+00 -2.32186934e-04 
 8.04230760e-08  0.00000000e+00  1.19999988e+00 -2.27054863e-04 
 8.04407000e-08  0.00000000e+00  1.19999988e+00 -2.70239665e-04 
 8.04576953e-08  0.00000000e+00  1.19999988e+00 -2.44565106e-04 
 8.04760747e-08  0.00000000e+00  1.19999988e+00 -2.54415751e-04 
 8.04943859e-08  0.00000000e+00  1.19999988e+00 -2.24359728e-04 
 8.05126372e-08  0.00000000e+00  1.19999988e+00 -2.36272473e-04 
 8.05298219e-08  0.00000000e+00  1.19999988e+00 -2.60874941e-04 
 8.05477604e-08  0.00000000e+00  1.19999988e+00 -2.52525541e-04 
 8.05656422e-08  0.00000000e+00  1.19999988e+00 -2.46384225e-04 
 8.05843827e-08  0.00000000e+00  1.19999988e+00 -2.31778021e-04 
 8.06024556e-08  0.00000000e+00  1.19999988e+00 -2.29071566e-04 
 8.06197111e-08  0.00000000e+00  1.19999988e+00 -2.68545104e-04 
 8.06375754e-08  0.00000000e+00  1.19999988e+00 -2.44127534e-04 
 8.06556816e-08  0.00000000e+00  1.19999988e+00 -2.55049406e-04 
 8.06742413e-08  0.00000000e+00  1.19999988e+00 -2.23268133e-04 
 8.06926517e-08  0.00000000e+00  1.19999988e+00 -2.38606461e-04 
 8.07097136e-08  0.00000000e+00  1.19999988e+00 -2.60086787e-04 
 8.07276259e-08  0.00000000e+00  1.19999988e+00 -2.51328034e-04 
 8.07459276e-08  0.00000000e+00  1.19999988e+00 -2.48211004e-04 
 8.07641709e-08  0.00000000e+00  1.19999988e+00 -2.30008750e-04 
 8.07809385e-08  0.00000000e+00  1.19999988e+00 -2.29695861e-04 
 8.07986424e-08  0.00000000e+00  1.19999988e+00 -2.67096366e-04 
 8.08156357e-08  0.00000000e+00  1.19999988e+00 -2.44930485e-04 
 8.08343413e-08  0.00000000e+00  1.19999988e+00 -2.55095183e-04 
 8.08525329e-08  0.00000000e+00  1.19999988e+00 -2.25095620e-04 
 8.08712594e-08  0.00000000e+00  1.19999988e+00 -2.37250122e-04 
 8.08882498e-08  0.00000000e+00  1.19999988e+00 -2.60444321e-04 
 8.09062780e-08  0.00000000e+00  1.19999988e+00 -2.49896691e-04 
 8.09245409e-08  0.00000000e+00  1.19999988e+00 -2.50120730e-04 
 8.09429191e-08  0.00000000e+00  1.19999988e+00 -2.29141276e-04 
 8.09597387e-08  0.00000000e+00  1.19999988e+00 -2.30750188e-04 
 8.09774670e-08  0.00000000e+00  1.19999988e+00 -2.65498333e-04 
 8.09945168e-08  0.00000000e+00  1.19999988e+00 -2.45127645e-04 
 8.10133343e-08  0.00000000e+00  1.19999988e+00 -2.55418815e-04 
 8.10315333e-08  0.00000000e+00  1.19999988e+00 -2.25556861e-04 
 8.10484787e-08  0.00000000e+00  1.19999988e+00 -2.34128800e-04 
 8.10662805e-08  0.00000000e+00  1.19999988e+00 -2.60768296e-04 
 8.10834177e-08  0.00000000e+00  1.19999988e+00 -2.49398971e-04 
 8.11020587e-08  0.00000000e+00  1.19999988e+00 -2.51285380e-04 
 8.11205242e-08  0.00000000e+00  1.19999988e+00 -2.30655323e-04 
 8.11391354e-08  0.00000000e+00  1.19999988e+00 -2.31658866e-04 
 8.11563254e-08  0.00000000e+00  1.19999988e+00 -2.64686965e-04 
 8.11743555e-08  0.00000000e+00  1.19999988e+00 -2.43928994e-04 
 8.11928068e-08  0.00000000e+00  1.19999988e+00 -2.57043714e-04 
 8.12109610e-08  0.00000000e+00  1.19999988e+00 -2.24052040e-04 
 8.12276516e-08  0.00000000e+00  1.19999988e+00 -2.35702512e-04 
 8.12454214e-08  0.00000000e+00  1.19999988e+00 -2.59374259e-04 
 8.12623832e-08  0.00000000e+00  1.19999988e+00 -2.49385757e-04 
 8.12813775e-08  0.00000000e+00  1.19999988e+00 -2.51984493e-04 
 8.12994907e-08  0.00000000e+00  1.19999988e+00 -2.30884917e-04 
 8.13164316e-08  0.00000000e+00  1.19999988e+00 -2.28990923e-04 
 8.13343108e-08  0.00000000e+00  1.19999988e+00 -2.64674296e-04 
 8.13514362e-08  0.00000000e+00  1.19999988e+00 -2.43621308e-04 
 8.13702335e-08  0.00000000e+00  1.19999988e+00 -2.57780430e-04 
 8.13886839e-08  0.00000000e+00  1.19999988e+00 -2.25810815e-04 
 8.14074855e-08  0.00000000e+00  1.19999988e+00 -2.37115048e-04 
 8.14246728e-08  0.00000000e+00  1.19999988e+00 -2.58691099e-04 
 8.14427562e-08  0.00000000e+00  1.19999988e+00 -2.47994114e-04 
 8.14614658e-08  0.00000000e+00  1.19999988e+00 -2.54020410e-04 
 8.14791889e-08  0.00000000e+00  1.19999988e+00 -2.28501605e-04 
 8.14956907e-08  0.00000000e+00  1.19999988e+00 -2.31303477e-04 
 8.15134531e-08  0.00000000e+00  1.19999988e+00 -2.62777023e-04 
 8.15302462e-08  0.00000000e+00  1.19999988e+00 -2.44230378e-04 
 8.15494919e-08  0.00000000e+00  1.19999988e+00 -2.57823485e-04 
 8.15672607e-08  0.00000000e+00  1.19999988e+00 -2.27345042e-04 
 8.15840934e-08  0.00000000e+00  1.19999988e+00 -2.32555161e-04 
 8.16020469e-08  0.00000000e+00  1.19999988e+00 -2.59520193e-04 
 8.16191007e-08  0.00000000e+00  1.19999988e+00 -2.47065134e-04 
 8.16379738e-08  0.00000000e+00  1.19999988e+00 -2.54824993e-04 
 8.16563663e-08  0.00000000e+00  1.19999988e+00 -2.30955880e-04 
 8.16752276e-08  0.00000000e+00  1.19999988e+00 -2.32198410e-04 
 8.16925158e-08  0.00000000e+00  1.19999988e+00 -2.62118613e-04 
 8.17106602e-08  0.00000000e+00  1.19999988e+00 -2.43134244e-04 
 8.17294383e-08  0.00000000e+00  1.19999988e+00 -2.59612493e-04 
 8.17471030e-08  0.00000000e+00  1.19999988e+00 -2.24584610e-04 
 8.17635919e-08  0.00000000e+00  1.19999988e+00 -2.35302263e-04 
 8.17813908e-08  0.00000000e+00  1.19999988e+00 -2.57682309e-04 
 8.17981868e-08  0.00000000e+00  1.19999988e+00 -2.47610363e-04 
 8.18175697e-08  0.00000000e+00  1.19999988e+00 -2.55058890e-04 
 8.18351504e-08  0.00000000e+00  1.19999988e+00 -2.31929744e-04 
 8.18519326e-08  0.00000000e+00  1.19999988e+00 -2.28217183e-04 
 8.18699528e-08  0.00000000e+00  1.19999988e+00 -2.62615029e-04 
 8.18869686e-08  0.00000000e+00  1.19999988e+00 -2.42346668e-04 
 8.19059671e-08  0.00000000e+00  1.19999988e+00 -2.60017590e-04 
 8.19241793e-08  0.00000000e+00  1.19999988e+00 -2.27722786e-04 
 8.19432329e-08  0.00000000e+00  1.19999988e+00 -2.36008691e-04 
 8.19605055e-08  0.00000000e+00  1.19999988e+00 -2.57361547e-04 
 8.19787305e-08  0.00000000e+00  1.19999988e+00 -2.46452895e-04 
 8.19976150e-08  0.00000000e+00  1.19999988e+00 -2.57011412e-04 
 8.20151172e-08  0.00000000e+00  1.19999988e+00 -2.28503347e-04 
 8.20315487e-08  0.00000000e+00  1.19999988e+00 -2.31586732e-04 
 8.20493625e-08  0.00000000e+00  1.19999987e+00 -2.60445657e-04 
 8.20661134e-08  0.00000000e+00  1.19999988e+00 -2.43314594e-04 
 8.20834753e-08  0.00000000e+00  1.19999988e+00 -2.58949145e-04 
 8.21018976e-08  0.00000000e+00  1.19999986e+00 -2.30740914e-04 
 8.21208932e-08  0.00000000e+00  1.19999989e+00 -2.32753709e-04 
 8.21380644e-08  0.00000000e+00  1.19999988e+00 -2.58596190e-04 
 8.21567519e-08  0.00000000e+00  1.19999991e+00 -2.44735296e-04 
 8.21750743e-08  0.00000000e+00  1.19999998e+00 -2.58345570e-04 
 8.21932722e-08  0.00000000e+00  1.19999934e+00 -2.28408220e-04 
 8.22100716e-08  0.00000000e+00  1.19999955e+00 -2.31993521e-04 
 8.22279567e-08  0.00000000e+00  1.20000004e+00 -2.59369499e-04 
 8.22450891e-08  0.00000000e+00  1.20000187e+00 -2.43761842e-04 
 8.22644829e-08  0.00000000e+00  1.20000828e+00 -2.59692404e-04 
 8.22819800e-08  0.00000000e+00  1.19999286e+00 -2.28972877e-04 
 8.22986896e-08  0.00000000e+00  1.19996694e+00 -2.31451380e-04 
 8.23167599e-08  0.00000000e+00  1.19994780e+00 -2.58351958e-04 
 8.23337154e-08  0.00000000e+00  1.20000192e+00 -2.44500283e-04 
 8.23529987e-08  0.00000000e+00  1.20043841e+00 -2.58963403e-04 
 8.23707850e-08  0.00000000e+00  1.20056353e+00 -2.31153982e-04 
 8.23878634e-08  0.00000000e+00  1.19937807e+00 -2.29120114e-04 
 8.24060242e-08  0.00000000e+00  1.19603795e+00 -2.57785041e-04 
 8.24232638e-08  0.00000000e+00  1.19324161e+00 -2.42049961e-04 
 8.24424420e-08  0.00000000e+00  1.20991609e+00 -2.72249709e-04 
 8.24603105e-08  0.00000000e+00  1.24577916e+00 -2.42919586e-04 
 8.24767222e-08  0.00000000e+00  1.25144144e+00 -2.22241422e-04 
 8.24924290e-08  0.00000000e+00  1.17009441e+00 -2.19337669e-04 
 8.25088873e-08  0.00000000e+00  9.95498897e-01 -1.83110394e-04 
 8.25238380e-08  0.00000000e+00  8.03240855e-01 -1.73678174e-04 
 8.25403472e-08  0.00000000e+00  5.89474082e-01 -2.06037312e-04 
 8.25586266e-08  0.00000000e+00  3.73526406e-01 -1.67495429e-04 
 8.25754845e-08  0.00000000e+00  2.14115940e-01 -1.78166671e-04 
 8.25913642e-08  0.00000000e+00  1.12520792e-01 -1.66641746e-04 
 8.26095445e-08  0.00000000e+00  4.85258656e-02 -1.52686502e-04 
 8.26236898e-08  0.00000000e+00  2.46749650e-02 -1.83334734e-04 
 8.26401701e-08  0.00000000e+00  1.09324991e-02 -1.74457963e-04 
 8.26577867e-08  0.00000000e+00  4.53082049e-03 -1.52213082e-04 
 8.26728137e-08  0.00000000e+00  2.15392363e-03 -1.71799218e-04 
 8.26910869e-08  0.00000000e+00  8.64213181e-04 -1.43376806e-04 
 8.27092396e-08  0.00000000e+00  3.40462455e-04 -1.73437150e-04 
 8.27269433e-08  0.00000000e+00  1.46628912e-04 -1.76647124e-04 
 8.27461505e-08  0.00000000e+00  4.94825356e-05 -1.52496432e-04 
 8.27650824e-08  0.00000000e+00  2.49137493e-05 -1.67794759e-04 
 8.27828384e-08  0.00000000e+00  4.46297776e-06 -1.44319516e-04 
 8.28000779e-08  0.00000000e+00  7.64746129e-06 -1.76070669e-04 
 8.28184441e-08  0.00000000e+00 -2.39466360e-06 -1.73849600e-04 
 8.28374604e-08  0.00000000e+00  4.40361114e-06 -1.53144730e-04 
 8.28541689e-08  0.00000000e+00 -3.38973453e-06 -1.69302166e-04 
 8.28725911e-08  0.00000000e+00  3.75677697e-06 -1.42183432e-04 
 8.28894899e-08  0.00000000e+00 -3.40015678e-06 -1.77943746e-04 
 8.29074731e-08  0.00000000e+00  3.49391884e-06 -1.72646194e-04 
 8.29266690e-08  0.00000000e+00 -3.26585730e-06 -1.54861076e-04 
 8.29434898e-08  0.00000000e+00  3.30992617e-06 -1.67142143e-04 
 8.29618837e-08  0.00000000e+00 -3.10181687e-06 -1.44446625e-04 
 8.29788438e-08  0.00000000e+00  3.14390424e-06 -1.75426660e-04 
 8.29968416e-08  0.00000000e+00 -2.94148085e-06 -1.75276462e-04 
 8.30160868e-08  0.00000000e+00  2.99615286e-06 -1.52321833e-04 
 8.30329721e-08  0.00000000e+00 -2.79335760e-06 -1.69645299e-04 
 8.30513677e-08  0.00000000e+00  2.84845930e-06 -1.41691835e-04 
 8.30683038e-08  0.00000000e+00 -2.65006329e-06 -1.78392339e-04 
 8.30863065e-08  0.00000000e+00  2.70742851e-06 -1.72314534e-04 
 8.31055298e-08  0.00000000e+00 -2.52113938e-06 -1.55378618e-04 
 8.31223935e-08  0.00000000e+00  2.57765334e-06 -1.66473677e-04 
 8.31407897e-08  0.00000000e+00 -2.39194398e-06 -1.44827166e-04 
 8.31577028e-08  0.00000000e+00  2.45228961e-06 -1.75149540e-04 
 8.31757008e-08  0.00000000e+00 -2.26851742e-06 -1.75700844e-04 
 8.31949322e-08  0.00000000e+00  2.33960100e-06 -1.52032249e-04 
 8.32118178e-08  0.00000000e+00 -2.15512762e-06 -1.69805255e-04 
 8.32302145e-08  0.00000000e+00  2.22673962e-06 -1.41329949e-04 
 8.32471179e-08  0.00000000e+00 -2.04545946e-06 -1.78724393e-04 
 8.32651181e-08  0.00000000e+00  2.11881311e-06 -1.72126111e-04 
 8.32843525e-08  0.00000000e+00 -1.94691819e-06 -1.55741638e-04 
 8.33012491e-08  0.00000000e+00  2.01972461e-06 -1.65964335e-04 
 8.33196466e-08  0.00000000e+00 -1.84824747e-06 -1.45123327e-04 
 8.33365343e-08  0.00000000e+00  1.92380082e-06 -1.74882221e-04 
 8.33545346e-08  0.00000000e+00 -1.75381084e-06 -1.76088804e-04 
 8.33737697e-08  0.00000000e+00  1.83765063e-06 -1.51798873e-04 
 8.33906751e-08  0.00000000e+00 -1.66717333e-06 -1.69901257e-04 
 8.34090734e-08  0.00000000e+00  1.75140519e-06 -1.41039250e-04 
 8.34259477e-08  0.00000000e+00 -1.58324369e-06 -1.79025903e-04 
 8.34439481e-08  0.00000000e+00  1.66880079e-06 -1.71954136e-04 
 8.34631857e-08  0.00000000e+00 -1.50789868e-06 -1.56052074e-04 
 8.34801019e-08  0.00000000e+00  1.59307699e-06 -1.65533693e-04 
 8.34985009e-08  0.00000000e+00 -1.43249083e-06 -1.45361362e-04 
 8.35153627e-08  0.00000000e+00  1.51966089e-06 -1.74663009e-04 
 8.35333636e-08  0.00000000e+00 -1.36021290e-06 -1.76418455e-04 
 8.35526029e-08  0.00000000e+00  1.45378133e-06 -1.51613122e-04 
 8.35695282e-08  0.00000000e+00 -1.29400025e-06 -1.69959849e-04 
 8.35879279e-08  0.00000000e+00  1.38785880e-06 -1.40807006e-04 
 8.36047775e-08  0.00000000e+00 -1.22975989e-06 -1.79268677e-04 
 8.36227787e-08  0.00000000e+00  1.32462844e-06 -1.71826536e-04 
 8.36420197e-08  0.00000000e+00 -1.17213631e-06 -1.56305158e-04 
 8.36589538e-08  0.00000000e+00  1.26674186e-06 -1.65171368e-04 
 8.36773541e-08  0.00000000e+00 -1.11448781e-06 -1.45549375e-04 
 8.36941923e-08  0.00000000e+00  1.21054067e-06 -1.74494869e-04 
 8.37121939e-08  0.00000000e+00 -1.05915728e-06 -1.76686509e-04 
 8.37314365e-08  0.00000000e+00  1.16014696e-06 -1.51473342e-04 
 8.37483791e-08  0.00000000e+00 -1.00853421e-06 -1.69985748e-04 
 8.37667800e-08  0.00000000e+00  1.10973982e-06 -1.40624500e-04 
 8.37836073e-08  0.00000000e+00 -9.59352995e-07 -1.79461377e-04 
 8.38016092e-08  0.00000000e+00  1.06132867e-06 -1.71737079e-04 
 8.38208533e-08  0.00000000e+00 -9.15268797e-07 -1.56508417e-04 
 8.38378038e-08  0.00000000e+00  1.01706168e-06 -1.64868741e-04 
 8.38562054e-08  0.00000000e+00 -8.71180989e-07 -1.45695305e-04 
 8.38730223e-08  0.00000000e+00  9.74028369e-07 -1.74367786e-04 
 8.38910246e-08  0.00000000e+00 -8.28813540e-07 -1.76903672e-04 
 8.39102701e-08  0.00000000e+00  9.35467617e-07 -1.51371310e-04 
 8.39272281e-08  0.00000000e+00 -7.90093965e-07 -1.69985310e-04 
 8.39456303e-08  0.00000000e+00  8.96909122e-07 -1.40483516e-04 
 8.39624374e-08  0.00000000e+00 -7.52431207e-07 -1.79612882e-04 
 8.39804401e-08  0.00000000e+00  8.59833736e-07 -1.71678143e-04 
 8.39996869e-08  0.00000000e+00 -7.18692814e-07 -1.56670048e-04 
 8.40166520e-08  0.00000000e+00  8.25967745e-07 -1.64617081e-04 
 8.40350548e-08  0.00000000e+00 -6.84961637e-07 -1.45806105e-04 
 8.40518525e-08  0.00000000e+00  7.93007092e-07 -1.74274541e-04 
 8.40698556e-08  0.00000000e+00 -6.52510044e-07 -1.77078138e-04 
 8.40891037e-08  0.00000000e+00  7.63489314e-07 -1.51300293e-04 
 8.41060756e-08  0.00000000e+00 -6.22881720e-07 -1.69964058e-04 
 8.41244789e-08  0.00000000e+00  7.33981280e-07 -1.40377166e-04 
 8.41412678e-08  0.00000000e+00 -5.94029789e-07 -1.79729783e-04 
 8.41592713e-08  0.00000000e+00  7.05577518e-07 -1.71644232e-04 
 8.41785205e-08  0.00000000e+00 -5.68198217e-07 -1.56796605e-04 
 8.41954987e-08  0.00000000e+00  6.79656367e-07 -1.64409007e-04 
 8.42139026e-08  0.00000000e+00 -5.42378365e-07 -1.45887548e-04 
 8.42306831e-08  0.00000000e+00  6.54401086e-07 -1.74209411e-04 
 8.42486869e-08  0.00000000e+00 -5.17512192e-07 -1.77216485e-04 
 8.42679373e-08  0.00000000e+00  6.31795197e-07 -1.51254870e-04 
 8.42849215e-08  0.00000000e+00 -4.94828792e-07 -1.69926422e-04 
 8.43033260e-08  0.00000000e+00  6.09201686e-07 -1.40299715e-04 
 8.43200984e-08  0.00000000e+00 -4.72717017e-07 -1.79817594e-04 
 8.43381027e-08  0.00000000e+00  5.87431918e-07 -1.71630831e-04 
 8.43573541e-08  0.00000000e+00 -4.52929192e-07 -1.56893570e-04 
 8.43743440e-08  0.00000000e+00  5.67580742e-07 -1.64238267e-04 
 8.43927489e-08  0.00000000e+00 -4.33154087e-07 -1.45944461e-04 
 8.44095138e-08  0.00000000e+00  5.48220325e-07 -1.74167593e-04 
 8.44275185e-08  0.00000000e+00 -4.14090958e-07 -1.77324289e-04 
 8.44467708e-08  0.00000000e+00  5.30898245e-07 -1.51230533e-04 
 8.44637662e-08  0.00000000e+00 -3.96714058e-07 -1.69876003e-04 
 8.44821716e-08  0.00000000e+00  5.13588457e-07 -1.40246367e-04 
 8.44989293e-08  0.00000000e+00 -3.79758797e-07 -1.79880976e-04 
 8.45169343e-08  0.00000000e+00  4.96894197e-07 -1.71634173e-04 
 8.45361876e-08  0.00000000e+00 -3.64591397e-07 -1.56965577e-04 
 8.45531881e-08  0.00000000e+00  4.81681569e-07 -1.64099527e-04 
 8.45715940e-08  0.00000000e+00 -3.49435719e-07 -1.45980891e-04 
 8.45883448e-08  0.00000000e+00  4.66831254e-07 -1.74145074e-04 
 8.46063501e-08  0.00000000e+00 -3.34812496e-07 -1.77406265e-04 
 8.46256043e-08  0.00000000e+00  4.53549006e-07 -1.51223530e-04 
 8.46426096e-08  0.00000000e+00 -3.21491026e-07 -1.69815733e-04 
 8.46610160e-08  0.00000000e+00  4.40277571e-07 -1.40213102e-04 
 8.46777603e-08  0.00000000e+00 -3.08481088e-07 -1.79923855e-04 
 8.46957661e-08  0.00000000e+00  4.27466783e-07 -1.71651135e-04 
 8.47150210e-08  0.00000000e+00 -2.96846500e-07 -1.57016541e-04 
 8.47320310e-08  0.00000000e+00  4.15799541e-07 -1.63988229e-04 
 8.47504377e-08  0.00000000e+00 -2.85221792e-07 -1.46000237e-04 
 8.47671759e-08  0.00000000e+00  4.04400147e-07 -1.74138506e-04 
 8.47851820e-08  0.00000000e+00 -2.73995779e-07 -1.77466399e-04 
 8.48044377e-08  0.00000000e+00  3.94207115e-07 -1.51230738e-04 
 8.48214520e-08  0.00000000e+00 -2.63774312e-07 -1.69747993e-04 
 8.48398592e-08  0.00000000e+00  3.84022809e-07 -1.40196549e-04 
 8.48565916e-08  0.00000000e+00 -2.53783242e-07 -1.79949538e-04 
 8.48745980e-08  0.00000000e+00  3.74183661e-07 -1.71679125e-04 
 8.48938544e-08  0.00000000e+00 -2.44850348e-07 -1.57049772e-04 
 8.49108728e-08  0.00000000e+00  3.65226833e-07 -1.63900475e-04 
 8.49292804e-08  0.00000000e+00 -2.35925106e-07 -1.46005354e-04 
 8.49460073e-08  0.00000000e+00  3.56468179e-07 -1.74145091e-04 
 8.49640140e-08  0.00000000e+00 -2.27298778e-07 -1.77508065e-04 
 8.49832711e-08  0.00000000e+00  3.48637789e-07 -1.51249560e-04 
 8.50002934e-08  0.00000000e+00 -2.19447415e-07 -1.69674711e-04 
 8.50187014e-08  0.00000000e+00  3.40813910e-07 -1.40193881e-04 
 8.50354230e-08  0.00000000e+00 -2.11766561e-07 -1.79960814e-04 
 8.50534300e-08  0.00000000e+00  3.33248901e-07 -1.71715995e-04 
 8.50726878e-08  0.00000000e+00 -2.04900092e-07 -1.57068070e-04 
 8.50897138e-08  0.00000000e+00  3.26364550e-07 -1.63832921e-04 
 8.51081222e-08  0.00000000e+00 -1.98039070e-07 -1.45998642e-04 
 8.51248387e-08  0.00000000e+00  3.19626885e-07 -1.74162493e-04 
 8.51428460e-08  0.00000000e+00 -1.91402282e-07 -1.77534124e-04 
 8.51621044e-08  0.00000000e+00  3.13603776e-07 -1.51277834e-04 
 8.51791340e-08  0.00000000e+00 -1.85363380e-07 -1.69597448e-04 
 8.51975427e-08  0.00000000e+00  3.07585010e-07 -1.40202723e-04 
 8.52142545e-08  0.00000000e+00 -1.79450647e-07 -1.79960039e-04 
 8.52322621e-08  0.00000000e+00  3.01760546e-07 -1.71759962e-04 
 8.52515211e-08  0.00000000e+00 -1.74164971e-07 -1.57073809e-04 
 8.52685539e-08  0.00000000e+00  2.96461214e-07 -1.63782704e-04 
 8.52869630e-08  0.00000000e+00 -1.68882694e-07 -1.45982122e-04 
 8.53036703e-08  0.00000000e+00  2.91270387e-07 -1.74188756e-04 
 8.53216782e-08  0.00000000e+00 -1.63768724e-07 -1.77547002e-04 
 8.53409377e-08  0.00000000e+00  2.86629949e-07 -1.51313759e-04 
 8.53579737e-08  0.00000000e+00 -1.59116091e-07 -1.69517459e-04 
 8.53763831e-08  0.00000000e+00  2.81991949e-07 -1.40221084e-04 
 8.53930861e-08  0.00000000e+00 -1.54556725e-07 -1.79949203e-04 
 8.54110943e-08  0.00000000e+00  2.77499774e-07 -1.71809549e-04 
 8.54303543e-08  0.00000000e+00 -1.50480566e-07 -1.57068999e-04 
 8.54473933e-08  0.00000000e+00  2.73412908e-07 -1.63747360e-04 
 8.54658030e-08  0.00000000e+00 -1.46405983e-07 -1.45957494e-04 
 8.54825020e-08  0.00000000e+00  2.69406160e-07 -1.74222247e-04 
 8.55005105e-08  0.00000000e+00 -1.42457739e-07 -1.77548758e-04 
 8.55197709e-08  0.00000000e+00  2.65823731e-07 -1.51355839e-04 
 8.55368127e-08  0.00000000e+00 -1.38865631e-07 -1.69435751e-04 
 8.55552227e-08  0.00000000e+00  2.62242083e-07 -1.40247289e-04 
 8.55719179e-08  0.00000000e+00 -1.35342334e-07 -1.79929987e-04 
 8.55899266e-08  0.00000000e+00  2.58769851e-07 -1.71863535e-04 
 8.56091875e-08  0.00000000e+00 -1.32191761e-07 -1.57055347e-04 
 8.56262320e-08  0.00000000e+00  2.55610638e-07 -1.63724775e-04 
 8.56446423e-08  0.00000000e+00 -1.29041214e-07 -1.45926189e-04 
 8.56613338e-08  0.00000000e+00  2.52510439e-07 -1.74261600e-04 
 8.56793428e-08  0.00000000e+00 -1.25985446e-07 -1.77541146e-04 
 8.56986041e-08  0.00000000e+00  2.49737734e-07 -1.51402827e-04 
 8.57156511e-08  0.00000000e+00 -1.23204849e-07 -1.69353127e-04 
 8.57340617e-08  0.00000000e+00  2.46964417e-07 -1.40279932e-04 
 8.57507497e-08  0.00000000e+00 -1.20474812e-07 -1.79903815e-04 
 8.57687589e-08  0.00000000e+00  2.44273133e-07 -1.71920908e-04 
 8.57880207e-08  0.00000000e+00 -1.18032663e-07 -1.57034301e-04 
 8.58050701e-08  0.00000000e+00  2.41823827e-07 -1.63713126e-04 
 8.58234809e-08  0.00000000e+00 -1.15589298e-07 -1.45889413e-04 
 8.58401657e-08  0.00000000e+00  2.39417752e-07 -1.74305673e-04 
 8.58581751e-08  0.00000000e+00 -1.13216923e-07 -1.77525654e-04 
 8.58774372e-08  0.00000000e+00  2.37264893e-07 -1.51453689e-04 
 8.58944890e-08  0.00000000e+00 -1.11057419e-07 -1.69270223e-04 
 8.59129000e-08  0.00000000e+00  2.35110245e-07 -1.40317830e-04 
 8.59295816e-08  0.00000000e+00 -1.08934824e-07 -1.79871887e-04 
 8.59475913e-08  0.00000000e+00  2.33017018e-07 -1.71980836e-04 
 8.59668538e-08  0.00000000e+00 -1.07035041e-07 -1.57007089e-04 
 8.59839077e-08  0.00000000e+00  2.31111090e-07 -1.63710846e-04 
 8.60023189e-08  0.00000000e+00 -1.05132982e-07 -1.45848181e-04 
 8.60189976e-08  0.00000000e+00  2.29236625e-07 -1.74353511e-04 
 8.60370075e-08  0.00000000e+00 -1.03283993e-07 -1.77503549e-04 
 8.60562703e-08  0.00000000e+00  2.27558333e-07 -1.51507563e-04 
 8.60733263e-08  0.00000000e+00 -1.01599934e-07 -1.69187541e-04 
 8.60917378e-08  0.00000000e+00  2.25877335e-07 -1.40359991e-04 
 8.61084136e-08  0.00000000e+00 -9.99425992e-08 -1.79835221e-04 
 8.61264238e-08  0.00000000e+00  2.24242139e-07 -1.72042630e-04 
 8.61456869e-08  0.00000000e+00 -9.84581082e-08 -1.56974756e-04 
 8.61627448e-08  0.00000000e+00  2.22752255e-07 -1.63716581e-04 
 8.61811564e-08  0.00000000e+00 -9.69705205e-08 -1.45803347e-04 
 8.61978297e-08  0.00000000e+00  2.21285003e-07 -1.74404318e-04 
 8.62158400e-08  0.00000000e+00 -9.55224372e-08 -1.77475912e-04 
 8.62351034e-08  0.00000000e+00  2.19970141e-07 -1.51563738e-04 
 8.62521631e-08  0.00000000e+00 -9.42024490e-08 -1.69105470e-04 
 8.62705750e-08  0.00000000e+00  2.18651816e-07 -1.40405582e-04 
 8.62872457e-08  0.00000000e+00 -9.29015502e-08 -1.79794678e-04 
 8.63052562e-08  0.00000000e+00  2.17367547e-07 -1.72105726e-04 
 8.63245199e-08  0.00000000e+00 -9.17351202e-08 -1.56938188e-04 
 8.63415814e-08  0.00000000e+00  2.16196267e-07 -1.63729166e-04 
 8.63599935e-08  0.00000000e+00 -9.05649425e-08 -1.45755631e-04 
 8.63766618e-08  0.00000000e+00  2.15040994e-07 -1.74457429e-04 
 8.63946725e-08  0.00000000e+00 -8.94240341e-08 -1.77443663e-04 
 8.64139364e-08  0.00000000e+00  2.14004522e-07 -1.51621620e-04 
 8.64309996e-08  0.00000000e+00 -8.83829021e-08 -1.69024309e-04 
 8.64494118e-08  0.00000000e+00  2.12964017e-07 -1.40453902e-04 
 8.64660779e-08  0.00000000e+00 -8.73551022e-08 -1.79750985e-04 
 8.64840887e-08  0.00000000e+00  2.11948641e-07 -1.72169660e-04 
 8.65033529e-08  0.00000000e+00 -8.64323633e-08 -1.56898139e-04 
 8.65204176e-08  0.00000000e+00  2.11021435e-07 -1.63747593e-04 
 8.65388301e-08  0.00000000e+00 -8.55053563e-08 -1.45705638e-04 
 8.65554940e-08  0.00000000e+00  2.10105233e-07 -1.74512290e-04 
 8.65735050e-08  0.00000000e+00 -8.45998650e-08 -1.77407585e-04 
 8.65927694e-08  0.00000000e+00  2.09282088e-07 -1.51680723e-04 
 8.66098356e-08  0.00000000e+00 -8.37723681e-08 -1.68944284e-04 
 8.66282482e-08  0.00000000e+00  2.08454432e-07 -1.40504363e-04 
 8.66449101e-08  0.00000000e+00 -8.29538979e-08 -1.79704758e-04 
 8.66629212e-08  0.00000000e+00  2.07645168e-07 -1.72234056e-04 
 8.66821859e-08  0.00000000e+00 -8.22179181e-08 -1.56855251e-04 
 8.66992535e-08  0.00000000e+00  2.06904986e-07 -1.63770992e-04 
 8.67176663e-08  0.00000000e+00 -8.14772367e-08 -1.45653878e-04 
 8.67343262e-08  0.00000000e+00  2.06172082e-07 -1.74568439e-04 
 8.67523375e-08  0.00000000e+00 -8.07522187e-08 -1.77368347e-04 
 8.67716024e-08  0.00000000e+00  2.05512441e-07 -1.51740642e-04 
 8.67886713e-08  0.00000000e+00 -8.00884794e-08 -1.68865561e-04 
 8.68070842e-08  0.00000000e+00  2.04847944e-07 -1.40556474e-04 
 8.68237423e-08  0.00000000e+00 -7.94304894e-08 -1.79656518e-04 
 8.68417538e-08  0.00000000e+00  2.04196692e-07 -1.72298603e-04 
 8.68610189e-08  0.00000000e+00 -7.88376935e-08 -1.56810066e-04 
 8.68780891e-08  0.00000000e+00  2.03599882e-07 -1.63798610e-04 
 8.68965021e-08  0.00000000e+00 -7.82398828e-08 -1.45600777e-04 
 8.69131584e-08  0.00000000e+00  2.03007538e-07 -1.74625492e-04 
 8.69311700e-08  0.00000000e+00 -7.76532416e-08 -1.77326521e-04 
 8.69504353e-08  0.00000000e+00  2.02473292e-07 -1.51801046e-04 
 8.69675067e-08  0.00000000e+00 -7.71150628e-08 -1.68788260e-04 
 8.69859199e-08  0.00000000e+00  2.01933865e-07 -1.40609820e-04 
 8.70025746e-08  0.00000000e+00 -7.65801958e-08 -1.79606706e-04 
 8.70205863e-08  0.00000000e+00  2.01403841e-07 -1.72363055e-04 
 8.70398518e-08  0.00000000e+00 -7.60971888e-08 -1.56763048e-04 
 8.70569243e-08  0.00000000e+00  2.00917005e-07 -1.63829797e-04 
 8.70753376e-08  0.00000000e+00 -7.56089466e-08 -1.45546695e-04 
 8.70919908e-08  0.00000000e+00  2.00432488e-07 -1.74683130e-04 
 8.71100026e-08  0.00000000e+00 -7.51285042e-08 -1.77282591e-04 
 8.71292683e-08  0.00000000e+00  1.99994403e-07 -1.51861660e-04 
 8.71463419e-08  0.00000000e+00 -7.46866296e-08 -1.68712462e-04 
 8.71647553e-08  0.00000000e+00  1.99550978e-07 -1.40664056e-04 
 8.71814069e-08  0.00000000e+00 -7.42462298e-08 -1.79555692e-04 
 8.71994189e-08  0.00000000e+00  1.99113981e-07 -1.72427208e-04 
 8.72186847e-08  0.00000000e+00 -7.38474858e-08 -1.56714590e-04 
 8.72357594e-08  0.00000000e+00  1.98711524e-07 -1.63863990e-04 
 8.72541729e-08  0.00000000e+00 -7.34433406e-08 -1.45491933e-04 
 8.72708231e-08  0.00000000e+00  1.98309770e-07 -1.74741090e-04 
 8.72888352e-08  0.00000000e+00 -7.30443906e-08 -1.77236975e-04 
 8.73081012e-08  0.00000000e+00  1.97945512e-07 -1.51922264e-04 
 8.73251768e-08  0.00000000e+00 -7.26764664e-08 -1.68638217e-04 
 8.73435904e-08  0.00000000e+00  1.97575762e-07 -1.40718893e-04 
 8.73602393e-08  0.00000000e+00 -7.23085944e-08 -1.79503791e-04 
 8.73782515e-08  0.00000000e+00  1.97210199e-07 -1.72490903e-04 
 8.73975176e-08  0.00000000e+00 -7.19745657e-08 -1.56665025e-04 
 8.74145941e-08  0.00000000e+00  1.96872531e-07 -1.63900700e-04 
 8.74330079e-08  0.00000000e+00 -7.16349603e-08 -1.45436743e-04 
 8.74496555e-08  0.00000000e+00  1.96534360e-07 -1.74799154e-04 
 8.74676678e-08  0.00000000e+00 -7.12986523e-08 -1.77190025e-04 
 8.74869340e-08  0.00000000e+00  1.96226811e-07 -1.51982673e-04 
 8.75040114e-08  0.00000000e+00 -7.09875072e-08 -1.68565551e-04 
 8.75224253e-08  0.00000000e+00  1.95913672e-07 -1.40774090e-04 
 8.75390717e-08  0.00000000e+00 -7.06753618e-08 -1.79451268e-04 
 8.75570841e-08  0.00000000e+00  1.95602988e-07 -1.72554013e-04 
 8.75763505e-08  0.00000000e+00 -7.03910689e-08 -1.56614638e-04 
 8.75934287e-08  0.00000000e+00  1.95315110e-07 -1.63939505e-04 
 8.76118426e-08  0.00000000e+00 -7.01010689e-08 -1.45381335e-04 
 8.76284879e-08  0.00000000e+00  1.95025824e-07 -1.74857315e-04 
 8.76465006e-08  0.00000000e+00 -6.98128975e-08 -1.77141521e-04 
 8.76657670e-08  0.00000000e+00  1.94761877e-07 -1.52043422e-04 
 8.76828460e-08  0.00000000e+00 -6.95454220e-08 -1.68493487e-04 
 8.77012600e-08  0.00000000e+00  1.94492236e-07 -1.40829433e-04 
 8.77179040e-08  0.00000000e+00 -6.92761566e-08 -1.79398995e-04 
 8.77359167e-08  0.00000000e+00  1.94223782e-07 -1.72616083e-04 
 8.77551832e-08  0.00000000e+00 -6.90300779e-08 -1.56564726e-04 
 8.77722629e-08  0.00000000e+00  1.93974205e-07 -1.63978143e-04 
 8.77906771e-08  0.00000000e+00 -6.87782867e-08 -1.45325956e-04 
 8.78073199e-08  0.00000000e+00  1.93722514e-07 -1.74915431e-04 
 8.78253327e-08  0.00000000e+00 -6.85271415e-08 -1.77093580e-04 
 8.78445994e-08  0.00000000e+00  1.93492115e-07 -1.52103518e-04 
 8.78616799e-08  0.00000000e+00 -6.82932813e-08 -1.68422319e-04 
 8.78800942e-08  0.00000000e+00  1.93255988e-07 -1.40884779e-04 
 8.78967359e-08  0.00000000e+00 -6.80570097e-08 -1.79346006e-04 
 8.79147488e-08  0.00000000e+00  1.93020048e-07 -1.72678622e-04 
 8.79340156e-08  0.00000000e+00 -6.78403879e-08 -1.56513821e-04 
 8.79510969e-08  0.00000000e+00  1.92799971e-07 -1.64018459e-04 
 8.79695112e-08  0.00000000e+00 -6.76179965e-08 -1.45270590e-04 
 8.79861519e-08  0.00000000e+00  1.92577255e-07 -1.74973187e-04 
 8.80041649e-08  0.00000000e+00 -6.73954000e-08 -1.77044924e-04 
 8.80234318e-08  0.00000000e+00  1.92372713e-07 -1.52163088e-04 
 8.80405138e-08  0.00000000e+00 -6.71874371e-08 -1.68352792e-04 
 8.80589282e-08  0.00000000e+00  1.92162409e-07 -1.40939997e-04 
 8.80755679e-08  0.00000000e+00 -6.69766167e-08 -1.79293036e-04 
 8.80935810e-08  0.00000000e+00  1.91951534e-07 -1.72740188e-04 
 8.81128480e-08  0.00000000e+00 -6.67827121e-08 -1.56462690e-04 
 8.81299307e-08  0.00000000e+00  1.91754224e-07 -1.64060070e-04 
 8.81483451e-08  0.00000000e+00 -6.65830070e-08 -1.45215453e-04 
 8.81649839e-08  0.00000000e+00  1.91553861e-07 -1.75030417e-04 
 8.81829971e-08  0.00000000e+00 -6.63824444e-08 -1.76995898e-04 
 8.82022641e-08  0.00000000e+00  1.91369290e-07 -1.52221959e-04 
 8.82193475e-08  0.00000000e+00 -6.61944829e-08 -1.68284947e-04 
 8.82377620e-08  0.00000000e+00  1.91178916e-07 -1.40994946e-04 
 8.82543999e-08  0.00000000e+00 -6.60033165e-08 -1.79240146e-04 
 8.82724132e-08  0.00000000e+00  1.90987409e-07 -1.72800803e-04 
 8.82916803e-08  0.00000000e+00 -6.58269689e-08 -1.56411472e-04 
 8.83087643e-08  0.00000000e+00  1.90807696e-07 -1.64102704e-04 
 8.83271789e-08  0.00000000e+00 -6.56447984e-08 -1.45160649e-04 
 8.83438159e-08  0.00000000e+00  1.90624612e-07 -1.75087102e-04 
 8.83618292e-08  0.00000000e+00 -6.54612801e-08 -1.76946612e-04 
 8.83810965e-08  0.00000000e+00  1.90455482e-07 -1.52280098e-04 
 8.83981810e-08  0.00000000e+00 -6.52887920e-08 -1.68218738e-04 
 8.84165957e-08  0.00000000e+00  1.90280558e-07 -1.41049535e-04 
 8.84332320e-08  0.00000000e+00 -6.51128423e-08 -1.79187427e-04 
 8.84512453e-08  0.00000000e+00  1.90104048e-07 -1.72860464e-04 
 8.84705127e-08  0.00000000e+00 -6.49500718e-08 -1.56360285e-04 
 8.84875977e-08  0.00000000e+00  1.89937944e-07 -1.64146147e-04 
 8.85060125e-08  0.00000000e+00 -6.47815153e-08 -1.45106259e-04 
 8.85226480e-08  0.00000000e+00  1.89768279e-07 -1.75143181e-04 
 8.85406614e-08  0.00000000e+00 -6.46112048e-08 -1.76897204e-04 
 8.85599288e-08  0.00000000e+00  1.89611129e-07 -1.52337467e-04 
 8.85770144e-08  0.00000000e+00 -6.44507214e-08 -1.68154113e-04 
 8.85954292e-08  0.00000000e+00  1.89448169e-07 -1.41103687e-04 
 8.86120640e-08  0.00000000e+00 -6.42865804e-08 -1.79134977e-04 
 8.86300775e-08  0.00000000e+00  1.89283329e-07 -1.72919154e-04 
 8.86493450e-08  0.00000000e+00 -6.41343863e-08 -1.56309235e-04 
 8.86664311e-08  0.00000000e+00  1.89127806e-07 -1.64190212e-04 
 8.86848459e-08  0.00000000e+00 -6.39763868e-08 -1.45052348e-04 
 8.87014800e-08  0.00000000e+00  1.88968559e-07 -1.75198606e-04 
 8.87194936e-08  0.00000000e+00 -6.38163560e-08 -1.76847796e-04 
 8.87387612e-08  0.00000000e+00  1.88820733e-07 -1.52394033e-04 
 8.87558477e-08  0.00000000e+00 -6.36652181e-08 -1.68091021e-04 
 8.87742626e-08  0.00000000e+00  1.88667102e-07 -1.41157337e-04 
 8.87908961e-08  0.00000000e+00 -6.35103016e-08 -1.79082872e-04 
 8.88089097e-08  0.00000000e+00  1.88511328e-07 -1.72976865e-04 
 8.88281773e-08  0.00000000e+00 -6.33663348e-08 -1.56258412e-04 
 8.88452643e-08  0.00000000e+00  1.88364078e-07 -1.64234733e-04 
 8.88636793e-08  0.00000000e+00 -6.32165619e-08 -1.44998971e-04 
 8.88803121e-08  0.00000000e+00  1.88212976e-07 -1.75253339e-04 
 8.88983258e-08  0.00000000e+00 -6.30645743e-08 -1.76798489e-04 
 8.89175935e-08  0.00000000e+00  1.88072436e-07 -1.52449776e-04 
 8.89346809e-08  0.00000000e+00 -6.29207465e-08 -1.68029412e-04 
 8.89530959e-08  0.00000000e+00  1.87926096e-07 -1.41210437e-04 
 8.89697281e-08  0.00000000e+00 -6.27730328e-08 -1.79031180e-04 
 8.89877419e-08  0.00000000e+00  1.87777437e-07 -1.73033596e-04 
 8.90070096e-08  0.00000000e+00 -6.26355109e-08 -1.56207892e-04 
 8.90240974e-08  0.00000000e+00  1.87636660e-07 -1.64279567e-04 
 8.90425125e-08  0.00000000e+00 -6.24922332e-08 -1.44946172e-04 
 8.90591442e-08  0.00000000e+00  1.87491938e-07 -1.75307352e-04 
 8.90771580e-08  0.00000000e+00 -6.23465309e-08 -1.76749371e-04 
 8.90964258e-08  0.00000000e+00  1.87357123e-07 -1.52504680e-04 
 8.91135139e-08  0.00000000e+00 -6.22084508e-08 -1.67969234e-04 
 8.91319291e-08  0.00000000e+00  1.87216533e-07 -1.41262943e-04 
 8.91485602e-08  0.00000000e+00 -6.20664006e-08 -1.78979952e-04 
 8.91665741e-08  0.00000000e+00  1.87073455e-07 -1.73089350e-04 
 8.91858419e-08  0.00000000e+00 -6.19339738e-08 -1.56157739e-04 
 8.92029304e-08  0.00000000e+00  1.86937798e-07 -1.64324590e-04 
 8.92213456e-08  0.00000000e+00 -6.17957854e-08 -1.44893986e-04 
 8.92379763e-08  0.00000000e+00  1.86798124e-07 -1.75360623e-04 
 8.92559901e-08  0.00000000e+00 -6.16550619e-08 -1.76700515e-04 
 8.92752581e-08  0.00000000e+00  1.86667823e-07 -1.52558738e-04 
 8.92923469e-08  0.00000000e+00 -6.15215407e-08 -1.67910436e-04 
 8.93107621e-08  0.00000000e+00  1.86531772e-07 -1.41314825e-04 
 8.93273923e-08  0.00000000e+00 -6.13839820e-08 -1.78929234e-04 
 8.93454062e-08  0.00000000e+00  1.86393146e-07 -1.73144135e-04 
 8.93646742e-08  0.00000000e+00 -6.12555800e-08 -1.56108005e-04 
 8.93817634e-08  0.00000000e+00  1.86261539e-07 -1.64369694e-04 
 8.94001786e-08  0.00000000e+00 -6.11214561e-08 -1.44842441e-04 
 8.94168084e-08  0.00000000e+00  1.86125864e-07 -1.75413139e-04 
 8.94348223e-08  0.00000000e+00 -6.09847017e-08 -1.76651983e-04 
 8.94540903e-08  0.00000000e+00  1.85999176e-07 -1.52611945e-04 
 8.94711798e-08  0.00000000e+00 -6.08547884e-08 -1.67852969e-04 
 8.94895951e-08  0.00000000e+00  1.85866759e-07 -1.41366057e-04 
 8.95062244e-08  0.00000000e+00 -6.07208295e-08 -1.78879061e-04 
 8.95242384e-08  0.00000000e+00  1.85731678e-07 -1.73197960e-04 
 8.95435065e-08  0.00000000e+00 -6.05956530e-08 -1.56058735e-04 
 8.95605963e-08  0.00000000e+00  1.85603313e-07 -1.64415667e-04 
 8.95790114e-08  0.00000000e+00 -6.04647804e-08 -1.44791569e-04 
 8.95956402e-08  0.00000000e+00  1.85470868e-07 -1.75463576e-04 
 8.96136542e-08  0.00000000e+00 -6.03312035e-08 -1.76605752e-04 
 8.96329225e-08  0.00000000e+00  1.85347069e-07 -1.52663984e-04 
 8.96500131e-08  0.00000000e+00 -6.02042306e-08 -1.67796674e-04 
 8.96684282e-08  0.00000000e+00  1.85217586e-07 -1.41416471e-04 
 8.96850567e-08  0.00000000e+00 -6.00731460e-08 -1.78828675e-04 
 8.97030707e-08  0.00000000e+00  1.85085368e-07 -1.73252902e-04 
 8.97223391e-08  0.00000000e+00 -5.99505925e-08 -1.56010284e-04 
 8.97394300e-08  0.00000000e+00  1.84959636e-07 -1.64458278e-04 
 8.97578452e-08  0.00000000e+00 -5.98223527e-08 -1.44741360e-04 
 8.97744730e-08  0.00000000e+00  1.84829784e-07 -1.75515214e-04 
 8.97924871e-08  0.00000000e+00 -5.96913620e-08 -1.76558756e-04 
 8.98117555e-08  0.00000000e+00  1.84708355e-07 -1.52716327e-04 
 8.98288468e-08  0.00000000e+00 -5.95667659e-08 -1.67739391e-04 
 8.98472620e-08  0.00000000e+00  1.84581243e-07 -1.41466359e-04 
 8.98638894e-08  0.00000000e+00 -5.94380403e-08 -1.78780056e-04 
 8.98819035e-08  0.00000000e+00  1.84451387e-07 -1.73305857e-04 
 8.99011720e-08  0.00000000e+00 -5.93176135e-08 -1.55962680e-04 
 8.99182635e-08  0.00000000e+00  1.84327787e-07 -1.64500974e-04 
 8.99366788e-08  0.00000000e+00 -5.91915415e-08 -1.44691873e-04 
 8.99533057e-08  0.00000000e+00  1.84200100e-07 -1.75565617e-04 
 8.99713199e-08  0.00000000e+00 -5.90626883e-08 -1.76512576e-04 
 8.99856600e-08  0.00000000e+00  1.84060781e-07 -1.51712093e-04 
 9.00000000e-08  1.58818678e-13 -5.89078106e-08 -1.68665272e-04 
 9.00021707e-08  2.60478509e-02  6.24105996e-08 -1.43167694e-04 
 9.00065120e-08  7.81435528e-02  6.26645446e-08 -1.39107476e-04 
 9.00151946e-08  1.82334957e-01  6.24116545e-08 -1.27061802e-04 
 9.00289805e-08  3.47766294e-01  6.26639836e-08 -1.18541497e-04 
 9.00443410e-08  5.32091484e-01  6.24119558e-08 -1.56521551e-04 
 9.00624939e-08  7.49926663e-01  6.26635867e-08 -1.65106144e-04 
 9.00798619e-08  9.58342714e-01  6.24122161e-08 -1.80576536e-04 
 9.00961278e-08  1.15353329e+00  6.26632551e-08 -2.19302316e-04 
 9.01000000e-08  1.20000000e+00  6.24130105e-08 -2.28080875e-04 
 9.01017880e-08  1.20000000e+00  6.25374856e-08 -2.41144747e-04 
 9.01053640e-08  1.20000000e+00  6.25381106e-08 -2.38924632e-04 
 9.01125160e-08  1.20000000e+00  6.25375248e-08 -2.16587442e-04 
 9.01268199e-08  1.20000000e+00  6.25381072e-08 -2.11757817e-04 
 9.01405788e-08  1.20000000e+00  6.25375300e-08 -2.47829379e-04 
 9.01559826e-08  1.20000000e+00  6.25380907e-08 -2.44713317e-04 
 9.01736656e-08  1.20000000e+00  6.25375294e-08 -2.49368309e-04 
 9.01922246e-08  1.20000000e+00  6.25380840e-08 -2.58868305e-04 
 9.02090539e-08  1.20000000e+00  6.25375440e-08 -2.16378179e-04 
 9.02272142e-08  1.20000000e+00  6.25380721e-08 -2.49568812e-04 
 9.02439648e-08  1.20000000e+00  6.25375476e-08 -2.46779736e-04 
 9.02616556e-08  1.20000000e+00  6.25380751e-08 -2.50537711e-04 
 9.02770218e-08  1.20000000e+00  6.25375528e-08 -2.63155605e-04 
 9.02950444e-08  1.20000000e+00  6.25380651e-08 -2.23560311e-04 
 9.03122056e-08  1.20000000e+00  6.25375539e-08 -2.36501916e-04 
 9.03292419e-08  1.20000000e+00  6.25380502e-08 -2.55491846e-04 
 9.03465062e-08  1.20000000e+00  6.25375664e-08 -2.41915463e-04 
 9.03622496e-08  1.20000000e+00  6.25380468e-08 -2.65539999e-04 
 9.03802453e-08  1.20000000e+00  6.25375647e-08 -2.31210750e-04 
 9.03972239e-08  1.20000000e+00  6.25380429e-08 -2.27992384e-04 
 9.04151221e-08  1.20000000e+00  6.25375806e-08 -2.56220731e-04 
 9.04328047e-08  1.20000000e+00  6.25380493e-08 -2.41497234e-04 
 9.04517042e-08  1.20000000e+00  6.25375748e-08 -2.63866246e-04 
 9.04698069e-08  1.20000000e+00  6.25380356e-08 -2.32900735e-04 
 9.04889743e-08  1.20000000e+00  6.25375916e-08 -2.30317458e-04 
 9.05069913e-08  1.20000000e+00  6.25380454e-08 -2.57346864e-04 
 9.05250231e-08  1.20000000e+00  6.25375930e-08 -2.40692448e-04 
 9.05418608e-08  1.20000000e+00  6.25380301e-08 -2.66873190e-04 
 9.05600202e-08  1.20000000e+00  6.25375881e-08 -2.27549988e-04 
 9.05770329e-08  1.20000000e+00  6.25380240e-08 -2.31651525e-04 
 9.05949826e-08  1.20000000e+00  6.25375902e-08 -2.54798796e-04 
 9.06123389e-08  1.20000000e+00  6.25380203e-08 -2.42767631e-04 
 9.06295366e-08  1.20000000e+00  6.25376024e-08 -2.62606184e-04 
 9.06478691e-08  1.20000000e+00  6.25380235e-08 -2.34887234e-04 
 9.06665669e-08  1.20000000e+00  6.25376038e-08 -2.27593336e-04 
 9.06844885e-08  1.20000000e+00  6.25380145e-08 -2.58528217e-04 
 9.07027697e-08  1.20000000e+00  6.25376093e-08 -2.39404583e-04 
 9.07219643e-08  1.20000000e+00  6.25380186e-08 -2.67738606e-04 
 9.07394180e-08  1.20000000e+00  6.25376053e-08 -2.25724774e-04 
 9.07562483e-08  1.20000000e+00  6.25380024e-08 -2.33595281e-04 
 9.07744823e-08  1.20000000e+00  6.25376110e-08 -2.53658290e-04 
 9.07912522e-08  1.20000000e+00  6.25380058e-08 -2.43592042e-04 
 9.08078192e-08  1.20000000e+00  6.25376091e-08 -2.61961230e-04 
 9.08260920e-08  1.20000000e+00  6.25380077e-08 -2.36506527e-04 
 9.08446913e-08  1.20000000e+00  6.25376226e-08 -2.26053253e-04 
 9.08625621e-08  1.20000000e+00  6.25380030e-08 -2.59102431e-04 
 9.08810041e-08  1.20000000e+00  6.25376230e-08 -2.38568870e-04 
 9.08999104e-08  1.20000000e+00  6.25380002e-08 -2.68104722e-04 
 9.09176870e-08  1.20000000e+00  6.25376203e-08 -2.26180676e-04 
 9.09347175e-08  1.20000000e+00  6.25379952e-08 -2.33483269e-04 
 9.09530482e-08  1.20000000e+00  6.25376208e-08 -2.53310796e-04 
 9.09700038e-08  1.20000000e+00  6.25379888e-08 -2.43866312e-04 
 9.09866876e-08  1.20000000e+00  6.25376199e-08 -2.61931458e-04 
 9.10049818e-08  1.20000000e+00  6.25379997e-08 -2.36095976e-04 
 9.10236679e-08  1.20000000e+00  6.25376355e-08 -2.26591682e-04 
 9.10414433e-08  1.20000000e+00  6.25379922e-08 -2.59151045e-04 
 9.10598608e-08  1.20000000e+00  6.25376278e-08 -2.38419225e-04 
 9.10789012e-08  1.20000000e+00  6.25379863e-08 -2.68545422e-04 
 9.10964723e-08  1.20000000e+00  6.25376335e-08 -2.25541356e-04 
 9.11133617e-08  1.20000000e+00  6.25379867e-08 -2.34031047e-04 
 9.11316446e-08  1.20000000e+00  6.25376389e-08 -2.52759911e-04 
 9.11484943e-08  1.20000000e+00  6.25379879e-08 -2.44248151e-04 
 9.11651174e-08  1.20000000e+00  6.25376291e-08 -2.61332460e-04 
 9.11834034e-08  1.20000000e+00  6.25379857e-08 -2.37246443e-04 
 9.12020025e-08  1.20000000e+00  6.25376471e-08 -2.25466188e-04 
 9.12198842e-08  1.20000000e+00  6.25379824e-08 -2.59663449e-04 
 9.12383189e-08  1.20000000e+00  6.25376289e-08 -2.37737389e-04 
 9.12572961e-08  1.20000000e+00  6.25379825e-08 -2.69083457e-04 
 9.12749918e-08  1.20000000e+00  6.25376441e-08 -2.25308371e-04 
 9.12919727e-08  1.20000000e+00  6.25379833e-08 -2.34477895e-04 
 9.13102962e-08  1.20000000e+00  6.25376455e-08 -2.52168255e-04 
 9.13272155e-08  1.20000000e+00  6.25379794e-08 -2.44733746e-04 
 9.13438463e-08  1.20000000e+00  6.25376363e-08 -2.61002389e-04 
 9.13621328e-08  1.20000000e+00  6.25379716e-08 -2.37456071e-04 
 9.13807692e-08  1.20000000e+00  6.25376450e-08 -2.25347856e-04 
 9.13985933e-08  1.20000000e+00  6.25379791e-08 -2.59985521e-04 
 9.14170291e-08  1.20000000e+00  6.25376431e-08 -2.37308503e-04 
 9.14360561e-08  1.20000000e+00  6.25379717e-08 -2.69628745e-04 
 9.14536672e-08  1.20000000e+00  6.25376447e-08 -2.24761044e-04 
 9.14705863e-08  1.20000000e+00  6.25379712e-08 -2.35013857e-04 
 9.14888965e-08  1.20000000e+00  6.25376476e-08 -2.51561604e-04 
 9.15057737e-08  1.20000000e+00  6.25379781e-08 -2.45208933e-04 
 9.15223798e-08  1.20000000e+00  6.25376463e-08 -2.60433676e-04 
 9.15406642e-08  1.20000000e+00  6.25379692e-08 -2.38320194e-04 
 9.15592568e-08  1.20000000e+00  6.25376471e-08 -2.24523019e-04 
 9.15771359e-08  1.20000000e+00  6.25379582e-08 -2.60494492e-04 
 9.15955795e-08  1.20000000e+00  6.25376634e-08 -2.36670494e-04 
 9.16145867e-08  1.20000000e+00  6.25379715e-08 -2.70219022e-04 
 9.16322472e-08  1.20000000e+00  6.25376303e-08 -2.24344549e-04 
 9.16492152e-08  1.20000000e+00  6.25380545e-08 -2.35570419e-04 
 9.16675397e-08  1.20000000e+00  6.25375370e-08 -2.50927924e-04 
 9.16844507e-08  1.20000000e+00  6.25380431e-08 -2.45742343e-04 
 9.17010488e-08  1.20000000e+00  6.25378760e-08 -2.59987250e-04 
 9.17193301e-08  1.20000000e+00  6.25371608e-08 -2.38764659e-04 
 9.17379366e-08  1.20000000e+00  6.25390694e-08 -2.24144326e-04 
 9.17557886e-08  1.20000000e+00  6.25366596e-08 -2.60922741e-04 
 9.17742358e-08  1.20000000e+00  6.25365269e-08 -2.36145383e-04 
 9.17932669e-08  1.20000000e+00  6.25459090e-08 -2.70801384e-04 
 9.18108879e-08  1.20000000e+00  6.25202369e-08 -2.23812835e-04 
 9.18278310e-08  1.20000000e+00  6.25586749e-08 -2.36127116e-04 
 9.18461511e-08  1.20000000e+00  6.25267516e-08 -2.50304982e-04 
 9.18630453e-08  1.20000000e+00  6.24738613e-08 -2.46258249e-04 
 9.18796277e-08  1.20000000e+00  6.27614772e-08 -2.59436756e-04 
 9.18979072e-08  1.20000000e+00  6.22827927e-08 -2.39496131e-04 
 9.19164899e-08  1.20000000e+00  6.26710453e-08 -2.23453026e-04 
 9.19343702e-08  1.20000000e+00  6.28952087e-08 -2.61431048e-04 
 9.19528226e-08  1.20000000e+00  5.99629715e-08 -2.35534059e-04 
 9.19718484e-08  1.20000000e+00  6.67600742e-08 -2.71399447e-04 
 9.19894892e-08  1.20000000e+00  6.18548282e-08 -2.23334136e-04 
 9.20064559e-08  1.20000000e+00  6.53021629e-08 -2.36694760e-04 
 9.20247839e-08  1.20000000e+00  7.41772845e-08 -2.49674776e-04 
 9.20416940e-08  1.20000000e+00 -1.74426097e-08 -2.46799468e-04 
 9.20582671e-08  1.20000000e+00  7.14264515e-08 -2.58943512e-04 
 9.20765443e-08  1.20000000e+00  1.31156006e-07 -2.40034400e-04 
 9.20951291e-08  1.20000000e+00  2.22418448e-07 -2.22962913e-04 
 9.21130001e-08  1.20000000e+00  1.03124008e-06 -2.61903765e-04 
 9.21314556e-08  1.20000000e+00 -1.64300299e-06 -2.34975141e-04 
 9.21504950e-08  1.20000000e+00 -3.58934919e-06 -2.71990469e-04 
 9.21681166e-08  1.20000000e+00 -2.47299918e-06 -2.22807303e-04 
 9.21850743e-08  1.20000000e+00  7.37489012e-06 -2.37262321e-04 
 9.22034020e-08  1.20000000e+00  5.50846814e-05 -2.49072533e-04 
 9.22203057e-08  1.20000000e+00  2.42763535e-05 -2.47286852e-04 
 9.22368666e-08  1.20000000e+00 -1.36338177e-04 -2.58366292e-04 
 9.22551422e-08  1.20000000e+00 -3.98786620e-04 -2.40634222e-04 
 9.22737128e-08  1.20000000e+00 -4.11243812e-04 -2.22440268e-04 
 9.22915992e-08  1.20000000e+00  1.82280160e-03 -2.63461117e-04 
 9.23100582e-08  1.20000000e+00  5.06822363e-03 -2.34478581e-04 
 9.23290990e-08  1.20000000e+00  6.64256842e-04 -2.69990156e-04 
 9.23467176e-08  1.20000000e+00 -2.01996386e-02 -2.14740718e-04 
 9.23636835e-08  1.20000000e+00 -4.71030880e-02 -2.29922968e-04 
 9.23779187e-08  1.20000000e+00 -2.77842227e-02 -2.77966874e-04 
 9.23944097e-08  1.20000000e+00  8.76940308e-02 -3.15328685e-04 
 9.24108928e-08  1.20000000e+00  2.54533980e-01 -3.05412979e-04 
 9.24273221e-08  1.20000000e+00  4.23097623e-01 -2.87522392e-04 
 9.24440372e-08  1.20000000e+00  5.86628241e-01 -2.27503826e-04 
 9.24616893e-08  1.20000000e+00  7.44239568e-01 -2.49833322e-04 
 9.24790792e-08  1.20000000e+00  8.76986580e-01 -2.47432974e-04 
 9.24966924e-08  1.20000000e+00  9.82848006e-01 -2.59106623e-04 
 9.25129982e-08  1.20000000e+00  1.05470521e+00 -2.13161693e-04 
 9.25311532e-08  1.20000000e+00  1.10966574e+00 -1.64359893e-04 
 9.25480487e-08  1.20000000e+00  1.14288273e+00 -1.54687040e-04 
 9.25655285e-08  1.20000000e+00  1.16484300e+00 -1.90971432e-04 
 9.25825701e-08  1.20000000e+00  1.17823191e+00 -1.92085738e-04 
 9.25986568e-08  1.20000000e+00  1.18618732e+00 -1.94103799e-04 
 9.26177641e-08  1.20000000e+00  1.19201051e+00 -1.30141314e-04 
 9.26351810e-08  1.20000000e+00  1.19514289e+00 -1.45952072e-04 
 9.26525859e-08  1.20000000e+00  1.19705316e+00 -1.65637584e-04 
 9.26699803e-08  1.20000000e+00  1.19820828e+00 -1.95585083e-04 
 9.26872615e-08  1.20000000e+00  1.19891142e+00 -1.79117621e-04 
 9.27064719e-08  1.20000000e+00  1.19937214e+00 -1.41345242e-04 
 9.27247319e-08  1.20000000e+00  1.19963122e+00 -1.32203214e-04 
 9.27421417e-08  1.20000000e+00  1.19977394e+00 -1.76771868e-04 
 9.27598826e-08  1.20000000e+00  1.19986656e+00 -1.83607742e-04 
 9.27773660e-08  1.20000000e+00  1.19991694e+00 -1.89634447e-04 
 9.27964729e-08  1.20000000e+00  1.19995428e+00 -1.28454856e-04 
 9.28147631e-08  1.20000000e+00  1.19997080e+00 -1.44697340e-04 
 9.28320807e-08  1.20000000e+00  1.19998433e+00 -1.65547228e-04 
 9.28497803e-08  1.20000000e+00  1.19998846e+00 -1.95560314e-04 
 9.28669075e-08  1.20000000e+00  1.19999493e+00 -1.77850651e-04 
 9.28860380e-08  1.20000000e+00  1.19999508e+00 -1.39737809e-04 
 9.29041644e-08  1.20000000e+00  1.19999896e+00 -1.33376853e-04 
 9.29214686e-08  1.20000000e+00  1.19999741e+00 -1.76570574e-04 
 9.29391329e-08  1.20000000e+00  1.20000025e+00 -1.84383562e-04 
 9.29562785e-08  1.20000000e+00  1.19999828e+00 -1.88870221e-04 
 9.29754077e-08  1.20000000e+00  1.20000070e+00 -1.29153232e-04 
 9.29935695e-08  1.20000000e+00  1.19999864e+00 -1.44078441e-04 
 9.30108702e-08  1.20000000e+00  1.20000083e+00 -1.65714730e-04 
 9.30285632e-08  1.20000000e+00  1.19999879e+00 -1.95027534e-04 
 9.30457716e-08  1.20000000e+00  1.20000084e+00 -1.78156753e-04 
 9.30648834e-08  1.20000000e+00  1.19999887e+00 -1.39783383e-04 
 9.30830863e-08  1.20000000e+00  1.20000083e+00 -1.33699566e-04 
 9.31003717e-08  1.20000000e+00  1.19999893e+00 -1.76067851e-04 
 9.31180831e-08  1.20000000e+00  1.20000079e+00 -1.84815802e-04 
 9.31352720e-08  1.20000000e+00  1.19999897e+00 -1.88203777e-04 
 9.31543780e-08  1.20000000e+00  1.20000076e+00 -1.29718581e-04 
 9.31725807e-08  1.20000000e+00  1.19999901e+00 -1.43813612e-04 
 9.31898535e-08  1.20000000e+00  1.20000072e+00 -1.66035056e-04 
 9.32075719e-08  1.20000000e+00  1.19999905e+00 -1.94792687e-04 
 9.32247468e-08  1.20000000e+00  1.20000068e+00 -1.78215664e-04 
 9.32438486e-08  1.20000000e+00  1.19999908e+00 -1.39643621e-04 
 9.32620568e-08  1.20000000e+00  1.20000065e+00 -1.34082778e-04 
 9.32793194e-08  1.20000000e+00  1.19999911e+00 -1.75661178e-04 
 9.32970485e-08  1.20000000e+00  1.20000062e+00 -1.85215859e-04 
 9.33142241e-08  1.20000000e+00  1.19999915e+00 -1.87634379e-04 
 9.33333196e-08  1.20000000e+00  1.20000059e+00 -1.30281154e-04 
 9.33515399e-08  1.20000000e+00  1.19999917e+00 -1.43519948e-04 
 9.33687917e-08  1.20000000e+00  1.20000056e+00 -1.66266679e-04 
 9.33865328e-08  1.20000000e+00  1.19999920e+00 -1.94550435e-04 
 9.34037054e-08  1.20000000e+00  1.20000053e+00 -1.78270915e-04 
 9.34227950e-08  1.20000000e+00  1.19999923e+00 -1.39571707e-04 
 9.34410248e-08  1.20000000e+00  1.20000051e+00 -1.34413814e-04 
 9.34582659e-08  1.20000000e+00  1.19999925e+00 -1.75301587e-04 
 9.34760178e-08  1.20000000e+00  1.20000048e+00 -1.85574825e-04 
 9.34931849e-08  1.20000000e+00  1.19999928e+00 -1.87103215e-04 
 9.35122694e-08  1.20000000e+00  1.20000046e+00 -1.30773903e-04 
 9.35305074e-08  1.20000000e+00  1.19999930e+00 -1.43284575e-04 
 9.35477384e-08  1.20000000e+00  1.20000044e+00 -1.66468593e-04 
 9.35655006e-08  1.20000000e+00  1.19999932e+00 -1.94355926e-04 
 9.35826634e-08  1.20000000e+00  1.20000042e+00 -1.78289401e-04 
 9.36017428e-08  1.20000000e+00  1.19999934e+00 -1.39527331e-04 
 9.36199895e-08  1.20000000e+00  1.20000040e+00 -1.34702959e-04 
 9.36372106e-08  1.20000000e+00  1.19999936e+00 -1.74983554e-04 
 9.36549833e-08  1.20000000e+00  1.20000038e+00 -1.85889097e-04 
 9.36721419e-08  1.20000000e+00  1.19999938e+00 -1.86622702e-04 
 9.36912163e-08  1.20000000e+00  1.20000036e+00 -1.31222521e-04 
 9.37094715e-08  1.20000000e+00  1.19999940e+00 -1.43084248e-04 
 9.37266831e-08  1.20000000e+00  1.20000034e+00 -1.66634257e-04 
 9.37444659e-08  1.20000000e+00  1.19999942e+00 -1.94194819e-04 
 9.37616200e-08  1.20000000e+00  1.20000033e+00 -1.78279286e-04 
 9.37806898e-08  1.20000000e+00  1.19999943e+00 -1.39510233e-04 
 9.37989530e-08  1.20000000e+00  1.20000031e+00 -1.34956594e-04 
 9.38161554e-08  1.20000000e+00  1.19999945e+00 -1.74704648e-04 
 9.38339481e-08  1.20000000e+00  1.20000030e+00 -1.86166435e-04 
 9.38510977e-08  1.20000000e+00  1.19999946e+00 -1.86183988e-04 
 9.38701630e-08  1.20000000e+00  1.20000028e+00 -1.31627215e-04 
 9.38884341e-08  1.20000000e+00  1.19999947e+00 -1.42917926e-04 
 9.39056275e-08  1.20000000e+00  1.20000027e+00 -1.66769608e-04 
 9.39234299e-08  1.20000000e+00  1.19999949e+00 -1.94064375e-04 
 9.39405749e-08  1.20000000e+00  1.20000026e+00 -1.78244296e-04 
 9.39596360e-08  1.20000000e+00  1.19999950e+00 -1.39516942e-04 
 9.39779148e-08  1.20000000e+00  1.20000025e+00 -1.35177835e-04 
 9.39950995e-08  1.20000000e+00  1.19999951e+00 -1.74459831e-04 
 9.40129113e-08  1.20000000e+00  1.20000023e+00 -1.86410158e-04 
 9.40300518e-08  1.20000000e+00  1.19999952e+00 -1.85783452e-04 
 9.40491088e-08  1.20000000e+00  1.20000022e+00 -1.31993546e-04 
 9.40673951e-08  1.20000000e+00  1.19999953e+00 -1.42781016e-04 
 9.40845713e-08  1.20000000e+00  1.20000021e+00 -1.66878260e-04 
 9.41023924e-08  1.20000000e+00  1.19999954e+00 -1.93960584e-04 
 9.41195283e-08  1.20000000e+00  1.20000020e+00 -1.78187885e-04 
 9.41385814e-08  1.20000000e+00  1.19999955e+00 -1.39543893e-04 
 9.41568749e-08  1.20000000e+00  1.20000019e+00 -1.35370806e-04 
 9.41740429e-08  1.20000000e+00  1.19999956e+00 -1.74245285e-04 
 9.41918732e-08  1.20000000e+00  1.20000018e+00 -1.86624399e-04 
 9.42090045e-08  1.20000000e+00  1.19999957e+00 -1.85416775e-04 
 9.42280537e-08  1.20000000e+00  1.20000018e+00 -1.32325659e-04 
 9.42463543e-08  1.20000000e+00  1.19999958e+00 -1.42669788e-04 
 9.42635144e-08  1.20000000e+00  1.20000017e+00 -1.66963791e-04 
 9.42813536e-08  1.20000000e+00  1.19999959e+00 -1.93879871e-04 
 9.42984802e-08  1.20000000e+00  1.20000016e+00 -1.78113375e-04 
 9.43175259e-08  1.20000000e+00  1.19999960e+00 -1.39588069e-04 
 9.43358334e-08  1.20000000e+00  1.20000015e+00 -1.35538965e-04 
 9.43529857e-08  1.20000000e+00  1.19999960e+00 -1.74057295e-04 
 9.43708336e-08  1.20000000e+00  1.20000015e+00 -1.86812712e-04 
 9.43879556e-08  1.20000000e+00  1.19999961e+00 -1.85080168e-04 
 9.44069978e-08  1.20000000e+00  1.20000014e+00 -1.32627499e-04 
 9.44253120e-08  1.20000000e+00  1.19999962e+00 -1.42580815e-04 
 9.44424568e-08  1.20000000e+00  1.20000013e+00 -1.67029419e-04 
 9.44603133e-08  1.20000000e+00  1.19999962e+00 -1.93819022e-04 
 9.44774306e-08  1.20000000e+00  1.20000013e+00 -1.78023687e-04 
 9.44964695e-08  1.20000000e+00  1.19999963e+00 -1.39646680e-04 
 9.45147902e-08  1.20000000e+00  1.20000012e+00 -1.35685510e-04 
 9.45319277e-08  1.20000000e+00  1.19999963e+00 -1.73892552e-04 
 9.45497926e-08  1.20000000e+00  1.20000012e+00 -1.86978345e-04 
 9.45669052e-08  1.20000000e+00  1.19999964e+00 -1.84770179e-04 
 9.45859410e-08  1.20000000e+00  1.20000011e+00 -1.32902605e-04 
 9.46042680e-08  1.20000000e+00  1.19999964e+00 -1.42511030e-04 
 9.46213985e-08  1.20000000e+00  1.20000010e+00 -1.67078014e-04 
 9.46392715e-08  1.20000000e+00  1.19999965e+00 -1.93775160e-04 
 9.46563794e-08  1.20000000e+00  1.20000010e+00 -1.77921426e-04 
 9.46754122e-08  1.20000000e+00  1.19999965e+00 -1.39717276e-04 
 9.46937454e-08  1.20000000e+00  1.20000010e+00 -1.35813287e-04 
 9.47108690e-08  1.20000000e+00  1.19999966e+00 -1.73748089e-04 
 9.47287501e-08  1.20000000e+00  1.20000009e+00 -1.87124191e-04 
 9.47458533e-08  1.20000000e+00  1.19999966e+00 -1.84483273e-04 
 9.47648832e-08  1.20000000e+00  1.20000009e+00 -1.33154308e-04 
 9.47832221e-08  1.20000000e+00  1.19999967e+00 -1.42457174e-04 
 9.48003391e-08  1.20000000e+00  1.20000008e+00 -1.67110710e-04 
 9.48182276e-08  1.20000000e+00  1.19999967e+00 -1.93745434e-04 
 9.48353261e-08  1.20000000e+00  1.20000008e+00 -1.77808155e-04 
 9.48543532e-08  1.20000000e+00  1.19999967e+00 -1.39801143e-04 
 9.48726983e-08  1.20000000e+00  1.20000008e+00 -1.35922871e-04 
 9.48898087e-08  1.20000000e+00  1.19999968e+00 -1.73619090e-04 
 9.49077052e-08  1.20000000e+00  1.20000007e+00 -1.87251894e-04 
 9.49247997e-08  1.20000000e+00  1.19999968e+00 -1.84216503e-04 
 9.49438240e-08  1.20000000e+00  1.20000007e+00 -1.33388959e-04 
 9.49621752e-08  1.20000000e+00  1.19999968e+00 -1.42417519e-04 
 9.49792791e-08  1.20000000e+00  1.20000007e+00 -1.67131357e-04 
 9.49971834e-08  1.20000000e+00  1.19999969e+00 -1.93728727e-04 
 9.50142730e-08  1.20000000e+00  1.20000006e+00 -1.77684424e-04 
 9.50332948e-08  1.20000000e+00  1.19999969e+00 -1.39891082e-04 
 9.50516515e-08  1.20000000e+00  1.20000006e+00 -1.36021471e-04 
 9.50687492e-08  1.20000000e+00  1.19999969e+00 -1.73507475e-04 
 9.50866610e-08  1.20000000e+00  1.20000006e+00 -1.87366689e-04 
 9.51037457e-08  1.20000000e+00  1.19999969e+00 -1.83966273e-04 
 9.51227651e-08  1.20000000e+00  1.20000006e+00 -1.33603026e-04 
 9.51411272e-08  1.20000000e+00  1.19999970e+00 -1.42390898e-04 
 9.51582189e-08  1.20000000e+00  1.20000005e+00 -1.67142422e-04 
 9.51761380e-08  1.20000000e+00  1.19999970e+00 -1.93722494e-04 
 9.51932181e-08  1.20000000e+00  1.20000005e+00 -1.77554620e-04 
 9.52122350e-08  1.20000000e+00  1.19999970e+00 -1.39987759e-04 
 9.52306025e-08  1.20000000e+00  1.20000005e+00 -1.36107264e-04 
 9.52476883e-08  1.20000000e+00  1.19999970e+00 -1.73408677e-04 
 9.52656147e-08  1.20000000e+00  1.20000005e+00 -1.87467940e-04 
 9.52826901e-08  1.20000000e+00  1.19999971e+00 -1.83732803e-04 
 9.53017048e-08  1.20000000e+00  1.20000004e+00 -1.33801254e-04 
 9.53200775e-08  1.20000000e+00  1.19999971e+00 -1.42374304e-04 
 9.53371576e-08  1.20000000e+00  1.20000004e+00 -1.67144804e-04 
 9.53550911e-08  1.20000000e+00  1.19999971e+00 -1.93724843e-04 
 9.53721618e-08  1.20000000e+00  1.20000004e+00 -1.77419670e-04 
 9.53911743e-08  1.20000000e+00  1.19999971e+00 -1.40089111e-04 
 9.54095521e-08  1.20000000e+00  1.20000004e+00 -1.36182805e-04 
 9.54266267e-08  1.20000000e+00  1.19999971e+00 -1.73321604e-04 
 9.54445670e-08  1.20000000e+00  1.20000004e+00 -1.87557971e-04 
 9.54616331e-08  1.20000000e+00  1.19999971e+00 -1.83513719e-04 
 9.54806436e-08  1.20000000e+00  1.20000004e+00 -1.33985130e-04 
 9.54990263e-08  1.20000000e+00  1.19999972e+00 -1.42366309e-04 
 9.55160954e-08  1.20000000e+00  1.20000003e+00 -1.67140016e-04 
 9.55340426e-08  1.20000000e+00  1.19999972e+00 -1.93734296e-04 
 9.55511040e-08  1.20000000e+00  1.20000003e+00 -1.77280973e-04 
 9.55701125e-08  1.20000000e+00  1.19999972e+00 -1.40194218e-04 
 9.55885001e-08  1.20000000e+00  1.20000003e+00 -1.36249351e-04 
 9.56055640e-08  1.20000000e+00  1.19999972e+00 -1.73244546e-04 
 9.56235178e-08  1.20000000e+00  1.20000003e+00 -1.87638160e-04 
 9.56405746e-08  1.20000000e+00  1.19999972e+00 -1.83307427e-04 
 9.56595812e-08  1.20000000e+00  1.20000003e+00 -1.34156417e-04 
 9.56779735e-08  1.20000000e+00  1.19999972e+00 -1.42365568e-04 
 9.56950323e-08  1.20000000e+00  1.20000003e+00 -1.67129297e-04 
 9.57129927e-08  1.20000000e+00  1.19999972e+00 -1.93749650e-04 
 9.57300448e-08  1.20000000e+00  1.20000003e+00 -1.77139501e-04 
 9.57490497e-08  1.20000000e+00  1.19999973e+00 -1.40302050e-04 
 9.57674465e-08  1.20000000e+00  1.20000002e+00 -1.36308219e-04 
 9.57845003e-08  1.20000000e+00  1.19999973e+00 -1.73176202e-04 
 9.58024672e-08  1.20000000e+00  1.20000002e+00 -1.87709833e-04 
 9.58195147e-08  1.20000000e+00  1.19999973e+00 -1.83112451e-04 
 9.58385178e-08  1.20000000e+00  1.20000002e+00 -1.34316593e-04 
 9.58569191e-08  1.20000000e+00  1.19999973e+00 -1.42370918e-04 
 9.58739682e-08  1.20000000e+00  1.20000002e+00 -1.67113694e-04 
 9.58919413e-08  1.20000000e+00  1.19999973e+00 -1.93769844e-04 
 9.59089842e-08  1.20000000e+00  1.20000002e+00 -1.76996123e-04 
 9.59279857e-08  1.20000000e+00  1.19999973e+00 -1.40411812e-04 
 9.59463914e-08  1.20000000e+00  1.20000002e+00 -1.36360493e-04 
 9.59634357e-08  1.20000000e+00  1.19999973e+00 -1.73115408e-04 
 9.59814150e-08  1.20000000e+00  1.20000002e+00 -1.87774112e-04 
 9.59984534e-08  1.20000000e+00  1.19999973e+00 -1.82927507e-04 
 9.60174533e-08  1.20000000e+00  1.20000002e+00 -1.34466954e-04 
 9.60358633e-08  1.20000000e+00  1.19999973e+00 -1.42381374e-04 
 9.60529030e-08  1.20000000e+00  1.20000002e+00 -1.67094107e-04 
 9.60708884e-08  1.20000000e+00  1.19999973e+00 -1.93793984e-04 
 9.60879222e-08  1.20000000e+00  1.20000002e+00 -1.76851548e-04 
 9.61069207e-08  1.20000000e+00  1.19999974e+00 -1.40522829e-04 
 9.61253348e-08  1.20000000e+00  1.20000002e+00 -1.36407119e-04 
 9.61423701e-08  1.20000000e+00  1.19999974e+00 -1.73061162e-04 
 9.61603614e-08  1.20000000e+00  1.20000001e+00 -1.87831972e-04 
 9.61773907e-08  1.20000000e+00  1.19999974e+00 -1.82751472e-04 
 9.61963877e-08  1.20000000e+00  1.20000001e+00 -1.34608632e-04 
 9.62148059e-08  1.20000000e+00  1.19999974e+00 -1.42396094e-04 
 9.62318368e-08  1.20000000e+00  1.20000001e+00 -1.67071293e-04 
 9.62498340e-08  1.20000000e+00  1.19999974e+00 -1.93821313e-04 
 9.62668589e-08  1.20000000e+00  1.20000001e+00 -1.76706359e-04 
 9.62858545e-08  1.20000000e+00  1.19999974e+00 -1.40634547e-04 
 9.63042767e-08  1.20000000e+00  1.20000001e+00 -1.36448908e-04 
 9.63213034e-08  1.20000000e+00  1.19999974e+00 -1.73012602e-04 
 9.63393063e-08  1.20000000e+00  1.20000001e+00 -1.87884252e-04 
 9.63563267e-08  1.20000000e+00  1.19999974e+00 -1.82583361e-04 
 9.63753211e-08  1.20000000e+00  1.20000001e+00 -1.34742617e-04 
 9.63937471e-08  1.20000000e+00  1.19999974e+00 -1.42414360e-04 
 9.64107697e-08  1.20000000e+00  1.20000001e+00 -1.67045897e-04 
 9.64287782e-08  1.20000000e+00  1.19999974e+00 -1.93851187e-04 
 9.64457942e-08  1.20000000e+00  1.20000001e+00 -1.76561035e-04 
 9.64647873e-08  1.20000000e+00  1.19999974e+00 -1.40746513e-04 
 9.64832171e-08  1.20000000e+00  1.20000001e+00 -1.36486555e-04 
 9.65002357e-08  1.20000000e+00  1.19999974e+00 -1.72968983e-04 
 9.65182498e-08  1.20000000e+00  1.20000001e+00 -1.87931677e-04 
 9.65352613e-08  1.20000000e+00  1.19999974e+00 -1.82422310e-04 
 9.65542533e-08  1.20000000e+00  1.20000001e+00 -1.34869773e-04 
 9.65726867e-08  1.20000000e+00  1.19999974e+00 -1.42435564e-04 
 9.65897014e-08  1.20000000e+00  1.20000001e+00 -1.67018459e-04 
 9.66077209e-08  1.20000000e+00  1.19999974e+00 -1.93883068e-04 
 9.66247282e-08  1.20000000e+00  1.20000001e+00 -1.76415959e-04 
 9.66437189e-08  1.20000000e+00  1.19999974e+00 -1.40858359e-04 
 9.66621560e-08  1.20000000e+00  1.20000001e+00 -1.36520658e-04 
 9.66791669e-08  1.20000000e+00  1.19999974e+00 -1.72929664e-04 
 9.66971918e-08  1.20000000e+00  1.20000001e+00 -1.87974870e-04 
 9.67141946e-08  1.20000000e+00  1.19999975e+00 -1.82267564e-04 
 9.67331843e-08  1.20000000e+00  1.20000001e+00 -1.34990856e-04 
 9.67516250e-08  1.20000000e+00  1.19999975e+00 -1.42459192e-04 
 9.67686321e-08  1.20000000e+00  1.20000000e+00 -1.66989435e-04 
 9.67866623e-08  1.20000000e+00  1.19999975e+00 -1.93916499e-04 
 9.68036608e-08  1.20000000e+00  1.20000000e+00 -1.76271437e-04 
 9.68226495e-08  1.20000000e+00  1.19999975e+00 -1.40969792e-04 
 9.68410936e-08  1.20000000e+00  1.20000000e+00 -1.36551729e-04 
 9.68580971e-08  1.20000000e+00  1.19999975e+00 -1.72894092e-04 
 9.68761324e-08  1.20000000e+00  1.20000000e+00 -1.88014369e-04 
 9.68931266e-08  1.20000000e+00  1.19999975e+00 -1.82118454e-04 
 9.69121143e-08  1.20000000e+00  1.20000000e+00 -1.35106528e-04 
 9.69305618e-08  1.20000000e+00  1.19999975e+00 -1.42484808e-04 
 9.69475618e-08  1.20000000e+00  1.20000000e+00 -1.66959205e-04 
 9.69656022e-08  1.20000000e+00  1.19999975e+00 -1.93951101e-04 
 9.69825921e-08  1.20000000e+00  1.20000000e+00 -1.76127710e-04 
 9.70015789e-08  1.20000000e+00  1.19999975e+00 -1.41080582e-04 
 9.70200297e-08  1.20000000e+00  1.20000000e+00 -1.36580207e-04 
 9.70370263e-08  1.20000000e+00  1.19999975e+00 -1.72861792e-04 
 9.70550716e-08  1.20000000e+00  1.20000000e+00 -1.88050638e-04 
 9.70720573e-08  1.20000000e+00  1.19999975e+00 -1.81974394e-04 
 9.70910432e-08  1.20000000e+00  1.20000000e+00 -1.35217372e-04 
 9.71094972e-08  1.20000000e+00  1.19999975e+00 -1.42512047e-04 
 9.71264904e-08  1.20000000e+00  1.20000000e+00 -1.66928088e-04 
 9.71445407e-08  1.20000000e+00  1.19999975e+00 -1.93986556e-04 
 9.71615221e-08  1.20000000e+00  1.20000000e+00 -1.75984959e-04 
 9.71805072e-08  1.20000000e+00  1.19999975e+00 -1.41190548e-04 
 9.71989644e-08  1.20000000e+00  1.20000000e+00 -1.36606468e-04 
 9.72159544e-08  1.20000000e+00  1.19999975e+00 -1.72832353e-04 
 9.72340094e-08  1.20000000e+00  1.20000000e+00 -1.88084076e-04 
 9.72509867e-08  1.20000000e+00  1.19999975e+00 -1.81834866e-04 
 9.72699709e-08  1.20000000e+00  1.20000000e+00 -1.35323898e-04 
 9.72884312e-08  1.20000000e+00  1.19999975e+00 -1.42540600e-04 
 9.73054180e-08  1.20000000e+00  1.20000000e+00 -1.66896349e-04 
 9.73234778e-08  1.20000000e+00  1.19999975e+00 -1.94022601e-04 
 9.73404509e-08  1.20000000e+00  1.20000000e+00 -1.75843321e-04 
 9.73594344e-08  1.20000000e+00  1.19999975e+00 -1.41299557e-04 
 9.73778977e-08  1.20000000e+00  1.20000000e+00 -1.36630836e-04 
 9.73948814e-08  1.20000000e+00  1.19999975e+00 -1.72805423e-04 
 9.74129459e-08  1.20000000e+00  1.20000000e+00 -1.88115025e-04 
 9.74299147e-08  1.20000000e+00  1.19999975e+00 -1.81699408e-04 
 9.74488976e-08  1.20000000e+00  1.20000000e+00 -1.35426557e-04 
 9.74673639e-08  1.20000000e+00  1.19999975e+00 -1.42570210e-04 
 9.74843445e-08  1.20000000e+00  1.20000000e+00 -1.66864208e-04 
 9.75024136e-08  1.20000000e+00  1.19999975e+00 -1.94059015e-04 
 9.75193783e-08  1.20000000e+00  1.20000000e+00 -1.75702892e-04 
 9.75383605e-08  1.20000000e+00  1.19999975e+00 -1.41407511e-04 
 9.75568297e-08  1.20000000e+00  1.20000000e+00 -1.36653588e-04 
 9.75738073e-08  1.20000000e+00  1.19999975e+00 -1.72780697e-04 
 9.75918810e-08  1.20000000e+00  1.20000000e+00 -1.88143785e-04 
 9.76088416e-08  1.20000000e+00  1.19999975e+00 -1.81567613e-04 
 9.76278231e-08  1.20000000e+00  1.20000000e+00 -1.35525747e-04 
 9.76462951e-08  1.20000000e+00  1.19999975e+00 -1.42600660e-04 
 9.76632699e-08  1.20000000e+00  1.20000000e+00 -1.66831846e-04 
 9.76813480e-08  1.20000000e+00  1.19999975e+00 -1.94095619e-04 
 9.76983045e-08  1.20000000e+00  1.20000000e+00 -1.75563734e-04 
 9.77172809e-08  1.20000000e+00  1.19999975e+00 -1.41522283e-04 
 9.77357578e-08  1.20000000e+00  1.20000000e+00 -1.36670559e-04 
 9.77527277e-08  1.20000000e+00  1.19999976e+00 -1.72753062e-04 
 9.77708112e-08  1.20000000e+00  1.20000000e+00 -1.88167897e-04 
 9.77877663e-08  1.20000000e+00  1.19999976e+00 -1.81440744e-04 
 9.78067347e-08  1.20000000e+00  1.20000000e+00 -1.35643764e-04 
 9.78252191e-08  1.20000000e+00  1.19999976e+00 -1.42620833e-04 
 9.78421826e-08  1.20000000e+00  1.20000000e+00 -1.66786881e-04 
 9.78602730e-08  1.20000000e+00  1.19999976e+00 -1.94126290e-04 
 9.78772284e-08  1.20000000e+00  1.19999999e+00 -1.75427962e-04 
 9.78961889e-08  1.20000000e+00  1.19999976e+00 -1.41655032e-04 
 9.79146815e-08  1.20000000e+00  1.19999999e+00 -1.36679318e-04 
 9.79316386e-08  1.20000000e+00  1.19999976e+00 -1.72718278e-04 
 9.79497358e-08  1.20000000e+00  1.19999999e+00 -1.88187713e-04 
 9.79666908e-08  1.20000000e+00  1.19999976e+00 -1.81314377e-04 
 9.79856431e-08  1.20000000e+00  1.19999999e+00 -1.35762947e-04 
 9.80041435e-08  1.20000000e+00  1.19999976e+00 -1.42643056e-04 
 9.80210941e-08  1.20000000e+00  1.19999999e+00 -1.66742169e-04 
 9.80391979e-08  1.20000000e+00  1.19999976e+00 -1.94158912e-04 
 9.80561523e-08  1.20000000e+00  1.19999999e+00 -1.75288604e-04 
 9.80750965e-08  1.20000000e+00  1.19999976e+00 -1.41786292e-04 
 9.80936046e-08  1.20000000e+00  1.19999999e+00 -1.36689068e-04 
 9.81105489e-08  1.20000000e+00  1.19999976e+00 -1.72685731e-04 
 9.81286593e-08  1.20000000e+00  1.19999999e+00 -1.88207289e-04 
 9.81456133e-08  1.20000000e+00  1.19999976e+00 -1.81188132e-04 
 9.81645494e-08  1.20000000e+00  1.19999999e+00 -1.35881773e-04 
 9.81830654e-08  1.20000000e+00  1.19999976e+00 -1.42665587e-04 
 9.82000033e-08  1.20000000e+00  1.19999999e+00 -1.66696316e-04 
 9.82181203e-08  1.20000000e+00  1.19999976e+00 -1.94191538e-04 
 9.82350739e-08  1.20000000e+00  1.19999999e+00 -1.75148705e-04 
 9.82540019e-08  1.20000000e+00  1.19999976e+00 -1.41918367e-04 
 9.82725257e-08  1.20000000e+00  1.19999999e+00 -1.36698357e-04 
 9.82894573e-08  1.20000000e+00  1.19999976e+00 -1.72653781e-04 
 9.83075810e-08  1.20000000e+00  1.19999999e+00 -1.88226210e-04 
 9.83245340e-08  1.20000000e+00  1.19999976e+00 -1.81061661e-04 
 9.83434539e-08  1.20000000e+00  1.19999999e+00 -1.35999824e-04 
 9.83619856e-08  1.20000000e+00  1.19999976e+00 -1.42689103e-04 
 9.83789108e-08  1.20000000e+00  1.19999999e+00 -1.66650233e-04 
 9.83970411e-08  1.20000000e+00  1.19999976e+00 -1.94224663e-04 
 9.84139936e-08  1.20000000e+00  1.19999999e+00 -1.75007550e-04 
 9.84329055e-08  1.20000000e+00  1.19999976e+00 -1.42050993e-04 
 9.84514449e-08  1.20000000e+00  1.19999999e+00 -1.36707411e-04 
 9.84683639e-08  1.20000000e+00  1.19999976e+00 -1.72622345e-04 
 9.84865008e-08  1.20000000e+00  1.19999999e+00 -1.88244526e-04 
 9.85034527e-08  1.20000000e+00  1.19999976e+00 -1.80934946e-04 
 9.85223566e-08  1.20000000e+00  1.19999999e+00 -1.36117620e-04 
 9.85409038e-08  1.20000000e+00  1.19999976e+00 -1.42713301e-04 
 9.85578165e-08  1.20000000e+00  1.19999999e+00 -1.66603767e-04 
 9.85759601e-08  1.20000000e+00  1.19999976e+00 -1.94258095e-04 
 9.85929114e-08  1.20000000e+00  1.19999999e+00 -1.74865146e-04 
 9.86118072e-08  1.20000000e+00  1.19999976e+00 -1.42184203e-04 
 9.86303623e-08  1.20000000e+00  1.19999999e+00 -1.36716394e-04 
 9.86472686e-08  1.20000000e+00  1.19999976e+00 -1.72591354e-04 
 9.86654189e-08  1.20000000e+00  1.19999999e+00 -1.88262401e-04 
 9.86823696e-08  1.20000000e+00  1.19999976e+00 -1.80807650e-04 
 9.87012574e-08  1.20000000e+00  1.19999999e+00 -1.36235344e-04 
 9.87198203e-08  1.20000000e+00  1.19999976e+00 -1.42738149e-04 
 9.87367204e-08  1.20000000e+00  1.19999999e+00 -1.66556999e-04 
 9.87548772e-08  1.20000000e+00  1.19999976e+00 -1.94291775e-04 
 9.87718273e-08  1.20000000e+00  1.19999999e+00 -1.74721417e-04 
 9.87907071e-08  1.20000000e+00  1.19999976e+00 -1.42318094e-04 
 9.88092778e-08  1.20000000e+00  1.19999999e+00 -1.36725382e-04 
 9.88261716e-08  1.20000000e+00  1.19999976e+00 -1.72560670e-04 
 9.88443352e-08  1.20000000e+00  1.19999999e+00 -1.88279914e-04 
 9.88612845e-08  1.20000000e+00  1.19999976e+00 -1.80679541e-04 
 9.88801563e-08  1.20000000e+00  1.19999999e+00 -1.36353230e-04 
 9.88987348e-08  1.20000000e+00  1.19999976e+00 -1.42763595e-04 
 9.89156225e-08  1.20000000e+00  1.19999999e+00 -1.66509964e-04 
 9.89337926e-08  1.20000000e+00  1.19999976e+00 -1.94325653e-04 
 9.89507413e-08  1.20000000e+00  1.19999999e+00 -1.74576250e-04 
 9.89696051e-08  1.20000000e+00  1.19999976e+00 -1.42452748e-04 
 9.89881914e-08  1.20000000e+00  1.19999999e+00 -1.36734470e-04 
 9.90050728e-08  1.20000000e+00  1.19999976e+00 -1.72530197e-04 
 9.90232497e-08  1.20000000e+00  1.19999999e+00 -1.88297149e-04 
 9.90401976e-08  1.20000000e+00  1.19999976e+00 -1.80550376e-04 
 9.90590534e-08  1.20000000e+00  1.19999999e+00 -1.36471501e-04 
 9.90776475e-08  1.20000000e+00  1.19999976e+00 -1.42789600e-04 
 9.90945227e-08  1.20000000e+00  1.19999999e+00 -1.66462686e-04 
 9.91127062e-08  1.20000000e+00  1.19999976e+00 -1.94359683e-04 
 9.91296534e-08  1.20000000e+00  1.19999999e+00 -1.74429524e-04 
 9.91485012e-08  1.20000000e+00  1.19999976e+00 -1.42588268e-04 
 9.91671031e-08  1.20000000e+00  1.19999999e+00 -1.36743737e-04 
 9.91839722e-08  1.20000000e+00  1.19999976e+00 -1.72499844e-04 
 9.92021624e-08  1.20000000e+00  1.19999999e+00 -1.88314173e-04 
 9.92191088e-08  1.20000000e+00  1.19999976e+00 -1.80419917e-04 
 9.92379485e-08  1.20000000e+00  1.19999999e+00 -1.36590371e-04 
 9.92565583e-08  1.20000000e+00  1.19999976e+00 -1.42816137e-04 
 9.92734212e-08  1.20000000e+00  1.19999999e+00 -1.66415181e-04 
 9.92916181e-08  1.20000000e+00  1.19999976e+00 -1.94393830e-04 
 9.93085637e-08  1.20000000e+00  1.19999999e+00 -1.74281097e-04 
 9.93273953e-08  1.20000000e+00  1.19999976e+00 -1.42724772e-04 
 9.93460130e-08  1.20000000e+00  1.19999999e+00 -1.36753258e-04 
 9.93628698e-08  1.20000000e+00  1.19999977e+00 -1.72469528e-04 
 9.93810733e-08  1.20000000e+00  1.19999999e+00 -1.88331048e-04 
 9.93980181e-08  1.20000000e+00  1.19999977e+00 -1.80287923e-04 
 9.94168417e-08  1.20000000e+00  1.19999999e+00 -1.36710052e-04 
 9.94354673e-08  1.20000000e+00  1.19999977e+00 -1.42843189e-04 
 9.94523179e-08  1.20000000e+00  1.19999999e+00 -1.66367456e-04 
 9.94705281e-08  1.20000000e+00  1.19999977e+00 -1.94428067e-04 
 9.94874721e-08  1.20000000e+00  1.19999999e+00 -1.74130811e-04 
 9.95062876e-08  1.20000000e+00  1.19999977e+00 -1.42862390e-04 
 9.95249211e-08  1.20000000e+00  1.19999998e+00 -1.36763101e-04 
 9.95417655e-08  1.20000000e+00  1.19999977e+00 -1.72439176e-04 
 9.95599825e-08  1.20000000e+00  1.19999998e+00 -1.88347826e-04 
 9.95769258e-08  1.20000000e+00  1.19999977e+00 -1.80153821e-04 
 9.95957331e-08  1.20000000e+00  1.19999998e+00 -1.36830632e-04 
 9.96143746e-08  1.20000000e+00  1.19999977e+00 -1.42870933e-04 
 9.96312128e-08  1.20000000e+00  1.19999998e+00 -1.66319700e-04 
 9.96494366e-08  1.20000000e+00  1.19999977e+00 -1.94462482e-04 
 9.96663789e-08  1.20000000e+00  1.19999998e+00 -1.73978038e-04 
 9.96851780e-08  1.20000000e+00  1.19999977e+00 -1.43001170e-04 
 9.97038275e-08  1.20000000e+00  1.19999998e+00 -1.36773475e-04 
 9.97206595e-08  1.20000000e+00  1.19999977e+00 -1.72408888e-04 
 9.97388901e-08  1.20000000e+00  1.19999998e+00 -1.88364612e-04 
 9.97558314e-08  1.20000000e+00  1.19999977e+00 -1.80017978e-04 
 9.97746224e-08  1.20000000e+00  1.19999998e+00 -1.36952652e-04 
 9.97932799e-08  1.20000000e+00  1.19999977e+00 -1.42898952e-04 
 9.98101057e-08  1.20000000e+00  1.19999998e+00 -1.66271451e-04 
 9.98283431e-08  1.20000000e+00  1.19999977e+00 -1.94496806e-04 
 9.98452835e-08  1.20000000e+00  1.19999998e+00 -1.73823461e-04 
 9.98640663e-08  1.20000000e+00  1.19999977e+00 -1.43141607e-04 
 9.98827318e-08  1.20000000e+00  1.19999998e+00 -1.36784114e-04 
 9.98995515e-08  1.20000000e+00  1.19999977e+00 -1.72378159e-04 
 9.99177957e-08  1.20000000e+00  1.19999998e+00 -1.88381261e-04 
 9.99347351e-08  1.20000000e+00  1.19999977e+00 -1.79880349e-04 
 9.99535098e-08  1.20000000e+00  1.19999998e+00 -1.37075273e-04 
 9.99721835e-08  1.20000000e+00  1.19999977e+00 -1.42928452e-04 
 9.99889970e-08  1.20000000e+00  1.19999998e+00 -1.66222588e-04 
 1.00007248e-07  1.20000000e+00  1.19999977e+00 -1.94531334e-04 
 1.00024186e-07  1.20000000e+00  1.19999998e+00 -1.73669284e-04 
 1.00042952e-07  1.20000000e+00  1.19999977e+00 -1.43280008e-04 
 1.00059760e-07  1.20000000e+00  1.19999998e+00 -1.35635694e-04 
 1.00077401e-07  1.20000000e+00  1.19999977e+00 -1.71036625e-04 
 1.00088701e-07  1.20000000e+00  1.19999998e+00 -1.79620309e-04 
 1.00100000e-07  1.20000000e+00  1.19999977e+00 -1.92577200e-04 
 1.00102260e-07  1.17288142e+00  1.19999988e+00 -2.03473282e-04 
 1.00106780e-07  1.11864427e+00  1.19999988e+00 -1.99428950e-04 
 1.00115819e-07  1.01016995e+00  1.19999988e+00 -1.81621284e-04 
 1.00130025e-07  8.39703410e-01  1.19999988e+00 -1.59967740e-04 
 1.00145319e-07  6.56171306e-01  1.19999988e+00 -1.57265259e-04 
 1.00161338e-07  4.63945515e-01  1.19999988e+00 -1.96429996e-04 
 1.00178308e-07  2.60304962e-01  1.19999988e+00 -2.29397220e-04 
 1.00189154e-07  1.30152481e-01  1.19999988e+00 -2.51671164e-04 
 1.00200000e-07  0.00000000e+00  1.19999988e+00 -2.56889401e-04 
 1.00202169e-07  0.00000000e+00  1.19999988e+00 -2.33024641e-04 
 1.00206508e-07  0.00000000e+00  1.19999988e+00 -2.34925998e-04 
 1.00215184e-07  0.00000000e+00  1.19999988e+00 -2.32719862e-04 
 1.00229812e-07  0.00000000e+00  1.19999988e+00 -2.25464646e-04 
 1.00245378e-07  0.00000000e+00  1.19999988e+00 -2.37692597e-04 
 1.00262112e-07  0.00000000e+00  1.19999988e+00 -2.74512793e-04 
 1.00280671e-07  0.00000000e+00  1.19999988e+00 -2.43276715e-04 
 1.00298211e-07  0.00000000e+00  1.19999988e+00 -2.40708794e-04 
 1.00316040e-07  0.00000000e+00  1.19999988e+00 -2.19089965e-04 
 1.00333486e-07  0.00000000e+00  1.19999988e+00 -2.43883745e-04 
 1.00351307e-07  0.00000000e+00  1.19999988e+00 -2.68776088e-04 
 1.00368363e-07  0.00000000e+00  1.19999988e+00 -2.54433335e-04 
 1.00386687e-07  0.00000000e+00  1.19999988e+00 -2.34137676e-04 
 1.00403748e-07  0.00000000e+00  1.19999988e+00 -2.28112225e-04 
 1.00421939e-07  0.00000000e+00  1.19999988e+00 -2.33844804e-04 
 1.00439060e-07  0.00000000e+00  1.19999988e+00 -2.76336810e-04 
 1.00456456e-07  0.00000000e+00  1.19999988e+00 -2.49755563e-04 
 1.00474207e-07  0.00000000e+00  1.19999988e+00 -2.41416371e-04 
 1.00491498e-07  0.00000000e+00  1.19999988e+00 -2.21964346e-04 
 1.00509654e-07  0.00000000e+00  1.19999988e+00 -2.36846752e-04 
 1.00526594e-07  0.00000000e+00  1.19999988e+00 -2.69372441e-04 
 1.00544042e-07  0.00000000e+00  1.19999988e+00 -2.60088696e-04 
 1.00561500e-07  0.00000000e+00  1.19999988e+00 -2.33763164e-04 
 1.00579096e-07  0.00000000e+00  1.19999988e+00 -2.30489892e-04 
 1.00596637e-07  0.00000000e+00  1.19999988e+00 -2.25571536e-04 
 1.00613735e-07  0.00000000e+00  1.19999988e+00 -2.75628024e-04 
 1.00631122e-07  0.00000000e+00  1.19999988e+00 -2.56283609e-04 
 1.00648519e-07  0.00000000e+00  1.19999988e+00 -2.40672255e-04 
 1.00666952e-07  0.00000000e+00  1.19999988e+00 -2.24536882e-04 
 1.00683741e-07  0.00000000e+00  1.19999988e+00 -2.30328621e-04 
 1.00701380e-07  0.00000000e+00  1.19999988e+00 -2.66412212e-04 
 1.00718907e-07  0.00000000e+00  1.19999988e+00 -2.65312605e-04 
 1.00736567e-07  0.00000000e+00  1.19999988e+00 -2.34140906e-04 
 1.00753080e-07  0.00000000e+00  1.19999988e+00 -2.34732880e-04 
 1.00770662e-07  0.00000000e+00  1.19999988e+00 -2.22047049e-04 
 1.00787561e-07  0.00000000e+00  1.19999988e+00 -2.65509275e-04 
 1.00806164e-07  0.00000000e+00  1.19999988e+00 -2.62364764e-04 
 1.00824259e-07  0.00000000e+00  1.19999988e+00 -2.40470843e-04 
 1.00840845e-07  0.00000000e+00  1.19999988e+00 -2.30454843e-04 
 1.00858709e-07  0.00000000e+00  1.19999988e+00 -2.27175048e-04 
 1.00876001e-07  0.00000000e+00  1.19999988e+00 -2.56651535e-04 
 1.00895371e-07  0.00000000e+00  1.19999988e+00 -2.69577026e-04 
 1.00913243e-07  0.00000000e+00  1.19999988e+00 -2.34318029e-04 
 1.00929888e-07  0.00000000e+00  1.19999988e+00 -2.36775652e-04 
 1.00947869e-07  0.00000000e+00  1.19999988e+00 -2.20680659e-04 
 1.00965137e-07  0.00000000e+00  1.19999988e+00 -2.62311950e-04 
 1.00984740e-07  0.00000000e+00  1.19999988e+00 -2.63806163e-04 
 1.01002450e-07  0.00000000e+00  1.19999988e+00 -2.40638092e-04 
 1.01019087e-07  0.00000000e+00  1.19999988e+00 -2.30350560e-04 
 1.01037108e-07  0.00000000e+00  1.19999988e+00 -2.26818568e-04 
 1.01054332e-07  0.00000000e+00  1.19999988e+00 -2.55593690e-04 
 1.01071977e-07  0.00000000e+00  1.19999988e+00 -2.71966735e-04 
 1.01090426e-07  0.00000000e+00  1.19999988e+00 -2.35488428e-04 
 1.01107461e-07  0.00000000e+00  1.19999988e+00 -2.37246454e-04 
 1.01125361e-07  0.00000000e+00  1.19999988e+00 -2.20468547e-04 
 1.01143032e-07  0.00000000e+00  1.19999988e+00 -2.59491631e-04 
 1.01160442e-07  0.00000000e+00  1.19999988e+00 -2.67086000e-04 
 1.01178755e-07  0.00000000e+00  1.19999988e+00 -2.42420157e-04 
 1.01197764e-07  0.00000000e+00  1.19999988e+00 -2.29715562e-04 
 1.01214885e-07  0.00000000e+00  1.19999988e+00 -2.26803733e-04 
 1.01233364e-07  0.00000000e+00  1.19999988e+00 -2.56697541e-04 
 1.01252307e-07  0.00000000e+00  1.19999988e+00 -2.71166521e-04 
 1.01270305e-07  0.00000000e+00  1.19999988e+00 -2.34367233e-04 
 1.01286995e-07  0.00000000e+00  1.19999988e+00 -2.35859707e-04 
 1.01304988e-07  0.00000000e+00  1.19999988e+00 -2.20589314e-04 
 1.01322342e-07  0.00000000e+00  1.19999988e+00 -2.61922227e-04 
 1.01341868e-07  0.00000000e+00  1.19999988e+00 -2.65348738e-04 
 1.01359647e-07  0.00000000e+00  1.19999988e+00 -2.40334295e-04 
 1.01376391e-07  0.00000000e+00  1.19999988e+00 -2.29495097e-04 
 1.01394462e-07  0.00000000e+00  1.19999988e+00 -2.26527499e-04 
 1.01411698e-07  0.00000000e+00  1.19999988e+00 -2.56057498e-04 
 1.01431251e-07  0.00000000e+00  1.19999988e+00 -2.71555394e-04 
 1.01449047e-07  0.00000000e+00  1.19999988e+00 -2.34354011e-04 
 1.01465821e-07  0.00000000e+00  1.19999988e+00 -2.35029920e-04 
 1.01483908e-07  0.00000000e+00  1.19999988e+00 -2.20597561e-04 
 1.01501124e-07  0.00000000e+00  1.19999988e+00 -2.62229336e-04 
 1.01520600e-07  0.00000000e+00  1.19999988e+00 -2.65907019e-04 
 1.01538477e-07  0.00000000e+00  1.19999988e+00 -2.40190268e-04 
 1.01555289e-07  0.00000000e+00  1.19999988e+00 -2.28693775e-04 
 1.01573381e-07  0.00000000e+00  1.19999988e+00 -2.26527145e-04 
 1.01590600e-07  0.00000000e+00  1.19999988e+00 -2.56707147e-04 
 1.01609964e-07  0.00000000e+00  1.19999988e+00 -2.72049087e-04 
 1.01627953e-07  0.00000000e+00  1.19999988e+00 -2.34158747e-04 
 1.01644803e-07  0.00000000e+00  1.19999988e+00 -2.34141736e-04 
 1.01662895e-07  0.00000000e+00  1.19999988e+00 -2.20665217e-04 
 1.01680118e-07  0.00000000e+00  1.19999988e+00 -2.63118231e-04 
 1.01699344e-07  0.00000000e+00  1.19999988e+00 -2.66348112e-04 
 1.01717471e-07  0.00000000e+00  1.19999988e+00 -2.39895697e-04 
 1.01734362e-07  0.00000000e+00  1.19999988e+00 -2.27749016e-04 
 1.01752449e-07  0.00000000e+00  1.19999988e+00 -2.26628731e-04 
 1.01769677e-07  0.00000000e+00  1.19999988e+00 -2.57852043e-04 
 1.01788745e-07  0.00000000e+00  1.19999988e+00 -2.72387081e-04 
 1.01807038e-07  0.00000000e+00  1.19999988e+00 -2.33820787e-04 
 1.01823970e-07  0.00000000e+00  1.19999988e+00 -2.33086073e-04 
 1.01842049e-07  0.00000000e+00  1.19999988e+00 -2.20860765e-04 
 1.01859283e-07  0.00000000e+00  1.19999988e+00 -2.64461387e-04 
 1.01878177e-07  0.00000000e+00  1.19999988e+00 -2.66630977e-04 
 1.01896661e-07  0.00000000e+00  1.19999988e+00 -2.39451057e-04 
 1.01913634e-07  0.00000000e+00  1.19999988e+00 -2.26639956e-04 
 1.01931703e-07  0.00000000e+00  1.19999988e+00 -2.26862640e-04 
 1.01948942e-07  0.00000000e+00  1.19999988e+00 -2.59477038e-04 
 1.01967647e-07  0.00000000e+00  1.19999988e+00 -2.72538492e-04 
 1.01986306e-07  0.00000000e+00  1.19999988e+00 -2.33376755e-04 
 1.02003301e-07  0.00000000e+00  1.19999988e+00 -2.31898050e-04 
 1.02021357e-07  0.00000000e+00  1.19999988e+00 -2.21193783e-04 
 1.02038593e-07  0.00000000e+00  1.19999987e+00 -2.66102463e-04 
 1.02057122e-07  0.00000000e+00  1.19999988e+00 -2.66790855e-04 
 1.02075808e-07  0.00000000e+00  1.19999988e+00 -2.39107985e-04 
 1.02092816e-07  0.00000000e+00  1.19999986e+00 -2.25660993e-04 
 1.02110826e-07  0.00000000e+00  1.19999989e+00 -2.27086412e-04 
 1.02128063e-07  0.00000000e+00  1.19999988e+00 -2.60540772e-04 
 1.02146492e-07  0.00000000e+00  1.19999991e+00 -2.72848403e-04 
 1.02165222e-07  0.00000000e+00  1.19999999e+00 -2.33255946e-04 
 1.02182260e-07  0.00000000e+00  1.19999937e+00 -2.31153471e-04 
 1.02200259e-07  0.00000000e+00  1.19999956e+00 -2.21296980e-04 
 1.02217511e-07  0.00000000e+00  1.19999996e+00 -2.66536857e-04 
 1.02235883e-07  0.00000000e+00  1.20000178e+00 -2.67275071e-04 
 1.02254653e-07  0.00000000e+00  1.20000854e+00 -2.38996562e-04 
 1.02271720e-07  0.00000000e+00  1.19999371e+00 -2.25044658e-04 
 1.02289715e-07  0.00000000e+00  1.19996701e+00 -2.27084267e-04 
 1.02306975e-07  0.00000000e+00  1.19994729e+00 -2.61008607e-04 
 1.02325290e-07  0.00000000e+00  1.20001013e+00 -2.73257712e-04 
 1.02344092e-07  0.00000000e+00  1.20045291e+00 -2.33441642e-04 
 1.02361184e-07  0.00000000e+00  1.20056675e+00 -2.30373913e-04 
 1.02379171e-07  0.00000000e+00  1.19929832e+00 -2.20717784e-04 
 1.02396437e-07  0.00000000e+00  1.19607535e+00 -2.65290394e-04 
 1.02414695e-07  0.00000000e+00  1.19338641e+00 -2.67103160e-04 
 1.02433528e-07  0.00000000e+00  1.21063039e+00 -2.50875259e-04 
 1.02452421e-07  0.00000000e+00  1.24818142e+00 -2.35332148e-04 
 1.02469605e-07  0.00000000e+00  1.24592710e+00 -2.15773804e-04 
 1.02487045e-07  0.00000000e+00  1.13513650e+00 -2.20187531e-04 
 1.02503340e-07  0.00000000e+00  9.48656920e-01 -2.04894387e-04 
 1.02517917e-07  0.00000000e+00  7.59000461e-01 -1.65788872e-04 
 1.02534586e-07  0.00000000e+00  5.45307291e-01 -1.93352893e-04 
 1.02551210e-07  0.00000000e+00  3.53165765e-01 -1.62424743e-04 
 1.02569117e-07  0.00000000e+00  1.91675803e-01 -1.72381851e-04 
 1.02585261e-07  0.00000000e+00  9.77320487e-02 -1.88811658e-04 
 1.02603816e-07  0.00000000e+00  4.07928655e-02 -1.58143516e-04 
 1.02620962e-07  0.00000000e+00  1.76064304e-02 -1.68506991e-04 
 1.02637235e-07  0.00000000e+00  7.87017205e-03 -1.63065867e-04 
 1.02655255e-07  0.00000000e+00  3.18377129e-03 -1.46124626e-04 
 1.02669025e-07  0.00000000e+00  1.62042852e-03 -1.88648987e-04 
 1.02684830e-07  0.00000000e+00  7.44693231e-04 -1.62669302e-04 
 1.02702109e-07  0.00000000e+00  3.11020483e-04 -1.57507581e-04 
 1.02716576e-07  0.00000000e+00  1.56368757e-04 -1.69197154e-04 
 1.02734797e-07  0.00000000e+00  5.96823081e-05 -1.48978624e-04 
 1.02752819e-07  0.00000000e+00  2.70969440e-05 -1.68705410e-04 
 1.02770517e-07  0.00000000e+00  8.38890491e-06 -1.78924082e-04 
 1.02789580e-07  0.00000000e+00  5.94526981e-06 -1.46415177e-04 
 1.02806605e-07  0.00000000e+00 -1.48780281e-07 -1.77122129e-04 
 1.02824864e-07  0.00000000e+00  2.59355874e-06 -1.40153890e-04 
 1.02843131e-07  0.00000000e+00 -1.48195599e-06 -1.79656592e-04 
 1.02861420e-07  0.00000000e+00  1.94370162e-06 -1.67658113e-04 
 1.02880455e-07  0.00000000e+00 -1.63174175e-06 -1.56766796e-04 
 1.02896948e-07  0.00000000e+00  1.77328614e-06 -1.67878159e-04 
 1.02915320e-07  0.00000000e+00 -1.58555191e-06 -1.47539608e-04 
 1.02933944e-07  0.00000000e+00  1.68470565e-06 -1.75185367e-04 
 1.02951441e-07  0.00000000e+00 -1.51854378e-06 -1.74224200e-04 
 1.02970979e-07  0.00000000e+00  1.61273077e-06 -1.50469645e-04 
 1.02987197e-07  0.00000000e+00 -1.44911431e-06 -1.74640832e-04 
 1.03005565e-07  0.00000000e+00  1.54177439e-06 -1.39267338e-04 
 1.03022527e-07  0.00000000e+00 -1.38232159e-06 -1.81535675e-04 
 1.03040410e-07  0.00000000e+00  1.47569212e-06 -1.67214724e-04 
 1.03059300e-07  0.00000000e+00 -1.32146931e-06 -1.57310740e-04 
 1.03075492e-07  0.00000000e+00  1.41335718e-06 -1.67099461e-04 
 1.03093884e-07  0.00000000e+00 -1.25999572e-06 -1.48067227e-04 
 1.03112434e-07  0.00000000e+00  1.35763719e-06 -1.73853155e-04 
 1.03129923e-07  0.00000000e+00 -1.20436160e-06 -1.75941196e-04 
 1.03149591e-07  0.00000000e+00  1.30490815e-06 -1.49536245e-04 
 1.03166090e-07  0.00000000e+00 -1.15149344e-06 -1.74724831e-04 
 1.03184423e-07  0.00000000e+00  1.25167354e-06 -1.38693184e-04 
 1.03201376e-07  0.00000000e+00 -1.10051382e-06 -1.82104228e-04 
 1.03219294e-07  0.00000000e+00  1.20149938e-06 -1.67016304e-04 
 1.03238205e-07  0.00000000e+00 -1.05428235e-06 -1.57953647e-04 
 1.03254470e-07  0.00000000e+00  1.15423079e-06 -1.66107302e-04 
 1.03272861e-07  0.00000000e+00 -1.00762758e-06 -1.48344438e-04 
 1.03291536e-07  0.00000000e+00  1.11197651e-06 -1.74120425e-04 
 1.03308907e-07  0.00000000e+00 -9.65288981e-07 -1.76341458e-04 
 1.03328661e-07  0.00000000e+00  1.07178873e-06 -1.49552634e-04 
 1.03345174e-07  0.00000000e+00 -9.25158514e-07 -1.74379149e-04 
 1.03363494e-07  0.00000000e+00  1.03128163e-06 -1.38278800e-04 
 1.03380286e-07  0.00000000e+00 -8.86158118e-07 -1.82670133e-04 
 1.03398182e-07  0.00000000e+00  9.92888564e-07 -1.66915469e-04 
 1.03417058e-07  0.00000000e+00 -8.50927987e-07 -1.58410593e-04 
 1.03433341e-07  0.00000000e+00  9.56909274e-07 -1.65317013e-04 
 1.03451729e-07  0.00000000e+00 -8.15442784e-07 -1.48588084e-04 
 1.03470481e-07  0.00000000e+00  9.24813979e-07 -1.74078359e-04 
 1.03487778e-07  0.00000000e+00 -7.83213856e-07 -1.76909768e-04 
 1.03507621e-07  0.00000000e+00  8.94217997e-07 -1.49449874e-04 
 1.03524208e-07  0.00000000e+00 -7.52800587e-07 -1.74050650e-04 
 1.03542514e-07  0.00000000e+00  8.63438982e-07 -1.37964658e-04 
 1.03559192e-07  0.00000000e+00 -7.22991359e-07 -1.83133729e-04 
 1.03577085e-07  0.00000000e+00  8.34100683e-07 -1.66856294e-04 
 1.03595937e-07  0.00000000e+00 -6.96149376e-07 -1.58810283e-04 
 1.03612241e-07  0.00000000e+00  8.06708114e-07 -1.64611771e-04 
 1.03630628e-07  0.00000000e+00 -6.69146661e-07 -1.48739858e-04 
 1.03649469e-07  0.00000000e+00  7.82320474e-07 -1.74215264e-04 
 1.03666685e-07  0.00000000e+00 -6.44596299e-07 -1.77293638e-04 
 1.03686612e-07  0.00000000e+00  7.59001060e-07 -1.49478162e-04 
 1.03703250e-07  0.00000000e+00 -6.21511075e-07 -1.73632986e-04 
 1.03721544e-07  0.00000000e+00  7.35581333e-07 -1.37765279e-04 
 1.03738108e-07  0.00000000e+00 -5.98709646e-07 -1.83511305e-04 
 1.03755996e-07  0.00000000e+00  7.13143608e-07 -1.66861486e-04 
 1.03774821e-07  0.00000000e+00 -5.78240477e-07 -1.59118101e-04 
 1.03791138e-07  0.00000000e+00  6.92264676e-07 -1.64017868e-04 
 1.03809525e-07  0.00000000e+00 -5.57671245e-07 -1.48813644e-04 
 1.03828451e-07  0.00000000e+00  6.73717078e-07 -1.74409166e-04 
 1.03845591e-07  0.00000000e+00 -5.38954983e-07 -1.77585425e-04 
 1.03865599e-07  0.00000000e+00  6.55929800e-07 -1.49573976e-04 
 1.03882287e-07  0.00000000e+00 -5.21414730e-07 -1.73153359e-04 
 1.03900570e-07  0.00000000e+00  6.38093439e-07 -1.37671081e-04 
 1.03917028e-07  0.00000000e+00 -5.03962427e-07 -1.83798731e-04 
 1.03934916e-07  0.00000000e+00  6.20923019e-07 -1.66927915e-04 
 1.03953712e-07  0.00000000e+00 -4.88339184e-07 -1.59343295e-04 
 1.03970040e-07  0.00000000e+00  6.04990607e-07 -1.63523759e-04 
 1.03988427e-07  0.00000000e+00 -4.72652734e-07 -1.48808607e-04 
 1.04005494e-07  0.00000000e+00  5.90100291e-07 -1.70292667e-04 
 1.04023449e-07  0.00000000e+00 -4.57982295e-07 -1.79910498e-04 
 1.04042871e-07  0.00000000e+00  5.76701725e-07 -1.47940018e-04 
 1.04059965e-07  0.00000000e+00 -4.44604533e-07 -1.73879697e-04 
 1.04078360e-07  0.00000000e+00  5.63318842e-07 -1.37999385e-04 
 1.04095419e-07  0.00000000e+00 -4.31577973e-07 -1.82217364e-04 
 1.04113461e-07  0.00000000e+00  5.50511285e-07 -1.68294909e-04 
 1.04132634e-07  0.00000000e+00 -4.19812578e-07 -1.58799583e-04 
 1.04149376e-07  0.00000000e+00  5.38608245e-07 -1.63575862e-04 
 1.04167772e-07  0.00000000e+00 -4.07980002e-07 -1.47989406e-04 
 1.04184703e-07  0.00000000e+00  5.27174807e-07 -1.72080213e-04 
 1.04202686e-07  0.00000000e+00 -3.96719986e-07 -1.78423274e-04 
 1.04221900e-07  0.00000000e+00  5.16880863e-07 -1.49098417e-04 
 1.04238737e-07  0.00000000e+00 -3.86352288e-07 -1.72895161e-04 
 1.04257130e-07  0.00000000e+00  5.06562568e-07 -1.38776163e-04 
 1.04274102e-07  0.00000000e+00 -3.76361709e-07 -1.81102878e-04 
 1.04292102e-07  0.00000000e+00  4.96728390e-07 -1.69583801e-04 
 1.04311339e-07  0.00000000e+00 -3.67364150e-07 -1.57920336e-04 
 1.04328207e-07  0.00000000e+00  4.87669456e-07 -1.64130557e-04 
 1.04346602e-07  0.00000000e+00 -3.58341978e-07 -1.47245104e-04 
 1.04363544e-07  0.00000000e+00  4.78917164e-07 -1.72853523e-04 
 1.04381545e-07  0.00000000e+00 -3.49724996e-07 -1.77790744e-04 
 1.04400768e-07  0.00000000e+00  4.71037316e-07 -1.49882459e-04 
 1.04417627e-07  0.00000000e+00 -3.41787885e-07 -1.71982224e-04 
 1.04436022e-07  0.00000000e+00  4.63134887e-07 -1.39405554e-04 
 1.04452945e-07  0.00000000e+00 -3.34118398e-07 -1.80540593e-04 
 1.04470944e-07  0.00000000e+00  4.55582820e-07 -1.70293846e-04 
 1.04490175e-07  0.00000000e+00 -3.27216487e-07 -1.57373739e-04 
 1.04507054e-07  0.00000000e+00  4.48635120e-07 -1.64526638e-04 
 1.04525451e-07  0.00000000e+00 -3.20296556e-07 -1.46643747e-04 
 1.04542362e-07  0.00000000e+00  4.41911615e-07 -1.73432205e-04 
 1.04560362e-07  0.00000000e+00 -3.13674990e-07 -1.77360612e-04 
 1.04579595e-07  0.00000000e+00  4.35862104e-07 -1.50483685e-04 
 1.04596485e-07  0.00000000e+00 -3.07585680e-07 -1.71237336e-04 
 1.04614882e-07  0.00000000e+00  4.29796299e-07 -1.39926584e-04 
 1.04631777e-07  0.00000000e+00 -3.01686178e-07 -1.80051495e-04 
 1.04649777e-07  0.00000000e+00  4.23985487e-07 -1.70906233e-04 
 1.04669011e-07  0.00000000e+00 -2.96379085e-07 -1.56922157e-04 
 1.04685911e-07  0.00000000e+00  4.18644460e-07 -1.64834877e-04 
 1.04704309e-07  0.00000000e+00 -2.91057470e-07 -1.46138310e-04 
 1.04721191e-07  0.00000000e+00  4.13464211e-07 -1.73944247e-04 
 1.04739191e-07  0.00000000e+00 -2.85953962e-07 -1.76983390e-04 
 1.04758428e-07  0.00000000e+00  4.08804725e-07 -1.51002842e-04 
 1.04775338e-07  0.00000000e+00 -2.81265092e-07 -1.70595771e-04 
 1.04793737e-07  0.00000000e+00  4.04131995e-07 -1.40368045e-04 
 1.04810606e-07  0.00000000e+00 -2.76712043e-07 -1.79631679e-04 
 1.04828606e-07  0.00000000e+00  3.99645631e-07 -1.71438179e-04 
 1.04847845e-07  0.00000000e+00 -2.72616864e-07 -1.56539191e-04 
 1.04864765e-07  0.00000000e+00  3.95525053e-07 -1.65085813e-04 
 1.04883164e-07  0.00000000e+00 -2.68509321e-07 -1.45710107e-04 
 1.04900020e-07  0.00000000e+00  3.91519212e-07 -1.74381138e-04 
 1.04918021e-07  0.00000000e+00 -2.64561133e-07 -1.76666558e-04 
 1.04937261e-07  0.00000000e+00  3.87916151e-07 -1.51447647e-04 
 1.04954191e-07  0.00000000e+00 -2.60935676e-07 -1.70040028e-04 
 1.04972591e-07  0.00000000e+00  3.84301334e-07 -1.40743177e-04 
 1.04989435e-07  0.00000000e+00 -2.57407051e-07 -1.79277946e-04 
 1.05007437e-07  0.00000000e+00  3.80822718e-07 -1.71893491e-04 
 1.05026678e-07  0.00000000e+00 -2.54232889e-07 -1.56217090e-04 
 1.05043616e-07  0.00000000e+00  3.77628890e-07 -1.65289473e-04 
 1.05062017e-07  0.00000000e+00 -2.51047430e-07 -1.45346429e-04 
 1.05078850e-07  0.00000000e+00  3.74516642e-07 -1.74753807e-04 
 1.05096852e-07  0.00000000e+00 -2.47978314e-07 -1.76401350e-04 
 1.05116095e-07  0.00000000e+00  3.71716540e-07 -1.51828898e-04 
 1.05133041e-07  0.00000000e+00 -2.45160585e-07 -1.69557805e-04 
 1.05151443e-07  0.00000000e+00  3.68905359e-07 -1.41063089e-04 
 1.05168265e-07  0.00000000e+00 -2.42411459e-07 -1.78978209e-04 
 1.05186267e-07  0.00000000e+00  3.66193589e-07 -1.72284951e-04 
 1.05205512e-07  0.00000000e+00 -2.39937384e-07 -1.55945097e-04 
 1.05222466e-07  0.00000000e+00  3.63703734e-07 -1.65454997e-04 
 1.05240868e-07  0.00000000e+00 -2.37452425e-07 -1.45036314e-04 
 1.05257680e-07  0.00000000e+00  3.61271451e-07 -1.75073485e-04 
 1.05275683e-07  0.00000000e+00 -2.35052266e-07 -1.76177927e-04 
 1.05294929e-07  0.00000000e+00  3.59081738e-07 -1.52157163e-04 
 1.05311890e-07  0.00000000e+00 -2.32848161e-07 -1.69137925e-04 
 1.05330292e-07  0.00000000e+00  3.56881201e-07 -1.41337129e-04 
 1.05347095e-07  0.00000000e+00 -2.30692202e-07 -1.78722899e-04 
 1.05365098e-07  0.00000000e+00  3.54752960e-07 -1.72623050e-04 
 1.05384346e-07  0.00000000e+00 -2.28750415e-07 -1.55714261e-04 
 1.05401314e-07  0.00000000e+00  3.52798021e-07 -1.65590049e-04 
 1.05419717e-07  0.00000000e+00 -2.26797761e-07 -1.44770715e-04 
 1.05436510e-07  0.00000000e+00  3.50883192e-07 -1.75348897e-04 
 1.05454514e-07  0.00000000e+00 -2.24906694e-07 -1.75988743e-04 
 1.05473762e-07  0.00000000e+00  3.49157623e-07 -1.52441003e-04 
 1.05490737e-07  0.00000000e+00 -2.23168939e-07 -1.68771044e-04 
 1.05509141e-07  0.00000000e+00  3.47421154e-07 -1.41572956e-04 
 1.05525926e-07  0.00000000e+00 -2.21464423e-07 -1.78504414e-04 
 1.05543929e-07  0.00000000e+00  3.45737058e-07 -1.72916227e-04 
 1.05563179e-07  0.00000000e+00 -2.19927384e-07 -1.55517388e-04 
 1.05580160e-07  0.00000000e+00  3.44188693e-07 -1.65700751e-04 
 1.05598564e-07  0.00000000e+00 -2.18379388e-07 -1.44542208e-04 
 1.05615341e-07  0.00000000e+00  3.42667715e-07 -1.75587202e-04 
 1.05633345e-07  0.00000000e+00 -2.16875803e-07 -1.75827707e-04 
 1.05652596e-07  0.00000000e+00  3.41295154e-07 -1.52687466e-04 
 1.05669583e-07  0.00000000e+00 -2.15492576e-07 -1.68449365e-04 
 1.05687987e-07  0.00000000e+00  3.39911519e-07 -1.41776868e-04 
 1.05704756e-07  0.00000000e+00 -2.14131697e-07 -1.78316508e-04 
 1.05722761e-07  0.00000000e+00  3.38565499e-07 -1.73171491e-04 
 1.05742013e-07  0.00000000e+00 -2.12902560e-07 -1.55348594e-04 
 1.05759005e-07  0.00000000e+00  3.37326302e-07 -1.65792024e-04 
 1.05777410e-07  0.00000000e+00 -2.11662255e-07 -1.44344675e-04 
 1.05794172e-07  0.00000000e+00  3.36105152e-07 -1.75794336e-04 
 1.05812177e-07  0.00000000e+00 -2.10453685e-07 -1.75689830e-04 
 1.05831429e-07  0.00000000e+00  3.35001154e-07 -1.52902407e-04 
 1.05848427e-07  0.00000000e+00 -2.09340076e-07 -1.68166345e-04 
 1.05866833e-07  0.00000000e+00  3.33885897e-07 -1.41954062e-04 
 1.05883587e-07  0.00000000e+00 -2.08240844e-07 -1.78154040e-04 
 1.05901592e-07  0.00000000e+00  3.32797297e-07 -1.73394681e-04 
 1.05920846e-07  0.00000000e+00 -2.07246013e-07 -1.55203052e-04 
 1.05937849e-07  0.00000000e+00  3.31793268e-07 -1.65867824e-04 
 1.05956255e-07  0.00000000e+00 -2.06239794e-07 -1.44173063e-04 
 1.05973003e-07  0.00000000e+00  3.30800457e-07 -1.75975227e-04 
 1.05991008e-07  0.00000000e+00 -2.05255892e-07 -1.75571031e-04 
 1.06010263e-07  0.00000000e+00  3.29900881e-07 -1.53090700e-04 
 1.06027270e-07  0.00000000e+00 -2.04347443e-07 -1.67916472e-04 
 1.06045677e-07  0.00000000e+00  3.28989825e-07 -1.42108837e-04 
 1.06062418e-07  0.00000000e+00 -2.03447496e-07 -1.78012777e-04 
 1.06080424e-07  0.00000000e+00  3.28097329e-07 -1.73590667e-04 
 1.06099680e-07  0.00000000e+00 -2.02631027e-07 -1.55076799e-04 
 1.06116692e-07  0.00000000e+00  3.27272279e-07 -1.65931338e-04 
 1.06135099e-07  0.00000000e+00 -2.01803014e-07 -1.44023187e-04 
 1.06151834e-07  0.00000000e+00  3.26453427e-07 -1.76133969e-04 
 1.06169840e-07  0.00000000e+00 -2.00990264e-07 -1.75467969e-04 
 1.06189096e-07  0.00000000e+00  3.25709532e-07 -1.53256409e-04 
 1.06206112e-07  0.00000000e+00 -2.00238020e-07 -1.67695093e-04 
 1.06224520e-07  0.00000000e+00  3.24953960e-07 -1.42244758e-04 
 1.06241250e-07  0.00000000e+00 -1.99489933e-07 -1.77889225e-04 
 1.06259256e-07  0.00000000e+00  3.24210900e-07 -1.73763523e-04 
 1.06278513e-07  0.00000000e+00 -1.98809368e-07 -1.54966573e-04 
 1.06295533e-07  0.00000000e+00  3.23522179e-07 -1.65985123e-04 
 1.06313941e-07  0.00000000e+00 -1.98117051e-07 -1.43891577e-04 
 1.06330665e-07  0.00000000e+00  3.22835922e-07 -1.76273976e-04 
 1.06348672e-07  0.00000000e+00 -1.97434809e-07 -1.75377904e-04 
 1.06367930e-07  0.00000000e+00  3.22210646e-07 -1.53402936e-04 
 1.06384954e-07  0.00000000e+00 -1.96801564e-07 -1.67498266e-04 
 1.06403362e-07  0.00000000e+00  3.21573570e-07 -1.42364787e-04 
 1.06420081e-07  0.00000000e+00 -1.96169289e-07 -1.77780495e-04 
 1.06438088e-07  0.00000000e+00  3.20944474e-07 -1.73916664e-04 
 1.06457346e-07  0.00000000e+00 -1.95592287e-07 -1.54869687e-04 
 1.06474374e-07  0.00000000e+00  3.20359667e-07 -1.66031236e-04 
 1.06492782e-07  0.00000000e+00 -1.95003447e-07 -1.43775350e-04 
 1.06509497e-07  0.00000000e+00  3.19774558e-07 -1.76398099e-04 
 1.06527504e-07  0.00000000e+00 -1.94420762e-07 -1.75298584e-04 
 1.06546763e-07  0.00000000e+00  3.19239761e-07 -1.53533128e-04 
 1.06563794e-07  0.00000000e+00 -1.93878281e-07 -1.67322647e-04 
 1.06582203e-07  0.00000000e+00  3.18693060e-07 -1.42471390e-04 
 1.06598913e-07  0.00000000e+00 -1.93334367e-07 -1.77684196e-04 
 1.06616920e-07  0.00000000e+00  3.18150946e-07 -1.74052959e-04 
 1.06636180e-07  0.00000000e+00 -1.92836445e-07 -1.54783924e-04 
 1.06653214e-07  0.00000000e+00  3.17645417e-07 -1.66071327e-04 
 1.06671623e-07  0.00000000e+00 -1.92326550e-07 -1.43672107e-04 
 1.06688328e-07  0.00000000e+00  3.17137560e-07 -1.76508723e-04 
 1.06706337e-07  0.00000000e+00 -1.91819894e-07 -1.75228161e-04 
 1.06725596e-07  0.00000000e+00  3.16671845e-07 -1.53649377e-04 
 1.06742634e-07  0.00000000e+00 -1.91346690e-07 -1.67165388e-04 
 1.06761043e-07  0.00000000e+00  3.16194155e-07 -1.42566624e-04 
 1.06777744e-07  0.00000000e+00 -1.90870329e-07 -1.77598342e-04 
 1.06795753e-07  0.00000000e+00  3.15718511e-07 -1.74174826e-04 
 1.06815013e-07  0.00000000e+00 -1.90432784e-07 -1.54707454e-04 
 1.06832053e-07  0.00000000e+00  3.15273574e-07 -1.66106715e-04 
 1.06850463e-07  0.00000000e+00 -1.89983238e-07 -1.43579847e-04 
 1.06867160e-07  0.00000000e+00  3.14824761e-07 -1.76607848e-04 
 1.06885169e-07  0.00000000e+00 -1.89534719e-07 -1.75165114e-04 
 1.06904429e-07  0.00000000e+00  3.14411880e-07 -1.53753697e-04 
 1.06921473e-07  0.00000000e+00 -1.89114502e-07 -1.67024062e-04 
 1.06939883e-07  0.00000000e+00  3.13986972e-07 -1.42652206e-04 
 1.06956576e-07  0.00000000e+00 -1.88689813e-07 -1.77521287e-04 
 1.06974585e-07  0.00000000e+00  3.13562184e-07 -1.74284304e-04 
 1.06993846e-07  0.00000000e+00 -1.88298505e-07 -1.54638761e-04 
 1.07010892e-07  0.00000000e+00  3.13163619e-07 -1.66138454e-04 
 1.07029302e-07  0.00000000e+00 -1.87895142e-07 -1.43496901e-04 
 1.07045992e-07  0.00000000e+00  3.12760035e-07 -1.76697152e-04 
 1.07064001e-07  0.00000000e+00 -1.87491160e-07 -1.75108193e-04 
 1.07083263e-07  0.00000000e+00  3.12387619e-07 -1.53847784e-04 
 1.07100311e-07  0.00000000e+00 -1.87111542e-07 -1.66896593e-04 
 1.07118721e-07  0.00000000e+00  3.12003157e-07 -1.42729575e-04 
 1.07135408e-07  0.00000000e+00 -1.86726469e-07 -1.77451661e-04 
 1.07153417e-07  0.00000000e+00  3.11617378e-07 -1.74383115e-04 
 1.07172679e-07  0.00000000e+00 -1.86370595e-07 -1.54576594e-04 
 1.07189730e-07  0.00000000e+00  3.11254391e-07 -1.66167384e-04 
 1.07208141e-07  0.00000000e+00 -1.86002674e-07 -1.43421871e-04 
 1.07224824e-07  0.00000000e+00  3.10885519e-07 -1.76778047e-04 
 1.07242833e-07  0.00000000e+00 -1.85632890e-07 -1.75056368e-04 
 1.07262096e-07  0.00000000e+00  3.10544179e-07 -1.53933071e-04 
 1.07279148e-07  0.00000000e+00 -1.85284445e-07 -1.66781203e-04 
 1.07297560e-07  0.00000000e+00  3.10190783e-07 -1.42799936e-04 
 1.07314240e-07  0.00000000e+00 -1.84929812e-07 -1.77388323e-04 
 1.07332250e-07  0.00000000e+00  3.09835001e-07 -1.74472721e-04 
 1.07351512e-07  0.00000000e+00 -1.84601210e-07 -1.54519914e-04 
 1.07368567e-07  0.00000000e+00  3.09499358e-07 -1.66194168e-04 
 1.07386978e-07  0.00000000e+00 -1.84260559e-07 -1.43353590e-04 
 1.07403656e-07  0.00000000e+00  3.09157216e-07 -1.76851724e-04 
 1.07421666e-07  0.00000000e+00 -1.83917085e-07 -1.75008793e-04 
 1.07440929e-07  0.00000000e+00  3.08839808e-07 -1.54010770e-04 
 1.07457986e-07  0.00000000e+00 -1.83592674e-07 -1.66676366e-04 
 1.07476397e-07  0.00000000e+00  3.08510356e-07 -1.42864301e-04 
 1.07493072e-07  0.00000000e+00 -1.83261512e-07 -1.77330324e-04 
 1.07511082e-07  0.00000000e+00  3.08177708e-07 -1.74554361e-04 
 1.07530345e-07  0.00000000e+00 -1.82953946e-07 -1.54467862e-04 
 1.07547404e-07  0.00000000e+00  3.07863169e-07 -1.66219332e-04 
 1.07565816e-07  0.00000000e+00 -1.82634351e-07 -1.43291078e-04 
 1.07582488e-07  0.00000000e+00  3.07541671e-07 -1.76919185e-04 
 1.07600498e-07  0.00000000e+00 -1.82311205e-07 -1.74964770e-04 
 1.07619762e-07  0.00000000e+00  3.07242779e-07 -1.54081907e-04 
 1.07636822e-07  0.00000000e+00 -1.82005384e-07 -1.66580770e-04 
 1.07655234e-07  0.00000000e+00  3.06931844e-07 -1.42923518e-04 
 1.07671904e-07  0.00000000e+00 -1.81692406e-07 -1.77276869e-04 
 1.07689915e-07  0.00000000e+00  3.06617115e-07 -1.74629087e-04 
 1.07709178e-07  0.00000000e+00 -1.81401123e-07 -1.54419724e-04 
 1.07726241e-07  0.00000000e+00  3.06318959e-07 -1.66243286e-04 
 1.07744653e-07  0.00000000e+00 -1.81097858e-07 -1.43233514e-04 
 1.07761320e-07  0.00000000e+00  3.06013475e-07 -1.76981280e-04 
 1.07779331e-07  0.00000000e+00 -1.80790525e-07 -1.74923725e-04 
 1.07798595e-07  0.00000000e+00  3.05728936e-07 -1.54147353e-04 
 1.07815659e-07  0.00000000e+00 -1.80499139e-07 -1.66493285e-04 
 1.07834071e-07  0.00000000e+00  3.05432444e-07 -1.42978304e-04 
 1.07850736e-07  0.00000000e+00 -1.80200290e-07 -1.77227298e-04 
 1.07868747e-07  0.00000000e+00  3.05131650e-07 -1.74697798e-04 
 1.07888011e-07  0.00000000e+00 -1.79921721e-07 -1.54374909e-04 
 1.07905077e-07  0.00000000e+00  3.04846251e-07 -1.66266351e-04 
 1.07923489e-07  0.00000000e+00 -1.79631195e-07 -1.43180205e-04 
 1.07940152e-07  0.00000000e+00  3.04553283e-07 -1.77038725e-04 
 1.07958163e-07  0.00000000e+00 -1.79336202e-07 -1.74885188e-04 
 1.07977428e-07  0.00000000e+00  3.04279973e-07 -1.54207850e-04 
 1.07994495e-07  0.00000000e+00 -1.79056111e-07 -1.66412935e-04 
 1.08012907e-07  0.00000000e+00  3.03994764e-07 -1.43029260e-04 
 1.08029568e-07  0.00000000e+00 -1.78768334e-07 -1.77181058e-04 
 1.08047580e-07  0.00000000e+00  3.03704897e-07 -1.74761257e-04 
 1.08066844e-07  0.00000000e+00 -1.78499722e-07 -1.54332926e-04 
 1.08083913e-07  0.00000000e+00  3.03429532e-07 -1.66288772e-04 
 1.08102325e-07  0.00000000e+00 -1.78219202e-07 -1.43130573e-04 
 1.08118985e-07  0.00000000e+00  3.03146377e-07 -1.77092128e-04 
 1.08136996e-07  0.00000000e+00 -1.77933925e-07 -1.74848769e-04 
 1.08156261e-07  0.00000000e+00  3.02881930e-07 -1.54264028e-04 
 1.08173330e-07  0.00000000e+00 -1.77662734e-07 -1.66338877e-04 
 1.08191743e-07  0.00000000e+00  3.02605608e-07 -1.43076895e-04 
 1.08208401e-07  0.00000000e+00 -1.77383712e-07 -1.77137686e-04 
 1.08226412e-07  0.00000000e+00  3.02324380e-07 -1.74820119e-04 
 1.08245677e-07  0.00000000e+00 -1.77122975e-07 -1.54293366e-04 
 1.08262748e-07  0.00000000e+00  3.02056943e-07 -1.66310737e-04 
 1.08281161e-07  0.00000000e+00 -1.76850390e-07 -1.43084126e-04 
 1.08297817e-07  0.00000000e+00  3.01781596e-07 -1.77142006e-04 
 1.08315828e-07  0.00000000e+00 -1.76572802e-07 -1.74814150e-04 
 1.08335094e-07  0.00000000e+00  3.01524167e-07 -1.54316423e-04 
 1.08352166e-07  0.00000000e+00 -1.76308710e-07 -1.66270381e-04 
 1.08370579e-07  0.00000000e+00  3.01254948e-07 -1.43121637e-04 
 1.08387233e-07  0.00000000e+00 -1.76036643e-07 -1.77096795e-04 
 1.08405245e-07  0.00000000e+00  3.00980618e-07 -1.74874944e-04 
 1.08424510e-07  0.00000000e+00 -1.75782193e-07 -1.54255893e-04 
 1.08441583e-07  0.00000000e+00  3.00719514e-07 -1.66332386e-04 
 1.08459997e-07  0.00000000e+00 -1.75515980e-07 -1.43040453e-04 
 1.08476649e-07  0.00000000e+00  3.00450406e-07 -1.77188796e-04 
 1.08494661e-07  0.00000000e+00 -1.75244564e-07 -1.74781070e-04 
 1.08513927e-07  0.00000000e+00  3.00198645e-07 -1.54365495e-04 
 1.08531001e-07  0.00000000e+00 -1.74986172e-07 -1.66206814e-04 
 1.08549414e-07  0.00000000e+00  2.99935127e-07 -1.43163850e-04 
 1.08566065e-07  0.00000000e+00 -1.74719722e-07 -1.77058060e-04 
 1.08584077e-07  0.00000000e+00  2.99666352e-07 -1.74926210e-04 
 1.08603343e-07  0.00000000e+00 -1.74470382e-07 -1.54220223e-04 
 1.08620418e-07  0.00000000e+00  2.99410392e-07 -1.66353823e-04 
 1.08638832e-07  0.00000000e+00 -1.74209297e-07 -1.42999206e-04 
 1.08655481e-07  0.00000000e+00  2.99146354e-07 -1.77232872e-04 
 1.08673494e-07  0.00000000e+00 -1.73942903e-07 -1.74749315e-04 
 1.08692760e-07  0.00000000e+00  2.98899183e-07 -1.54411635e-04 
 1.08709836e-07  0.00000000e+00 -1.73689178e-07 -1.66147625e-04 
 1.08728249e-07  0.00000000e+00  2.98640326e-07 -1.43203840e-04 
 1.08744898e-07  0.00000000e+00 -1.73427305e-07 -1.77021211e-04 
 1.08762910e-07  0.00000000e+00  2.98376105e-07 -1.74974330e-04 
 1.08782176e-07  0.00000000e+00 -1.73182118e-07 -1.54186125e-04 
 1.08799253e-07  0.00000000e+00  2.98124371e-07 -1.66375121e-04 
 1.08817667e-07  0.00000000e+00 -1.72925276e-07 -1.42960090e-04 
 1.08834314e-07  0.00000000e+00  2.97864497e-07 -1.77274552e-04 
 1.08852326e-07  0.00000000e+00 -1.72663040e-07 -1.74718708e-04 
 1.08871592e-07  0.00000000e+00  2.97621119e-07 -1.54455181e-04 
 1.08888670e-07  0.00000000e+00 -1.72413129e-07 -1.66092335e-04 
 1.08907084e-07  0.00000000e+00  2.97366128e-07 -1.43241868e-04 
 1.08923730e-07  0.00000000e+00 -1.72155078e-07 -1.76986018e-04 
 1.08941742e-07  0.00000000e+00  2.97105687e-07 -1.75019658e-04 
 1.08961009e-07  0.00000000e+00 -1.71913361e-07 -1.54153402e-04 
 1.08978088e-07  0.00000000e+00  2.96857470e-07 -1.66396329e-04 
 1.08996501e-07  0.00000000e+00 -1.71660052e-07 -1.42922856e-04 
 1.09013146e-07  0.00000000e+00  2.96601080e-07 -1.77314281e-04 
 1.09031159e-07  0.00000000e+00 -1.71401283e-07 -1.74688580e-04 
 1.09050425e-07  0.00000000e+00  2.96360902e-07 -1.54497103e-04 
 1.09067505e-07  0.00000000e+00 -1.71154605e-07 -1.66039540e-04 
 1.09085919e-07  0.00000000e+00  2.96109155e-07 -1.43278144e-04 
 1.09102562e-07  0.00000000e+00 -1.70899753e-07 -1.76952940e-04 
 1.09120575e-07  0.00000000e+00  2.95851898e-07 -1.75062145e-04 
 1.09139842e-07  0.00000000e+00 -1.70660989e-07 -1.54122955e-04 
 1.09156922e-07  0.00000000e+00  2.95606663e-07 -1.66415580e-04 
 1.09175336e-07  0.00000000e+00 -1.70410679e-07 -1.42887364e-04 
 1.09191978e-07  0.00000000e+00  2.95353247e-07 -1.77352295e-04 
 1.09209991e-07  0.00000000e+00 -1.70154856e-07 -1.74660677e-04 
 1.09229258e-07  0.00000000e+00  2.95115776e-07 -1.54536771e-04 
 1.09246339e-07  0.00000000e+00 -1.69910952e-07 -1.65989179e-04 
 1.09264753e-07  0.00000000e+00  2.94866818e-07 -1.43312878e-04 
 1.09281394e-07  0.00000000e+00 -1.69658864e-07 -1.76920661e-04 
 1.09299407e-07  0.00000000e+00  2.94612315e-07 -1.75103642e-04 
 1.09318674e-07  0.00000000e+00 -1.69422604e-07 -1.54092973e-04 
 1.09335756e-07  0.00000000e+00  2.94369656e-07 -1.66435059e-04 
 1.09354170e-07  0.00000000e+00 -1.69174911e-07 -1.42853270e-04 
 1.09370810e-07  0.00000000e+00  2.94118788e-07 -1.77388600e-04 
 1.09388823e-07  0.00000000e+00 -1.68921646e-07 -1.74633402e-04 
 1.09408090e-07  0.00000000e+00  2.93883712e-07 -1.54574623e-04 
 1.09425173e-07  0.00000000e+00 -1.68680139e-07 -1.65941697e-04 
 1.09443587e-07  0.00000000e+00  2.93637171e-07 -1.43346240e-04 
 1.09460226e-07  0.00000000e+00 -1.68430464e-07 -1.76889621e-04 
 1.09478239e-07  0.00000000e+00  2.93385067e-07 -1.75142992e-04 
 1.09497506e-07  0.00000000e+00 -1.68196434e-07 -1.54063938e-04 
 1.09514589e-07  0.00000000e+00  2.93144675e-07 -1.66454663e-04 
 1.09533004e-07  0.00000000e+00 -1.67951010e-07 -1.42820519e-04 
 1.09549642e-07  0.00000000e+00  2.92896089e-07 -1.77423297e-04 
 1.09567655e-07  0.00000000e+00 -1.67700016e-07 -1.74606834e-04 
 1.09586923e-07  0.00000000e+00  2.92663074e-07 -1.54610745e-04 
 1.09604006e-07  0.00000000e+00 -1.67460660e-07 -1.65896884e-04 
 1.09622421e-07  0.00000000e+00  2.92418710e-07 -1.43378339e-04 
 1.09639058e-07  0.00000000e+00 -1.67213107e-07 -1.76859634e-04 
 1.09657072e-07  0.00000000e+00  2.92168746e-07 -1.75180458e-04 
 1.09676339e-07  0.00000000e+00 -1.66981062e-07 -1.54035752e-04 
 1.09693423e-07  0.00000000e+00  2.91930387e-07 -1.66474359e-04 
 1.09711838e-07  0.00000000e+00 -1.66737703e-07 -1.42788984e-04 
 1.09728474e-07  0.00000000e+00  2.91683820e-07 -1.77456591e-04 
 1.09746488e-07  0.00000000e+00 -1.66488726e-07 -1.74580859e-04 
 1.09765755e-07  0.00000000e+00  2.91452702e-07 -1.54645321e-04 
 1.09782840e-07  0.00000000e+00 -1.66251291e-07 -1.65854481e-04 
 1.09801254e-07  0.00000000e+00  2.91210293e-07 -1.43409295e-04 
 1.09817890e-07  0.00000000e+00 -1.66005683e-07 -1.76830584e-04 
 1.09835904e-07  0.00000000e+00  2.90962258e-07 -1.75216239e-04 
 1.09855171e-07  0.00000000e+00 -1.65775448e-07 -1.54008331e-04 
 1.09872256e-07  0.00000000e+00  2.90725734e-07 -1.66494131e-04 
 1.09890671e-07  0.00000000e+00 -1.65533955e-07 -1.42758550e-04 
 1.09907306e-07  0.00000000e+00  2.90481024e-07 -1.77488615e-04 
 1.09925320e-07  0.00000000e+00 -1.65286834e-07 -1.74555432e-04 
 1.09944587e-07  0.00000000e+00  2.90251635e-07 -1.54678468e-04 
 1.09961673e-07  0.00000000e+00 -1.65051160e-07 -1.65814289e-04 
 1.09980088e-07  0.00000000e+00  2.90011026e-07 -1.43439199e-04 
 1.09990044e-07  0.00000000e+00 -1.64721492e-07 -1.60076028e-04 
 1.10000000e-07  1.58818678e-13  2.89583452e-07 -1.79584075e-04 
 1.10001991e-07  2.38945362e-02  6.28045804e-08 -1.60474580e-04 
 1.10005974e-07  7.16836086e-02  6.22725521e-08 -1.63841547e-04 
 1.10013938e-07  1.67261753e-01  6.28035530e-08 -1.47879647e-04 
 1.10029863e-07  3.58353209e-01  6.22730623e-08 -1.22075757e-04 
 1.10045590e-07  5.47080529e-01  6.28028719e-08 -1.45369129e-04 
 1.10062096e-07  7.45153409e-01  6.22732083e-08 -1.41628894e-04 
 1.10080393e-07  9.64715530e-01  6.28023783e-08 -1.87231498e-04 
 1.10090196e-07  1.08235777e+00  6.22736202e-08 -2.19821817e-04 
 1.10100000e-07  1.20000000e+00  6.28017413e-08 -2.56764631e-04 
 1.10101961e-07  1.20000000e+00  6.25382092e-08 -2.62140246e-04 
 1.10105882e-07  1.20000000e+00  6.25374563e-08 -2.51077530e-04 
 1.10113725e-07  1.20000000e+00  6.25381930e-08 -2.22154836e-04 
 1.10126950e-07  1.20000000e+00  6.25374509e-08 -2.10144914e-04 
 1.10141255e-07  1.20000000e+00  6.25381747e-08 -2.25483695e-04 
 1.10156196e-07  1.20000000e+00  6.25374424e-08 -2.28610032e-04 
 1.10170698e-07  1.20000000e+00  6.25381776e-08 -2.54387043e-04 
 1.10187904e-07  1.20000000e+00  6.25374523e-08 -2.83841871e-04 
 1.10206711e-07  1.20000000e+00  6.25381659e-08 -2.28312357e-04 
 1.10223996e-07  1.20000000e+00  6.25374477e-08 -2.23255281e-04 
 1.10240174e-07  1.20000000e+00  6.25381707e-08 -2.32447645e-04 
 1.10257924e-07  1.20000000e+00  6.25374615e-08 -2.46258169e-04 
 1.10275225e-07  1.20000000e+00  6.25381595e-08 -2.88927192e-04 
 1.10293635e-07  1.20000000e+00  6.25374495e-08 -2.32817184e-04 
 1.10310937e-07  1.20000000e+00  6.25381580e-08 -2.24047796e-04 
 1.10327226e-07  1.20000000e+00  6.25374562e-08 -2.30162733e-04 
 1.10345103e-07  1.20000000e+00  6.25381648e-08 -2.43019735e-04 
 1.10361389e-07  1.20000000e+00  6.25374730e-08 -2.84710124e-04 
 1.10379763e-07  1.20000000e+00  6.25381632e-08 -2.46742104e-04 
 1.10396552e-07  1.20000000e+00  6.25374629e-08 -2.19737114e-04 
 1.10412646e-07  1.20000000e+00  6.25381527e-08 -2.31582525e-04 
 1.10430537e-07  1.20000000e+00  6.25374569e-08 -2.34175103e-04 
 1.10446869e-07  1.20000000e+00  6.25381518e-08 -2.78620765e-04 
 1.10464504e-07  1.20000000e+00  6.25374706e-08 -2.64271967e-04 
 1.10482255e-07  1.20000000e+00  6.25381587e-08 -2.18535705e-04 
 1.10500106e-07  1.20000000e+00  6.25374653e-08 -2.30738667e-04 
 1.10517114e-07  1.20000000e+00  6.25381483e-08 -2.32215886e-04 
 1.10533688e-07  1.20000000e+00  6.25374695e-08 -2.70960765e-04 
 1.10551057e-07  1.20000000e+00  6.25381476e-08 -2.74882202e-04 
 1.10567995e-07  1.20000000e+00  6.25374662e-08 -2.20489784e-04 
 1.10585696e-07  1.20000000e+00  6.25381506e-08 -2.28495148e-04 
 1.10602822e-07  1.20000000e+00  6.25374739e-08 -2.30971255e-04 
 1.10620531e-07  1.20000000e+00  6.25381450e-08 -2.62545846e-04 
 1.10638163e-07  1.20000000e+00  6.25374829e-08 -2.82525524e-04 
 1.10654892e-07  1.20000000e+00  6.25381450e-08 -2.22731872e-04 
 1.10672819e-07  1.20000000e+00  6.25374772e-08 -2.27869580e-04 
 1.10690598e-07  1.20000000e+00  6.25381477e-08 -2.29057358e-04 
 1.10707692e-07  1.20000000e+00  6.25374791e-08 -2.58131324e-04 
 1.10726855e-07  1.20000000e+00  6.25381526e-08 -2.82460163e-04 
 1.10745316e-07  1.20000000e+00  6.25374813e-08 -2.22362244e-04 
 1.10763123e-07  1.20000000e+00  6.25381386e-08 -2.27171297e-04 
 1.10779687e-07  1.20000000e+00  6.25374710e-08 -2.30703698e-04 
 1.10797424e-07  1.20000000e+00  6.25381285e-08 -2.57716316e-04 
 1.10815405e-07  1.20000000e+00  6.25374778e-08 -2.85124395e-04 
 1.10834532e-07  1.20000000e+00  6.25381367e-08 -2.21017907e-04 
 1.10851794e-07  1.20000000e+00  6.25374850e-08 -2.28197474e-04 
 1.10868201e-07  1.20000000e+00  6.25381403e-08 -2.28261759e-04 
 1.10885911e-07  1.20000000e+00  6.25374786e-08 -2.57626138e-04 
 1.10903924e-07  1.20000000e+00  6.25381321e-08 -2.83738346e-04 
 1.10922986e-07  1.20000000e+00  6.25374853e-08 -2.26036940e-04 
 1.10940649e-07  1.20000000e+00  6.25381452e-08 -2.24369664e-04 
 1.10957054e-07  1.20000000e+00  6.25374843e-08 -2.31057122e-04 
 1.10974844e-07  1.20000000e+00  6.25381338e-08 -2.53454075e-04 
 1.10993220e-07  1.20000000e+00  6.25374971e-08 -2.87005732e-04 
 1.11012022e-07  1.20000000e+00  6.25381413e-08 -2.24003879e-04 
 1.11030149e-07  1.20000000e+00  6.25374801e-08 -2.27422776e-04 
 1.11046688e-07  1.20000000e+00  6.25381272e-08 -2.27173524e-04 
 1.11064511e-07  1.20000000e+00  6.25374920e-08 -2.58390675e-04 
 1.11082952e-07  1.20000000e+00  6.25381347e-08 -2.82471873e-04 
 1.11101835e-07  1.20000000e+00  6.25374867e-08 -2.27588173e-04 
 1.11119925e-07  1.20000000e+00  6.25381284e-08 -2.23407118e-04 
 1.11136547e-07  1.20000000e+00  6.25374881e-08 -2.30885542e-04 
 1.11154328e-07  1.20000000e+00  6.25381287e-08 -2.55947380e-04 
 1.11172483e-07  1.20000000e+00  6.25374912e-08 -2.86022954e-04 
 1.11191526e-07  1.20000000e+00  6.25381422e-08 -2.23333704e-04 
 1.11209385e-07  1.20000000e+00  6.25374898e-08 -2.27486137e-04 
 1.11226028e-07  1.20000000e+00  6.25381210e-08 -2.26133656e-04 
 1.11243757e-07  1.20000000e+00  6.25374932e-08 -2.60944545e-04 
 1.11261734e-07  1.20000000e+00  6.25381260e-08 -2.81191262e-04 
 1.11280867e-07  1.20000000e+00  6.25374927e-08 -2.28752518e-04 
 1.11298721e-07  1.20000000e+00  6.25381250e-08 -2.22240519e-04 
 1.11315407e-07  1.20000000e+00  6.25374836e-08 -2.30787453e-04 
 1.11333134e-07  1.20000000e+00  6.25381274e-08 -2.56190678e-04 
 1.11351080e-07  1.20000000e+00  6.25374980e-08 -2.86014952e-04 
 1.11370237e-07  1.20000000e+00  6.25381251e-08 -2.24240007e-04 
 1.11388178e-07  1.20000000e+00  6.25374939e-08 -2.27095315e-04 
 1.11404933e-07  1.20000000e+00  6.25381241e-08 -2.25287310e-04 
 1.11422664e-07  1.20000000e+00  6.25374922e-08 -2.62215869e-04 
 1.11440570e-07  1.20000000e+00  6.25381211e-08 -2.80173023e-04 
 1.11459767e-07  1.20000000e+00  6.25374954e-08 -2.30023899e-04 
 1.11477714e-07  1.20000000e+00  6.25381273e-08 -2.21302188e-04 
 1.11494525e-07  1.20000000e+00  6.25374988e-08 -2.30673059e-04 
 1.11512241e-07  1.20000000e+00  6.25381257e-08 -2.57379017e-04 
 1.11530054e-07  1.20000000e+00  6.25374934e-08 -2.85419756e-04 
 1.11549319e-07  1.20000000e+00  6.25381230e-08 -2.24560032e-04 
 1.11567225e-07  1.20000000e+00  6.25374971e-08 -2.26838428e-04 
 1.11584077e-07  1.20000000e+00  6.25381475e-08 -2.24624833e-04 
 1.11601776e-07  1.20000000e+00  6.25375074e-08 -2.63942383e-04 
 1.11619498e-07  1.20000000e+00  6.25380863e-08 -2.79062977e-04 
 1.11638828e-07  1.20000000e+00  6.25375766e-08 -2.30937520e-04 
 1.11656715e-07  1.20000000e+00  6.25379854e-08 -2.20492692e-04 
 1.11675390e-07  1.20000000e+00  6.25375690e-08 -2.30890357e-04 
 1.11692285e-07  1.20000000e+00  6.25383441e-08 -2.61129572e-04 
 1.11710742e-07  1.20000000e+00  6.25366708e-08 -2.82426679e-04 
 1.11729889e-07  1.20000000e+00  6.25395706e-08 -2.22557498e-04 
 1.11747453e-07  1.20000000e+00  6.25361015e-08 -2.27292246e-04 
 1.11765849e-07  1.20000000e+00  6.25371125e-08 -2.25178495e-04 
 1.11782701e-07  1.20000000e+00  6.25470042e-08 -2.70358523e-04 
 1.11800636e-07  1.20000000e+00  6.25178287e-08 -2.74679629e-04 
 1.11817751e-07  1.20000000e+00  6.25615643e-08 -2.32189894e-04 
 1.11835914e-07  1.20000000e+00  6.25262864e-08 -2.19848702e-04 
 1.11853209e-07  1.20000000e+00  6.24725675e-08 -2.31337083e-04 
 1.11870492e-07  1.20000000e+00  6.27620044e-08 -2.59240486e-04 
 1.11888427e-07  1.20000000e+00  6.22722728e-08 -2.84112086e-04 
 1.11907681e-07  1.20000000e+00  6.27054590e-08 -2.24147253e-04 
 1.11925487e-07  1.20000000e+00  6.28229202e-08 -2.27079408e-04 
 1.11943923e-07  1.20000000e+00  5.98979114e-08 -2.24257460e-04 
 1.11960868e-07  1.20000000e+00  6.71331283e-08 -2.69194012e-04 
 1.11979015e-07  1.20000000e+00  6.17919918e-08 -2.74890106e-04 
 1.11996413e-07  1.20000000e+00  6.43099286e-08 -2.33121201e-04 
 1.12014786e-07  1.20000000e+00  7.57740515e-08 -2.19418791e-04 
 1.12032206e-07  1.20000000e+00 -1.85239927e-08 -2.31406883e-04 
 1.12049512e-07  1.20000000e+00  7.65439084e-08 -2.59950172e-04 
 1.12067483e-07  1.20000000e+00  1.30575969e-07 -2.83460770e-04 
 1.12086783e-07  1.20000000e+00  2.63982508e-07 -2.24115806e-04 
 1.12104576e-07  1.20000000e+00  1.02783994e-06 -2.27105192e-04 
 1.12122902e-07  1.20000000e+00 -1.98453113e-06 -2.24080460e-04 
 1.12139894e-07  1.20000000e+00 -3.65722684e-06 -2.70238448e-04 
 1.12157887e-07  1.20000000e+00 -2.20636688e-06 -2.74101904e-04 
 1.12175258e-07  1.20000000e+00  7.46549988e-06 -2.33856696e-04 
 1.12193625e-07  1.20000000e+00  5.54547555e-05 -2.19005910e-04 
 1.12210928e-07  1.20000000e+00  2.15567984e-05 -2.31357776e-04 
 1.12228283e-07  1.20000000e+00 -1.52111407e-04 -2.59867557e-04 
 1.12246166e-07  1.20000000e+00 -4.16488419e-04 -2.83294410e-04 
 1.12265521e-07  1.20000000e+00 -3.33814107e-04 -2.24799727e-04 
 1.12283406e-07  1.20000000e+00  2.15492321e-03 -2.28110478e-04 
 1.12301665e-07  1.20000000e+00  5.17943509e-03 -2.23660958e-04 
 1.12318735e-07  1.20000000e+00  9.82856058e-04 -2.68162126e-04 
 1.12336665e-07  1.20000000e+00 -2.01081484e-02 -2.66043237e-04 
 1.12356033e-07  1.20000000e+00 -4.69480975e-02 -2.25441654e-04 
 1.12370942e-07  1.20000000e+00 -1.31643879e-02 -2.58383100e-04 
 1.12387137e-07  1.20000000e+00  1.13192216e-01 -2.98766251e-04 
 1.12402225e-07  1.20000000e+00  2.67858674e-01 -2.98158285e-04 
 1.12418283e-07  1.20000000e+00  4.32111336e-01 -3.11177418e-04 
 1.12435989e-07  1.20000000e+00  6.04288589e-01 -2.60657225e-04 
 1.12453247e-07  1.20000000e+00  7.56596829e-01 -2.18000363e-04 
 1.12471992e-07  1.20000000e+00  8.96041738e-01 -2.34531730e-04 
 1.12489078e-07  1.20000000e+00  9.94486652e-01 -2.37702812e-04 
 1.12508371e-07  1.20000000e+00  1.07329721e+00 -2.32593886e-04 
 1.12527519e-07  1.20000000e+00  1.12386084e+00 -1.76258895e-04 
 1.12544872e-07  1.20000000e+00  1.15268743e+00 -1.37678114e-04 
 1.12561924e-07  1.20000000e+00  1.17060388e+00 -1.75029794e-04 
 1.12579978e-07  1.20000000e+00  1.18236255e+00 -1.82794742e-04 
 1.12599383e-07  1.20000000e+00  1.18987143e+00 -2.01860227e-04 
 1.12618130e-07  1.20000000e+00  1.19408375e+00 -1.44103999e-04 
 1.12635921e-07  1.20000000e+00  1.19644625e+00 -1.30751560e-04 
 1.12652857e-07  1.20000000e+00  1.19781359e+00 -1.63906366e-04 
 1.12671131e-07  1.20000000e+00  1.19870623e+00 -1.84177980e-04 
 1.12691104e-07  1.20000000e+00  1.19927487e+00 -1.91918824e-04 
 1.12709464e-07  1.20000000e+00  1.19957144e+00 -1.40358824e-04 
 1.12728123e-07  1.20000000e+00  1.19975076e+00 -1.29992568e-04 
 1.12744986e-07  1.20000000e+00  1.19984524e+00 -1.71985819e-04 
 1.12762947e-07  1.20000000e+00  1.19990871e+00 -1.82140226e-04 
 1.12780906e-07  1.20000000e+00  1.19994447e+00 -1.94890130e-04 
 1.12800142e-07  1.20000000e+00  1.19996908e+00 -1.31719326e-04 
 1.12818656e-07  1.20000000e+00  1.19998083e+00 -1.37200325e-04 
 1.12837018e-07  1.20000000e+00  1.19998961e+00 -1.69960025e-04 
 1.12854343e-07  1.20000000e+00  1.19999269e+00 -1.89308358e-04 
 1.12871923e-07  1.20000000e+00  1.19999646e+00 -1.87760333e-04 
 1.12889539e-07  1.20000000e+00  1.19999692e+00 -1.36703644e-04 
 1.12908174e-07  1.20000000e+00  1.19999901e+00 -1.32841834e-04 
 1.12925418e-07  1.20000000e+00  1.19999850e+00 -1.73415980e-04 
 1.12942957e-07  1.20000000e+00  1.19999987e+00 -1.84087524e-04 
 1.12960798e-07  1.20000000e+00  1.19999907e+00 -1.92625372e-04 
 1.12980213e-07  1.20000000e+00  1.20000019e+00 -1.28992411e-04 
 1.12998382e-07  1.20000000e+00  1.19999929e+00 -1.39321800e-04 
 1.13016464e-07  1.20000000e+00  1.20000028e+00 -1.70387554e-04 
 1.13033749e-07  1.20000000e+00  1.19999938e+00 -1.90127031e-04 
 1.13050959e-07  1.20000000e+00  1.20000030e+00 -1.86855112e-04 
 1.13068359e-07  1.20000000e+00  1.19999943e+00 -1.37144108e-04 
 1.13086921e-07  1.20000000e+00  1.20000029e+00 -1.32788366e-04 
 1.13103929e-07  1.20000000e+00  1.19999946e+00 -1.72831395e-04 
 1.13121532e-07  1.20000000e+00  1.20000027e+00 -1.83990068e-04 
 1.13139429e-07  1.20000000e+00  1.19999948e+00 -1.92335621e-04 
 1.13158796e-07  1.20000000e+00  1.20000026e+00 -1.30161055e-04 
 1.13177084e-07  1.20000000e+00  1.19999950e+00 -1.38930083e-04 
 1.13195133e-07  1.20000000e+00  1.20000024e+00 -1.70184596e-04 
 1.13212494e-07  1.20000000e+00  1.19999952e+00 -1.90122116e-04 
 1.13229818e-07  1.20000000e+00  1.20000022e+00 -1.86388978e-04 
 1.13247405e-07  1.20000000e+00  1.19999954e+00 -1.36927064e-04 
 1.13265976e-07  1.20000000e+00  1.20000021e+00 -1.33374182e-04 
 1.13283014e-07  1.20000000e+00  1.19999955e+00 -1.72893675e-04 
 1.13300638e-07  1.20000000e+00  1.20000019e+00 -1.84504625e-04 
 1.13318482e-07  1.20000000e+00  1.19999957e+00 -1.91511779e-04 
 1.13337949e-07  1.20000000e+00  1.20000018e+00 -1.29829851e-04 
 1.13356175e-07  1.20000000e+00  1.19999958e+00 -1.39533790e-04 
 1.13374153e-07  1.20000000e+00  1.20000016e+00 -1.70154382e-04 
 1.13391539e-07  1.20000000e+00  1.19999959e+00 -1.90538800e-04 
 1.13408797e-07  1.20000000e+00  1.20000015e+00 -1.85642082e-04 
 1.13428296e-07  1.20000000e+00  1.19999961e+00 -1.32251846e-04 
 1.13445913e-07  1.20000000e+00  1.20000014e+00 -1.36134279e-04 
 1.13463792e-07  1.20000000e+00  1.19999962e+00 -1.74430959e-04 
 1.13481007e-07  1.20000000e+00  1.20000013e+00 -1.86326922e-04 
 1.13498066e-07  1.20000000e+00  1.19999963e+00 -1.90028007e-04 
 1.13517583e-07  1.20000000e+00  1.20000012e+00 -1.28533427e-04 
 1.13535183e-07  1.20000000e+00  1.19999964e+00 -1.40045734e-04 
 1.13553054e-07  1.20000000e+00  1.20000011e+00 -1.69798685e-04 
 1.13570292e-07  1.20000000e+00  1.19999965e+00 -1.90573143e-04 
 1.13587442e-07  1.20000000e+00  1.20000010e+00 -1.85573940e-04 
 1.13606973e-07  1.20000000e+00  1.19999966e+00 -1.33408317e-04 
 1.13624716e-07  1.20000000e+00  1.20000009e+00 -1.35537609e-04 
 1.13642561e-07  1.20000000e+00  1.19999967e+00 -1.74384260e-04 
 1.13659864e-07  1.20000000e+00  1.20000008e+00 -1.86083028e-04 
 1.13677042e-07  1.20000000e+00  1.19999968e+00 -1.89916303e-04 
 1.13696527e-07  1.20000000e+00  1.20000007e+00 -1.28708428e-04 
 1.13714290e-07  1.20000000e+00  1.19999969e+00 -1.40471002e-04 
 1.13732086e-07  1.20000000e+00  1.20000006e+00 -1.69591147e-04 
 1.13749405e-07  1.20000000e+00  1.19999969e+00 -1.91023264e-04 
 1.13766570e-07  1.20000000e+00  1.20000005e+00 -1.84818359e-04 
 1.13786022e-07  1.20000000e+00  1.19999970e+00 -1.33733306e-04 
 1.13803803e-07  1.20000000e+00  1.20000005e+00 -1.35619019e-04 
 1.13821560e-07  1.20000000e+00  1.19999971e+00 -1.74475165e-04 
 1.13838899e-07  1.20000000e+00  1.20000004e+00 -1.86121052e-04 
 1.13856072e-07  1.20000000e+00  1.19999972e+00 -1.89612721e-04 
 1.13875500e-07  1.20000000e+00  1.20000003e+00 -1.28894413e-04 
 1.13893324e-07  1.20000000e+00  1.19999972e+00 -1.40722459e-04 
 1.13911044e-07  1.20000000e+00  1.20000003e+00 -1.69365117e-04 
 1.13928411e-07  1.20000000e+00  1.19999973e+00 -1.91296538e-04 
 1.13945595e-07  1.20000000e+00  1.20000002e+00 -1.84265503e-04 
 1.13964995e-07  1.20000000e+00  1.19999973e+00 -1.34176045e-04 
 1.13982855e-07  1.20000000e+00  1.20000001e+00 -1.35642988e-04 
 1.14000537e-07  1.20000000e+00  1.19999974e+00 -1.74517856e-04 
 1.14017930e-07  1.20000000e+00  1.20000001e+00 -1.86175431e-04 
 1.14035119e-07  1.20000000e+00  1.19999974e+00 -1.89267243e-04 
 1.14054491e-07  1.20000000e+00  1.20000000e+00 -1.29063654e-04 
 1.14072383e-07  1.20000000e+00  1.19999975e+00 -1.40994514e-04 
 1.14090028e-07  1.20000000e+00  1.20000000e+00 -1.69185372e-04 
 1.14107444e-07  1.20000000e+00  1.19999975e+00 -1.91574591e-04 
 1.14124638e-07  1.20000000e+00  1.19999999e+00 -1.83706205e-04 
 1.14143984e-07  1.20000000e+00  1.19999976e+00 -1.34564011e-04 
 1.14161909e-07  1.20000000e+00  1.19999999e+00 -1.35694407e-04 
 1.14179519e-07  1.20000000e+00  1.19999976e+00 -1.74540305e-04 
 1.14196958e-07  1.20000000e+00  1.19999999e+00 -1.86246461e-04 
 1.14214159e-07  1.20000000e+00  1.19999977e+00 -1.88909877e-04 
 1.14233479e-07  1.20000000e+00  1.19999998e+00 -1.29261296e-04 
 1.14251429e-07  1.20000000e+00  1.19999977e+00 -1.41220509e-04 
 1.14269007e-07  1.20000000e+00  1.19999998e+00 -1.69021340e-04 
 1.14286466e-07  1.20000000e+00  1.19999977e+00 -1.91817137e-04 
 1.14303673e-07  1.20000000e+00  1.19999998e+00 -1.83183533e-04 
 1.14322969e-07  1.20000000e+00  1.19999978e+00 -1.34940033e-04 
 1.14340936e-07  1.20000000e+00  1.19999997e+00 -1.35722757e-04 
 1.14358489e-07  1.20000000e+00  1.19999978e+00 -1.74531686e-04 
 1.14375964e-07  1.20000000e+00  1.19999997e+00 -1.86308827e-04 
 1.14393177e-07  1.20000000e+00  1.19999978e+00 -1.88570571e-04 
 1.14412452e-07  1.20000000e+00  1.19999997e+00 -1.29504622e-04 
 1.14430438e-07  1.20000000e+00  1.19999979e+00 -1.41366755e-04 
 1.14447967e-07  1.20000000e+00  1.19999996e+00 -1.68859130e-04 
 1.14465459e-07  1.20000000e+00  1.19999979e+00 -1.92004683e-04 
 1.14482681e-07  1.20000000e+00  1.19999996e+00 -1.82726420e-04 
 1.14501935e-07  1.20000000e+00  1.19999979e+00 -1.35327163e-04 
 1.14519940e-07  1.20000000e+00  1.19999996e+00 -1.35725181e-04 
 1.14537447e-07  1.20000000e+00  1.19999979e+00 -1.74499448e-04 
 1.14554954e-07  1.20000000e+00  1.19999996e+00 -1.86364490e-04 
 1.14572176e-07  1.20000000e+00  1.19999980e+00 -1.88255069e-04 
 1.14591415e-07  1.20000000e+00  1.19999995e+00 -1.29768960e-04 
 1.14609435e-07  1.20000000e+00  1.19999980e+00 -1.41477762e-04 
 1.14626922e-07  1.20000000e+00  1.19999995e+00 -1.68708512e-04 
 1.14644444e-07  1.20000000e+00  1.19999980e+00 -1.92166935e-04 
 1.14661663e-07  1.20000000e+00  1.19999995e+00 -1.82325837e-04 
 1.14680890e-07  1.20000000e+00  1.19999980e+00 -1.35705905e-04 
 1.14698925e-07  1.20000000e+00  1.19999995e+00 -1.35711020e-04 
 1.14716393e-07  1.20000000e+00  1.19999980e+00 -1.74446391e-04 
 1.14733931e-07  1.20000000e+00  1.19999995e+00 -1.86414151e-04 
 1.14751149e-07  1.20000000e+00  1.19999981e+00 -1.87970737e-04 
 1.14770365e-07  1.20000000e+00  1.19999994e+00 -1.30052271e-04 
 1.14788415e-07  1.20000000e+00  1.19999981e+00 -1.41551174e-04 
 1.14805866e-07  1.20000000e+00  1.19999994e+00 -1.68563552e-04 
 1.14823419e-07  1.20000000e+00  1.19999981e+00 -1.92302418e-04 
 1.14840636e-07  1.20000000e+00  1.19999994e+00 -1.81959561e-04 
 1.14859841e-07  1.20000000e+00  1.19999981e+00 -1.36065564e-04 
 1.14877905e-07  1.20000000e+00  1.19999994e+00 -1.35704347e-04 
 1.14895339e-07  1.20000000e+00  1.19999981e+00 -1.74386275e-04 
 1.14912907e-07  1.20000000e+00  1.19999994e+00 -1.86470628e-04 
 1.14930123e-07  1.20000000e+00  1.19999981e+00 -1.87686189e-04 
 1.14949317e-07  1.20000000e+00  1.19999994e+00 -1.30327034e-04 
 1.14967394e-07  1.20000000e+00  1.19999981e+00 -1.41619332e-04 
 1.14984812e-07  1.20000000e+00  1.19999994e+00 -1.68433823e-04 
 1.15002394e-07  1.20000000e+00  1.19999982e+00 -1.92427194e-04 
 1.15019608e-07  1.20000000e+00  1.19999993e+00 -1.81612934e-04 
 1.15038792e-07  1.20000000e+00  1.19999982e+00 -1.36399654e-04 
 1.15056883e-07  1.20000000e+00  1.19999993e+00 -1.35707628e-04 
 1.15074285e-07  1.20000000e+00  1.19999982e+00 -1.74321547e-04 
 1.15091881e-07  1.20000000e+00  1.19999993e+00 -1.86531950e-04 
 1.15109093e-07  1.20000000e+00  1.19999982e+00 -1.87405191e-04 
 1.15128268e-07  1.20000000e+00  1.19999993e+00 -1.30595414e-04 
 1.15146371e-07  1.20000000e+00  1.19999982e+00 -1.41679986e-04 
 1.15163759e-07  1.20000000e+00  1.19999993e+00 -1.68315827e-04 
 1.15181368e-07  1.20000000e+00  1.19999982e+00 -1.92540827e-04 
 1.15198578e-07  1.20000000e+00  1.19999993e+00 -1.81284992e-04 
 1.15217743e-07  1.20000000e+00  1.19999982e+00 -1.36711716e-04 
 1.15235859e-07  1.20000000e+00  1.19999993e+00 -1.35719133e-04 
 1.15253232e-07  1.20000000e+00  1.19999982e+00 -1.74253871e-04 
 1.15270855e-07  1.20000000e+00  1.19999993e+00 -1.86597150e-04 
 1.15288062e-07  1.20000000e+00  1.19999982e+00 -1.87128158e-04 
 1.15307218e-07  1.20000000e+00  1.19999993e+00 -1.30856113e-04 
 1.15325346e-07  1.20000000e+00  1.19999982e+00 -1.41734899e-04 
 1.15342705e-07  1.20000000e+00  1.19999993e+00 -1.68208319e-04 
 1.15360341e-07  1.20000000e+00  1.19999983e+00 -1.92645011e-04 
 1.15377545e-07  1.20000000e+00  1.19999993e+00 -1.80973929e-04 
 1.15396694e-07  1.20000000e+00  1.19999983e+00 -1.37003873e-04 
 1.15414833e-07  1.20000000e+00  1.19999992e+00 -1.35737213e-04 
 1.15432178e-07  1.20000000e+00  1.19999983e+00 -1.74184278e-04 
 1.15449827e-07  1.20000000e+00  1.19999992e+00 -1.86664944e-04 
 1.15467028e-07  1.20000000e+00  1.19999983e+00 -1.86855986e-04 
 1.15486169e-07  1.20000000e+00  1.19999992e+00 -1.31108942e-04 
 1.15504320e-07  1.20000000e+00  1.19999983e+00 -1.41784915e-04 
 1.15521651e-07  1.20000000e+00  1.19999992e+00 -1.68110011e-04 
 1.15539313e-07  1.20000000e+00  1.19999983e+00 -1.92740901e-04 
 1.15556511e-07  1.20000000e+00  1.19999992e+00 -1.80678224e-04 
 1.15575644e-07  1.20000000e+00  1.19999983e+00 -1.37278007e-04 
 1.15593806e-07  1.20000000e+00  1.19999992e+00 -1.35760652e-04 
 1.15611125e-07  1.20000000e+00  1.19999983e+00 -1.74113674e-04 
 1.15628799e-07  1.20000000e+00  1.19999992e+00 -1.86734436e-04 
 1.15645993e-07  1.20000000e+00  1.19999983e+00 -1.86589208e-04 
 1.15665119e-07  1.20000000e+00  1.19999992e+00 -1.31353741e-04 
 1.15683292e-07  1.20000000e+00  1.19999983e+00 -1.41830786e-04 
 1.15700598e-07  1.20000000e+00  1.19999992e+00 -1.68019838e-04 
 1.15718284e-07  1.20000000e+00  1.19999983e+00 -1.92829481e-04 
 1.15735475e-07  1.20000000e+00  1.19999992e+00 -1.80396571e-04 
 1.15754593e-07  1.20000000e+00  1.19999983e+00 -1.37535798e-04 
 1.15772777e-07  1.20000000e+00  1.19999992e+00 -1.35788406e-04 
 1.15790071e-07  1.20000000e+00  1.19999983e+00 -1.74042744e-04 
 1.15807769e-07  1.20000000e+00  1.19999992e+00 -1.86804885e-04 
 1.15824956e-07  1.20000000e+00  1.19999983e+00 -1.86328205e-04 
 1.15844068e-07  1.20000000e+00  1.19999992e+00 -1.31590507e-04 
 1.15862262e-07  1.20000000e+00  1.19999983e+00 -1.41873115e-04 
 1.15879544e-07  1.20000000e+00  1.19999992e+00 -1.67936891e-04 
 1.15897254e-07  1.20000000e+00  1.19999983e+00 -1.92911582e-04 
 1.15914437e-07  1.20000000e+00  1.19999992e+00 -1.80127819e-04 
 1.15933543e-07  1.20000000e+00  1.19999983e+00 -1.37778725e-04 
 1.15951746e-07  1.20000000e+00  1.19999992e+00 -1.35819616e-04 
 1.15969017e-07  1.20000000e+00  1.19999983e+00 -1.73972023e-04 
 1.15986738e-07  1.20000000e+00  1.19999992e+00 -1.86875706e-04 
 1.16003917e-07  1.20000000e+00  1.19999983e+00 -1.86073218e-04 
 1.16023017e-07  1.20000000e+00  1.19999992e+00 -1.31819336e-04 
 1.16041230e-07  1.20000000e+00  1.19999983e+00 -1.41912395e-04 
 1.16058490e-07  1.20000000e+00  1.19999992e+00 -1.67860390e-04 
 1.16076222e-07  1.20000000e+00  1.19999983e+00 -1.92987908e-04 
 1.16093397e-07  1.20000000e+00  1.19999992e+00 -1.79870949e-04 
 1.16112491e-07  1.20000000e+00  1.19999984e+00 -1.38008104e-04 
 1.16130714e-07  1.20000000e+00  1.19999992e+00 -1.35853572e-04 
 1.16147963e-07  1.20000000e+00  1.19999984e+00 -1.73901921e-04 
 1.16165706e-07  1.20000000e+00  1.19999992e+00 -1.86946438e-04 
 1.16182877e-07  1.20000000e+00  1.19999984e+00 -1.85824377e-04 
 1.16201965e-07  1.20000000e+00  1.19999992e+00 -1.32040398e-04 
 1.16220197e-07  1.20000000e+00  1.19999984e+00 -1.41949028e-04 
 1.16237435e-07  1.20000000e+00  1.19999991e+00 -1.67789662e-04 
 1.16255190e-07  1.20000000e+00  1.19999984e+00 -1.93059059e-04 
 1.16272356e-07  1.20000000e+00  1.19999991e+00 -1.79625056e-04 
 1.16291439e-07  1.20000000e+00  1.19999984e+00 -1.38225107e-04 
 1.16309679e-07  1.20000000e+00  1.19999991e+00 -1.35889684e-04 
 1.16326908e-07  1.20000000e+00  1.19999984e+00 -1.73832751e-04 
 1.16344673e-07  1.20000000e+00  1.19999991e+00 -1.87016715e-04 
 1.16361835e-07  1.20000000e+00  1.19999984e+00 -1.85581729e-04 
 1.16380913e-07  1.20000000e+00  1.19999991e+00 -1.32253914e-04 
 1.16399162e-07  1.20000000e+00  1.19999984e+00 -1.41983350e-04 
 1.16416380e-07  1.20000000e+00  1.19999991e+00 -1.67724124e-04 
 1.16434156e-07  1.20000000e+00  1.19999984e+00 -1.93125551e-04 
 1.16451313e-07  1.20000000e+00  1.19999991e+00 -1.79389329e-04 
 1.16470386e-07  1.20000000e+00  1.19999984e+00 -1.38430779e-04 
 1.16488643e-07  1.20000000e+00  1.19999991e+00 -1.35927467e-04 
 1.16505853e-07  1.20000000e+00  1.19999984e+00 -1.73764746e-04 
 1.16523638e-07  1.20000000e+00  1.19999991e+00 -1.87086258e-04 
 1.16540791e-07  1.20000000e+00  1.19999984e+00 -1.85345252e-04 
 1.16559860e-07  1.20000000e+00  1.19999991e+00 -1.32460141e-04 
 1.16578125e-07  1.20000000e+00  1.19999984e+00 -1.42015639e-04 
 1.16595325e-07  1.20000000e+00  1.19999991e+00 -1.67663269e-04 
 1.16613120e-07  1.20000000e+00  1.19999984e+00 -1.93187830e-04 
 1.16630269e-07  1.20000000e+00  1.19999991e+00 -1.79163037e-04 
 1.16649333e-07  1.20000000e+00  1.19999984e+00 -1.38626059e-04 
 1.16667606e-07  1.20000000e+00  1.19999991e+00 -1.35966519e-04 
 1.16684797e-07  1.20000000e+00  1.19999984e+00 -1.73698073e-04 
 1.16702602e-07  1.20000000e+00  1.19999991e+00 -1.87154848e-04 
 1.16719746e-07  1.20000000e+00  1.19999984e+00 -1.85114869e-04 
 1.16738806e-07  1.20000000e+00  1.19999991e+00 -1.32659356e-04 
 1.16757086e-07  1.20000000e+00  1.19999984e+00 -1.42046128e-04 
 1.16774269e-07  1.20000000e+00  1.19999991e+00 -1.67606651e-04 
 1.16792083e-07  1.20000000e+00  1.19999984e+00 -1.93246284e-04 
 1.16809223e-07  1.20000000e+00  1.19999991e+00 -1.78945519e-04 
 1.16828279e-07  1.20000000e+00  1.19999984e+00 -1.38811790e-04 
 1.16846567e-07  1.20000000e+00  1.19999991e+00 -1.36006509e-04 
 1.16863741e-07  1.20000000e+00  1.19999984e+00 -1.73632852e-04 
 1.16881564e-07  1.20000000e+00  1.19999991e+00 -1.87222323e-04 
 1.16898699e-07  1.20000000e+00  1.19999984e+00 -1.84890468e-04 
 1.16917751e-07  1.20000000e+00  1.19999991e+00 -1.32851855e-04 
 1.16936046e-07  1.20000000e+00  1.19999984e+00 -1.42075015e-04 
 1.16953212e-07  1.20000000e+00  1.19999991e+00 -1.67553879e-04 
 1.16971045e-07  1.20000000e+00  1.19999984e+00 -1.93301252e-04 
 1.16988175e-07  1.20000000e+00  1.19999991e+00 -1.78736176e-04 
 1.17007223e-07  1.20000000e+00  1.19999984e+00 -1.38988732e-04 
 1.17025526e-07  1.20000000e+00  1.19999991e+00 -1.36047163e-04 
 1.17042684e-07  1.20000000e+00  1.19999984e+00 -1.73569162e-04 
 1.17060525e-07  1.20000000e+00  1.19999991e+00 -1.87288563e-04 
 1.17077651e-07  1.20000000e+00  1.19999984e+00 -1.84671904e-04 
 1.17096695e-07  1.20000000e+00  1.19999991e+00 -1.33037936e-04 
 1.17115005e-07  1.20000000e+00  1.19999984e+00 -1.42102467e-04 
 1.17132155e-07  1.20000000e+00  1.19999991e+00 -1.67504609e-04 
 1.17150005e-07  1.20000000e+00  1.19999984e+00 -1.93353032e-04 
 1.17167126e-07  1.20000000e+00  1.19999991e+00 -1.78534457e-04 
 1.17186167e-07  1.20000000e+00  1.19999984e+00 -1.39157570e-04 
 1.17204483e-07  1.20000000e+00  1.19999991e+00 -1.36088260e-04 
 1.17221626e-07  1.20000000e+00  1.19999984e+00 -1.73507049e-04 
 1.17239485e-07  1.20000000e+00  1.19999991e+00 -1.87353483e-04 
 1.17256601e-07  1.20000000e+00  1.19999984e+00 -1.84459010e-04 
 1.17275639e-07  1.20000000e+00  1.19999991e+00 -1.33217899e-04 
 1.17293961e-07  1.20000000e+00  1.19999984e+00 -1.42128628e-04 
 1.17311097e-07  1.20000000e+00  1.19999991e+00 -1.67458534e-04 
 1.17328964e-07  1.20000000e+00  1.19999984e+00 -1.93401887e-04 
 1.17346075e-07  1.20000000e+00  1.19999991e+00 -1.78339861e-04 
 1.17365110e-07  1.20000000e+00  1.19999984e+00 -1.39318925e-04 
 1.17383439e-07  1.20000000e+00  1.19999991e+00 -1.36129615e-04 
 1.17400568e-07  1.20000000e+00  1.19999984e+00 -1.73446536e-04 
 1.17418443e-07  1.20000000e+00  1.19999991e+00 -1.87417028e-04 
 1.17435550e-07  1.20000000e+00  1.19999984e+00 -1.84251603e-04 
 1.17454582e-07  1.20000000e+00  1.19999991e+00 -1.33392043e-04 
 1.17472916e-07  1.20000000e+00  1.19999984e+00 -1.42153621e-04 
 1.17490038e-07  1.20000000e+00  1.19999991e+00 -1.67415384e-04 
 1.17507921e-07  1.20000000e+00  1.19999984e+00 -1.93448053e-04 
 1.17525023e-07  1.20000000e+00  1.19999991e+00 -1.78151471e-04 
 1.17544053e-07  1.20000000e+00  1.19999984e+00 -1.39473527e-04 
 1.17562393e-07  1.20000000e+00  1.19999991e+00 -1.36170545e-04 
 1.17579508e-07  1.20000000e+00  1.19999984e+00 -1.73386225e-04 
 1.17597399e-07  1.20000000e+00  1.19999991e+00 -1.87478852e-04 
 1.17614496e-07  1.20000000e+00  1.19999984e+00 -1.84048767e-04 
 1.17633522e-07  1.20000000e+00  1.19999991e+00 -1.33564074e-04 
 1.17651869e-07  1.20000000e+00  1.19999984e+00 -1.42175622e-04 
 1.17668978e-07  1.20000000e+00  1.19999991e+00 -1.67372738e-04 
 1.17686876e-07  1.20000000e+00  1.19999984e+00 -1.93490825e-04 
 1.17703969e-07  1.20000000e+00  1.19999991e+00 -1.77968692e-04 
 1.17722993e-07  1.20000000e+00  1.19999984e+00 -1.39625403e-04 
 1.17741346e-07  1.20000000e+00  1.19999991e+00 -1.36211585e-04 
 1.17758448e-07  1.20000000e+00  1.19999984e+00 -1.73327724e-04 
 1.17776354e-07  1.20000000e+00  1.19999991e+00 -1.87540038e-04 
 1.17793443e-07  1.20000000e+00  1.19999984e+00 -1.83848907e-04 
 1.17812464e-07  1.20000000e+00  1.19999991e+00 -1.33728976e-04 
 1.17830822e-07  1.20000000e+00  1.19999984e+00 -1.42199682e-04 
 1.17847918e-07  1.20000000e+00  1.19999991e+00 -1.67334593e-04 
 1.17865832e-07  1.20000000e+00  1.19999984e+00 -1.93533347e-04 
 1.17882915e-07  1.20000000e+00  1.19999991e+00 -1.77789961e-04 
 1.17901934e-07  1.20000000e+00  1.19999984e+00 -1.39769040e-04 
 1.17920298e-07  1.20000000e+00  1.19999991e+00 -1.36253548e-04 
 1.17937388e-07  1.20000000e+00  1.19999984e+00 -1.73271533e-04 
 1.17955309e-07  1.20000000e+00  1.19999991e+00 -1.87599981e-04 
 1.17972388e-07  1.20000000e+00  1.19999984e+00 -1.83654475e-04 
 1.17991404e-07  1.20000000e+00  1.19999991e+00 -1.33889283e-04 
 1.18009773e-07  1.20000000e+00  1.19999984e+00 -1.42222143e-04 
 1.18026857e-07  1.20000000e+00  1.19999991e+00 -1.67298227e-04 
 1.18044785e-07  1.20000000e+00  1.19999984e+00 -1.93573195e-04 
 1.18061860e-07  1.20000000e+00  1.19999991e+00 -1.77617270e-04 
 1.18080874e-07  1.20000000e+00  1.19999984e+00 -1.39907408e-04 
 1.18099248e-07  1.20000000e+00  1.19999991e+00 -1.36295173e-04 
 1.18116326e-07  1.20000000e+00  1.19999984e+00 -1.73216848e-04 
 1.18134262e-07  1.20000000e+00  1.19999991e+00 -1.87658473e-04 
 1.18151331e-07  1.20000000e+00  1.19999984e+00 -1.83464742e-04 
 1.18170343e-07  1.20000000e+00  1.19999991e+00 -1.34044572e-04 
 1.18188722e-07  1.20000000e+00  1.19999984e+00 -1.42243940e-04 
 1.18205795e-07  1.20000000e+00  1.19999991e+00 -1.67264138e-04 
 1.18223737e-07  1.20000000e+00  1.19999984e+00 -1.93611119e-04 
 1.18240802e-07  1.20000000e+00  1.19999991e+00 -1.77449798e-04 
 1.18259812e-07  1.20000000e+00  1.19999984e+00 -1.40040464e-04 
 1.18278196e-07  1.20000000e+00  1.19999991e+00 -1.36336535e-04 
 1.18295264e-07  1.20000000e+00  1.19999984e+00 -1.73163698e-04 
 1.18313213e-07  1.20000000e+00  1.19999991e+00 -1.87715501e-04 
 1.18330273e-07  1.20000000e+00  1.19999984e+00 -1.83279668e-04 
 1.18349281e-07  1.20000000e+00  1.19999991e+00 -1.34195338e-04 
 1.18367670e-07  1.20000000e+00  1.19999984e+00 -1.42264931e-04 
 1.18384733e-07  1.20000000e+00  1.19999991e+00 -1.67231999e-04 
 1.18402688e-07  1.20000000e+00  1.19999984e+00 -1.93647136e-04 
 1.18419744e-07  1.20000000e+00  1.19999991e+00 -1.77287288e-04 
 1.18438750e-07  1.20000000e+00  1.19999984e+00 -1.40168650e-04 
 1.18457143e-07  1.20000000e+00  1.19999991e+00 -1.36377592e-04 
 1.18474201e-07  1.20000000e+00  1.19999984e+00 -1.73112042e-04 
 1.18492163e-07  1.20000000e+00  1.19999991e+00 -1.87771121e-04 
 1.18509214e-07  1.20000000e+00  1.19999984e+00 -1.83098985e-04 
 1.18528218e-07  1.20000000e+00  1.19999991e+00 -1.34341776e-04 
 1.18546616e-07  1.20000000e+00  1.19999984e+00 -1.42285224e-04 
 1.18563669e-07  1.20000000e+00  1.19999991e+00 -1.67201699e-04 
 1.18581637e-07  1.20000000e+00  1.19999984e+00 -1.93681400e-04 
 1.18598684e-07  1.20000000e+00  1.19999991e+00 -1.77129421e-04 
 1.18617686e-07  1.20000000e+00  1.19999984e+00 -1.40292302e-04 
 1.18636089e-07  1.20000000e+00  1.19999991e+00 -1.36418302e-04 
 1.18653137e-07  1.20000000e+00  1.19999985e+00 -1.73061823e-04 
 1.18671111e-07  1.20000000e+00  1.19999991e+00 -1.87825360e-04 
 1.18688153e-07  1.20000000e+00  1.19999985e+00 -1.82922491e-04 
 1.18707154e-07  1.20000000e+00  1.19999991e+00 -1.34484145e-04 
 1.18725561e-07  1.20000000e+00  1.19999985e+00 -1.42304864e-04 
 1.18742604e-07  1.20000000e+00  1.19999991e+00 -1.67173097e-04 
 1.18760585e-07  1.20000000e+00  1.19999985e+00 -1.93714025e-04 
 1.18777622e-07  1.20000000e+00  1.19999991e+00 -1.76975907e-04 
 1.18796622e-07  1.20000000e+00  1.19999985e+00 -1.40411734e-04 
 1.18815033e-07  1.20000000e+00  1.19999991e+00 -1.36458644e-04 
 1.18832071e-07  1.20000000e+00  1.19999985e+00 -1.73012992e-04 
 1.18850058e-07  1.20000000e+00  1.19999991e+00 -1.87878259e-04 
 1.18867091e-07  1.20000000e+00  1.19999985e+00 -1.82749977e-04 
 1.18886089e-07  1.20000000e+00  1.19999991e+00 -1.34622672e-04 
 1.18904504e-07  1.20000000e+00  1.19999985e+00 -1.42323905e-04 
 1.18921538e-07  1.20000000e+00  1.19999991e+00 -1.67146072e-04 
 1.18939531e-07  1.20000000e+00  1.19999985e+00 -1.93745120e-04 
 1.18956559e-07  1.20000000e+00  1.19999991e+00 -1.76826475e-04 
 1.18975556e-07  1.20000000e+00  1.19999985e+00 -1.40527240e-04 
 1.18993975e-07  1.20000000e+00  1.19999991e+00 -1.36498603e-04 
 1.19011005e-07  1.20000000e+00  1.19999985e+00 -1.72965496e-04 
 1.19029004e-07  1.20000000e+00  1.19999990e+00 -1.87929859e-04 
 1.19046027e-07  1.20000000e+00  1.19999985e+00 -1.82581241e-04 
 1.19065023e-07  1.20000000e+00  1.19999990e+00 -1.34757579e-04 
 1.19083446e-07  1.20000000e+00  1.19999985e+00 -1.42342393e-04 
 1.19100471e-07  1.20000000e+00  1.19999990e+00 -1.67120513e-04 
 1.19118476e-07  1.20000000e+00  1.19999985e+00 -1.93774785e-04 
 1.19135495e-07  1.20000000e+00  1.19999990e+00 -1.76680871e-04 
 1.19154489e-07  1.20000000e+00  1.19999985e+00 -1.40639087e-04 
 1.19172916e-07  1.20000000e+00  1.19999990e+00 -1.36538168e-04 
 1.19189938e-07  1.20000000e+00  1.19999985e+00 -1.72919282e-04 
 1.19207948e-07  1.20000000e+00  1.19999990e+00 -1.87980202e-04 
 1.19224963e-07  1.20000000e+00  1.19999985e+00 -1.82416089e-04 
 1.19243955e-07  1.20000000e+00  1.19999990e+00 -1.34889073e-04 
 1.19262386e-07  1.20000000e+00  1.19999985e+00 -1.42360370e-04 
 1.19279404e-07  1.20000000e+00  1.19999990e+00 -1.67096321e-04 
 1.19297419e-07  1.20000000e+00  1.19999985e+00 -1.93803109e-04 
 1.19314430e-07  1.20000000e+00  1.19999990e+00 -1.76538856e-04 
 1.19333421e-07  1.20000000e+00  1.19999985e+00 -1.40747526e-04 
 1.19351856e-07  1.20000000e+00  1.19999990e+00 -1.36577334e-04 
 1.19368869e-07  1.20000000e+00  1.19999985e+00 -1.72874300e-04 
 1.19386890e-07  1.20000000e+00  1.19999990e+00 -1.88029331e-04 
 1.19403896e-07  1.20000000e+00  1.19999985e+00 -1.82254331e-04 
 1.19422887e-07  1.20000000e+00  1.19999990e+00 -1.35017352e-04 
 1.19441325e-07  1.20000000e+00  1.19999985e+00 -1.42377876e-04 
 1.19458335e-07  1.20000000e+00  1.19999990e+00 -1.67073402e-04 
 1.19476361e-07  1.20000000e+00  1.19999985e+00 -1.93830178e-04 
 1.19493363e-07  1.20000000e+00  1.19999990e+00 -1.76400202e-04 
 1.19512352e-07  1.20000000e+00  1.19999985e+00 -1.40852789e-04 
 1.19530794e-07  1.20000000e+00  1.19999990e+00 -1.36616102e-04 
 1.19547800e-07  1.20000000e+00  1.19999985e+00 -1.72830497e-04 
 1.19565831e-07  1.20000000e+00  1.19999990e+00 -1.88077291e-04 
 1.19582829e-07  1.20000000e+00  1.19999985e+00 -1.82095785e-04 
 1.19601817e-07  1.20000000e+00  1.19999990e+00 -1.35142604e-04 
 1.19620262e-07  1.20000000e+00  1.19999985e+00 -1.42394949e-04 
 1.19637265e-07  1.20000000e+00  1.19999990e+00 -1.67051671e-04 
 1.19655301e-07  1.20000000e+00  1.19999985e+00 -1.93856067e-04 
 1.19672295e-07  1.20000000e+00  1.19999990e+00 -1.76264698e-04 
 1.19691282e-07  1.20000000e+00  1.19999985e+00 -1.40955090e-04 
 1.19709730e-07  1.20000000e+00  1.19999990e+00 -1.36654476e-04 
 1.19726729e-07  1.20000000e+00  1.19999985e+00 -1.72787825e-04 
 1.19744771e-07  1.20000000e+00  1.19999990e+00 -1.88124122e-04 
 1.19761760e-07  1.20000000e+00  1.19999985e+00 -1.81940278e-04 
 1.19780747e-07  1.20000000e+00  1.19999990e+00 -1.35265003e-04 
 1.19799198e-07  1.20000000e+00  1.19999985e+00 -1.42411619e-04 
 1.19816194e-07  1.20000000e+00  1.19999990e+00 -1.67031061e-04 
 1.19834240e-07  1.20000000e+00  1.19999985e+00 -1.93880868e-04 
 1.19851225e-07  1.20000000e+00  1.19999990e+00 -1.76132051e-04 
 1.19870211e-07  1.20000000e+00  1.19999985e+00 -1.41054721e-04 
 1.19888666e-07  1.20000000e+00  1.19999990e+00 -1.36692467e-04 
 1.19905658e-07  1.20000000e+00  1.19999985e+00 -1.72746099e-04 
 1.19923709e-07  1.20000000e+00  1.19999990e+00 -1.88169714e-04 
 1.19940690e-07  1.20000000e+00  1.19999985e+00 -1.81788671e-04 
 1.19959675e-07  1.20000000e+00  1.19999990e+00 -1.35383323e-04 
 1.19978133e-07  1.20000000e+00  1.19999985e+00 -1.42429015e-04 
 1.19995122e-07  1.20000000e+00  1.19999990e+00 -1.67011665e-04 
 1.20013178e-07  1.20000000e+00  1.19999985e+00 -1.93905119e-04 
 1.20030153e-07  1.20000000e+00  1.19999990e+00 -1.76001561e-04 
 1.20049138e-07  1.20000000e+00  1.19999985e+00 -1.41153898e-04 
 1.20067598e-07  1.20000000e+00  1.19999990e+00 -1.36727939e-04 
 1.20084584e-07  1.20000000e+00  1.19999985e+00 -1.72704824e-04 
 1.20100000e-07  1.20000000e+00  1.19999990e+00 -1.86381927e-04 
 1.20101806e-07  1.17832550e+00  1.19999988e+00 -2.03423175e-04 
 1.20105419e-07  1.13497651e+00  1.19999988e+00 -2.03493840e-04 
 1.20112643e-07  1.04827852e+00  1.19999988e+00 -1.99374461e-04 
 1.20127093e-07  8.74882533e-01  1.19999988e+00 -1.74065827e-04 
 1.20141936e-07  6.96771627e-01  1.19999988e+00 -1.59048667e-04 
 1.20158528e-07  4.97666653e-01  1.19999988e+00 -1.71045758e-04 
 1.20174838e-07  3.01948121e-01  1.19999988e+00 -2.20916487e-04 
 1.20187419e-07  1.50974061e-01  1.19999988e+00 -2.41358330e-04 
 1.20200000e-07  1.68087766e-13  1.19999988e+00 -2.67876228e-04 
 1.20202485e-07  0.00000000e+00  1.19999988e+00 -2.43454715e-04 
 1.20207455e-07  0.00000000e+00  1.19999988e+00 -2.45297392e-04 
 1.20217394e-07  0.00000000e+00  1.19999988e+00 -2.43366167e-04 
 1.20233485e-07  0.00000000e+00  1.19999988e+00 -2.24962851e-04 
 1.20248527e-07  0.00000000e+00  1.19999988e+00 -2.34277861e-04 
 1.20264354e-07  0.00000000e+00  1.19999988e+00 -2.67575882e-04 
 1.20282048e-07  0.00000000e+00  1.19999988e+00 -2.42477089e-04 
 1.20299058e-07  0.00000000e+00  1.19999988e+00 -2.54355043e-04 
 1.20317021e-07  0.00000000e+00  1.19999988e+00 -2.20671985e-04 
 1.20333692e-07  0.00000000e+00  1.19999988e+00 -2.37371162e-04 
 1.20351181e-07  0.00000000e+00  1.19999988e+00 -2.59976335e-04 
 1.20368193e-07  0.00000000e+00  1.19999988e+00 -2.55007057e-04 
 1.20386496e-07  0.00000000e+00  1.19999988e+00 -2.43949424e-04 
 1.20404857e-07  0.00000000e+00  1.19999988e+00 -2.34507592e-04 
 1.20422998e-07  0.00000000e+00  1.19999988e+00 -2.25891733e-04 
 1.20440248e-07  0.00000000e+00  1.19999988e+00 -2.70766005e-04 
 1.20458175e-07  0.00000000e+00  1.19999988e+00 -2.43282156e-04 
 1.20475996e-07  0.00000000e+00  1.19999988e+00 -2.55377939e-04 
 1.20494811e-07  0.00000000e+00  1.19999988e+00 -2.22856765e-04 
 1.20512734e-07  0.00000000e+00  1.19999988e+00 -2.37273151e-04 
 1.20530086e-07  0.00000000e+00  1.19999988e+00 -2.60087824e-04 
 1.20547924e-07  0.00000000e+00  1.19999988e+00 -2.53023885e-04 
 1.20565953e-07  0.00000000e+00  1.19999988e+00 -2.46217190e-04 
 1.20584596e-07  0.00000000e+00  1.19999988e+00 -2.31976246e-04 
 1.20602821e-07  0.00000000e+00  1.19999988e+00 -2.29243787e-04 
 1.20619996e-07  0.00000000e+00  1.19999988e+00 -2.68785429e-04 
 1.20637868e-07  0.00000000e+00  1.19999988e+00 -2.43454396e-04 
 1.20656057e-07  0.00000000e+00  1.19999988e+00 -2.55914617e-04 
 1.20674542e-07  0.00000000e+00  1.19999988e+00 -2.22349897e-04 
 1.20693127e-07  0.00000000e+00  1.19999988e+00 -2.40069330e-04 
 1.20710091e-07  0.00000000e+00  1.19999988e+00 -2.59213357e-04 
 1.20728033e-07  0.00000000e+00  1.19999988e+00 -2.51593930e-04 
 1.20746454e-07  0.00000000e+00  1.19999988e+00 -2.48125192e-04 
 1.20764489e-07  0.00000000e+00  1.19999988e+00 -2.30011070e-04 
 1.20781114e-07  0.00000000e+00  1.19999988e+00 -2.29701714e-04 
 1.20798829e-07  0.00000000e+00  1.19999988e+00 -2.67194812e-04 
 1.20815687e-07  0.00000000e+00  1.19999988e+00 -2.44581199e-04 
 1.20834536e-07  0.00000000e+00  1.19999988e+00 -2.55640385e-04 
 1.20852626e-07  0.00000000e+00  1.19999988e+00 -2.24782651e-04 
 1.20869555e-07  0.00000000e+00  1.19999988e+00 -2.34550443e-04 
 1.20887331e-07  0.00000000e+00  1.19999988e+00 -2.60547893e-04 
 1.20904463e-07  0.00000000e+00  1.19999988e+00 -2.50763638e-04 
 1.20922949e-07  0.00000000e+00  1.19999988e+00 -2.49522586e-04 
 1.20941494e-07  0.00000000e+00  1.19999988e+00 -2.31851348e-04 
 1.20959865e-07  0.00000000e+00  1.19999988e+00 -2.29617766e-04 
 1.20977172e-07  0.00000000e+00  1.19999988e+00 -2.66382848e-04 
 1.20995156e-07  0.00000000e+00  1.19999988e+00 -2.43540545e-04 
 1.21013407e-07  0.00000000e+00  1.19999988e+00 -2.56901841e-04 
 1.21032054e-07  0.00000000e+00  1.19999988e+00 -2.23413362e-04 
 1.21050712e-07  0.00000000e+00  1.19999988e+00 -2.39459623e-04 
 1.21067745e-07  0.00000000e+00  1.19999988e+00 -2.58675727e-04 
 1.21085743e-07  0.00000000e+00  1.19999988e+00 -2.49714709e-04 
 1.21104461e-07  0.00000000e+00  1.19999988e+00 -2.51266285e-04 
 1.21122128e-07  0.00000000e+00  1.19999988e+00 -2.28831530e-04 
 1.21138612e-07  0.00000000e+00  1.19999988e+00 -2.31016660e-04 
 1.21156326e-07  0.00000000e+00  1.19999988e+00 -2.64719503e-04 
 1.21173057e-07  0.00000000e+00  1.19999988e+00 -2.44525943e-04 
 1.21192213e-07  0.00000000e+00  1.19999988e+00 -2.56741550e-04 
 1.21210127e-07  0.00000000e+00  1.19999988e+00 -2.25962125e-04 
 1.21226968e-07  0.00000000e+00  1.19999988e+00 -2.33636875e-04 
 1.21244848e-07  0.00000000e+00  1.19999988e+00 -2.60066444e-04 
 1.21261888e-07  0.00000000e+00  1.19999988e+00 -2.48707694e-04 
 1.21280637e-07  0.00000000e+00  1.19999988e+00 -2.52516372e-04 
 1.21299194e-07  0.00000000e+00  1.19999988e+00 -2.30861584e-04 
 1.21317839e-07  0.00000000e+00  1.19999988e+00 -2.31619298e-04 
 1.21335142e-07  0.00000000e+00  1.19999988e+00 -2.63855105e-04 
 1.21353189e-07  0.00000000e+00  1.19999988e+00 -2.43377757e-04 
 1.21371807e-07  0.00000000e+00  1.19999988e+00 -2.58385765e-04 
 1.21389740e-07  0.00000000e+00  1.19999988e+00 -2.23992317e-04 
 1.21406329e-07  0.00000000e+00  1.19999988e+00 -2.35706328e-04 
 1.21424118e-07  0.00000000e+00  1.19999988e+00 -2.58546294e-04 
 1.21440991e-07  0.00000000e+00  1.19999988e+00 -2.48783345e-04 
 1.21460155e-07  0.00000000e+00  1.19999988e+00 -2.53204306e-04 
 1.21478030e-07  0.00000000e+00  1.19999988e+00 -2.31384734e-04 
 1.21494895e-07  0.00000000e+00  1.19999988e+00 -2.28493058e-04 
 1.21512830e-07  0.00000000e+00  1.19999988e+00 -2.63962368e-04 
 1.21529901e-07  0.00000000e+00  1.19999988e+00 -2.43003487e-04 
 1.21548774e-07  0.00000000e+00  1.19999988e+00 -2.58833178e-04 
 1.21567142e-07  0.00000000e+00  1.19999988e+00 -2.26512153e-04 
 1.21586027e-07  0.00000000e+00  1.19999988e+00 -2.36586786e-04 
 1.21603263e-07  0.00000000e+00  1.19999988e+00 -2.58172196e-04 
 1.21621398e-07  0.00000000e+00  1.19999988e+00 -2.47339466e-04 
 1.21640168e-07  0.00000000e+00  1.19999988e+00 -2.55329921e-04 
 1.21657818e-07  0.00000000e+00  1.19999988e+00 -2.28479064e-04 
 1.21674300e-07  0.00000000e+00  1.19999988e+00 -2.31358655e-04 
 1.21692086e-07  0.00000000e+00  1.19999988e+00 -2.61835193e-04 
 1.21708870e-07  0.00000000e+00  1.19999988e+00 -2.43852201e-04 
 1.21728227e-07  0.00000000e+00  1.19999988e+00 -2.58690847e-04 
 1.21745843e-07  0.00000000e+00  1.19999988e+00 -2.27985230e-04 
 1.21762640e-07  0.00000000e+00  1.19999988e+00 -2.32033666e-04 
 1.21780649e-07  0.00000000e+00  1.19999988e+00 -2.59060406e-04 
 1.21797672e-07  0.00000000e+00  1.19999988e+00 -2.46221714e-04 
 1.21816640e-07  0.00000000e+00  1.19999988e+00 -2.56090776e-04 
 1.21834898e-07  0.00000000e+00  1.19999988e+00 -2.31232025e-04 
 1.21853903e-07  0.00000000e+00  1.19999988e+00 -2.32338539e-04 
 1.21871188e-07  0.00000000e+00  1.19999988e+00 -2.61186944e-04 
 1.21889390e-07  0.00000000e+00  1.19999988e+00 -2.42956525e-04 
 1.21908253e-07  0.00000000e+00  1.19999988e+00 -2.60364414e-04 
 1.21925792e-07  0.00000000e+00  1.19999988e+00 -2.24919203e-04 
 1.21942240e-07  0.00000000e+00  1.19999988e+00 -2.35056827e-04 
 1.21960052e-07  0.00000000e+00  1.19999988e+00 -2.57191856e-04 
 1.21976813e-07  0.00000000e+00  1.19999988e+00 -2.46868667e-04 
 1.21994222e-07  0.00000000e+00  1.19999988e+00 -2.55387516e-04 
 1.22012654e-07  0.00000000e+00  1.19999988e+00 -2.33873183e-04 
 1.22031628e-07  0.00000000e+00  1.19999988e+00 -2.29501742e-04 
 1.22048797e-07  0.00000000e+00  1.19999987e+00 -2.62089308e-04 
 1.22067445e-07  0.00000000e+00  1.19999988e+00 -2.41551448e-04 
 1.22085773e-07  0.00000000e+00  1.19999988e+00 -2.61435632e-04 
 1.22103969e-07  0.00000000e+00  1.19999986e+00 -2.25075170e-04 
 1.22120764e-07  0.00000000e+00  1.19999989e+00 -2.35204152e-04 
 1.22138643e-07  0.00000000e+00  1.19999988e+00 -2.56362782e-04 
 1.22155766e-07  0.00000000e+00  1.19999991e+00 -2.47036974e-04 
 1.22175132e-07  0.00000000e+00  1.19999997e+00 -2.56350791e-04 
 1.22192665e-07  0.00000000e+00  1.19999937e+00 -2.32035991e-04 
 1.22209393e-07  0.00000000e+00  1.19999953e+00 -2.28350566e-04 
 1.22227453e-07  0.00000000e+00  1.20000002e+00 -2.61635867e-04 
 1.22244421e-07  0.00000000e+00  1.20000168e+00 -2.41498778e-04 
 1.22263672e-07  0.00000000e+00  1.20000829e+00 -2.61614301e-04 
 1.22281497e-07  0.00000000e+00  1.19999376e+00 -2.28065043e-04 
 1.22298585e-07  0.00000000e+00  1.19996718e+00 -2.32819280e-04 
 1.22316731e-07  0.00000000e+00  1.19994777e+00 -2.56634840e-04 
 1.22333975e-07  0.00000000e+00  1.20000370e+00 -2.45933618e-04 
 1.22353132e-07  0.00000000e+00  1.20044181e+00 -2.57769552e-04 
 1.22371024e-07  0.00000000e+00  1.20056029e+00 -2.31974783e-04 
 1.22388072e-07  0.00000000e+00  1.19935812e+00 -2.28221461e-04 
 1.22406201e-07  0.00000000e+00  1.19600327e+00 -2.58919522e-04 
 1.22423411e-07  0.00000000e+00  1.19324936e+00 -2.40747679e-04 
 1.22442713e-07  0.00000000e+00  1.21027631e+00 -2.73961088e-04 
 1.22460396e-07  0.00000000e+00  1.24585926e+00 -2.41409465e-04 
 1.22476667e-07  0.00000000e+00  1.25170352e+00 -2.23627623e-04 
 1.22492335e-07  0.00000000e+00  1.17129077e+00 -2.18198649e-04 
 1.22508773e-07  0.00000000e+00  9.97477442e-01 -1.84546494e-04 
 1.22523720e-07  0.00000000e+00  8.05396435e-01 -1.72401482e-04 
 1.22540233e-07  0.00000000e+00  5.91499618e-01 -2.07258470e-04 
 1.22558494e-07  0.00000000e+00  3.75459581e-01 -1.66621115e-04 
 1.22575346e-07  0.00000000e+00  2.15582014e-01 -1.79091313e-04 
 1.22591196e-07  0.00000000e+00  1.13575763e-01 -1.65785131e-04 
 1.22609369e-07  0.00000000e+00  4.90437720e-02 -1.53608200e-04 
 1.22623546e-07  0.00000000e+00  2.49046871e-02 -1.82160751e-04 
 1.22640099e-07  0.00000000e+00  1.09910719e-02 -1.75560274e-04 
 1.22657744e-07  0.00000000e+00  4.54813559e-03 -1.51309943e-04 
 1.22672833e-07  0.00000000e+00  2.15481053e-03 -1.72590572e-04 
 1.22691110e-07  0.00000000e+00  8.64539092e-04 -1.42448125e-04 
 1.22709295e-07  0.00000000e+00  3.39804455e-04 -1.74536195e-04 
 1.22726975e-07  0.00000000e+00  1.46693666e-04 -1.75746697e-04 
 1.22746227e-07  0.00000000e+00  4.92262242e-05 -1.53399780e-04 
 1.22765165e-07  0.00000000e+00  2.49457510e-05 -1.66849161e-04 
 1.22782906e-07  0.00000000e+00  4.34711221e-06 -1.45022466e-04 
 1.22800071e-07  0.00000000e+00  7.74581288e-06 -1.75457351e-04 
 1.22818422e-07  0.00000000e+00 -2.48011506e-06 -1.74535565e-04 
 1.22837413e-07  0.00000000e+00  4.49234911e-06 -1.52518316e-04 
 1.22854108e-07  0.00000000e+00 -3.47209759e-06 -1.69857415e-04 
 1.22872529e-07  0.00000000e+00  3.83823127e-06 -1.41606983e-04 
 1.22889428e-07  0.00000000e+00 -3.47829666e-06 -1.78416394e-04 
 1.22907410e-07  0.00000000e+00  3.56988890e-06 -1.72239856e-04 
 1.22926627e-07  0.00000000e+00 -3.33961855e-06 -1.55359912e-04 
 1.22943482e-07  0.00000000e+00  3.38142616e-06 -1.66579142e-04 
 1.22961877e-07  0.00000000e+00 -3.17114971e-06 -1.44896021e-04 
 1.22978829e-07  0.00000000e+00  3.21088048e-06 -1.75037469e-04 
 1.22996830e-07  0.00000000e+00 -3.00638809e-06 -1.75699013e-04 
 1.23016071e-07  0.00000000e+00  3.05911915e-06 -1.51960418e-04 
 1.23032956e-07  0.00000000e+00 -2.85422323e-06 -1.69945166e-04 
 1.23051352e-07  0.00000000e+00  2.90743003e-06 -1.41325366e-04 
 1.23068273e-07  0.00000000e+00 -2.70699697e-06 -1.78740125e-04 
 1.23086274e-07  0.00000000e+00  2.76253379e-06 -1.72037115e-04 
 1.23105499e-07  0.00000000e+00 -2.57461573e-06 -1.55702640e-04 
 1.23122373e-07  0.00000000e+00  2.62933351e-06 -1.66113449e-04 
 1.23140769e-07  0.00000000e+00 -2.44201346e-06 -1.45096412e-04 
 1.23157673e-07  0.00000000e+00  2.50059920e-06 -1.74900244e-04 
 1.23175671e-07  0.00000000e+00 -2.31527739e-06 -1.75980860e-04 
 1.23194905e-07  0.00000000e+00  2.38493848e-06 -1.51825360e-04 
 1.23211800e-07  0.00000000e+00 -2.19893488e-06 -1.69945022e-04 
 1.23230197e-07  0.00000000e+00  2.26914023e-06 -1.41130764e-04 
 1.23247090e-07  0.00000000e+00 -2.08635416e-06 -1.78915116e-04 
 1.23265091e-07  0.00000000e+00  2.15835515e-06 -1.71996082e-04 
 1.23284326e-07  0.00000000e+00 -1.98524528e-06 -1.55910396e-04 
 1.23301229e-07  0.00000000e+00  2.05671315e-06 -1.65764774e-04 
 1.23319628e-07  0.00000000e+00 -1.88403676e-06 -1.45239200e-04 
 1.23336505e-07  0.00000000e+00  1.95827944e-06 -1.74785951e-04 
 1.23354506e-07  0.00000000e+00 -1.78713512e-06 -1.76214471e-04 
 1.23373742e-07  0.00000000e+00  1.86991777e-06 -1.51737482e-04 
 1.23390655e-07  0.00000000e+00 -1.69829961e-06 -1.69903332e-04 
 1.23409054e-07  0.00000000e+00  1.78148797e-06 -1.40983852e-04 
 1.23425919e-07  0.00000000e+00 -1.61220698e-06 -1.79073007e-04 
 1.23443920e-07  0.00000000e+00  1.69676077e-06 -1.71960610e-04 
 1.23463159e-07  0.00000000e+00 -1.53495590e-06 -1.56082345e-04 
 1.23480082e-07  0.00000000e+00  1.61914267e-06 -1.65473990e-04 
 1.23498481e-07  0.00000000e+00 -1.45766493e-06 -1.45346214e-04 
 1.23515334e-07  0.00000000e+00  1.54386323e-06 -1.74696366e-04 
 1.23533335e-07  0.00000000e+00 -1.38355751e-06 -1.76412239e-04 
 1.23552576e-07  0.00000000e+00  1.47634194e-06 -1.51676076e-04 
 1.23569508e-07  0.00000000e+00 -1.31571252e-06 -1.69844429e-04 
 1.23587908e-07  0.00000000e+00  1.40879763e-06 -1.40873578e-04 
 1.23604749e-07  0.00000000e+00 -1.24986708e-06 -1.79195740e-04 
 1.23622751e-07  0.00000000e+00  1.34399205e-06 -1.71947012e-04 
 1.23641993e-07  0.00000000e+00 -1.19082947e-06 -1.56218505e-04 
 1.23658933e-07  0.00000000e+00  1.28470017e-06 -1.65230591e-04 
 1.23677334e-07  0.00000000e+00 -1.13178432e-06 -1.45423440e-04 
 1.23694164e-07  0.00000000e+00  1.22711727e-06 -1.74636858e-04 
 1.23712166e-07  0.00000000e+00 -1.07509746e-06 -1.76569543e-04 
 1.23731410e-07  0.00000000e+00  1.17550650e-06 -1.51640828e-04 
 1.23748358e-07  0.00000000e+00 -1.02326435e-06 -1.69771574e-04 
 1.23766759e-07  0.00000000e+00  1.12389727e-06 -1.40794016e-04 
 1.23783579e-07  0.00000000e+00 -9.72893761e-07 -1.79287223e-04 
 1.23801581e-07  0.00000000e+00  1.07431903e-06 -1.71953374e-04 
 1.23820826e-07  0.00000000e+00 -9.27762042e-07 -1.56323118e-04 
 1.23837782e-07  0.00000000e+00  1.02901092e-06 -1.65028605e-04 
 1.23856184e-07  0.00000000e+00 -8.82639758e-07 -1.45475933e-04 
 1.23872994e-07  0.00000000e+00  9.84954490e-07 -1.74601327e-04 
 1.23890997e-07  0.00000000e+00 -8.39268192e-07 -1.76693191e-04 
 1.23910243e-07  0.00000000e+00  9.45492752e-07 -1.51626754e-04 
 1.23927206e-07  0.00000000e+00 -7.99652946e-07 -1.69688330e-04 
 1.23945609e-07  0.00000000e+00  9.06044622e-07 -1.40739731e-04 
 1.23962409e-07  0.00000000e+00 -7.61110220e-07 -1.79353379e-04 
 1.23980412e-07  0.00000000e+00  8.68105894e-07 -1.71975001e-04 
 1.23999660e-07  0.00000000e+00 -7.26597061e-07 -1.56401591e-04 
 1.24016630e-07  0.00000000e+00  8.33469852e-07 -1.64861985e-04 
 1.24035033e-07  0.00000000e+00 -6.92100949e-07 -1.45508119e-04 
 1.24051824e-07  0.00000000e+00  7.99752883e-07 -1.74585030e-04 
 1.24069828e-07  0.00000000e+00 -6.58907247e-07 -1.76788871e-04 
 1.24089077e-07  0.00000000e+00  7.69569305e-07 -1.51629566e-04 
 1.24106053e-07  0.00000000e+00 -6.28617083e-07 -1.69597838e-04 
 1.24124457e-07  0.00000000e+00  7.39404016e-07 -1.40706203e-04 
 1.24141240e-07  0.00000000e+00 -5.99115288e-07 -1.79398541e-04 
 1.24159243e-07  0.00000000e+00  7.10362794e-07 -1.72008591e-04 
 1.24178494e-07  0.00000000e+00 -5.72711737e-07 -1.56458246e-04 
 1.24195476e-07  0.00000000e+00  6.83873174e-07 -1.64725597e-04 
 1.24213880e-07  0.00000000e+00 -5.46327390e-07 -1.45523609e-04 
 1.24230655e-07  0.00000000e+00  6.58059920e-07 -1.74584362e-04 
 1.24248659e-07  0.00000000e+00 -5.20913819e-07 -1.76861042e-04 
 1.24267910e-07  0.00000000e+00  6.34963013e-07 -1.51645913e-04 
 1.24284899e-07  0.00000000e+00 -4.97742403e-07 -1.69502514e-04 
 1.24303303e-07  0.00000000e+00  6.11884966e-07 -1.40689734e-04 
 1.24320070e-07  0.00000000e+00 -4.75151732e-07 -1.79426238e-04 
 1.24338075e-07  0.00000000e+00  5.89645547e-07 -1.72051551e-04 
 1.24357327e-07  0.00000000e+00 -4.54942595e-07 -1.56496628e-04 
 1.24374321e-07  0.00000000e+00  5.69375696e-07 -1.64615123e-04 
 1.24392726e-07  0.00000000e+00 -4.34751849e-07 -1.45525369e-04 
 1.24409486e-07  0.00000000e+00  5.49604594e-07 -1.74596368e-04 
 1.24427491e-07  0.00000000e+00 -4.15285945e-07 -1.76913427e-04 
 1.24446744e-07  0.00000000e+00  5.31921304e-07 -1.51673078e-04 
 1.24463743e-07  0.00000000e+00 -3.97550097e-07 -1.69404224e-04 
 1.24482149e-07  0.00000000e+00  5.14255239e-07 -1.40687280e-04 
 1.24498901e-07  0.00000000e+00 -3.80242862e-07 -1.79439414e-04 
 1.24516907e-07  0.00000000e+00  4.97215867e-07 -1.72101776e-04 
 1.24536161e-07  0.00000000e+00 -3.64765973e-07 -1.56519703e-04 
 1.24553165e-07  0.00000000e+00  4.81695761e-07 -1.64526899e-04 
 1.24571571e-07  0.00000000e+00 -3.49305115e-07 -1.45515845e-04 
 1.24588317e-07  0.00000000e+00  4.66544048e-07 -1.74618624e-04 
 1.24606323e-07  0.00000000e+00 -3.34386417e-07 -1.76949147e-04 
 1.24625577e-07  0.00000000e+00  4.52996874e-07 -1.51708845e-04 
 1.24642586e-07  0.00000000e+00 -3.20801773e-07 -1.69304411e-04 
 1.24660993e-07  0.00000000e+00  4.39464313e-07 -1.40696328e-04 
 1.24677733e-07  0.00000000e+00 -3.07533953e-07 -1.79440520e-04 
 1.24695738e-07  0.00000000e+00  4.26400769e-07 -1.72157566e-04 
 1.24714994e-07  0.00000000e+00 -2.95672793e-07 -1.56529950e-04 
 1.24732007e-07  0.00000000e+00  4.14508506e-07 -1.64457800e-04 
 1.24750414e-07  0.00000000e+00 -2.83824831e-07 -1.45497058e-04 
 1.24767148e-07  0.00000000e+00  4.02888727e-07 -1.74649141e-04 
 1.24785154e-07  0.00000000e+00 -2.72382850e-07 -1.76970824e-04 
 1.24804411e-07  0.00000000e+00  3.92502121e-07 -1.51751410e-04 
 1.24821428e-07  0.00000000e+00 -2.61969156e-07 -1.69204185e-04 
 1.24839835e-07  0.00000000e+00  3.82127177e-07 -1.40714797e-04 
 1.24856564e-07  0.00000000e+00 -2.51789945e-07 -1.79431599e-04 
 1.24874570e-07  0.00000000e+00  3.72103696e-07 -1.72217550e-04 
 1.24893827e-07  0.00000000e+00 -2.42691886e-07 -1.56529451e-04 
 1.24910849e-07  0.00000000e+00  3.62982924e-07 -1.64405159e-04 
 1.24929256e-07  0.00000000e+00 -2.33604057e-07 -1.45470688e-04 
 1.24945979e-07  0.00000000e+00  3.54063838e-07 -1.74686286e-04 
 1.24963986e-07  0.00000000e+00 -2.24820611e-07 -1.76980663e-04 
 1.24983244e-07  0.00000000e+00  3.46092722e-07 -1.51799302e-04 
 1.25000269e-07  0.00000000e+00 -2.16829586e-07 -1.69104389e-04 
 1.25018677e-07  0.00000000e+00  3.38130394e-07 -1.40740962e-04 
 1.25035395e-07  0.00000000e+00 -2.09012151e-07 -1.79414363e-04 
 1.25053402e-07  0.00000000e+00  3.30431675e-07 -1.72280620e-04 
 1.25072661e-07  0.00000000e+00 -2.02025967e-07 -1.56519955e-04 
 1.25089689e-07  0.00000000e+00  3.23428542e-07 -1.64366688e-04 
 1.25108098e-07  0.00000000e+00 -1.95047226e-07 -1.45438130e-04 
 1.25124811e-07  0.00000000e+00  3.16574807e-07 -1.74728714e-04 
 1.25142819e-07  0.00000000e+00 -1.88296867e-07 -1.76980525e-04 
 1.25162077e-07  0.00000000e+00  3.10450030e-07 -1.51851319e-04 
 1.25179109e-07  0.00000000e+00 -1.82157115e-07 -1.69005656e-04 
 1.25197518e-07  0.00000000e+00  3.04331390e-07 -1.40773391e-04 
 1.25214227e-07  0.00000000e+00 -1.76145937e-07 -1.79390242e-04 
 1.25232235e-07  0.00000000e+00  2.98410636e-07 -1.72345883e-04 
 1.25251494e-07  0.00000000e+00 -1.70774114e-07 -1.56502937e-04 
 1.25268529e-07  0.00000000e+00  2.93025903e-07 -1.64340421e-04 
 1.25286938e-07  0.00000000e+00 -1.65407288e-07 -1.45400544e-04 
 1.25303643e-07  0.00000000e+00  2.87751752e-07 -1.74775317e-04 
 1.25321651e-07  0.00000000e+00 -1.60211877e-07 -1.76971984e-04 
 1.25340911e-07  0.00000000e+00  2.83038504e-07 -1.51906479e-04 
 1.25357949e-07  0.00000000e+00 -1.55487078e-07 -1.68908456e-04 
 1.25376358e-07  0.00000000e+00  2.78329114e-07 -1.40810894e-04 
 1.25393058e-07  0.00000000e+00 -1.50857423e-07 -1.79360440e-04 
 1.25411067e-07  0.00000000e+00  2.73768240e-07 -1.72412618e-04 
 1.25430327e-07  0.00000000e+00 -1.46719878e-07 -1.56479641e-04 
 1.25447368e-07  0.00000000e+00  2.69620598e-07 -1.64324669e-04 
 1.25465778e-07  0.00000000e+00 -1.42585194e-07 -1.45358899e-04 
 1.25482474e-07  0.00000000e+00  2.65554721e-07 -1.74825184e-04 
 1.25500483e-07  0.00000000e+00 -1.38579207e-07 -1.76956374e-04 
 1.25519744e-07  0.00000000e+00  2.61920734e-07 -1.51963982e-04 
 1.25536788e-07  0.00000000e+00 -1.34936110e-07 -1.68813126e-04 
 1.25555198e-07  0.00000000e+00  2.58288675e-07 -1.40852480e-04 
 1.25571890e-07  0.00000000e+00 -1.31363248e-07 -1.79325968e-04 
 1.25589899e-07  0.00000000e+00  2.54768102e-07 -1.72480247e-04 
 1.25609160e-07  0.00000000e+00 -1.28169523e-07 -1.56451122e-04 
 1.25626207e-07  0.00000000e+00  2.51566272e-07 -1.64317971e-04 
 1.25644617e-07  0.00000000e+00 -1.24976918e-07 -1.45314004e-04 
 1.25661306e-07  0.00000000e+00  2.48424721e-07 -1.74877562e-04 
 1.25679315e-07  0.00000000e+00 -1.21880854e-07 -1.76934827e-04 
 1.25698577e-07  0.00000000e+00  2.45616112e-07 -1.52023174e-04 
 1.25715626e-07  0.00000000e+00 -1.19064816e-07 -1.68719902e-04 
 1.25734036e-07  0.00000000e+00  2.42807861e-07 -1.40897324e-04 
 1.25750722e-07  0.00000000e+00 -1.16300473e-07 -1.79287677e-04 
 1.25768732e-07  0.00000000e+00  2.40083184e-07 -1.72548306e-04 
 1.25787994e-07  0.00000000e+00 -1.13828635e-07 -1.56418272e-04 
 1.25805045e-07  0.00000000e+00  2.37604594e-07 -1.64319066e-04 
 1.25823456e-07  0.00000000e+00 -1.11356440e-07 -1.45266534e-04 
 1.25840138e-07  0.00000000e+00  2.35170266e-07 -1.74931830e-04 
 1.25858148e-07  0.00000000e+00 -1.08956593e-07 -1.76908305e-04 
 1.25877410e-07  0.00000000e+00  2.32993011e-07 -1.52083522e-04 
 1.25894463e-07  0.00000000e+00 -1.06773090e-07 -1.68628941e-04 
 1.25912875e-07  0.00000000e+00  2.30814781e-07 -1.40944739e-04 
 1.25929554e-07  0.00000000e+00 -1.04627401e-07 -1.79246284e-04 
 1.25947564e-07  0.00000000e+00  2.28699148e-07 -1.72616427e-04 
 1.25966827e-07  0.00000000e+00 -1.02707759e-07 -1.56381846e-04 
 1.25983882e-07  0.00000000e+00  2.26773741e-07 -1.64326864e-04 
 1.26002293e-07  0.00000000e+00 -1.00786613e-07 -1.45217054e-04 
 1.26018970e-07  0.00000000e+00  2.24880613e-07 -1.74987476e-04 
 1.26036980e-07  0.00000000e+00 -9.89195620e-08 -1.76877629e-04 
 1.26056243e-07  0.00000000e+00  2.23186355e-07 -1.52144595e-04 
 1.26073301e-07  0.00000000e+00 -9.72198921e-08 -1.68540334e-04 
 1.26091712e-07  0.00000000e+00  2.21490102e-07 -1.40994150e-04 
 1.26108386e-07  0.00000000e+00 -9.55476808e-08 -1.79202393e-04 
 1.26126396e-07  0.00000000e+00  2.19840569e-07 -1.72684316e-04 
 1.26145660e-07  0.00000000e+00 -9.40505538e-08 -1.56342488e-04 
 1.26162719e-07  0.00000000e+00  2.18338375e-07 -1.64340418e-04 
 1.26181131e-07  0.00000000e+00 -9.25509956e-08 -1.45166036e-04 
 1.26197802e-07  0.00000000e+00  2.16859469e-07 -1.75044079e-04 
 1.26215813e-07  0.00000000e+00 -9.10917434e-08 -1.76843497e-04 
 1.26235076e-07  0.00000000e+00  2.15534833e-07 -1.52206039e-04 
 1.26252137e-07  0.00000000e+00 -8.97622750e-08 -1.68454127e-04 
 1.26270549e-07  0.00000000e+00  2.14207340e-07 -1.41045080e-04 
 1.26287218e-07  0.00000000e+00 -8.84524940e-08 -1.79156516e-04 
 1.26305229e-07  0.00000000e+00  2.12914606e-07 -1.72751741e-04 
 1.26324493e-07  0.00000000e+00 -8.72787353e-08 -1.56300744e-04 
 1.26341555e-07  0.00000000e+00  2.11736264e-07 -1.64358907e-04 
 1.26359968e-07  0.00000000e+00 -8.61017679e-08 -1.45113876e-04 
 1.26376634e-07  0.00000000e+00  2.10574488e-07 -1.75101293e-04 
 1.26394645e-07  0.00000000e+00 -8.49547064e-08 -1.76806507e-04 
 1.26413909e-07  0.00000000e+00  2.09532746e-07 -1.52267571e-04 
 1.26430974e-07  0.00000000e+00 -8.39085896e-08 -1.68370328e-04 
 1.26449386e-07  0.00000000e+00  2.08487507e-07 -1.41097130e-04 
 1.26466050e-07  0.00000000e+00 -8.28762925e-08 -1.79109083e-04 
 1.26484061e-07  0.00000000e+00  2.07467945e-07 -1.72818523e-04 
 1.26503326e-07  0.00000000e+00 -8.19500616e-08 -1.56257078e-04 
 1.26520392e-07  0.00000000e+00  2.06537498e-07 -1.64381618e-04 
 1.26538804e-07  0.00000000e+00 -8.10200488e-08 -1.45060904e-04 
 1.26555466e-07  0.00000000e+00  2.05618544e-07 -1.75158832e-04 
 1.26573478e-07  0.00000000e+00 -8.01120634e-08 -1.76767168e-04 
 1.26592742e-07  0.00000000e+00  2.04793398e-07 -1.52328961e-04 
 1.26609809e-07  0.00000000e+00 -7.92828384e-08 -1.68288917e-04 
 1.26628222e-07  0.00000000e+00  2.03964236e-07 -1.41149969e-04 
 1.26644883e-07  0.00000000e+00 -7.84630559e-08 -1.79060459e-04 
 1.26662894e-07  0.00000000e+00  2.03153893e-07 -1.72884522e-04 
 1.26682159e-07  0.00000000e+00 -7.77263625e-08 -1.56211884e-04 
 1.26699227e-07  0.00000000e+00  2.02413279e-07 -1.64407930e-04 
 1.26717640e-07  0.00000000e+00 -7.69854528e-08 -1.45007395e-04 
 1.26734299e-07  0.00000000e+00  2.01680301e-07 -1.75216464e-04 
 1.26752310e-07  0.00000000e+00 -7.62605741e-08 -1.76725916e-04 
 1.26771575e-07  0.00000000e+00  2.01021050e-07 -1.52390026e-04 
 1.26788645e-07  0.00000000e+00 -7.55974672e-08 -1.68209854e-04 
 1.26807058e-07  0.00000000e+00  2.00357360e-07 -1.41203320e-04 
 1.26823715e-07  0.00000000e+00 -7.49404789e-08 -1.79010949e-04 
 1.26841726e-07  0.00000000e+00  1.99707314e-07 -1.72949632e-04 
 1.26860992e-07  0.00000000e+00 -7.43490007e-08 -1.56165500e-04 
 1.26878063e-07  0.00000000e+00  1.99112050e-07 -1.64437304e-04 
 1.26896476e-07  0.00000000e+00 -7.37529089e-08 -1.44953580e-04 
 1.26913131e-07  0.00000000e+00  1.98521603e-07 -1.75273997e-04 
 1.26931143e-07  0.00000000e+00 -7.31683561e-08 -1.76683124e-04 
 1.26950408e-07  0.00000000e+00  1.97989436e-07 -1.52450618e-04 
 1.26967480e-07  0.00000000e+00 -7.26324962e-08 -1.68133081e-04 
 1.26985894e-07  0.00000000e+00  1.97452542e-07 -1.41256954e-04 
 1.27002547e-07  0.00000000e+00 -7.21002758e-08 -1.78960814e-04 
 1.27020559e-07  0.00000000e+00  1.96925335e-07 -1.73013776e-04 
 1.27039825e-07  0.00000000e+00 -7.16200514e-08 -1.56118210e-04 
 1.27056898e-07  0.00000000e+00  1.96441481e-07 -1.64469269e-04 
 1.27075311e-07  0.00000000e+00 -7.11349625e-08 -1.44899651e-04 
 1.27091963e-07  0.00000000e+00  1.95960261e-07 -1.75331277e-04 
 1.27109975e-07  0.00000000e+00 -7.06579660e-08 -1.76639113e-04 
 1.27129241e-07  0.00000000e+00  1.95525509e-07 -1.52510623e-04 
 1.27146315e-07  0.00000000e+00 -7.02196465e-08 -1.68058532e-04 
 1.27164729e-07  0.00000000e+00  1.95085788e-07 -1.41310678e-04 
 1.27181380e-07  0.00000000e+00 -6.97830883e-08 -1.78910273e-04 
 1.27199392e-07  0.00000000e+00  1.94652780e-07 -1.73076897e-04 
 1.27218657e-07  0.00000000e+00 -6.93881485e-08 -1.56070260e-04 
 1.27235733e-07  0.00000000e+00  1.94254334e-07 -1.64503416e-04 
 1.27254146e-07  0.00000000e+00 -6.89881654e-08 -1.44845766e-04 
 1.27270796e-07  0.00000000e+00  1.93856881e-07 -1.75388178e-04 
 1.27288808e-07  0.00000000e+00 -6.85936601e-08 -1.76594154e-04 
 1.27308074e-07  0.00000000e+00  1.93496845e-07 -1.52569950e-04 
 1.27325150e-07  0.00000000e+00 -6.82301417e-08 -1.67986134e-04 
 1.27343564e-07  0.00000000e+00  1.93131652e-07 -1.41364337e-04 
 1.27360212e-07  0.00000000e+00 -6.78669560e-08 -1.78859509e-04 
 1.27378224e-07  0.00000000e+00  1.92770890e-07 -1.73138955e-04 
 1.27397490e-07  0.00000000e+00 -6.75374654e-08 -1.56021855e-04 
 1.27414568e-07  0.00000000e+00  1.92437972e-07 -1.64539387e-04 
 1.27432981e-07  0.00000000e+00 -6.72027660e-08 -1.44792060e-04 
 1.27449628e-07  0.00000000e+00  1.92104813e-07 -1.75444598e-04 
 1.27467640e-07  0.00000000e+00 -6.68715661e-08 -1.76548483e-04 
 1.27486907e-07  0.00000000e+00  1.91802088e-07 -1.52628529e-04 
 1.27503985e-07  0.00000000e+00 -6.65654423e-08 -1.67915809e-04 
 1.27522399e-07  0.00000000e+00  1.91494101e-07 -1.41417798e-04 
 1.27539044e-07  0.00000000e+00 -6.62585929e-08 -1.78808678e-04 
 1.27557057e-07  0.00000000e+00  1.91188802e-07 -1.73199927e-04 
 1.27576323e-07  0.00000000e+00 -6.59793439e-08 -1.55973173e-04 
 1.27593402e-07  0.00000000e+00  1.90906185e-07 -1.64576870e-04 
 1.27611816e-07  0.00000000e+00 -6.56947615e-08 -1.44738641e-04 
 1.27628461e-07  0.00000000e+00  1.90622396e-07 -1.75500631e-04 
 1.27646473e-07  0.00000000e+00 -6.54121779e-08 -1.76501775e-04 
 1.27665740e-07  0.00000000e+00  1.90363693e-07 -1.52686991e-04 
 1.27682819e-07  0.00000000e+00 -6.51501517e-08 -1.67846486e-04 
 1.27701233e-07  0.00000000e+00  1.90099655e-07 -1.41470945e-04 
 1.27717877e-07  0.00000000e+00 -6.48865571e-08 -1.78758561e-04 
 1.27735889e-07  0.00000000e+00  1.89836983e-07 -1.73259446e-04 
 1.27755156e-07  0.00000000e+00 -6.46459037e-08 -1.55925424e-04 
 1.27772236e-07  0.00000000e+00  1.89593004e-07 -1.64613690e-04 
 1.27790650e-07  0.00000000e+00 -6.43998485e-08 -1.44685669e-04 
 1.27807293e-07  0.00000000e+00  1.89347155e-07 -1.75556216e-04 
 1.27825305e-07  0.00000000e+00 -6.41546382e-08 -1.76456066e-04 
 1.27844572e-07  0.00000000e+00  1.89122307e-07 -1.52744418e-04 
 1.27861653e-07  0.00000000e+00 -6.39265069e-08 -1.67778389e-04 
 1.27880067e-07  0.00000000e+00  1.88892032e-07 -1.41523710e-04 
 1.27896709e-07  0.00000000e+00 -6.36962075e-08 -1.78708112e-04 
 1.27914722e-07  0.00000000e+00  1.88662159e-07 -1.73319095e-04 
 1.27933988e-07  0.00000000e+00 -6.34852220e-08 -1.55877057e-04 
 1.27951070e-07  0.00000000e+00  1.88447920e-07 -1.64651780e-04 
 1.27969484e-07  0.00000000e+00 -6.32688175e-08 -1.44633056e-04 
 1.27986125e-07  0.00000000e+00  1.88231268e-07 -1.75611111e-04 
 1.28004138e-07  0.00000000e+00 -6.30523629e-08 -1.76410001e-04 
 1.28023405e-07  0.00000000e+00  1.88032460e-07 -1.52801007e-04 
 1.28040487e-07  0.00000000e+00 -6.28503362e-08 -1.67712202e-04 
 1.28058901e-07  0.00000000e+00  1.87828207e-07 -1.41576031e-04 
 1.28075541e-07  0.00000000e+00 -6.26456595e-08 -1.78657998e-04 
 1.28093554e-07  0.00000000e+00  1.87623574e-07 -1.73377492e-04 
 1.28112821e-07  0.00000000e+00 -6.24575449e-08 -1.55828777e-04 
 1.28129904e-07  0.00000000e+00  1.87432233e-07 -1.64690825e-04 
 1.28148318e-07  0.00000000e+00 -6.22639842e-08 -1.44580959e-04 
 1.28164957e-07  0.00000000e+00  1.87238087e-07 -1.75665208e-04 
 1.28182970e-07  0.00000000e+00 -6.20696923e-08 -1.76363864e-04 
 1.28202237e-07  0.00000000e+00  1.87059382e-07 -1.52856641e-04 
 1.28219321e-07  0.00000000e+00 -6.18877838e-08 -1.67647916e-04 
 1.28237735e-07  0.00000000e+00  1.86875181e-07 -1.41627824e-04 
 1.28254373e-07  0.00000000e+00 -6.17028722e-08 -1.78608225e-04 
 1.28272386e-07  0.00000000e+00  1.86690024e-07 -1.73434711e-04 
 1.28291653e-07  0.00000000e+00 -6.15324207e-08 -1.55780667e-04 
 1.28308737e-07  0.00000000e+00  1.86516365e-07 -1.64730609e-04 
 1.28327152e-07  0.00000000e+00 -6.13564703e-08 -1.44529428e-04 
 1.28343789e-07  0.00000000e+00  1.86339593e-07 -1.75718535e-04 
 1.28361802e-07  0.00000000e+00 -6.11793156e-08 -1.76317712e-04 
 1.28381069e-07  0.00000000e+00  1.86176402e-07 -1.52911334e-04 
 1.28398154e-07  0.00000000e+00 -6.10129371e-08 -1.67585440e-04 
 1.28416569e-07  0.00000000e+00  1.86007691e-07 -1.41679043e-04 
 1.28433205e-07  0.00000000e+00 -6.08433294e-08 -1.78558838e-04 
 1.28451218e-07  0.00000000e+00  1.85837609e-07 -1.73490791e-04 
 1.28470485e-07  0.00000000e+00 -6.06864932e-08 -1.55732799e-04 
 1.28487571e-07  0.00000000e+00  1.85677632e-07 -1.64770969e-04 
 1.28505986e-07  0.00000000e+00 -6.05241989e-08 -1.44478501e-04 
 1.28522621e-07  0.00000000e+00  1.85514292e-07 -1.75771077e-04 
 1.28540634e-07  0.00000000e+00 -6.03602942e-08 -1.76271638e-04 
 1.28559902e-07  0.00000000e+00  1.85363115e-07 -1.52965089e-04 
 1.28576987e-07  0.00000000e+00 -6.02059733e-08 -1.67524685e-04 
 1.28595402e-07  0.00000000e+00  1.85206424e-07 -1.41729653e-04 
 1.28612037e-07  0.00000000e+00 -6.00481791e-08 -1.78509892e-04 
 1.28630050e-07  0.00000000e+00  1.85048002e-07 -1.73545754e-04 
 1.28649318e-07  0.00000000e+00 -5.99019533e-08 -1.55685239e-04 
 1.28666404e-07  0.00000000e+00  1.84898629e-07 -1.64811757e-04 
 1.28684819e-07  0.00000000e+00 -5.97502271e-08 -1.44428206e-04 
 1.28701453e-07  0.00000000e+00  1.84745752e-07 -1.75822820e-04 
 1.28719466e-07  0.00000000e+00 -5.95966266e-08 -1.76225728e-04 
 1.28738734e-07  0.00000000e+00  1.84603876e-07 -1.53017908e-04 
 1.28755821e-07  0.00000000e+00 -5.94516408e-08 -1.67465572e-04 
 1.28774236e-07  0.00000000e+00  1.84456544e-07 -1.41779624e-04 
 1.28790869e-07  0.00000000e+00 -5.93030726e-08 -1.78461433e-04 
 1.28808882e-07  0.00000000e+00  1.84307203e-07 -1.73599621e-04 
 1.28828150e-07  0.00000000e+00 -5.91650725e-08 -1.55638044e-04 
 1.28845237e-07  0.00000000e+00  1.84166078e-07 -1.64852843e-04 
 1.28863652e-07  0.00000000e+00 -5.90215920e-08 -1.44378569e-04 
 1.28880285e-07  0.00000000e+00  1.84021338e-07 -1.75873757e-04 
 1.28898298e-07  0.00000000e+00 -5.88760171e-08 -1.76180051e-04 
 1.28917566e-07  0.00000000e+00  1.83886750e-07 -1.53069797e-04 
 1.28934654e-07  0.00000000e+00 -5.87383230e-08 -1.67408021e-04 
 1.28953069e-07  0.00000000e+00  1.83746681e-07 -1.41828934e-04 
 1.28969701e-07  0.00000000e+00 -5.85969547e-08 -1.78413496e-04 
 1.28987715e-07  0.00000000e+00  1.83604438e-07 -1.73652419e-04 
 1.29006982e-07  0.00000000e+00 -5.84653929e-08 -1.55591263e-04 
 1.29024070e-07  0.00000000e+00  1.83469785e-07 -1.64894114e-04 
 1.29042485e-07  0.00000000e+00 -5.83283461e-08 -1.44329606e-04 
 1.29059117e-07  0.00000000e+00  1.83331396e-07 -1.75923883e-04 
 1.29077131e-07  0.00000000e+00 -5.81890645e-08 -1.76134667e-04 
 1.29096398e-07  0.00000000e+00  1.83202513e-07 -1.53120767e-04 
 1.29113487e-07  0.00000000e+00 -5.80570962e-08 -1.67351962e-04 
 1.29131902e-07  0.00000000e+00  1.83068169e-07 -1.41877566e-04 
 1.29148533e-07  0.00000000e+00 -5.79213535e-08 -1.78366112e-04 
 1.29166547e-07  0.00000000e+00  1.82931492e-07 -1.73704171e-04 
 1.29185815e-07  0.00000000e+00 -5.77948437e-08 -1.55544935e-04 
 1.29202903e-07  0.00000000e+00  1.82801914e-07 -1.64935471e-04 
 1.29221319e-07  0.00000000e+00 -5.76628963e-08 -1.44281331e-04 
 1.29237949e-07  0.00000000e+00  1.82668533e-07 -1.75973200e-04 
 1.29255963e-07  0.00000000e+00 -5.75285522e-08 -1.76089628e-04 
 1.29275231e-07  0.00000000e+00  1.82544160e-07 -1.53170828e-04 
 1.29292320e-07  0.00000000e+00 -5.74010938e-08 -1.67297325e-04 
 1.29310735e-07  0.00000000e+00  1.82414305e-07 -1.41925508e-04 
 1.29327365e-07  0.00000000e+00 -5.72698233e-08 -1.78319304e-04 
 1.29345379e-07  0.00000000e+00  1.82282035e-07 -1.73754903e-04 
 1.29364647e-07  0.00000000e+00 -5.71473089e-08 -1.55499094e-04 
 1.29381736e-07  0.00000000e+00  1.82156484e-07 -1.64976828e-04 
 1.29400152e-07  0.00000000e+00 -5.70193720e-08 -1.44233752e-04 
 1.29416781e-07  0.00000000e+00  1.82027077e-07 -1.76021711e-04 
 1.29434795e-07  0.00000000e+00 -5.68889524e-08 -1.76044976e-04 
 1.29454063e-07  0.00000000e+00  1.81906268e-07 -1.53219995e-04 
 1.29471153e-07  0.00000000e+00 -5.67650865e-08 -1.67244045e-04 
 1.29489568e-07  0.00000000e+00  1.81780007e-07 -1.41972751e-04 
 1.29506197e-07  0.00000000e+00 -5.66373473e-08 -1.78273092e-04 
 1.29524211e-07  0.00000000e+00  1.81651249e-07 -1.73804642e-04 
 1.29543479e-07  0.00000000e+00 -5.65180522e-08 -1.55453766e-04 
 1.29560569e-07  0.00000000e+00  1.81528883e-07 -1.65018990e-04 
 1.29578984e-07  0.00000000e+00 -5.63933121e-08 -1.44186887e-04 
 1.29595613e-07  0.00000000e+00  1.81402666e-07 -1.76068107e-04 
 1.29613627e-07  0.00000000e+00 -5.62660346e-08 -1.76002672e-04 
 1.29632895e-07  0.00000000e+00  1.81284710e-07 -1.53267963e-04 
 1.29649986e-07  0.00000000e+00 -5.61450356e-08 -1.67191953e-04 
 1.29668401e-07  0.00000000e+00  1.81161335e-07 -1.42019144e-04 
 1.29685029e-07  0.00000000e+00 -5.60201627e-08 -1.78226702e-04 
 1.29703043e-07  0.00000000e+00  1.81035395e-07 -1.73855473e-04 
 1.29722312e-07  0.00000000e+00 -5.59034199e-08 -1.55409292e-04 
 1.29739403e-07  0.00000000e+00  1.80915628e-07 -1.65057745e-04 
 1.29757818e-07  0.00000000e+00 -5.57812798e-08 -1.44140712e-04 
 1.29774446e-07  0.00000000e+00  1.80791975e-07 -1.76115681e-04 
 1.29792460e-07  0.00000000e+00 -5.56565306e-08 -1.75959636e-04 
 1.29811728e-07  0.00000000e+00  1.80676326e-07 -1.53316216e-04 
 1.29828820e-07  0.00000000e+00 -5.55378777e-08 -1.67138878e-04 
 1.29847235e-07  0.00000000e+00  1.80555296e-07 -1.42064989e-04 
 1.29863862e-07  0.00000000e+00 -5.54153211e-08 -1.78182102e-04 
 1.29881876e-07  0.00000000e+00  1.80431626e-07 -1.73904308e-04 
 1.29901145e-07  0.00000000e+00 -5.53006715e-08 -1.55365689e-04 
 1.29918236e-07  0.00000000e+00  1.80313981e-07 -1.65096550e-04 
 1.29936652e-07  0.00000000e+00 -5.51806367e-08 -1.44095276e-04 
 1.29953278e-07  0.00000000e+00  1.80192409e-07 -1.76162007e-04 
 1.29971293e-07  0.00000000e+00 -5.50579746e-08 -1.75917439e-04 
 1.29985646e-07  0.00000000e+00  1.80059878e-07 -1.52304872e-04 
 1.30000000e-07  0.00000000e+00 -5.49106967e-08 -1.68082433e-04 
 1.30002170e-07  2.60400526e-02  6.24166905e-08 -1.43162988e-04 
 1.30006510e-07  7.81201577e-02  6.26584393e-08 -1.39082492e-04 
 1.30015190e-07  1.82280368e-01  6.24177117e-08 -1.27049397e-04 
 1.30028979e-07  3.47748843e-01  6.26579045e-08 -1.18546873e-04 
 1.30044338e-07  5.32050657e-01  6.24180249e-08 -1.56584608e-04 
 1.30062485e-07  7.49817939e-01  6.26575269e-08 -1.65039487e-04 
 1.30079843e-07  9.58113134e-01  6.24182573e-08 -1.80572166e-04 
 1.30096096e-07  1.15314753e+00  6.26572153e-08 -2.19195526e-04 
 1.30100000e-07  1.20000000e+00  6.24190354e-08 -2.28064301e-04 
 1.30101788e-07  1.20000000e+00  6.25375062e-08 -2.41115877e-04 
 1.30105364e-07  1.20000000e+00  6.25381091e-08 -2.38893670e-04 
 1.30112515e-07  1.20000000e+00  6.25375335e-08 -2.16570178e-04 
 1.30126818e-07  1.20000000e+00  6.25380828e-08 -2.11831188e-04 
 1.30140577e-07  1.20000000e+00  6.25375448e-08 -2.47820305e-04 
 1.30155981e-07  1.20000000e+00  6.25380786e-08 -2.44659318e-04 
 1.30173669e-07  1.20000000e+00  6.25375427e-08 -2.49409682e-04 
 1.30192219e-07  1.20000000e+00  6.25380691e-08 -2.58828866e-04 
 1.30209058e-07  1.20000000e+00  6.25375528e-08 -2.16411528e-04 
 1.30227211e-07  1.20000000e+00  6.25380613e-08 -2.49587168e-04 
 1.30243968e-07  1.20000000e+00  6.25375612e-08 -2.46709380e-04 
 1.30261654e-07  1.20000000e+00  6.25380713e-08 -2.50580949e-04 
 1.30277028e-07  1.20000000e+00  6.25375752e-08 -2.63104757e-04 
 1.30295049e-07  1.20000000e+00  6.25380459e-08 -2.23576074e-04 
 1.30312213e-07  1.20000000e+00  6.25375671e-08 -2.36574526e-04 
 1.30329248e-07  1.20000000e+00  6.25380489e-08 -2.55426723e-04 
 1.30346513e-07  1.20000000e+00  6.25375795e-08 -2.41948241e-04 
 1.30362242e-07  1.20000000e+00  6.25380423e-08 -2.65514915e-04 
 1.30380238e-07  1.20000000e+00  6.25375718e-08 -2.31214814e-04 
 1.30397206e-07  1.20000000e+00  6.25380250e-08 -2.28041962e-04 
 1.30415097e-07  1.20000000e+00  6.25375849e-08 -2.56168329e-04 
 1.30432784e-07  1.20000000e+00  6.25380317e-08 -2.41508064e-04 
 1.30451683e-07  1.20000000e+00  6.25375932e-08 -2.63823045e-04 
 1.30469784e-07  1.20000000e+00  6.25380313e-08 -2.32961480e-04 
 1.30488955e-07  1.20000000e+00  6.25376120e-08 -2.30323518e-04 
 1.30506966e-07  1.20000000e+00  6.25380268e-08 -2.57321966e-04 
 1.30525007e-07  1.20000000e+00  6.25375926e-08 -2.40691097e-04 
 1.30541847e-07  1.20000000e+00  6.25380060e-08 -2.66850450e-04 
 1.30560006e-07  1.20000000e+00  6.25376019e-08 -2.27572838e-04 
 1.30577012e-07  1.20000000e+00  6.25380173e-08 -2.31683907e-04 
 1.30594961e-07  1.20000000e+00  6.25376141e-08 -2.54752312e-04 
 1.30612320e-07  1.20000000e+00  6.25380144e-08 -2.42780434e-04 
 1.30629516e-07  1.20000000e+00  6.25376057e-08 -2.62566759e-04 
 1.30647848e-07  1.20000000e+00  6.25380068e-08 -2.34935591e-04 
 1.30666549e-07  1.20000000e+00  6.25376191e-08 -2.27609972e-04 
 1.30684465e-07  1.20000000e+00  6.25380044e-08 -2.58500473e-04 
 1.30702757e-07  1.20000000e+00  6.25376173e-08 -2.39404934e-04 
 1.30721949e-07  1.20000000e+00  6.25379980e-08 -2.67715999e-04 
 1.30739403e-07  1.20000000e+00  6.25376079e-08 -2.25747547e-04 
 1.30756228e-07  1.20000000e+00  6.25379918e-08 -2.33621311e-04 
 1.30774461e-07  1.20000000e+00  6.25376235e-08 -2.53618468e-04 
 1.30791233e-07  1.20000000e+00  6.25380002e-08 -2.43602589e-04 
 1.30807798e-07  1.20000000e+00  6.25376381e-08 -2.61925338e-04 
 1.30826071e-07  1.20000000e+00  6.25379996e-08 -2.36550927e-04 
 1.30844673e-07  1.20000000e+00  6.25376283e-08 -2.26069818e-04 
 1.30862539e-07  1.20000000e+00  6.25379824e-08 -2.59075184e-04 
 1.30880991e-07  1.20000000e+00  6.25376268e-08 -2.38569296e-04 
 1.30899894e-07  1.20000000e+00  6.25379877e-08 -2.68082909e-04 
 1.30917673e-07  1.20000000e+00  6.25376312e-08 -2.26200170e-04 
 1.30934701e-07  1.20000000e+00  6.25379887e-08 -2.33512412e-04 
 1.30953028e-07  1.20000000e+00  6.25376433e-08 -2.53274281e-04 
 1.30969988e-07  1.20000000e+00  6.25379867e-08 -2.43876977e-04 
 1.30986670e-07  1.20000000e+00  6.25376305e-08 -2.61900376e-04 
 1.31004963e-07  1.20000000e+00  6.25379739e-08 -2.36130561e-04 
 1.31023653e-07  1.20000000e+00  6.25376453e-08 -2.26613366e-04 
 1.31041423e-07  1.20000000e+00  6.25379857e-08 -2.59125236e-04 
 1.31059849e-07  1.20000000e+00  6.25376437e-08 -2.38422136e-04 
 1.31078887e-07  1.20000000e+00  6.25379788e-08 -2.68524135e-04 
 1.31096459e-07  1.20000000e+00  6.25376423e-08 -2.25559221e-04 
 1.31113343e-07  1.20000000e+00  6.25379780e-08 -2.34053288e-04 
 1.31131624e-07  1.20000000e+00  6.25376514e-08 -2.52727484e-04 
 1.31148475e-07  1.20000000e+00  6.25379716e-08 -2.44256640e-04 
 1.31165097e-07  1.20000000e+00  6.25376449e-08 -2.61301238e-04 
 1.31183383e-07  1.20000000e+00  6.25379764e-08 -2.37284921e-04 
 1.31201984e-07  1.20000000e+00  6.25376485e-08 -2.25478899e-04 
 1.31219863e-07  1.20000000e+00  6.25379626e-08 -2.59641187e-04 
 1.31238306e-07  1.20000000e+00  6.25376432e-08 -2.37738101e-04 
 1.31257280e-07  1.20000000e+00  6.25379688e-08 -2.69064105e-04 
 1.31274978e-07  1.20000000e+00  6.25376566e-08 -2.25324946e-04 
 1.31291957e-07  1.20000000e+00  6.25379644e-08 -2.34502833e-04 
 1.31310278e-07  1.20000000e+00  6.25376481e-08 -2.52137841e-04 
 1.31327200e-07  1.20000000e+00  6.25379674e-08 -2.44743152e-04 
 1.31343830e-07  1.20000000e+00  6.25376593e-08 -2.60976067e-04 
 1.31362116e-07  1.20000000e+00  6.25379706e-08 -2.37483179e-04 
 1.31380755e-07  1.20000000e+00  6.25376517e-08 -2.25368613e-04 
 1.31398574e-07  1.20000000e+00  6.25379591e-08 -2.59963610e-04 
 1.31417018e-07  1.20000000e+00  6.25376541e-08 -2.37311722e-04 
 1.31436043e-07  1.20000000e+00  6.25379693e-08 -2.69609927e-04 
 1.31453654e-07  1.20000000e+00  6.25376573e-08 -2.24775208e-04 
 1.31470570e-07  1.20000000e+00  6.25379651e-08 -2.35036134e-04 
 1.31488878e-07  1.20000000e+00  6.25376631e-08 -2.51534382e-04 
 1.31505757e-07  1.20000000e+00  6.25379624e-08 -2.45216961e-04 
 1.31522362e-07  1.20000000e+00  6.25376687e-08 -2.60407513e-04 
 1.31540646e-07  1.20000000e+00  6.25379713e-08 -2.38349728e-04 
 1.31559241e-07  1.20000000e+00  6.25376628e-08 -2.24537369e-04 
 1.31577116e-07  1.20000000e+00  6.25379475e-08 -2.60475506e-04 
 1.31595567e-07  1.20000000e+00  6.25376747e-08 -2.36672299e-04 
 1.31614572e-07  1.20000000e+00  6.25379616e-08 -2.70201309e-04 
 1.31632234e-07  1.20000000e+00  6.25376341e-08 -2.24358453e-04 
 1.31649200e-07  1.20000000e+00  6.25380290e-08 -2.35591033e-04 
 1.31667522e-07  1.20000000e+00  6.25375309e-08 -2.50903084e-04 
 1.31684435e-07  1.20000000e+00  6.25380289e-08 -2.45750290e-04 
 1.31701033e-07  1.20000000e+00  6.25378974e-08 -2.59963834e-04 
 1.31719314e-07  1.20000000e+00  6.25371497e-08 -2.38788162e-04 
 1.31737923e-07  1.20000000e+00  6.25390665e-08 -2.24161467e-04 
 1.31755770e-07  1.20000000e+00  6.25366412e-08 -2.60904754e-04 
 1.31774225e-07  1.20000000e+00  6.25365638e-08 -2.36148327e-04 
 1.31793254e-07  1.20000000e+00  6.25459095e-08 -2.70784563e-04 
 1.31810875e-07  1.20000000e+00  6.25202400e-08 -2.23824476e-04 
 1.31827816e-07  1.20000000e+00  6.25586665e-08 -2.36146358e-04 
 1.31846133e-07  1.20000000e+00  6.25267494e-08 -2.50282330e-04 
 1.31863030e-07  1.20000000e+00  6.24738701e-08 -2.46265583e-04 
 1.31879611e-07  1.20000000e+00  6.27614861e-08 -2.59414000e-04 
 1.31897890e-07  1.20000000e+00  6.22827398e-08 -2.39519918e-04 
 1.31916475e-07  1.20000000e+00  6.26711385e-08 -2.23466647e-04 
 1.31934352e-07  1.20000000e+00  6.28953467e-08 -2.61415246e-04 
 1.31952811e-07  1.20000000e+00  5.99631681e-08 -2.35536223e-04 
 1.31971834e-07  1.20000000e+00  6.67606232e-08 -2.71383662e-04 
 1.31989476e-07  1.20000000e+00  6.18552262e-08 -2.23345148e-04 
 1.32006441e-07  1.20000000e+00  6.53030601e-08 -2.36712611e-04 
 1.32024767e-07  1.20000000e+00  7.41753470e-08 -2.49654071e-04 
 1.32041679e-07  1.20000000e+00 -1.74470443e-08 -2.46806613e-04 
 1.32058252e-07  1.20000000e+00  7.14416687e-08 -2.58922657e-04 
 1.32076528e-07  1.20000000e+00  1.31158800e-07 -2.40054494e-04 
 1.32095115e-07  1.20000000e+00  2.22484275e-07 -2.22977421e-04 
 1.32112983e-07  1.20000000e+00  1.03144022e-06 -2.61889095e-04 
 1.32131444e-07  1.20000000e+00 -1.64387543e-06 -2.34977793e-04 
 1.32150482e-07  1.20000000e+00 -3.58997230e-06 -2.71975550e-04 
 1.32168104e-07  1.20000000e+00 -2.47191700e-06 -2.22816766e-04 
 1.32185059e-07  1.20000000e+00  7.37994851e-06 -2.37278957e-04 
 1.32203385e-07  1.20000000e+00  5.50881846e-05 -2.49053643e-04 
 1.32220291e-07  1.20000000e+00  2.42640562e-05 -2.47293525e-04 
 1.32236851e-07  1.20000000e+00 -1.36361258e-04 -2.58346338e-04 
 1.32255126e-07  1.20000000e+00 -3.98810413e-04 -2.40653689e-04 
 1.32273699e-07  1.20000000e+00 -4.11122738e-04 -2.22452770e-04 
 1.32291582e-07  1.20000000e+00  1.82287277e-03 -2.63448177e-04 
 1.32310047e-07  1.20000000e+00  5.06877306e-03 -2.34480424e-04 
 1.32329086e-07  1.20000000e+00  6.62320821e-04 -2.69975219e-04 
 1.32346705e-07  1.20000000e+00 -2.02068008e-02 -2.14748277e-04 
 1.32363669e-07  1.20000000e+00 -4.71056956e-02 -2.29940442e-04 
 1.32377904e-07  1.20000000e+00 -2.77767229e-02 -2.77957300e-04 
 1.32394393e-07  1.20000000e+00  8.76991160e-02 -3.15328863e-04 
 1.32410879e-07  1.20000000e+00  2.54563823e-01 -3.05400064e-04 
 1.32427305e-07  1.20000000e+00  4.23097949e-01 -2.87526727e-04 
 1.32444023e-07  1.20000000e+00  5.86653624e-01 -2.27524505e-04 
 1.32461672e-07  1.20000000e+00  7.44237910e-01 -2.49818493e-04 
 1.32479065e-07  1.20000000e+00  8.77005697e-01 -2.47429003e-04 
 1.32496675e-07  1.20000000e+00  9.82843149e-01 -2.59101969e-04 
 1.32512979e-07  1.20000000e+00  1.05469729e+00 -2.13163038e-04 
 1.32531133e-07  1.20000000e+00  1.10965852e+00 -1.64389786e-04 
 1.32548030e-07  1.20000000e+00  1.14287920e+00 -1.54676716e-04 
 1.32565509e-07  1.20000000e+00  1.16484034e+00 -1.90960619e-04 
 1.32582550e-07  1.20000000e+00  1.17822986e+00 -1.92088069e-04 
 1.32598636e-07  1.20000000e+00  1.18618589e+00 -1.94090230e-04 
 1.32617744e-07  1.20000000e+00  1.19200965e+00 -1.30178136e-04 
 1.32635167e-07  1.20000000e+00  1.19514336e+00 -1.45948154e-04 
 1.32652569e-07  1.20000000e+00  1.19705316e+00 -1.65632225e-04 
 1.32669968e-07  1.20000000e+00  1.19820854e+00 -1.95588177e-04 
 1.32687252e-07  1.20000000e+00  1.19891167e+00 -1.79094876e-04 
 1.32706460e-07  1.20000000e+00  1.19937224e+00 -1.41355446e-04 
 1.32724724e-07  1.20000000e+00  1.19963132e+00 -1.32217689e-04 
 1.32742130e-07  1.20000000e+00  1.19977398e+00 -1.76763684e-04 
 1.32759874e-07  1.20000000e+00  1.19986659e+00 -1.83622802e-04 
 1.32777357e-07  1.20000000e+00  1.19991696e+00 -1.89601551e-04 
 1.32796461e-07  1.20000000e+00  1.19995429e+00 -1.28475143e-04 
 1.32814753e-07  1.20000000e+00  1.19997080e+00 -1.44699686e-04 
 1.32832068e-07  1.20000000e+00  1.19998433e+00 -1.65547286e-04 
 1.32849769e-07  1.20000000e+00  1.19998846e+00 -1.95563692e-04 
 1.32866894e-07  1.20000000e+00  1.19999493e+00 -1.77832868e-04 
 1.32886024e-07  1.20000000e+00  1.19999508e+00 -1.39753180e-04 
 1.32904151e-07  1.20000000e+00  1.19999896e+00 -1.33383429e-04 
 1.32921454e-07  1.20000000e+00  1.19999741e+00 -1.76559149e-04 
 1.32939120e-07  1.20000000e+00  1.20000025e+00 -1.84393612e-04 
 1.32956265e-07  1.20000000e+00  1.19999828e+00 -1.88844844e-04 
 1.32975393e-07  1.20000000e+00  1.20000070e+00 -1.29178503e-04 
 1.32993557e-07  1.20000000e+00  1.19999864e+00 -1.44076092e-04 
 1.33010855e-07  1.20000000e+00  1.20000083e+00 -1.65712914e-04 
 1.33028550e-07  1.20000000e+00  1.19999879e+00 -1.95028770e-04 
 1.33045759e-07  1.20000000e+00  1.20000084e+00 -1.78140262e-04 
 1.33064869e-07  1.20000000e+00  1.19999887e+00 -1.39797681e-04 
 1.33083074e-07  1.20000000e+00  1.20000083e+00 -1.33707482e-04 
 1.33100357e-07  1.20000000e+00  1.19999893e+00 -1.76057111e-04 
 1.33118071e-07  1.20000000e+00  1.20000079e+00 -1.84826861e-04 
 1.33135259e-07  1.20000000e+00  1.19999897e+00 -1.88177914e-04 
 1.33154364e-07  1.20000000e+00  1.20000076e+00 -1.29742019e-04 
 1.33172568e-07  1.20000000e+00  1.19999901e+00 -1.43811672e-04 
 1.33189839e-07  1.20000000e+00  1.20000072e+00 -1.66034116e-04 
 1.33207559e-07  1.20000000e+00  1.19999905e+00 -1.94793672e-04 
 1.33224733e-07  1.20000000e+00  1.20000068e+00 -1.78200189e-04 
 1.33243834e-07  1.20000000e+00  1.19999908e+00 -1.39656963e-04 
 1.33262044e-07  1.20000000e+00  1.20000065e+00 -1.34090634e-04 
 1.33279305e-07  1.20000000e+00  1.19999911e+00 -1.75650303e-04 
 1.33297036e-07  1.20000000e+00  1.20000062e+00 -1.85226711e-04 
 1.33314211e-07  1.20000000e+00  1.19999915e+00 -1.87609173e-04 
 1.33333305e-07  1.20000000e+00  1.20000059e+00 -1.30304204e-04 
 1.33351527e-07  1.20000000e+00  1.19999917e+00 -1.43517671e-04 
 1.33368777e-07  1.20000000e+00  1.20000056e+00 -1.66266195e-04 
 1.33386520e-07  1.20000000e+00  1.19999920e+00 -1.94550941e-04 
 1.33403692e-07  1.20000000e+00  1.20000053e+00 -1.78256344e-04 
 1.33422781e-07  1.20000000e+00  1.19999923e+00 -1.39583936e-04 
 1.33441012e-07  1.20000000e+00  1.20000051e+00 -1.34421977e-04 
 1.33458251e-07  1.20000000e+00  1.19999925e+00 -1.75290760e-04 
 1.33476005e-07  1.20000000e+00  1.20000048e+00 -1.85585760e-04 
 1.33493171e-07  1.20000000e+00  1.19999928e+00 -1.87078396e-04 
 1.33512255e-07  1.20000000e+00  1.20000046e+00 -1.30796391e-04 
 1.33530494e-07  1.20000000e+00  1.19999930e+00 -1.43282035e-04 
 1.33547724e-07  1.20000000e+00  1.20000044e+00 -1.66468623e-04 
 1.33565488e-07  1.20000000e+00  1.19999932e+00 -1.94355961e-04 
 1.33582650e-07  1.20000000e+00  1.20000042e+00 -1.78275757e-04 
 1.33601728e-07  1.20000000e+00  1.19999934e+00 -1.39538563e-04 
 1.33619976e-07  1.20000000e+00  1.20000040e+00 -1.34711344e-04 
 1.33637196e-07  1.20000000e+00  1.19999936e+00 -1.74972707e-04 
 1.33654970e-07  1.20000000e+00  1.20000038e+00 -1.85900071e-04 
 1.33672128e-07  1.20000000e+00  1.19999938e+00 -1.86598277e-04 
 1.33691202e-07  1.20000000e+00  1.20000036e+00 -1.31244537e-04 
 1.33709458e-07  1.20000000e+00  1.19999940e+00 -1.43081431e-04 
 1.33726669e-07  1.20000000e+00  1.20000034e+00 -1.66634779e-04 
 1.33744453e-07  1.20000000e+00  1.19999942e+00 -1.94194399e-04 
 1.33761606e-07  1.20000000e+00  1.20000033e+00 -1.78266518e-04 
 1.33780675e-07  1.20000000e+00  1.19999943e+00 -1.39520502e-04 
 1.33798940e-07  1.20000000e+00  1.20000031e+00 -1.34965207e-04 
 1.33816141e-07  1.20000000e+00  1.19999945e+00 -1.74693788e-04 
 1.33833935e-07  1.20000000e+00  1.20000030e+00 -1.86177458e-04 
 1.33851084e-07  1.20000000e+00  1.19999946e+00 -1.86159928e-04 
 1.33870149e-07  1.20000000e+00  1.20000028e+00 -1.31648791e-04 
 1.33888421e-07  1.20000000e+00  1.19999947e+00 -1.42914837e-04 
 1.33905613e-07  1.20000000e+00  1.20000027e+00 -1.66770599e-04 
 1.33923417e-07  1.20000000e+00  1.19999949e+00 -1.94063517e-04 
 1.33940561e-07  1.20000000e+00  1.20000026e+00 -1.78232367e-04 
 1.33959622e-07  1.20000000e+00  1.19999950e+00 -1.39526310e-04 
 1.33977902e-07  1.20000000e+00  1.20000025e+00 -1.35186655e-04 
 1.33995085e-07  1.20000000e+00  1.19999951e+00 -1.74448955e-04 
 1.34012898e-07  1.20000000e+00  1.20000023e+00 -1.86421224e-04 
 1.34030038e-07  1.20000000e+00  1.19999952e+00 -1.85759741e-04 
 1.34049094e-07  1.20000000e+00  1.20000022e+00 -1.32014712e-04 
 1.34067382e-07  1.20000000e+00  1.19999953e+00 -1.42777664e-04 
 1.34084557e-07  1.20000000e+00  1.20000021e+00 -1.66879696e-04 
 1.34102379e-07  1.20000000e+00  1.19999954e+00 -1.93959311e-04 
 1.34119514e-07  1.20000000e+00  1.20000020e+00 -1.78176749e-04 
 1.34138567e-07  1.20000000e+00  1.19999955e+00 -1.39552418e-04 
 1.34156862e-07  1.20000000e+00  1.20000019e+00 -1.35379814e-04 
 1.34174028e-07  1.20000000e+00  1.19999956e+00 -1.74234399e-04 
 1.34191860e-07  1.20000000e+00  1.20000018e+00 -1.86635501e-04 
 1.34208990e-07  1.20000000e+00  1.19999957e+00 -1.85393401e-04 
 1.34228039e-07  1.20000000e+00  1.20000018e+00 -1.32346441e-04 
 1.34246341e-07  1.20000000e+00  1.19999958e+00 -1.42666187e-04 
 1.34263500e-07  1.20000000e+00  1.20000017e+00 -1.66965642e-04 
 1.34281340e-07  1.20000000e+00  1.19999959e+00 -1.93878207e-04 
 1.34298466e-07  1.20000000e+00  1.20000016e+00 -1.78102987e-04 
 1.34317511e-07  1.20000000e+00  1.19999960e+00 -1.39595807e-04 
 1.34335820e-07  1.20000000e+00  1.20000015e+00 -1.35548142e-04 
 1.34352971e-07  1.20000000e+00  1.19999960e+00 -1.74046404e-04 
 1.34370820e-07  1.20000000e+00  1.20000015e+00 -1.86823839e-04 
 1.34387941e-07  1.20000000e+00  1.19999961e+00 -1.85057119e-04 
 1.34406983e-07  1.20000000e+00  1.20000014e+00 -1.32647918e-04 
 1.34425298e-07  1.20000000e+00  1.19999962e+00 -1.42576980e-04 
 1.34442442e-07  1.20000000e+00  1.20000013e+00 -1.67031658e-04 
 1.34460300e-07  1.20000000e+00  1.19999962e+00 -1.93816993e-04 
 1.34477416e-07  1.20000000e+00  1.20000013e+00 -1.78014003e-04 
 1.34496455e-07  1.20000000e+00  1.19999963e+00 -1.39653685e-04 
 1.34514777e-07  1.20000000e+00  1.20000012e+00 -1.35694837e-04 
 1.34531913e-07  1.20000000e+00  1.19999963e+00 -1.73881662e-04 
 1.34549779e-07  1.20000000e+00  1.20000011e+00 -1.86989488e-04 
 1.34566891e-07  1.20000000e+00  1.19999964e+00 -1.84747447e-04 
 1.34585926e-07  1.20000000e+00  1.20000011e+00 -1.32922680e-04 
 1.34604254e-07  1.20000000e+00  1.19999964e+00 -1.42506975e-04 
 1.34621384e-07  1.20000000e+00  1.20000010e+00 -1.67080613e-04 
 1.34639258e-07  1.20000000e+00  1.19999965e+00 -1.93772790e-04 
 1.34656365e-07  1.20000000e+00  1.20000010e+00 -1.77912402e-04 
 1.34675397e-07  1.20000000e+00  1.19999965e+00 -1.39723601e-04 
 1.34693732e-07  1.20000000e+00  1.20000010e+00 -1.35822745e-04 
 1.34710854e-07  1.20000000e+00  1.19999966e+00 -1.73737207e-04 
 1.34728736e-07  1.20000000e+00  1.20000009e+00 -1.87135341e-04 
 1.34745839e-07  1.20000000e+00  1.19999966e+00 -1.84460842e-04 
 1.34764868e-07  1.20000000e+00  1.20000009e+00 -1.33174055e-04 
 1.34783208e-07  1.20000000e+00  1.19999967e+00 -1.42452918e-04 
 1.34800324e-07  1.20000000e+00  1.20000008e+00 -1.67113648e-04 
 1.34818214e-07  1.20000000e+00  1.19999967e+00 -1.93742748e-04 
 1.34835312e-07  1.20000000e+00  1.20000008e+00 -1.77799745e-04 
 1.34854338e-07  1.20000000e+00  1.19999967e+00 -1.39806822e-04 
 1.34872684e-07  1.20000000e+00  1.20000008e+00 -1.35932452e-04 
 1.34889794e-07  1.20000000e+00  1.19999968e+00 -1.73608230e-04 
 1.34907692e-07  1.20000000e+00  1.20000007e+00 -1.87263048e-04 
 1.34924785e-07  1.20000000e+00  1.19999968e+00 -1.84194374e-04 
 1.34943809e-07  1.20000000e+00  1.20000007e+00 -1.33408380e-04 
 1.34962161e-07  1.20000000e+00  1.19999968e+00 -1.42413078e-04 
 1.34979264e-07  1.20000000e+00  1.20000007e+00 -1.67134608e-04 
 1.34997170e-07  1.20000000e+00  1.19999969e+00 -1.93725746e-04 
 1.35014259e-07  1.20000000e+00  1.20000006e+00 -1.77676604e-04 
 1.35033280e-07  1.20000000e+00  1.19999969e+00 -1.39896167e-04 
 1.35051637e-07  1.20000000e+00  1.20000006e+00 -1.36031148e-04 
 1.35068734e-07  1.20000000e+00  1.19999969e+00 -1.73496635e-04 
 1.35086647e-07  1.20000000e+00  1.20000006e+00 -1.87377829e-04 
 1.35103731e-07  1.20000000e+00  1.19999969e+00 -1.83944442e-04 
 1.35122750e-07  1.20000000e+00  1.20000006e+00 -1.33622145e-04 
 1.35141113e-07  1.20000000e+00  1.19999970e+00 -1.42386280e-04 
 1.35158204e-07  1.20000000e+00  1.20000005e+00 -1.67145961e-04 
 1.35176124e-07  1.20000000e+00  1.19999970e+00 -1.93719236e-04 
 1.35193203e-07  1.20000000e+00  1.20000005e+00 -1.77547351e-04 
 1.35212220e-07  1.20000000e+00  1.19999970e+00 -1.39992292e-04 
 1.35230588e-07  1.20000000e+00  1.20000005e+00 -1.36117025e-04 
 1.35247673e-07  1.20000000e+00  1.19999970e+00 -1.73397863e-04 
 1.35265601e-07  1.20000000e+00  1.20000005e+00 -1.87479062e-04 
 1.35282675e-07  1.20000000e+00  1.19999971e+00 -1.83711258e-04 
 1.35301690e-07  1.20000000e+00  1.20000004e+00 -1.33820086e-04 
 1.35320063e-07  1.20000000e+00  1.19999971e+00 -1.42369522e-04 
 1.35337143e-07  1.20000000e+00  1.20000004e+00 -1.67148611e-04 
 1.35355077e-07  1.20000000e+00  1.19999971e+00 -1.93721328e-04 
 1.35372147e-07  1.20000000e+00  1.20000004e+00 -1.77412915e-04 
 1.35391159e-07  1.20000000e+00  1.19999971e+00 -1.40093132e-04 
 1.35409538e-07  1.20000000e+00  1.20000004e+00 -1.36192640e-04 
 1.35426612e-07  1.20000000e+00  1.19999971e+00 -1.73310819e-04 
 1.35444553e-07  1.20000000e+00  1.20000004e+00 -1.87569072e-04 
 1.35461618e-07  1.20000000e+00  1.19999971e+00 -1.83492450e-04 
 1.35480628e-07  1.20000000e+00  1.20000004e+00 -1.34003689e-04 
 1.35499012e-07  1.20000000e+00  1.19999972e+00 -1.42361375e-04 
 1.35516080e-07  1.20000000e+00  1.20000003e+00 -1.67144069e-04 
 1.35534029e-07  1.20000000e+00  1.19999972e+00 -1.93730541e-04 
 1.35551089e-07  1.20000000e+00  1.20000003e+00 -1.77274701e-04 
 1.35570097e-07  1.20000000e+00  1.19999972e+00 -1.40197762e-04 
 1.35588486e-07  1.20000000e+00  1.20000003e+00 -1.36259249e-04 
 1.35605549e-07  1.20000000e+00  1.19999972e+00 -1.73233793e-04 
 1.35623504e-07  1.20000000e+00  1.20000003e+00 -1.87649235e-04 
 1.35640560e-07  1.20000000e+00  1.19999972e+00 -1.83286422e-04 
 1.35659566e-07  1.20000000e+00  1.20000003e+00 -1.34174718e-04 
 1.35677959e-07  1.20000000e+00  1.19999972e+00 -1.42360493e-04 
 1.35695017e-07  1.20000000e+00  1.20000003e+00 -1.67133580e-04 
 1.35712978e-07  1.20000000e+00  1.19999972e+00 -1.93745672e-04 
 1.35730030e-07  1.20000000e+00  1.20000003e+00 -1.77133681e-04 
 1.35749034e-07  1.20000000e+00  1.19999973e+00 -1.40305151e-04 
 1.35767432e-07  1.20000000e+00  1.20000002e+00 -1.36318171e-04 
 1.35784485e-07  1.20000000e+00  1.19999973e+00 -1.73165483e-04 
 1.35802453e-07  1.20000000e+00  1.20000002e+00 -1.87720878e-04 
 1.35819500e-07  1.20000000e+00  1.19999973e+00 -1.83091699e-04 
 1.35838503e-07  1.20000000e+00  1.20000002e+00 -1.34334649e-04 
 1.35856905e-07  1.20000000e+00  1.19999973e+00 -1.42365712e-04 
 1.35873953e-07  1.20000000e+00  1.20000002e+00 -1.67118192e-04 
 1.35891927e-07  1.20000000e+00  1.19999973e+00 -1.93765657e-04 
 1.35908969e-07  1.20000000e+00  1.20000002e+00 -1.76990728e-04 
 1.35927970e-07  1.20000000e+00  1.19999973e+00 -1.40414501e-04 
 1.35946377e-07  1.20000000e+00  1.20000002e+00 -1.36370492e-04 
 1.35963420e-07  1.20000000e+00  1.19999973e+00 -1.73104722e-04 
 1.35981401e-07  1.20000000e+00  1.20000002e+00 -1.87785127e-04 
 1.35998438e-07  1.20000000e+00  1.19999973e+00 -1.82906997e-04 
 1.36017438e-07  1.20000000e+00  1.20000002e+00 -1.34484779e-04 
 1.36035849e-07  1.20000000e+00  1.19999973e+00 -1.42376047e-04 
 1.36052888e-07  1.20000000e+00  1.20000002e+00 -1.67098803e-04 
 1.36070874e-07  1.20000000e+00  1.19999973e+00 -1.93789603e-04 
 1.36087907e-07  1.20000000e+00  1.20000002e+00 -1.76846550e-04 
 1.36106905e-07  1.20000000e+00  1.19999974e+00 -1.40525133e-04 
 1.36125320e-07  1.20000000e+00  1.20000002e+00 -1.36417160e-04 
 1.36142355e-07  1.20000000e+00  1.19999974e+00 -1.73050511e-04 
 1.36160347e-07  1.20000000e+00  1.20000001e+00 -1.87842954e-04 
 1.36177376e-07  1.20000000e+00  1.19999974e+00 -1.82731191e-04 
 1.36196372e-07  1.20000000e+00  1.20000001e+00 -1.34626239e-04 
 1.36214791e-07  1.20000000e+00  1.19999974e+00 -1.42390653e-04 
 1.36231821e-07  1.20000000e+00  1.20000001e+00 -1.67076176e-04 
 1.36249819e-07  1.20000000e+00  1.19999974e+00 -1.93816749e-04 
 1.36266844e-07  1.20000000e+00  1.20000001e+00 -1.76701735e-04 
 1.36285839e-07  1.20000000e+00  1.19999974e+00 -1.40636491e-04 
 1.36304262e-07  1.20000000e+00  1.20000001e+00 -1.36458985e-04 
 1.36321288e-07  1.20000000e+00  1.19999974e+00 -1.73001986e-04 
 1.36339292e-07  1.20000000e+00  1.20000001e+00 -1.87895201e-04 
 1.36356311e-07  1.20000000e+00  1.19999974e+00 -1.82563299e-04 
 1.36375306e-07  1.20000000e+00  1.20000001e+00 -1.34760018e-04 
 1.36393732e-07  1.20000000e+00  1.19999974e+00 -1.42408813e-04 
 1.36410754e-07  1.20000000e+00  1.20000001e+00 -1.67050953e-04 
 1.36428764e-07  1.20000000e+00  1.19999974e+00 -1.93846452e-04 
 1.36445779e-07  1.20000000e+00  1.20000001e+00 -1.76556760e-04 
 1.36464772e-07  1.20000000e+00  1.19999974e+00 -1.40748121e-04 
 1.36483202e-07  1.20000000e+00  1.20000001e+00 -1.36496664e-04 
 1.36500220e-07  1.20000000e+00  1.19999974e+00 -1.72958401e-04 
 1.36518235e-07  1.20000000e+00  1.20000001e+00 -1.87942593e-04 
 1.36535246e-07  1.20000000e+00  1.19999974e+00 -1.82402456e-04 
 1.36554238e-07  1.20000000e+00  1.20000001e+00 -1.34886981e-04 
 1.36572672e-07  1.20000000e+00  1.19999974e+00 -1.42429917e-04 
 1.36589686e-07  1.20000000e+00  1.20000001e+00 -1.67023679e-04 
 1.36607706e-07  1.20000000e+00  1.19999974e+00 -1.93878170e-04 
 1.36624713e-07  1.20000000e+00  1.20000001e+00 -1.76412013e-04 
 1.36643703e-07  1.20000000e+00  1.19999974e+00 -1.40859653e-04 
 1.36662141e-07  1.20000000e+00  1.20000001e+00 -1.36530797e-04 
 1.36679151e-07  1.20000000e+00  1.19999975e+00 -1.72919115e-04 
 1.36697177e-07  1.20000000e+00  1.20000001e+00 -1.87985753e-04 
 1.36714179e-07  1.20000000e+00  1.19999975e+00 -1.82247905e-04 
 1.36733169e-07  1.20000000e+00  1.20000001e+00 -1.35007882e-04 
 1.36751610e-07  1.20000000e+00  1.19999975e+00 -1.42453451e-04 
 1.36768616e-07  1.20000000e+00  1.20000000e+00 -1.66994808e-04 
 1.36786647e-07  1.20000000e+00  1.19999975e+00 -1.93911449e-04 
 1.36803645e-07  1.20000000e+00  1.20000000e+00 -1.76267801e-04 
 1.36822634e-07  1.20000000e+00  1.19999975e+00 -1.40970793e-04 
 1.36841078e-07  1.20000000e+00  1.20000000e+00 -1.36561894e-04 
 1.36858081e-07  1.20000000e+00  1.19999975e+00 -1.72883576e-04 
 1.36876117e-07  1.20000000e+00  1.20000000e+00 -1.88025221e-04 
 1.36893111e-07  1.20000000e+00  1.19999975e+00 -1.82098979e-04 
 1.36912099e-07  1.20000000e+00  1.20000000e+00 -1.35123385e-04 
 1.36930547e-07  1.20000000e+00  1.19999975e+00 -1.42478979e-04 
 1.36947546e-07  1.20000000e+00  1.20000000e+00 -1.66964723e-04 
 1.36965587e-07  1.20000000e+00  1.19999975e+00 -1.93945907e-04 
 1.36982576e-07  1.20000000e+00  1.20000000e+00 -1.76124364e-04 
 1.37001563e-07  1.20000000e+00  1.19999975e+00 -1.41081307e-04 
 1.37020014e-07  1.20000000e+00  1.20000000e+00 -1.36590397e-04 
 1.37037010e-07  1.20000000e+00  1.19999975e+00 -1.72851307e-04 
 1.37055057e-07  1.20000000e+00  1.20000000e+00 -1.88061458e-04 
 1.37072042e-07  1.20000000e+00  1.19999975e+00 -1.81955093e-04 
 1.37091027e-07  1.20000000e+00  1.20000000e+00 -1.35234070e-04 
 1.37109482e-07  1.20000000e+00  1.19999975e+00 -1.42506134e-04 
 1.37126475e-07  1.20000000e+00  1.20000000e+00 -1.66933743e-04 
 1.37144526e-07  1.20000000e+00  1.19999975e+00 -1.93981226e-04 
 1.37161506e-07  1.20000000e+00  1.20000000e+00 -1.75981886e-04 
 1.37180491e-07  1.20000000e+00  1.19999975e+00 -1.41191015e-04 
 1.37198949e-07  1.20000000e+00  1.20000000e+00 -1.36616681e-04 
 1.37215938e-07  1.20000000e+00  1.19999975e+00 -1.72821898e-04 
 1.37233994e-07  1.20000000e+00  1.20000000e+00 -1.88094866e-04 
 1.37250971e-07  1.20000000e+00  1.19999975e+00 -1.81815727e-04 
 1.37269955e-07  1.20000000e+00  1.20000000e+00 -1.35340448e-04 
 1.37288416e-07  1.20000000e+00  1.19999975e+00 -1.42534608e-04 
 1.37305402e-07  1.20000000e+00  1.20000000e+00 -1.66902134e-04 
 1.37323463e-07  1.20000000e+00  1.19999975e+00 -1.94017140e-04 
 1.37340435e-07  1.20000000e+00  1.20000000e+00 -1.75840505e-04 
 1.37359418e-07  1.20000000e+00  1.19999975e+00 -1.41299782e-04 
 1.37377882e-07  1.20000000e+00  1.20000000e+00 -1.36641071e-04 
 1.37394865e-07  1.20000000e+00  1.19999975e+00 -1.72794995e-04 
 1.37412931e-07  1.20000000e+00  1.20000000e+00 -1.88125787e-04 
 1.37429899e-07  1.20000000e+00  1.19999975e+00 -1.81680420e-04 
 1.37448882e-07  1.20000000e+00  1.20000000e+00 -1.35442969e-04 
 1.37467348e-07  1.20000000e+00  1.19999975e+00 -1.42564143e-04 
 1.37484328e-07  1.20000000e+00  1.20000000e+00 -1.66870116e-04 
 1.37502398e-07  1.20000000e+00  1.19999975e+00 -1.94053431e-04 
 1.37519362e-07  1.20000000e+00  1.20000000e+00 -1.75700317e-04 
 1.37538344e-07  1.20000000e+00  1.19999975e+00 -1.41407508e-04 
 1.37556814e-07  1.20000000e+00  1.20000000e+00 -1.36663844e-04 
 1.37573791e-07  1.20000000e+00  1.19999975e+00 -1.72770295e-04 
 1.37591866e-07  1.20000000e+00  1.20000000e+00 -1.88154520e-04 
 1.37608825e-07  1.20000000e+00  1.19999975e+00 -1.81548766e-04 
 1.37627807e-07  1.20000000e+00  1.20000000e+00 -1.35542031e-04 
 1.37646279e-07  1.20000000e+00  1.19999975e+00 -1.42594523e-04 
 1.37663254e-07  1.20000000e+00  1.20000000e+00 -1.66837870e-04 
 1.37681333e-07  1.20000000e+00  1.19999975e+00 -1.94089917e-04 
 1.37698288e-07  1.20000000e+00  1.20000000e+00 -1.75561386e-04 
 1.37717263e-07  1.20000000e+00  1.19999976e+00 -1.41524293e-04 
 1.37735741e-07  1.20000000e+00  1.20000000e+00 -1.36679604e-04 
 1.37752710e-07  1.20000000e+00  1.19999976e+00 -1.72741321e-04 
 1.37770795e-07  1.20000000e+00  1.20000000e+00 -1.88177848e-04 
 1.37787750e-07  1.20000000e+00  1.19999976e+00 -1.81422485e-04 
 1.37806717e-07  1.20000000e+00  1.20000000e+00 -1.35662135e-04 
 1.37825203e-07  1.20000000e+00  1.19999976e+00 -1.42613748e-04 
 1.37842165e-07  1.20000000e+00  1.20000000e+00 -1.66791914e-04 
 1.37860257e-07  1.20000000e+00  1.19999976e+00 -1.94120149e-04 
 1.37877212e-07  1.20000000e+00  1.19999999e+00 -1.75425599e-04 
 1.37896172e-07  1.20000000e+00  1.19999976e+00 -1.41656576e-04 
 1.37914665e-07  1.20000000e+00  1.19999999e+00 -1.36688922e-04 
 1.37931621e-07  1.20000000e+00  1.19999976e+00 -1.72707083e-04 
 1.37949720e-07  1.20000000e+00  1.19999999e+00 -1.88198081e-04 
 1.37966675e-07  1.20000000e+00  1.19999976e+00 -1.81295595e-04 
 1.37985626e-07  1.20000000e+00  1.19999999e+00 -1.35781085e-04 
 1.38004127e-07  1.20000000e+00  1.19999976e+00 -1.42636061e-04 
 1.38021077e-07  1.20000000e+00  1.19999999e+00 -1.66747293e-04 
 1.38039182e-07  1.20000000e+00  1.19999976e+00 -1.94152703e-04 
 1.38056136e-07  1.20000000e+00  1.19999999e+00 -1.75286382e-04 
 1.38075079e-07  1.20000000e+00  1.19999976e+00 -1.41787987e-04 
 1.38093588e-07  1.20000000e+00  1.19999999e+00 -1.36698559e-04 
 1.38110531e-07  1.20000000e+00  1.19999976e+00 -1.72674379e-04 
 1.38128643e-07  1.20000000e+00  1.19999999e+00 -1.88217583e-04 
 1.38145597e-07  1.20000000e+00  1.19999976e+00 -1.81169347e-04 
 1.38164532e-07  1.20000000e+00  1.19999999e+00 -1.35899915e-04 
 1.38183049e-07  1.20000000e+00  1.19999976e+00 -1.42658627e-04 
 1.38199986e-07  1.20000000e+00  1.19999999e+00 -1.66701505e-04 
 1.38218104e-07  1.20000000e+00  1.19999976e+00 -1.94185338e-04 
 1.38235057e-07  1.20000000e+00  1.19999999e+00 -1.75146396e-04 
 1.38253984e-07  1.20000000e+00  1.19999976e+00 -1.41920003e-04 
 1.38272509e-07  1.20000000e+00  1.19999999e+00 -1.36707913e-04 
 1.38289440e-07  1.20000000e+00  1.19999976e+00 -1.72642441e-04 
 1.38307564e-07  1.20000000e+00  1.19999999e+00 -1.88236521e-04 
 1.38324517e-07  1.20000000e+00  1.19999976e+00 -1.81042808e-04 
 1.38343436e-07  1.20000000e+00  1.19999999e+00 -1.36018006e-04 
 1.38361969e-07  1.20000000e+00  1.19999976e+00 -1.42682128e-04 
 1.38378893e-07  1.20000000e+00  1.19999999e+00 -1.66655434e-04 
 1.38397025e-07  1.20000000e+00  1.19999976e+00 -1.94218423e-04 
 1.38413977e-07  1.20000000e+00  1.19999999e+00 -1.75005213e-04 
 1.38432888e-07  1.20000000e+00  1.19999976e+00 -1.42052623e-04 
 1.38451428e-07  1.20000000e+00  1.19999999e+00 -1.36717011e-04 
 1.38468346e-07  1.20000000e+00  1.19999976e+00 -1.72610988e-04 
 1.38486484e-07  1.20000000e+00  1.19999999e+00 -1.88254853e-04 
 1.38503436e-07  1.20000000e+00  1.19999976e+00 -1.80915999e-04 
 1.38522339e-07  1.20000000e+00  1.19999999e+00 -1.36135836e-04 
 1.38540887e-07  1.20000000e+00  1.19999976e+00 -1.42706331e-04 
 1.38557799e-07  1.20000000e+00  1.19999999e+00 -1.66608998e-04 
 1.38575943e-07  1.20000000e+00  1.19999976e+00 -1.94251828e-04 
 1.38592895e-07  1.20000000e+00  1.19999999e+00 -1.74862757e-04 
 1.38611789e-07  1.20000000e+00  1.19999976e+00 -1.42185834e-04 
 1.38630345e-07  1.20000000e+00  1.19999999e+00 -1.36726040e-04 
 1.38647251e-07  1.20000000e+00  1.19999976e+00 -1.72579975e-04 
 1.38665402e-07  1.20000000e+00  1.19999999e+00 -1.88272745e-04 
 1.38682353e-07  1.20000000e+00  1.19999976e+00 -1.80788600e-04 
 1.38701239e-07  1.20000000e+00  1.19999999e+00 -1.36253614e-04 
 1.38719803e-07  1.20000000e+00  1.19999976e+00 -1.42731180e-04 
 1.38736702e-07  1.20000000e+00  1.19999999e+00 -1.66562254e-04 
 1.38754860e-07  1.20000000e+00  1.19999976e+00 -1.94285478e-04 
 1.38771810e-07  1.20000000e+00  1.19999999e+00 -1.74718965e-04 
 1.38790689e-07  1.20000000e+00  1.19999976e+00 -1.42319735e-04 
 1.38809261e-07  1.20000000e+00  1.19999999e+00 -1.36735079e-04 
 1.38826154e-07  1.20000000e+00  1.19999976e+00 -1.72549266e-04 
 1.38844318e-07  1.20000000e+00  1.19999999e+00 -1.88290279e-04 
 1.38861268e-07  1.20000000e+00  1.19999976e+00 -1.80660371e-04 
 1.38880138e-07  1.20000000e+00  1.19999999e+00 -1.36371567e-04 
 1.38898718e-07  1.20000000e+00  1.19999976e+00 -1.42756627e-04 
 1.38915604e-07  1.20000000e+00  1.19999999e+00 -1.66515243e-04 
 1.38933776e-07  1.20000000e+00  1.19999976e+00 -1.94319326e-04 
 1.38950724e-07  1.20000000e+00  1.19999999e+00 -1.74573723e-04 
 1.38969587e-07  1.20000000e+00  1.19999976e+00 -1.42454411e-04 
 1.38988174e-07  1.20000000e+00  1.19999999e+00 -1.36744220e-04 
 1.39005055e-07  1.20000000e+00  1.19999976e+00 -1.72518764e-04 
 1.39023233e-07  1.20000000e+00  1.19999999e+00 -1.88307535e-04 
 1.39040180e-07  1.20000000e+00  1.19999976e+00 -1.80531072e-04 
 1.39059035e-07  1.20000000e+00  1.19999999e+00 -1.36489918e-04 
 1.39077630e-07  1.20000000e+00  1.19999976e+00 -1.42782634e-04 
 1.39094505e-07  1.20000000e+00  1.19999999e+00 -1.66467987e-04 
 1.39112689e-07  1.20000000e+00  1.19999976e+00 -1.94353326e-04 
 1.39129636e-07  1.20000000e+00  1.19999999e+00 -1.74426907e-04 
 1.39148483e-07  1.20000000e+00  1.19999976e+00 -1.42589965e-04 
 1.39167086e-07  1.20000000e+00  1.19999999e+00 -1.36753545e-04 
 1.39183954e-07  1.20000000e+00  1.19999976e+00 -1.72488377e-04 
 1.39202145e-07  1.20000000e+00  1.19999999e+00 -1.88324585e-04 
 1.39219091e-07  1.20000000e+00  1.19999976e+00 -1.80400461e-04 
 1.39237930e-07  1.20000000e+00  1.19999999e+00 -1.36608883e-04 
 1.39256541e-07  1.20000000e+00  1.19999976e+00 -1.42809174e-04 
 1.39273403e-07  1.20000000e+00  1.19999999e+00 -1.66420502e-04 
 1.39291601e-07  1.20000000e+00  1.19999976e+00 -1.94387444e-04 
 1.39308546e-07  1.20000000e+00  1.19999999e+00 -1.74278377e-04 
 1.39327377e-07  1.20000000e+00  1.19999977e+00 -1.42726515e-04 
 1.39345996e-07  1.20000000e+00  1.19999999e+00 -1.36763126e-04 
 1.39362851e-07  1.20000000e+00  1.19999977e+00 -1.72458025e-04 
 1.39381056e-07  1.20000000e+00  1.19999999e+00 -1.88341487e-04 
 1.39398001e-07  1.20000000e+00  1.19999977e+00 -1.80268300e-04 
 1.39416823e-07  1.20000000e+00  1.19999999e+00 -1.36728674e-04 
 1.39435450e-07  1.20000000e+00  1.19999977e+00 -1.42836231e-04 
 1.39452299e-07  1.20000000e+00  1.19999999e+00 -1.66372795e-04 
 1.39470511e-07  1.20000000e+00  1.19999977e+00 -1.94421651e-04 
 1.39487455e-07  1.20000000e+00  1.19999999e+00 -1.74127971e-04 
 1.39506269e-07  1.20000000e+00  1.19999977e+00 -1.42864191e-04 
 1.39524904e-07  1.20000000e+00  1.19999998e+00 -1.36773031e-04 
 1.39541747e-07  1.20000000e+00  1.19999977e+00 -1.72427632e-04 
 1.39559965e-07  1.20000000e+00  1.19999998e+00 -1.88358293e-04 
 1.39576908e-07  1.20000000e+00  1.19999977e+00 -1.80134012e-04 
 1.39595714e-07  1.20000000e+00  1.19999998e+00 -1.36849378e-04 
 1.39614357e-07  1.20000000e+00  1.19999977e+00 -1.42863981e-04 
 1.39631194e-07  1.20000000e+00  1.19999998e+00 -1.66325056e-04 
 1.39649419e-07  1.20000000e+00  1.19999977e+00 -1.94456037e-04 
 1.39666361e-07  1.20000000e+00  1.19999998e+00 -1.73975064e-04 
 1.39685159e-07  1.20000000e+00  1.19999977e+00 -1.43003044e-04 
 1.39703810e-07  1.20000000e+00  1.19999998e+00 -1.36783471e-04 
 1.39720641e-07  1.20000000e+00  1.19999977e+00 -1.72397300e-04 
 1.39738872e-07  1.20000000e+00  1.19999998e+00 -1.88375109e-04 
 1.39755814e-07  1.20000000e+00  1.19999977e+00 -1.79997967e-04 
 1.39774603e-07  1.20000000e+00  1.19999998e+00 -1.36971537e-04 
 1.39793262e-07  1.20000000e+00  1.19999977e+00 -1.42892008e-04 
 1.39810087e-07  1.20000000e+00  1.19999998e+00 -1.66276820e-04 
 1.39828325e-07  1.20000000e+00  1.19999977e+00 -1.94490333e-04 
 1.39845266e-07  1.20000000e+00  1.19999998e+00 -1.73820334e-04 
 1.39864047e-07  1.20000000e+00  1.19999977e+00 -1.43143569e-04 
 1.39882714e-07  1.20000000e+00  1.19999998e+00 -1.36794179e-04 
 1.39899533e-07  1.20000000e+00  1.19999977e+00 -1.72366525e-04 
 1.39917778e-07  1.20000000e+00  1.19999998e+00 -1.88391790e-04 
 1.39934717e-07  1.20000000e+00  1.19999977e+00 -1.79860109e-04 
 1.39953491e-07  1.20000000e+00  1.19999998e+00 -1.37094322e-04 
 1.39972166e-07  1.20000000e+00  1.19999977e+00 -1.42921512e-04 
 1.39988978e-07  1.20000000e+00  1.19999998e+00 -1.66227969e-04 
 1.40007230e-07  1.20000000e+00  1.19999977e+00 -1.94524830e-04 
 1.40024168e-07  1.20000000e+00  1.19999998e+00 -1.73665985e-04 
 1.40042933e-07  1.20000000e+00  1.19999977e+00 -1.43282064e-04 
 1.40059739e-07  1.20000000e+00  1.19999998e+00 -1.35645994e-04 
 1.40077381e-07  1.20000000e+00  1.19999977e+00 -1.71023287e-04 
 1.40088690e-07  1.20000000e+00  1.19999998e+00 -1.79643593e-04 
 1.40100000e-07  1.20000000e+00  1.19999977e+00 -1.92557341e-04 
 1.40102262e-07  1.17285715e+00  1.19999988e+00 -2.03460061e-04 
 1.40106786e-07  1.11857144e+00  1.19999988e+00 -1.99378029e-04 
 1.40115833e-07  1.01000002e+00  1.19999988e+00 -1.81571851e-04 
 1.40130025e-07  8.39705809e-01  1.19999988e+00 -1.59949974e-04 
 1.40145328e-07  6.56069309e-01  1.19999988e+00 -1.57279253e-04 
 1.40161338e-07  4.63940501e-01  1.19999988e+00 -1.96476836e-04 
 1.40178306e-07  2.60326776e-01  1.19999988e+00 -2.29411234e-04 
 1.40189153e-07  1.30163388e-01  1.19999988e+00 -2.51665868e-04 
 1.40200000e-07  0.00000000e+00  1.19999988e+00 -2.56845975e-04 
 1.40202169e-07  0.00000000e+00  1.19999988e+00 -2.32986267e-04 
 1.40206508e-07  0.00000000e+00  1.19999988e+00 -2.34891728e-04 
 1.40215186e-07  0.00000000e+00  1.19999988e+00 -2.32686584e-04 
 1.40229811e-07  0.00000000e+00  1.19999988e+00 -2.25470388e-04 
 1.40245364e-07  0.00000000e+00  1.19999988e+00 -2.37697090e-04 
 1.40262099e-07  0.00000000e+00  1.19999988e+00 -2.74530228e-04 
 1.40280653e-07  0.00000000e+00  1.19999988e+00 -2.43304419e-04 
 1.40298190e-07  0.00000000e+00  1.19999988e+00 -2.40656324e-04 
 1.40316020e-07  0.00000000e+00  1.19999988e+00 -2.19112707e-04 
 1.40333465e-07  0.00000000e+00  1.19999988e+00 -2.43844915e-04 
 1.40351288e-07  0.00000000e+00  1.19999988e+00 -2.68822005e-04 
 1.40368343e-07  0.00000000e+00  1.19999988e+00 -2.54447560e-04 
 1.40386662e-07  0.00000000e+00  1.19999988e+00 -2.34106310e-04 
 1.40403725e-07  0.00000000e+00  1.19999988e+00 -2.28112854e-04 
 1.40421915e-07  0.00000000e+00  1.19999988e+00 -2.33822809e-04 
 1.40439037e-07  0.00000000e+00  1.19999988e+00 -2.76356591e-04 
 1.40456432e-07  0.00000000e+00  1.19999988e+00 -2.49803162e-04 
 1.40474180e-07  0.00000000e+00  1.19999988e+00 -2.41358510e-04 
 1.40491472e-07  0.00000000e+00  1.19999988e+00 -2.21985073e-04 
 1.40509621e-07  0.00000000e+00  1.19999988e+00 -2.36794664e-04 
 1.40526564e-07  0.00000000e+00  1.19999988e+00 -2.69401278e-04 
 1.40544008e-07  0.00000000e+00  1.19999988e+00 -2.60142971e-04 
 1.40561466e-07  0.00000000e+00  1.19999988e+00 -2.33719388e-04 
 1.40579063e-07  0.00000000e+00  1.19999988e+00 -2.30495480e-04 
 1.40596597e-07  0.00000000e+00  1.19999988e+00 -2.25544186e-04 
 1.40613697e-07  0.00000000e+00  1.19999988e+00 -2.75613032e-04 
 1.40631083e-07  0.00000000e+00  1.19999988e+00 -2.56361363e-04 
 1.40648482e-07  0.00000000e+00  1.19999988e+00 -2.40627192e-04 
 1.40666922e-07  0.00000000e+00  1.19999988e+00 -2.24543894e-04 
 1.40683704e-07  0.00000000e+00  1.19999988e+00 -2.30315348e-04 
 1.40701349e-07  0.00000000e+00  1.19999988e+00 -2.66388017e-04 
 1.40718878e-07  0.00000000e+00  1.19999988e+00 -2.65378862e-04 
 1.40736546e-07  0.00000000e+00  1.19999988e+00 -2.34105770e-04 
 1.40753061e-07  0.00000000e+00  1.19999988e+00 -2.34718903e-04 
 1.40770643e-07  0.00000000e+00  1.19999988e+00 -2.22048751e-04 
 1.40787544e-07  0.00000000e+00  1.19999988e+00 -2.65494905e-04 
 1.40806147e-07  0.00000000e+00  1.19999988e+00 -2.62419100e-04 
 1.40824246e-07  0.00000000e+00  1.19999988e+00 -2.40443400e-04 
 1.40840836e-07  0.00000000e+00  1.19999988e+00 -2.30422336e-04 
 1.40858701e-07  0.00000000e+00  1.19999988e+00 -2.27181445e-04 
 1.40875992e-07  0.00000000e+00  1.19999988e+00 -2.56661890e-04 
 1.40895359e-07  0.00000000e+00  1.19999988e+00 -2.69619610e-04 
 1.40913235e-07  0.00000000e+00  1.19999988e+00 -2.34293327e-04 
 1.40929883e-07  0.00000000e+00  1.19999988e+00 -2.36736392e-04 
 1.40947865e-07  0.00000000e+00  1.19999988e+00 -2.20690270e-04 
 1.40965131e-07  0.00000000e+00  1.19999988e+00 -2.62327808e-04 
 1.40984727e-07  0.00000000e+00  1.19999988e+00 -2.63846530e-04 
 1.41002443e-07  0.00000000e+00  1.19999988e+00 -2.40613907e-04 
 1.41019084e-07  0.00000000e+00  1.19999988e+00 -2.30309462e-04 
 1.41037105e-07  0.00000000e+00  1.19999988e+00 -2.26829104e-04 
 1.41054328e-07  0.00000000e+00  1.19999988e+00 -2.55616072e-04 
 1.41071980e-07  0.00000000e+00  1.19999988e+00 -2.71995811e-04 
 1.41090430e-07  0.00000000e+00  1.19999988e+00 -2.35455482e-04 
 1.41107466e-07  0.00000000e+00  1.19999988e+00 -2.37196966e-04 
 1.41125368e-07  0.00000000e+00  1.19999988e+00 -2.20476146e-04 
 1.41143043e-07  0.00000000e+00  1.19999988e+00 -2.59562792e-04 
 1.41160459e-07  0.00000000e+00  1.19999988e+00 -2.67102429e-04 
 1.41178778e-07  0.00000000e+00  1.19999988e+00 -2.42366219e-04 
 1.41197787e-07  0.00000000e+00  1.19999988e+00 -2.29648969e-04 
 1.41214907e-07  0.00000000e+00  1.19999988e+00 -2.26815856e-04 
 1.41233396e-07  0.00000000e+00  1.19999988e+00 -2.56824711e-04 
 1.41252353e-07  0.00000000e+00  1.19999988e+00 -2.71146171e-04 
 1.41270362e-07  0.00000000e+00  1.19999988e+00 -2.34301209e-04 
 1.41287050e-07  0.00000000e+00  1.19999988e+00 -2.35752878e-04 
 1.41305044e-07  0.00000000e+00  1.19999988e+00 -2.20615229e-04 
 1.41322376e-07  0.00000000e+00  1.19999988e+00 -2.62073294e-04 
 1.41341860e-07  0.00000000e+00  1.19999988e+00 -2.65354376e-04 
 1.41359678e-07  0.00000000e+00  1.19999988e+00 -2.40302159e-04 
 1.41376432e-07  0.00000000e+00  1.19999988e+00 -2.29388656e-04 
 1.41394499e-07  0.00000000e+00  1.19999988e+00 -2.26563184e-04 
 1.41411738e-07  0.00000000e+00  1.19999988e+00 -2.56195515e-04 
 1.41431251e-07  0.00000000e+00  1.19999988e+00 -2.71579077e-04 
 1.41449084e-07  0.00000000e+00  1.19999988e+00 -2.34294476e-04 
 1.41465864e-07  0.00000000e+00  1.19999988e+00 -2.34944702e-04 
 1.41483948e-07  0.00000000e+00  1.19999988e+00 -2.20612386e-04 
 1.41501164e-07  0.00000000e+00  1.19999988e+00 -2.62387292e-04 
 1.41520599e-07  0.00000000e+00  1.19999988e+00 -2.65910216e-04 
 1.41538513e-07  0.00000000e+00  1.19999988e+00 -2.40153232e-04 
 1.41555333e-07  0.00000000e+00  1.19999988e+00 -2.28585944e-04 
 1.41573422e-07  0.00000000e+00  1.19999988e+00 -2.26565202e-04 
 1.41590642e-07  0.00000000e+00  1.19999988e+00 -2.56844412e-04 
 1.41609966e-07  0.00000000e+00  1.19999988e+00 -2.72073404e-04 
 1.41627992e-07  0.00000000e+00  1.19999988e+00 -2.34097472e-04 
 1.41644850e-07  0.00000000e+00  1.19999988e+00 -2.34054085e-04 
 1.41662938e-07  0.00000000e+00  1.19999988e+00 -2.20683324e-04 
 1.41680162e-07  0.00000000e+00  1.19999988e+00 -2.63281571e-04 
 1.41699349e-07  0.00000000e+00  1.19999988e+00 -2.66348500e-04 
 1.41717515e-07  0.00000000e+00  1.19999988e+00 -2.39853576e-04 
 1.41734414e-07  0.00000000e+00  1.19999988e+00 -2.27636869e-04 
 1.41752496e-07  0.00000000e+00  1.19999988e+00 -2.26671156e-04 
 1.41769725e-07  0.00000000e+00  1.19999988e+00 -2.58002109e-04 
 1.41788756e-07  0.00000000e+00  1.19999988e+00 -2.72404924e-04 
 1.41807088e-07  0.00000000e+00  1.19999988e+00 -2.33753968e-04 
 1.41824027e-07  0.00000000e+00  1.19999988e+00 -2.32990554e-04 
 1.41842103e-07  0.00000000e+00  1.19999988e+00 -2.20886488e-04 
 1.41859337e-07  0.00000000e+00  1.19999988e+00 -2.64644484e-04 
 1.41878193e-07  0.00000000e+00  1.19999988e+00 -2.66622438e-04 
 1.41896720e-07  0.00000000e+00  1.19999988e+00 -2.39400193e-04 
 1.41913700e-07  0.00000000e+00  1.19999988e+00 -2.26517943e-04 
 1.41931767e-07  0.00000000e+00  1.19999988e+00 -2.26914734e-04 
 1.41949005e-07  0.00000000e+00  1.19999988e+00 -2.59657064e-04 
 1.41967672e-07  0.00000000e+00  1.19999988e+00 -2.72541888e-04 
 1.41986333e-07  0.00000000e+00  1.19999988e+00 -2.33343640e-04 
 1.42003326e-07  0.00000000e+00  1.19999988e+00 -2.31834333e-04 
 1.42021371e-07  0.00000000e+00  1.19999988e+00 -2.21208463e-04 
 1.42038604e-07  0.00000000e+00  1.19999987e+00 -2.66140227e-04 
 1.42057114e-07  0.00000000e+00  1.19999988e+00 -2.66832960e-04 
 1.42075808e-07  0.00000000e+00  1.19999988e+00 -2.39100624e-04 
 1.42092821e-07  0.00000000e+00  1.19999986e+00 -2.25615117e-04 
 1.42110829e-07  0.00000000e+00  1.19999989e+00 -2.27091818e-04 
 1.42128069e-07  0.00000000e+00  1.19999988e+00 -2.60558437e-04 
 1.42146491e-07  0.00000000e+00  1.19999991e+00 -2.72890139e-04 
 1.42165227e-07  0.00000000e+00  1.19999999e+00 -2.33239122e-04 
 1.42182271e-07  0.00000000e+00  1.19999937e+00 -2.31109966e-04 
 1.42200269e-07  0.00000000e+00  1.19999956e+00 -2.21299498e-04 
 1.42217523e-07  0.00000000e+00  1.19999996e+00 -2.66578313e-04 
 1.42235887e-07  0.00000000e+00  1.20000179e+00 -2.67299991e-04 
 1.42254661e-07  0.00000000e+00  1.20000853e+00 -2.38988517e-04 
 1.42271732e-07  0.00000000e+00  1.19999369e+00 -2.24991560e-04 
 1.42289726e-07  0.00000000e+00  1.19996699e+00 -2.27097415e-04 
 1.42306986e-07  0.00000000e+00  1.19994728e+00 -2.61038275e-04 
 1.42325293e-07  0.00000000e+00  1.20001024e+00 -2.73291815e-04 
 1.42344099e-07  0.00000000e+00  1.20045317e+00 -2.33425706e-04 
 1.42361195e-07  0.00000000e+00  1.20056644e+00 -2.30333096e-04 
 1.42379181e-07  0.00000000e+00  1.19929672e+00 -2.20719383e-04 
 1.42396447e-07  0.00000000e+00  1.19607202e+00 -2.65325613e-04 
 1.42414698e-07  0.00000000e+00  1.19338705e+00 -2.67128832e-04 
 1.42433535e-07  0.00000000e+00  1.21064780e+00 -2.50876863e-04 
 1.42452421e-07  0.00000000e+00  1.24818779e+00 -2.35292732e-04 
 1.42469608e-07  0.00000000e+00  1.24590401e+00 -2.15772087e-04 
 1.42487044e-07  0.00000000e+00  1.13510944e+00 -2.20174190e-04 
 1.42503342e-07  0.00000000e+00  9.48575258e-01 -2.04922950e-04 
 1.42517920e-07  0.00000000e+00  7.58906431e-01 -1.65792947e-04 
 1.42534590e-07  0.00000000e+00  5.45212284e-01 -1.93331340e-04 
 1.42551217e-07  0.00000000e+00  3.53047929e-01 -1.62384383e-04 
 1.42569125e-07  0.00000000e+00  1.91585614e-01 -1.72413684e-04 
 1.42585279e-07  0.00000000e+00  9.76384767e-02 -1.88808731e-04 
 1.42603831e-07  0.00000000e+00  4.07550264e-02 -1.58150199e-04 
 1.42620980e-07  0.00000000e+00  1.75867769e-02 -1.68500112e-04 
 1.42637257e-07  0.00000000e+00  7.85982013e-03 -1.63008126e-04 
 1.42655274e-07  0.00000000e+00  3.18001958e-03 -1.46162625e-04 
 1.42669066e-07  0.00000000e+00  1.61668542e-03 -1.88708528e-04 
 1.42684880e-07  0.00000000e+00  7.42637910e-04 -1.62585397e-04 
 1.42702159e-07  0.00000000e+00  3.10142165e-04 -1.57601991e-04 
 1.42716649e-07  0.00000000e+00  1.55748092e-04 -1.69122922e-04 
 1.42734861e-07  0.00000000e+00  5.94693619e-05 -1.48910353e-04 
 1.42752923e-07  0.00000000e+00  2.69490161e-05 -1.69005941e-04 
 1.42770572e-07  0.00000000e+00  8.36076760e-06 -1.78814735e-04 
 1.42789696e-07  0.00000000e+00  5.91656828e-06 -1.46547208e-04 
 1.42806708e-07  0.00000000e+00 -1.55881913e-07 -1.77010396e-04 
 1.42824962e-07  0.00000000e+00  2.58705567e-06 -1.40065581e-04 
 1.42843268e-07  0.00000000e+00 -1.48146830e-06 -1.80025893e-04 
 1.42861474e-07  0.00000000e+00  1.94065846e-06 -1.67534570e-04 
 1.42880597e-07  0.00000000e+00 -1.62959238e-06 -1.56967335e-04 
 1.42897079e-07  0.00000000e+00  1.77069819e-06 -1.67701475e-04 
 1.42915451e-07  0.00000000e+00 -1.58321034e-06 -1.47478624e-04 
 1.42934130e-07  0.00000000e+00  1.68243541e-06 -1.75609633e-04 
 1.42951549e-07  0.00000000e+00 -1.51619973e-06 -1.74010603e-04 
 1.42971108e-07  0.00000000e+00  1.61045965e-06 -1.50689453e-04 
 1.42987279e-07  0.00000000e+00 -1.44679709e-06 -1.74483164e-04 
 1.43005649e-07  0.00000000e+00  1.53951125e-06 -1.39260247e-04 
 1.43022558e-07  0.00000000e+00 -1.38000752e-06 -1.81596931e-04 
 1.43040426e-07  0.00000000e+00  1.47340711e-06 -1.67233527e-04 
 1.43059299e-07  0.00000000e+00 -1.31920897e-06 -1.57316169e-04 
 1.43075479e-07  0.00000000e+00  1.41113405e-06 -1.67055141e-04 
 1.43093870e-07  0.00000000e+00 -1.25782251e-06 -1.48079987e-04 
 1.43112419e-07  0.00000000e+00  1.35551255e-06 -1.73786207e-04 
 1.43129907e-07  0.00000000e+00 -1.20228826e-06 -1.76048732e-04 
 1.43149588e-07  0.00000000e+00  1.30289575e-06 -1.49501347e-04 
 1.43166110e-07  0.00000000e+00 -1.14957254e-06 -1.74687632e-04 
 1.43184441e-07  0.00000000e+00  1.24979544e-06 -1.38668369e-04 
 1.43201389e-07  0.00000000e+00 -1.09867587e-06 -1.82138385e-04 
 1.43219309e-07  0.00000000e+00  1.19970950e-06 -1.67022238e-04 
 1.43238219e-07  0.00000000e+00 -1.05253380e-06 -1.57990691e-04 
 1.43254490e-07  0.00000000e+00  1.15253720e-06 -1.66034396e-04 
 1.43272881e-07  0.00000000e+00 -1.00597441e-06 -1.48348213e-04 
 1.43291568e-07  0.00000000e+00  1.11037589e-06 -1.74164410e-04 
 1.43308927e-07  0.00000000e+00 -9.63715029e-07 -1.76364692e-04 
 1.43328690e-07  0.00000000e+00  1.07025907e-06 -1.49572835e-04 
 1.43345207e-07  0.00000000e+00 -9.23673992e-07 -1.74322621e-04 
 1.43363525e-07  0.00000000e+00  1.02983233e-06 -1.38258332e-04 
 1.43380301e-07  0.00000000e+00 -8.84729403e-07 -1.82709305e-04 
 1.43398196e-07  0.00000000e+00  9.91494623e-07 -1.66921880e-04 
 1.43417068e-07  0.00000000e+00 -8.49564545e-07 -1.58441494e-04 
 1.43433353e-07  0.00000000e+00  9.55586115e-07 -1.65251392e-04 
 1.43451740e-07  0.00000000e+00 -8.14152437e-07 -1.48597071e-04 
 1.43470502e-07  0.00000000e+00  9.23562590e-07 -1.74092470e-04 
 1.43487791e-07  0.00000000e+00 -7.81988360e-07 -1.76951639e-04 
 1.43507643e-07  0.00000000e+00  8.93027910e-07 -1.49454183e-04 
 1.43524237e-07  0.00000000e+00 -7.51650708e-07 -1.74003180e-04 
 1.43542542e-07  0.00000000e+00  8.62317727e-07 -1.37944977e-04 
 1.43559208e-07  0.00000000e+00 -7.21891035e-07 -1.83171635e-04 
 1.43577100e-07  0.00000000e+00  8.33029428e-07 -1.66859006e-04 
 1.43595950e-07  0.00000000e+00 -6.95103474e-07 -1.58843030e-04 
 1.43612256e-07  0.00000000e+00  8.05694778e-07 -1.64546813e-04 
 1.43630643e-07  0.00000000e+00 -6.68159867e-07 -1.48748599e-04 
 1.43649493e-07  0.00000000e+00  7.81365005e-07 -1.74235804e-04 
 1.43666701e-07  0.00000000e+00 -6.43661863e-07 -1.77327262e-04 
 1.43686636e-07  0.00000000e+00  7.58094382e-07 -1.49485982e-04 
 1.43703279e-07  0.00000000e+00 -6.20635133e-07 -1.73585139e-04 
 1.43721572e-07  0.00000000e+00  7.34728587e-07 -1.37749341e-04 
 1.43738124e-07  0.00000000e+00 -5.97874443e-07 -1.83547986e-04 
 1.43756012e-07  0.00000000e+00  7.12331885e-07 -1.66863113e-04 
 1.43774834e-07  0.00000000e+00 -5.77449099e-07 -1.59149055e-04 
 1.43791153e-07  0.00000000e+00  6.91498884e-07 -1.63956839e-04 
 1.43809539e-07  0.00000000e+00 -5.56926904e-07 -1.48821447e-04 
 1.43828474e-07  0.00000000e+00  6.72997436e-07 -1.74429267e-04 
 1.43845607e-07  0.00000000e+00 -5.38252828e-07 -1.77616001e-04 
 1.43865623e-07  0.00000000e+00  6.55249565e-07 -1.49582317e-04 
 1.43882316e-07  0.00000000e+00 -5.20758889e-07 -1.73105610e-04 
 1.43900598e-07  0.00000000e+00  6.37456343e-07 -1.37659410e-04 
 1.43917045e-07  0.00000000e+00 -5.03340278e-07 -1.83832500e-04 
 1.43934933e-07  0.00000000e+00  6.20319886e-07 -1.66929728e-04 
 1.43953726e-07  0.00000000e+00 -4.87752472e-07 -1.59371737e-04 
 1.43970055e-07  0.00000000e+00  6.04424205e-07 -1.63467055e-04 
 1.43988442e-07  0.00000000e+00 -4.72103586e-07 -1.48814271e-04 
 1.44005502e-07  0.00000000e+00  5.89565996e-07 -1.70278839e-04 
 1.44023455e-07  0.00000000e+00 -4.57464651e-07 -1.79955606e-04 
 1.44042881e-07  0.00000000e+00  5.76200544e-07 -1.47939670e-04 
 1.44059984e-07  0.00000000e+00 -4.44123819e-07 -1.73843240e-04 
 1.44078379e-07  0.00000000e+00  5.62853735e-07 -1.37986746e-04 
 1.44095432e-07  0.00000000e+00 -4.31126683e-07 -1.82235545e-04 
 1.44113474e-07  0.00000000e+00  5.50075242e-07 -1.68307876e-04 
 1.44132648e-07  0.00000000e+00 -4.19390524e-07 -1.58819675e-04 
 1.44149393e-07  0.00000000e+00  5.38203216e-07 -1.63526250e-04 
 1.44167790e-07  0.00000000e+00 -4.07588814e-07 -1.47991384e-04 
 1.44184714e-07  0.00000000e+00  5.26795907e-07 -1.72080859e-04 
 1.44202697e-07  0.00000000e+00 -3.96354543e-07 -1.78451440e-04 
 1.44221911e-07  0.00000000e+00  5.16528090e-07 -1.49105451e-04 
 1.44238754e-07  0.00000000e+00 -3.86014902e-07 -1.72857641e-04 
 1.44257147e-07  0.00000000e+00  5.06237579e-07 -1.38769901e-04 
 1.44274113e-07  0.00000000e+00 -3.76047965e-07 -1.81110542e-04 
 1.44292113e-07  0.00000000e+00  4.96426746e-07 -1.69604263e-04 
 1.44311351e-07  0.00000000e+00 -3.67073782e-07 -1.57932270e-04 
 1.44328224e-07  0.00000000e+00  4.87392747e-07 -1.64090627e-04 
 1.44346619e-07  0.00000000e+00 -3.58076325e-07 -1.47242196e-04 
 1.44363555e-07  0.00000000e+00  4.78661669e-07 -1.72859833e-04 
 1.44381556e-07  0.00000000e+00 -3.49480293e-07 -1.77810262e-04 
 1.44400780e-07  0.00000000e+00  4.70802670e-07 -1.49894165e-04 
 1.44417643e-07  0.00000000e+00 -3.41565263e-07 -1.71943167e-04 
 1.44436039e-07  0.00000000e+00  4.62922158e-07 -1.39404888e-04 
 1.44452957e-07  0.00000000e+00 -3.33914828e-07 -1.80543288e-04 
 1.44470955e-07  0.00000000e+00  4.55388897e-07 -1.70316500e-04 
 1.44490187e-07  0.00000000e+00 -3.27031502e-07 -1.57380194e-04 
 1.44507071e-07  0.00000000e+00  4.48460857e-07 -1.64494902e-04 
 1.44525467e-07  0.00000000e+00 -3.20131111e-07 -1.46636943e-04 
 1.44542373e-07  0.00000000e+00  4.41754444e-07 -1.73442132e-04 
 1.44560373e-07  0.00000000e+00 -3.13526399e-07 -1.77373928e-04 
 1.44579607e-07  0.00000000e+00  4.35721506e-07 -1.50498653e-04 
 1.44596501e-07  0.00000000e+00 -3.07454569e-07 -1.71197574e-04 
 1.44614898e-07  0.00000000e+00  4.29673065e-07 -1.39930467e-04 
 1.44631788e-07  0.00000000e+00 -3.01570365e-07 -1.80049927e-04 
 1.44649789e-07  0.00000000e+00  4.23877369e-07 -1.70930577e-04 
 1.44669023e-07  0.00000000e+00 -2.96278048e-07 -1.56924000e-04 
 1.44685927e-07  0.00000000e+00  4.18551842e-07 -1.64810184e-04 
 1.44704325e-07  0.00000000e+00 -2.90971877e-07 -1.46128267e-04 
 1.44721202e-07  0.00000000e+00  4.13385308e-07 -1.73957370e-04 
 1.44739203e-07  0.00000000e+00 -2.85881902e-07 -1.76991197e-04 
 1.44758440e-07  0.00000000e+00  4.08738990e-07 -1.51020515e-04 
 1.44775354e-07  0.00000000e+00 -2.81206805e-07 -1.70555697e-04 
 1.44793753e-07  0.00000000e+00  4.04079970e-07 -1.40375756e-04 
 1.44810617e-07  0.00000000e+00 -2.76666025e-07 -1.79626349e-04 
 1.44828618e-07  0.00000000e+00  3.99605721e-07 -1.71463970e-04 
 1.44847857e-07  0.00000000e+00 -2.72582573e-07 -1.56537015e-04 
 1.44864780e-07  0.00000000e+00  3.95497367e-07 -1.65067312e-04 
 1.44883180e-07  0.00000000e+00 -2.68487211e-07 -1.45697313e-04 
 1.44900032e-07  0.00000000e+00  3.91502489e-07 -1.74396946e-04 
 1.44918033e-07  0.00000000e+00 -2.64549857e-07 -1.76669589e-04 
 1.44937274e-07  0.00000000e+00  3.87909866e-07 -1.51467546e-04 
 1.44954206e-07  0.00000000e+00 -2.60935245e-07 -1.69999907e-04 
 1.44972606e-07  0.00000000e+00  3.84305881e-07 -1.40754116e-04 
 1.44989447e-07  0.00000000e+00 -2.57416418e-07 -1.79269396e-04 
 1.45007448e-07  0.00000000e+00  3.80836943e-07 -1.71920421e-04 
 1.45026690e-07  0.00000000e+00 -2.54251548e-07 -1.56211446e-04 
 1.45043631e-07  0.00000000e+00  3.77652741e-07 -1.65276416e-04 
 1.45062032e-07  0.00000000e+00 -2.51075687e-07 -1.45331305e-04 
 1.45078862e-07  0.00000000e+00  3.74549230e-07 -1.74771835e-04 
 1.45096863e-07  0.00000000e+00 -2.48015211e-07 -1.76400275e-04 
 1.45116107e-07  0.00000000e+00  3.71757401e-07 -1.51850608e-04 
 1.45133056e-07  0.00000000e+00 -2.45206031e-07 -1.69517844e-04 
 1.45151458e-07  0.00000000e+00  3.68954750e-07 -1.41076745e-04 
 1.45168277e-07  0.00000000e+00 -2.42464697e-07 -1.78966909e-04 
 1.45186279e-07  0.00000000e+00  3.66250649e-07 -1.72312762e-04 
 1.45205524e-07  0.00000000e+00 -2.39997978e-07 -1.55936465e-04 
 1.45222481e-07  0.00000000e+00  3.63768396e-07 -1.65446724e-04 
 1.45240883e-07  0.00000000e+00 -2.37520571e-07 -1.45019215e-04 
 1.45257692e-07  0.00000000e+00  3.61343044e-07 -1.75093350e-04 
 1.45275694e-07  0.00000000e+00 -2.35127262e-07 -1.76173314e-04 
 1.45294941e-07  0.00000000e+00  3.59159880e-07 -1.52180342e-04 
 1.45311905e-07  0.00000000e+00 -2.32929891e-07 -1.69098279e-04 
 1.45330307e-07  0.00000000e+00  3.56966035e-07 -1.41353070e-04 
 1.45347107e-07  0.00000000e+00 -2.30780128e-07 -1.78709243e-04 
 1.45365110e-07  0.00000000e+00  3.54843891e-07 -1.72651536e-04 
 1.45384358e-07  0.00000000e+00 -2.28844113e-07 -1.55703052e-04 
 1.45401328e-07  0.00000000e+00  3.52894917e-07 -1.65585983e-04 
 1.45419731e-07  0.00000000e+00 -2.26897413e-07 -1.44751943e-04 
 1.45436522e-07  0.00000000e+00  3.50985589e-07 -1.75370283e-04 
 1.45454525e-07  0.00000000e+00 -2.25011768e-07 -1.75981079e-04 
 1.45473774e-07  0.00000000e+00  3.49265158e-07 -1.52465369e-04 
 1.45490752e-07  0.00000000e+00 -2.23279297e-07 -1.68731825e-04 
 1.45509155e-07  0.00000000e+00  3.47533962e-07 -1.41590821e-04 
 1.45525937e-07  0.00000000e+00 -2.21579659e-07 -1.78488741e-04 
 1.45543941e-07  0.00000000e+00  3.45854673e-07 -1.72945221e-04 
 1.45563191e-07  0.00000000e+00 -2.20047180e-07 -1.55503954e-04 
 1.45580174e-07  0.00000000e+00  3.44310984e-07 -1.65700389e-04 
 1.45598579e-07  0.00000000e+00 -2.18503848e-07 -1.44522019e-04 
 1.45615353e-07  0.00000000e+00  3.42794352e-07 -1.75609845e-04 
 1.45633357e-07  0.00000000e+00 -2.17004542e-07 -1.75817408e-04 
 1.45652608e-07  0.00000000e+00  3.41425825e-07 -1.52712788e-04 
 1.45669597e-07  0.00000000e+00 -2.15625454e-07 -1.68410649e-04 
 1.45688002e-07  0.00000000e+00  3.40046312e-07 -1.41796351e-04 
 1.45704768e-07  0.00000000e+00 -2.14268410e-07 -1.78299108e-04 
 1.45722773e-07  0.00000000e+00  3.38704085e-07 -1.73200857e-04 
 1.45742025e-07  0.00000000e+00 -2.13042846e-07 -1.55333239e-04 
 1.45759019e-07  0.00000000e+00  3.37468542e-07 -1.65794922e-04 
 1.45777424e-07  0.00000000e+00 -2.11806189e-07 -1.44323285e-04 
 1.45794184e-07  0.00000000e+00  3.36250800e-07 -1.75818016e-04 
 1.45812188e-07  0.00000000e+00 -2.10600982e-07 -1.75677253e-04 
 1.45831442e-07  0.00000000e+00  3.35149964e-07 -1.52928496e-04 
 1.45848441e-07  0.00000000e+00 -2.09490605e-07 -1.68128182e-04 
 1.45866847e-07  0.00000000e+00  3.34037913e-07 -1.41974906e-04 
 1.45883599e-07  0.00000000e+00 -2.08394386e-07 -1.78135160e-04 
 1.45901604e-07  0.00000000e+00  3.32952286e-07 -1.73424309e-04 
 1.45920858e-07  0.00000000e+00 -2.07402335e-07 -1.55186038e-04 
 1.45937863e-07  0.00000000e+00  3.31951120e-07 -1.65873596e-04 
 1.45956269e-07  0.00000000e+00 -2.06398964e-07 -1.44150656e-04 
 1.45973015e-07  0.00000000e+00  3.30960962e-07 -1.75999761e-04 
 1.45991020e-07  0.00000000e+00 -2.05417686e-07 -1.75556483e-04 
 1.46010275e-07  0.00000000e+00  3.30063852e-07 -1.53117399e-04 
 1.46027284e-07  0.00000000e+00 -2.04511746e-07 -1.67878891e-04 
 1.46045691e-07  0.00000000e+00  3.29155303e-07 -1.42130826e-04 
 1.46062430e-07  0.00000000e+00 -2.03614151e-07 -1.77992629e-04 
 1.46080436e-07  0.00000000e+00  3.28265106e-07 -1.73620470e-04 
 1.46099692e-07  0.00000000e+00 -2.02799853e-07 -1.55058351e-04 
 1.46116705e-07  0.00000000e+00  3.27442286e-07 -1.65939642e-04 
 1.46135112e-07  0.00000000e+00 -2.01974027e-07 -1.43999917e-04 
 1.46151846e-07  0.00000000e+00  3.26625488e-07 -1.76159205e-04 
 1.46169852e-07  0.00000000e+00 -2.01163341e-07 -1.75451715e-04 
 1.46189108e-07  0.00000000e+00  3.25883501e-07 -1.53283592e-04 
 1.46206126e-07  0.00000000e+00 -2.00413023e-07 -1.67658105e-04 
 1.46224534e-07  0.00000000e+00  3.25129878e-07 -1.42267710e-04 
 1.46241261e-07  0.00000000e+00 -1.99666762e-07 -1.77867989e-04 
 1.46259268e-07  0.00000000e+00  3.24388600e-07 -1.73793432e-04 
 1.46278525e-07  0.00000000e+00 -1.98987868e-07 -1.54946884e-04 
 1.46295547e-07  0.00000000e+00  3.23701595e-07 -1.65995662e-04 
 1.46313955e-07  0.00000000e+00 -1.98297248e-07 -1.43867577e-04 
 1.46330677e-07  0.00000000e+00  3.23016926e-07 -1.76299788e-04 
 1.46348684e-07  0.00000000e+00 -1.97616579e-07 -1.75360169e-04 
 1.46367942e-07  0.00000000e+00  3.22393111e-07 -1.53430497e-04 
 1.46384967e-07  0.00000000e+00 -1.96984836e-07 -1.67461872e-04 
 1.46403375e-07  0.00000000e+00  3.21757538e-07 -1.42388548e-04 
 1.46420093e-07  0.00000000e+00 -1.96353937e-07 -1.77758326e-04 
 1.46438100e-07  0.00000000e+00  3.21129814e-07 -1.73946624e-04 
 1.46457358e-07  0.00000000e+00 -1.95778253e-07 -1.54848925e-04 
 1.46474387e-07  0.00000000e+00  3.20546297e-07 -1.66043747e-04 
 1.46492796e-07  0.00000000e+00 -1.95190705e-07 -1.43750732e-04 
 1.46509509e-07  0.00000000e+00  3.19962434e-07 -1.76424383e-04 
 1.46527516e-07  0.00000000e+00 -1.94609207e-07 -1.75279565e-04 
 1.46546775e-07  0.00000000e+00  3.19428744e-07 -1.53560983e-04 
 1.46563807e-07  0.00000000e+00 -1.94067857e-07 -1.67286836e-04 
 1.46582216e-07  0.00000000e+00  3.18883173e-07 -1.42495831e-04 
 1.46598924e-07  0.00000000e+00 -1.93525040e-07 -1.77661226e-04 
 1.46616932e-07  0.00000000e+00  3.18342101e-07 -1.74082929e-04 
 1.46636192e-07  0.00000000e+00 -1.93028051e-07 -1.54762233e-04 
 1.46653227e-07  0.00000000e+00  3.17837589e-07 -1.66085580e-04 
 1.46671636e-07  0.00000000e+00 -1.92519159e-07 -1.43646966e-04 
 1.46688340e-07  0.00000000e+00  3.17330629e-07 -1.76535391e-04 
 1.46706348e-07  0.00000000e+00 -1.92013420e-07 -1.75208026e-04 
 1.46725608e-07  0.00000000e+00  3.16865775e-07 -1.53677457e-04 
 1.46742647e-07  0.00000000e+00 -1.91541069e-07 -1.67130144e-04 
 1.46761056e-07  0.00000000e+00  3.16388917e-07 -1.42591636e-04 
 1.46777756e-07  0.00000000e+00 -1.91065492e-07 -1.77574685e-04 
 1.46795765e-07  0.00000000e+00  3.15914069e-07 -1.74204772e-04 
 1.46815025e-07  0.00000000e+00 -1.90628686e-07 -1.54684957e-04 
 1.46832066e-07  0.00000000e+00  3.15469866e-07 -1.66122508e-04 
 1.46850476e-07  0.00000000e+00 -1.90179887e-07 -1.43554263e-04 
 1.46867172e-07  0.00000000e+00  3.15021740e-07 -1.76634828e-04 
 1.46885181e-07  0.00000000e+00 -1.89732036e-07 -1.75144009e-04 
 1.46904442e-07  0.00000000e+00  3.14609485e-07 -1.53781946e-04 
 1.46921486e-07  0.00000000e+00 -1.89312453e-07 -1.66989363e-04 
 1.46939896e-07  0.00000000e+00  3.14185202e-07 -1.42677699e-04 
 1.46956588e-07  0.00000000e+00 -1.88888349e-07 -1.77497040e-04 
 1.46974597e-07  0.00000000e+00  3.13761003e-07 -1.74314201e-04 
 1.46993858e-07  0.00000000e+00 -1.88497567e-07 -1.54615566e-04 
 1.47010905e-07  0.00000000e+00  3.13362976e-07 -1.66155608e-04 
 1.47029315e-07  0.00000000e+00 -1.88094756e-07 -1.43470941e-04 
 1.47046004e-07  0.00000000e+00  3.12959900e-07 -1.76724384e-04 
 1.47064013e-07  0.00000000e+00 -1.87691246e-07 -1.75086244e-04 
 1.47083275e-07  0.00000000e+00  3.12587938e-07 -1.53876157e-04 
 1.47100324e-07  0.00000000e+00 -1.87312098e-07 -1.66862414e-04 
 1.47118734e-07  0.00000000e+00  3.12203921e-07 -1.42755471e-04 
 1.47135420e-07  0.00000000e+00 -1.86927435e-07 -1.77426907e-04 
 1.47153429e-07  0.00000000e+00  3.11818567e-07 -1.74412946e-04 
 1.47172691e-07  0.00000000e+00 -1.86571965e-07 -1.54552793e-04 
 1.47189743e-07  0.00000000e+00  3.11455938e-07 -1.66185742e-04 
 1.47208154e-07  0.00000000e+00 -1.86204424e-07 -1.43395595e-04 
 1.47224836e-07  0.00000000e+00  3.11087444e-07 -1.76805483e-04 
 1.47242845e-07  0.00000000e+00 -1.85834975e-07 -1.75033683e-04 
 1.47262108e-07  0.00000000e+00  3.10746417e-07 -1.53961531e-04 
 1.47279161e-07  0.00000000e+00 -1.85486849e-07 -1.66747516e-04 
 1.47297573e-07  0.00000000e+00  3.10393333e-07 -1.42826171e-04 
 1.47314252e-07  0.00000000e+00 -1.85132507e-07 -1.77363133e-04 
 1.47332262e-07  0.00000000e+00  3.10037845e-07 -1.74502473e-04 
 1.47351524e-07  0.00000000e+00 -1.84804168e-07 -1.54495587e-04 
 1.47368580e-07  0.00000000e+00  3.09702456e-07 -1.66213592e-04 
 1.47386991e-07  0.00000000e+00 -1.84463769e-07 -1.43327046e-04 
 1.47403668e-07  0.00000000e+00  3.09360551e-07 -1.76879323e-04 
 1.47421678e-07  0.00000000e+00 -1.84120535e-07 -1.74985467e-04 
 1.47440941e-07  0.00000000e+00  3.09043341e-07 -1.54039288e-04 
 1.47457998e-07  0.00000000e+00 -1.83796338e-07 -1.66643143e-04 
 1.47476410e-07  0.00000000e+00  3.08714110e-07 -1.42890820e-04 
 1.47493084e-07  0.00000000e+00 -1.83465347e-07 -1.77304758e-04 
 1.47511094e-07  0.00000000e+00  3.08381642e-07 -1.74584025e-04 
 1.47530357e-07  0.00000000e+00 -1.83157958e-07 -1.54443078e-04 
 1.47547417e-07  0.00000000e+00  3.08067273e-07 -1.66239700e-04 
 1.47565829e-07  0.00000000e+00 -1.82838508e-07 -1.43264308e-04 
 1.47582500e-07  0.00000000e+00  3.07745918e-07 -1.76946914e-04 
 1.47600510e-07  0.00000000e+00 -1.82515542e-07 -1.74940884e-04 
 1.47619774e-07  0.00000000e+00  3.07447136e-07 -1.54110461e-04 
 1.47636835e-07  0.00000000e+00 -1.82209821e-07 -1.66547982e-04 
 1.47655247e-07  0.00000000e+00  3.07136341e-07 -1.42950275e-04 
 1.47671916e-07  0.00000000e+00 -1.81896942e-07 -1.77250981e-04 
 1.47689927e-07  0.00000000e+00  3.06821699e-07 -1.74658658e-04 
 1.47709190e-07  0.00000000e+00 -1.81605747e-07 -1.54394543e-04 
 1.47726253e-07  0.00000000e+00  3.06523643e-07 -1.66264490e-04 
 1.47744665e-07  0.00000000e+00 -1.81302581e-07 -1.43206553e-04 
 1.47761332e-07  0.00000000e+00  3.06218217e-07 -1.77009110e-04 
 1.47779343e-07  0.00000000e+00 -1.80995312e-07 -1.74899350e-04 
 1.47798607e-07  0.00000000e+00  3.05933755e-07 -1.54175925e-04 
 1.47815671e-07  0.00000000e+00 -1.80703980e-07 -1.66460904e-04 
 1.47834084e-07  0.00000000e+00  3.05637312e-07 -1.43005260e-04 
 1.47850748e-07  0.00000000e+00 -1.80405180e-07 -1.77201133e-04 
 1.47868759e-07  0.00000000e+00  3.05336544e-07 -1.74727272e-04 
 1.47888023e-07  0.00000000e+00 -1.80126619e-07 -1.54349383e-04 
 1.47905089e-07  0.00000000e+00  3.05051189e-07 -1.66288296e-04 
 1.47923502e-07  0.00000000e+00 -1.79836152e-07 -1.43153084e-04 
 1.47940164e-07  0.00000000e+00  3.04758226e-07 -1.77066634e-04 
 1.47958175e-07  0.00000000e+00 -1.79541132e-07 -1.74860385e-04 
 1.47977440e-07  0.00000000e+00  3.04484925e-07 -1.54236425e-04 
 1.47994507e-07  0.00000000e+00 -1.79261071e-07 -1.66380932e-04 
 1.48012920e-07  0.00000000e+00  3.04199714e-07 -1.43056383e-04 
 1.48029580e-07  0.00000000e+00 -1.78973282e-07 -1.77154654e-04 
 1.48047592e-07  0.00000000e+00  3.03909841e-07 -1.74790635e-04 
 1.48066856e-07  0.00000000e+00 -1.78704651e-07 -1.54307100e-04 
 1.48083925e-07  0.00000000e+00  3.03634457e-07 -1.66311374e-04 
 1.48102338e-07  0.00000000e+00 -1.78424132e-07 -1.43103316e-04 
 1.48118996e-07  0.00000000e+00  3.03351259e-07 -1.77120098e-04 
 1.48137008e-07  0.00000000e+00 -1.78138782e-07 -1.74823593e-04 
 1.48156273e-07  0.00000000e+00  3.03086784e-07 -1.54292595e-04 
 1.48173343e-07  0.00000000e+00 -1.77867587e-07 -1.66307225e-04 
 1.48191756e-07  0.00000000e+00  3.02810421e-07 -1.43104157e-04 
 1.48208413e-07  0.00000000e+00 -1.77588492e-07 -1.77111076e-04 
 1.48226424e-07  0.00000000e+00  3.02529153e-07 -1.74849402e-04 
 1.48245689e-07  0.00000000e+00 -1.77327702e-07 -1.54267279e-04 
 1.48262761e-07  0.00000000e+00  3.02261665e-07 -1.66333922e-04 
 1.48281174e-07  0.00000000e+00 -1.77055073e-07 -1.43056756e-04 
 1.48297829e-07  0.00000000e+00  3.01986228e-07 -1.77170021e-04 
 1.48315840e-07  0.00000000e+00 -1.76777411e-07 -1.74788648e-04 
 1.48335106e-07  0.00000000e+00  3.01728753e-07 -1.54344975e-04 
 1.48352178e-07  0.00000000e+00 -1.76513255e-07 -1.66239054e-04 
 1.48370591e-07  0.00000000e+00  3.01459443e-07 -1.43149016e-04 
 1.48387245e-07  0.00000000e+00 -1.76241101e-07 -1.77070008e-04 
 1.48405257e-07  0.00000000e+00  3.01185033e-07 -1.74904132e-04 
 1.48424522e-07  0.00000000e+00 -1.75986575e-07 -1.54229578e-04 
 1.48441596e-07  0.00000000e+00  3.00923858e-07 -1.66356089e-04 
 1.48460009e-07  0.00000000e+00 -1.75720285e-07 -1.43012988e-04 
 1.48476661e-07  0.00000000e+00  3.00654651e-07 -1.77216845e-04 
 1.48494673e-07  0.00000000e+00 -1.75448752e-07 -1.74755282e-04 
 1.48513939e-07  0.00000000e+00  3.00402798e-07 -1.54394025e-04 
 1.48531013e-07  0.00000000e+00 -1.75190289e-07 -1.66175787e-04 
 1.48549427e-07  0.00000000e+00  3.00139173e-07 -1.43191325e-04 
 1.48566077e-07  0.00000000e+00 -1.74923718e-07 -1.77031122e-04 
 1.48584089e-07  0.00000000e+00  2.99870291e-07 -1.74955308e-04 
 1.48603355e-07  0.00000000e+00 -1.74674270e-07 -1.54193711e-04 
 1.48620431e-07  0.00000000e+00  2.99614247e-07 -1.66377985e-04 
 1.48638844e-07  0.00000000e+00 -1.74413077e-07 -1.42971662e-04 
 1.48655493e-07  0.00000000e+00  2.99350081e-07 -1.77260944e-04 
 1.48673506e-07  0.00000000e+00 -1.74146567e-07 -1.74723275e-04 
 1.48692772e-07  0.00000000e+00  2.99102800e-07 -1.54440140e-04 
 1.48709848e-07  0.00000000e+00 -1.73892733e-07 -1.66116875e-04 
 1.48728262e-07  0.00000000e+00  2.98843811e-07 -1.43231395e-04 
 1.48744910e-07  0.00000000e+00 -1.73630748e-07 -1.76994141e-04 
 1.48762922e-07  0.00000000e+00  2.98579466e-07 -1.75003340e-04 
 1.48782188e-07  0.00000000e+00 -1.73385428e-07 -1.54159440e-04 
 1.48799265e-07  0.00000000e+00  2.98327626e-07 -1.66399690e-04 
 1.48817679e-07  0.00000000e+00 -1.73128452e-07 -1.42932480e-04 
 1.48834326e-07  0.00000000e+00  2.98067615e-07 -1.77302639e-04 
 1.48852338e-07  0.00000000e+00 -1.72866089e-07 -1.74692449e-04 
 1.48871605e-07  0.00000000e+00  2.97824099e-07 -1.54483657e-04 
 1.48888683e-07  0.00000000e+00 -1.72616052e-07 -1.66061841e-04 
 1.48907096e-07  0.00000000e+00  2.97568988e-07 -1.43269490e-04 
 1.48923742e-07  0.00000000e+00 -1.72357858e-07 -1.76959011e-04 
 1.48941755e-07  0.00000000e+00  2.97308400e-07 -1.75048060e-04 
 1.48961021e-07  0.00000000e+00 -1.72116005e-07 -1.54127248e-04 
 1.48978100e-07  0.00000000e+00  2.97060041e-07 -1.66420275e-04 
 1.48996514e-07  0.00000000e+00 -1.71862562e-07 -1.42895180e-04 
 1.49013158e-07  0.00000000e+00  2.96803508e-07 -1.77342851e-04 
 1.49031171e-07  0.00000000e+00 -1.71603633e-07 -1.74662300e-04 
 1.49050437e-07  0.00000000e+00  2.96563190e-07 -1.54525922e-04 
 1.49067517e-07  0.00000000e+00 -1.71356838e-07 -1.66008375e-04 
 1.49085931e-07  0.00000000e+00  2.96311293e-07 -1.43305901e-04 
 1.49102574e-07  0.00000000e+00 -1.71101819e-07 -1.76925538e-04 
 1.49120587e-07  0.00000000e+00  2.96053886e-07 -1.75091632e-04 
 1.49139853e-07  0.00000000e+00 -1.70862899e-07 -1.54096096e-04 
 1.49156934e-07  0.00000000e+00  2.95808522e-07 -1.66440080e-04 
 1.49175348e-07  0.00000000e+00 -1.70612454e-07 -1.42859572e-04 
 1.49191990e-07  0.00000000e+00  2.95554932e-07 -1.77380660e-04 
 1.49210003e-07  0.00000000e+00 -1.70356466e-07 -1.74634292e-04 
 1.49229270e-07  0.00000000e+00  2.95317312e-07 -1.54565514e-04 
 1.49246351e-07  0.00000000e+00 -1.70112418e-07 -1.65958274e-04 
 1.49264765e-07  0.00000000e+00  2.95068217e-07 -1.43340656e-04 
 1.49281406e-07  0.00000000e+00 -1.69860150e-07 -1.76893367e-04 
 1.49299419e-07  0.00000000e+00  2.94813537e-07 -1.75132822e-04 
 1.49318686e-07  0.00000000e+00 -1.69623764e-07 -1.54066070e-04 
 1.49335768e-07  0.00000000e+00  2.94570733e-07 -1.66459887e-04 
 1.49354182e-07  0.00000000e+00 -1.69375903e-07 -1.42825485e-04 
 1.49370822e-07  0.00000000e+00  2.94319694e-07 -1.77416841e-04 
 1.49388835e-07  0.00000000e+00 -1.69122466e-07 -1.74606946e-04 
 1.49408102e-07  0.00000000e+00  2.94084453e-07 -1.54603239e-04 
 1.49425185e-07  0.00000000e+00 -1.68880818e-07 -1.65911112e-04 
 1.49443599e-07  0.00000000e+00  2.93837760e-07 -1.43374013e-04 
 1.49460238e-07  0.00000000e+00 -1.68630966e-07 -1.76862293e-04 
 1.49478251e-07  0.00000000e+00  2.93585497e-07 -1.75172015e-04 
 1.49497518e-07  0.00000000e+00 -1.68396774e-07 -1.54036959e-04 
 1.49514601e-07  0.00000000e+00  2.93344937e-07 -1.66479777e-04 
 1.49533016e-07  0.00000000e+00 -1.68151208e-07 -1.42792740e-04 
 1.49549654e-07  0.00000000e+00  2.93096168e-07 -1.77451494e-04 
 1.49567667e-07  0.00000000e+00 -1.67900018e-07 -1.74580244e-04 
 1.49586934e-07  0.00000000e+00  2.92863015e-07 -1.54639277e-04 
 1.49604018e-07  0.00000000e+00 -1.67660494e-07 -1.65866581e-04 
 1.49622433e-07  0.00000000e+00  2.92618480e-07 -1.43406113e-04 
 1.49639070e-07  0.00000000e+00 -1.67412785e-07 -1.76832258e-04 
 1.49657083e-07  0.00000000e+00  2.92368339e-07 -1.75209359e-04 
 1.49676351e-07  0.00000000e+00 -1.67180573e-07 -1.54008693e-04 
 1.49693435e-07  0.00000000e+00  2.92129798e-07 -1.66499736e-04 
 1.49711850e-07  0.00000000e+00 -1.66937050e-07 -1.42761206e-04 
 1.49728486e-07  0.00000000e+00  2.91883074e-07 -1.77484748e-04 
 1.49746499e-07  0.00000000e+00 -1.66687881e-07 -1.74554149e-04 
 1.49765767e-07  0.00000000e+00  2.91651789e-07 -1.54673778e-04 
 1.49782852e-07  0.00000000e+00 -1.66450302e-07 -1.65824429e-04 
 1.49801266e-07  0.00000000e+00  2.91409203e-07 -1.43437070e-04 
 1.49817902e-07  0.00000000e+00 -1.66204512e-07 -1.76803169e-04 
 1.49835915e-07  0.00000000e+00  2.91160998e-07 -1.75245027e-04 
 1.49855183e-07  0.00000000e+00 -1.65974097e-07 -1.53981201e-04 
 1.49872268e-07  0.00000000e+00  2.90924305e-07 -1.66519746e-04 
 1.49890683e-07  0.00000000e+00 -1.65732436e-07 -1.42730774e-04 
 1.49907318e-07  0.00000000e+00  2.90679418e-07 -1.77516733e-04 
 1.49925332e-07  0.00000000e+00 -1.65485142e-07 -1.74528616e-04 
 1.49944599e-07  0.00000000e+00  2.90449864e-07 -1.54706858e-04 
 1.49961685e-07  0.00000000e+00 -1.65249305e-07 -1.65784463e-04 
 1.49980100e-07  0.00000000e+00  2.90209077e-07 -1.43466974e-04 
 1.49990050e-07  0.00000000e+00 -1.64919249e-07 -1.60035307e-04 
 1.50000000e-07  0.00000000e+00  2.89780940e-07 -1.79592580e-04 
 1.50001990e-07  2.38801340e-02  6.28049445e-08 -1.60457324e-04 
 1.50005970e-07  7.16404021e-02  6.22721995e-08 -1.63839128e-04 
 1.50013930e-07  1.67160938e-01  6.28039030e-08 -1.47941265e-04 
 1.50029839e-07  3.58064085e-01  6.22727008e-08 -1.22052800e-04 
 1.50045573e-07  5.46880965e-01  6.28032309e-08 -1.45362795e-04 
 1.50062069e-07  7.44828721e-01  6.22728463e-08 -1.41637777e-04 
 1.50080363e-07  9.64358309e-01  6.28027314e-08 -1.87068008e-04 
 1.50090182e-07  1.08217915e+00  6.22732622e-08 -2.19767691e-04 
 1.50100000e-07  1.20000000e+00  6.28020957e-08 -2.56761498e-04 
 1.50101964e-07  1.20000000e+00  6.25382069e-08 -2.62161298e-04 
 1.50105891e-07  1.20000000e+00  6.25374513e-08 -2.51076768e-04 
 1.50113746e-07  1.20000000e+00  6.25381836e-08 -2.22099929e-04 
 1.50126973e-07  1.20000000e+00  6.25374534e-08 -2.10152189e-04 
 1.50141276e-07  1.20000000e+00  6.25381881e-08 -2.25511312e-04 
 1.50156221e-07  1.20000000e+00  6.25374493e-08 -2.28626801e-04 
 1.50170719e-07  1.20000000e+00  6.25381734e-08 -2.54405547e-04 
 1.50187927e-07  1.20000000e+00  6.25374640e-08 -2.83852635e-04 
 1.50206735e-07  1.20000000e+00  6.25381677e-08 -2.28240851e-04 
 1.50224011e-07  1.20000000e+00  6.25374461e-08 -2.23286072e-04 
 1.50240184e-07  1.20000000e+00  6.25381573e-08 -2.32444084e-04 
 1.50257933e-07  1.20000000e+00  6.25374490e-08 -2.46268157e-04 
 1.50275237e-07  1.20000000e+00  6.25381592e-08 -2.88923268e-04 
 1.50293647e-07  1.20000000e+00  6.25374517e-08 -2.32805640e-04 
 1.50310949e-07  1.20000000e+00  6.25381688e-08 -2.24035516e-04 
 1.50327237e-07  1.20000000e+00  6.25374714e-08 -2.30192207e-04 
 1.50345112e-07  1.20000000e+00  6.25381648e-08 -2.43003963e-04 
 1.50361397e-07  1.20000000e+00  6.25374554e-08 -2.84730222e-04 
 1.50379771e-07  1.20000000e+00  6.25381509e-08 -2.46717675e-04 
 1.50396560e-07  1.20000000e+00  6.25374675e-08 -2.19740270e-04 
 1.50412651e-07  1.20000000e+00  6.25381608e-08 -2.31587222e-04 
 1.50430543e-07  1.20000000e+00  6.25374552e-08 -2.34180391e-04 
 1.50446873e-07  1.20000000e+00  6.25381474e-08 -2.78599423e-04 
 1.50464507e-07  1.20000000e+00  6.25374697e-08 -2.64297979e-04 
 1.50482261e-07  1.20000000e+00  6.25381586e-08 -2.18506282e-04 
 1.50500112e-07  1.20000000e+00  6.25374740e-08 -2.30769058e-04 
 1.50517121e-07  1.20000000e+00  6.25381435e-08 -2.32202482e-04 
 1.50533695e-07  1.20000000e+00  6.25374652e-08 -2.70968670e-04 
 1.50551065e-07  1.20000000e+00  6.25381563e-08 -2.74871132e-04 
 1.50568003e-07  1.20000000e+00  6.25374676e-08 -2.20484634e-04 
 1.50585705e-07  1.20000000e+00  6.25381423e-08 -2.28498119e-04 
 1.50602832e-07  1.20000000e+00  6.25374802e-08 -2.30988730e-04 
 1.50620542e-07  1.20000000e+00  6.25381589e-08 -2.62534610e-04 
 1.50638175e-07  1.20000000e+00  6.25374798e-08 -2.82535170e-04 
 1.50654903e-07  1.20000000e+00  6.25381470e-08 -2.22695630e-04 
 1.50672830e-07  1.20000000e+00  6.25374788e-08 -2.27895754e-04 
 1.50690609e-07  1.20000000e+00  6.25381408e-08 -2.29052110e-04 
 1.50707704e-07  1.20000000e+00  6.25374748e-08 -2.58145255e-04 
 1.50726866e-07  1.20000000e+00  6.25381351e-08 -2.82448693e-04 
 1.50745328e-07  1.20000000e+00  6.25374745e-08 -2.22347193e-04 
 1.50763131e-07  1.20000000e+00  6.25381462e-08 -2.27176108e-04 
 1.50779695e-07  1.20000000e+00  6.25374729e-08 -2.30720813e-04 
 1.50797433e-07  1.20000000e+00  6.25381343e-08 -2.57699000e-04 
 1.50815413e-07  1.20000000e+00  6.25374818e-08 -2.85142635e-04 
 1.50834540e-07  1.20000000e+00  6.25381379e-08 -2.20987363e-04 
 1.50851800e-07  1.20000000e+00  6.25374864e-08 -2.28217941e-04 
 1.50868205e-07  1.20000000e+00  6.25381412e-08 -2.28260196e-04 
 1.50885916e-07  1.20000000e+00  6.25374843e-08 -2.57618315e-04 
 1.50903931e-07  1.20000000e+00  6.25381308e-08 -2.83741262e-04 
 1.50922992e-07  1.20000000e+00  6.25374863e-08 -2.26032658e-04 
 1.50940654e-07  1.20000000e+00  6.25381471e-08 -2.24366650e-04 
 1.50957055e-07  1.20000000e+00  6.25374865e-08 -2.31076926e-04 
 1.50974846e-07  1.20000000e+00  6.25381350e-08 -2.53419362e-04 
 1.50993226e-07  1.20000000e+00  6.25374881e-08 -2.87030807e-04 
 1.51012023e-07  1.20000000e+00  6.25381363e-08 -2.23989104e-04 
 1.51030150e-07  1.20000000e+00  6.25374885e-08 -2.27437124e-04 
 1.51046685e-07  1.20000000e+00  6.25381301e-08 -2.27173215e-04 
 1.51064510e-07  1.20000000e+00  6.25374929e-08 -2.58364411e-04 
 1.51082955e-07  1.20000000e+00  6.25381334e-08 -2.82480665e-04 
 1.51101835e-07  1.20000000e+00  6.25374790e-08 -2.27593029e-04 
 1.51119929e-07  1.20000000e+00  6.25381246e-08 -2.23403344e-04 
 1.51136549e-07  1.20000000e+00  6.25374863e-08 -2.30903678e-04 
 1.51154331e-07  1.20000000e+00  6.25381259e-08 -2.55916650e-04 
 1.51172490e-07  1.20000000e+00  6.25374926e-08 -2.86045724e-04 
 1.51191531e-07  1.20000000e+00  6.25381304e-08 -2.23309268e-04 
 1.51209391e-07  1.20000000e+00  6.25374900e-08 -2.27504685e-04 
 1.51226032e-07  1.20000000e+00  6.25381357e-08 -2.26130427e-04 
 1.51243762e-07  1.20000000e+00  6.25374938e-08 -2.60939324e-04 
 1.51261740e-07  1.20000000e+00  6.25381235e-08 -2.81193416e-04 
 1.51280872e-07  1.20000000e+00  6.25374964e-08 -2.28749090e-04 
 1.51298725e-07  1.20000000e+00  6.25381368e-08 -2.22236859e-04 
 1.51315408e-07  1.20000000e+00  6.25374988e-08 -2.30804645e-04 
 1.51333137e-07  1.20000000e+00  6.25381238e-08 -2.56158763e-04 
 1.51351084e-07  1.20000000e+00  6.25374801e-08 -2.86040864e-04 
 1.51370240e-07  1.20000000e+00  6.25381185e-08 -2.24220318e-04 
 1.51388181e-07  1.20000000e+00  6.25374936e-08 -2.27111003e-04 
 1.51404933e-07  1.20000000e+00  6.25381289e-08 -2.25283105e-04 
 1.51422665e-07  1.20000000e+00  6.25375025e-08 -2.62202096e-04 
 1.51440573e-07  1.20000000e+00  6.25381357e-08 -2.80179039e-04 
 1.51459769e-07  1.20000000e+00  6.25375001e-08 -2.30026100e-04 
 1.51477717e-07  1.20000000e+00  6.25381184e-08 -2.21297134e-04 
 1.51494526e-07  1.20000000e+00  6.25374870e-08 -2.30688677e-04 
 1.51512243e-07  1.20000000e+00  6.25381226e-08 -2.57347060e-04 
 1.51530058e-07  1.20000000e+00  6.25374989e-08 -2.85445320e-04 
 1.51549321e-07  1.20000000e+00  6.25381222e-08 -2.24541031e-04 
 1.51567228e-07  1.20000000e+00  6.25374953e-08 -2.26853852e-04 
 1.51584078e-07  1.20000000e+00  6.25381389e-08 -2.24619394e-04 
 1.51601778e-07  1.20000000e+00  6.25375016e-08 -2.63932477e-04 
 1.51619502e-07  1.20000000e+00  6.25380832e-08 -2.79067736e-04 
 1.51638830e-07  1.20000000e+00  6.25375768e-08 -2.30939267e-04 
 1.51656717e-07  1.20000000e+00  6.25379970e-08 -2.20487292e-04 
 1.51675395e-07  1.20000000e+00  6.25375953e-08 -2.30903870e-04 
 1.51692289e-07  1.20000000e+00  6.25383543e-08 -2.61105596e-04 
 1.51710749e-07  1.20000000e+00  6.25366604e-08 -2.82446002e-04 
 1.51729894e-07  1.20000000e+00  6.25395623e-08 -2.22531781e-04 
 1.51747459e-07  1.20000000e+00  6.25360997e-08 -2.27312405e-04 
 1.51765856e-07  1.20000000e+00  6.25371023e-08 -2.25170763e-04 
 1.51782707e-07  1.20000000e+00  6.25469943e-08 -2.70362772e-04 
 1.51800644e-07  1.20000000e+00  6.25178118e-08 -2.74675469e-04 
 1.51817757e-07  1.20000000e+00  6.25615479e-08 -2.32184992e-04 
 1.51835919e-07  1.20000000e+00  6.25263224e-08 -2.19845659e-04 
 1.51853215e-07  1.20000000e+00  6.24725613e-08 -2.31353152e-04 
 1.51870497e-07  1.20000000e+00  6.27619878e-08 -2.59221337e-04 
 1.51888434e-07  1.20000000e+00  6.22723718e-08 -2.84132838e-04 
 1.51907687e-07  1.20000000e+00  6.27052969e-08 -2.24119727e-04 
 1.51925491e-07  1.20000000e+00  6.28233396e-08 -2.27098562e-04 
 1.51943928e-07  1.20000000e+00  5.98979094e-08 -2.24249573e-04 
 1.51960872e-07  1.20000000e+00  6.71317610e-08 -2.69193354e-04 
 1.51979021e-07  1.20000000e+00  6.17944333e-08 -2.74889075e-04 
 1.51996419e-07  1.20000000e+00  6.43051866e-08 -2.33115816e-04 
 1.52014790e-07  1.20000000e+00  7.57841786e-08 -2.19416409e-04 
 1.52032212e-07  1.20000000e+00 -1.85134098e-08 -2.31422402e-04 
 1.52049516e-07  1.20000000e+00  7.65067043e-08 -2.59930679e-04 
 1.52067490e-07  1.20000000e+00  1.30606056e-07 -2.83480726e-04 
 1.52086789e-07  1.20000000e+00  2.63895769e-07 -2.24088387e-04 
 1.52104580e-07  1.20000000e+00  1.02797970e-06 -2.27124788e-04 
 1.52122908e-07  1.20000000e+00 -1.98393737e-06 -2.24072870e-04 
 1.52139898e-07  1.20000000e+00 -3.65745539e-06 -2.70238080e-04 
 1.52157893e-07  1.20000000e+00 -2.20615717e-06 -2.74101155e-04 
 1.52175262e-07  1.20000000e+00  7.45989705e-06 -2.33852788e-04 
 1.52193628e-07  1.20000000e+00  5.54462677e-05 -2.19003568e-04 
 1.52210933e-07  1.20000000e+00  2.15775672e-05 -2.31372997e-04 
 1.52228287e-07  1.20000000e+00 -1.52060157e-04 -2.59845463e-04 
 1.52246171e-07  1.20000000e+00 -4.16446614e-04 -2.83315733e-04 
 1.52265525e-07  1.20000000e+00 -3.34013546e-04 -2.24773921e-04 
 1.52283409e-07  1.20000000e+00  2.15400767e-03 -2.28129664e-04 
 1.52301669e-07  1.20000000e+00  5.17929676e-03 -2.23653695e-04 
 1.52318738e-07  1.20000000e+00  9.85820429e-04 -2.68160937e-04 
 1.52336670e-07  1.20000000e+00 -2.01036803e-02 -2.66044618e-04 
 1.52356038e-07  1.20000000e+00 -4.69479150e-02 -2.25430435e-04 
 1.52370949e-07  1.20000000e+00 -1.31693791e-02 -2.58374687e-04 
 1.52387144e-07  1.20000000e+00  1.13184778e-01 -2.98784636e-04 
 1.52402233e-07  1.20000000e+00  2.67856750e-01 -2.98151145e-04 
 1.52418291e-07  1.20000000e+00  4.32115115e-01 -3.11195007e-04 
 1.52435997e-07  1.20000000e+00  6.04286514e-01 -2.60633541e-04 
 1.52453255e-07  1.20000000e+00  7.56597879e-01 -2.17998219e-04 
 1.52472004e-07  1.20000000e+00  8.96063215e-01 -2.34542475e-04 
 1.52489088e-07  1.20000000e+00  9.94496485e-01 -2.37710542e-04 
 1.52508385e-07  1.20000000e+00  1.07331882e+00 -2.32591015e-04 
 1.52527531e-07  1.20000000e+00  1.12386895e+00 -1.76228925e-04 
 1.52544886e-07  1.20000000e+00  1.15269596e+00 -1.37672440e-04 
 1.52561939e-07  1.20000000e+00  1.17060960e+00 -1.75061273e-04 
 1.52579994e-07  1.20000000e+00  1.18236676e+00 -1.82795477e-04 
 1.52599404e-07  1.20000000e+00  1.18987554e+00 -2.01868517e-04 
 1.52618148e-07  1.20000000e+00  1.19408555e+00 -1.44039226e-04 
 1.52635945e-07  1.20000000e+00  1.19644785e+00 -1.30784028e-04 
 1.52652872e-07  1.20000000e+00  1.19781406e+00 -1.63920191e-04 
 1.52671145e-07  1.20000000e+00  1.19870643e+00 -1.84195904e-04 
 1.52691125e-07  1.20000000e+00  1.19927516e+00 -1.91900760e-04 
 1.52709480e-07  1.20000000e+00  1.19957154e+00 -1.40328193e-04 
 1.52728146e-07  1.20000000e+00  1.19975088e+00 -1.30017371e-04 
 1.52745012e-07  1.20000000e+00  1.19984532e+00 -1.72025353e-04 
 1.52762970e-07  1.20000000e+00  1.19990875e+00 -1.82153476e-04 
 1.52780928e-07  1.20000000e+00  1.19994449e+00 -1.94884083e-04 
 1.52800166e-07  1.20000000e+00  1.19996909e+00 -1.31650655e-04 
 1.52818673e-07  1.20000000e+00  1.19998084e+00 -1.37242978e-04 
 1.52837032e-07  1.20000000e+00  1.19998962e+00 -1.69956763e-04 
 1.52854354e-07  1.20000000e+00  1.19999269e+00 -1.89327483e-04 
 1.52871928e-07  1.20000000e+00  1.19999646e+00 -1.87750690e-04 
 1.52889537e-07  1.20000000e+00  1.19999692e+00 -1.36731301e-04 
 1.52908172e-07  1.20000000e+00  1.19999901e+00 -1.32812839e-04 
 1.52925413e-07  1.20000000e+00  1.19999849e+00 -1.73419186e-04 
 1.52942952e-07  1.20000000e+00  1.19999987e+00 -1.84061997e-04 
 1.52960797e-07  1.20000000e+00  1.19999907e+00 -1.92650584e-04 
 1.52980208e-07  1.20000000e+00  1.20000019e+00 -1.29000697e-04 
 1.52998381e-07  1.20000000e+00  1.19999929e+00 -1.39318525e-04 
 1.53016464e-07  1.20000000e+00  1.20000028e+00 -1.70374962e-04 
 1.53033750e-07  1.20000000e+00  1.19999938e+00 -1.90131364e-04 
 1.53050962e-07  1.20000000e+00  1.20000030e+00 -1.86852237e-04 
 1.53068363e-07  1.20000000e+00  1.19999943e+00 -1.37152427e-04 
 1.53086925e-07  1.20000000e+00  1.20000029e+00 -1.32777148e-04 
 1.53103935e-07  1.20000000e+00  1.19999946e+00 -1.72845263e-04 
 1.53121538e-07  1.20000000e+00  1.20000027e+00 -1.83979509e-04 
 1.53139434e-07  1.20000000e+00  1.19999948e+00 -1.92349530e-04 
 1.53158801e-07  1.20000000e+00  1.20000026e+00 -1.30144038e-04 
 1.53177088e-07  1.20000000e+00  1.19999950e+00 -1.38941355e-04 
 1.53195138e-07  1.20000000e+00  1.20000024e+00 -1.70175660e-04 
 1.53212499e-07  1.20000000e+00  1.19999952e+00 -1.90131476e-04 
 1.53229821e-07  1.20000000e+00  1.20000022e+00 -1.86383309e-04 
 1.53247407e-07  1.20000000e+00  1.19999954e+00 -1.36938827e-04 
 1.53265978e-07  1.20000000e+00  1.20000021e+00 -1.33359386e-04 
 1.53283017e-07  1.20000000e+00  1.19999955e+00 -1.72903753e-04 
 1.53300641e-07  1.20000000e+00  1.20000019e+00 -1.84490452e-04 
 1.53318485e-07  1.20000000e+00  1.19999957e+00 -1.91528245e-04 
 1.53337951e-07  1.20000000e+00  1.20000018e+00 -1.29820930e-04 
 1.53356177e-07  1.20000000e+00  1.19999958e+00 -1.39540330e-04 
 1.53374156e-07  1.20000000e+00  1.20000016e+00 -1.70144533e-04 
 1.53391542e-07  1.20000000e+00  1.19999959e+00 -1.90546250e-04 
 1.53408801e-07  1.20000000e+00  1.20000015e+00 -1.85637515e-04 
 1.53428299e-07  1.20000000e+00  1.19999961e+00 -1.32258254e-04 
 1.53445916e-07  1.20000000e+00  1.20000014e+00 -1.36123140e-04 
 1.53463797e-07  1.20000000e+00  1.19999962e+00 -1.74442240e-04 
 1.53481011e-07  1.20000000e+00  1.20000013e+00 -1.86315472e-04 
 1.53498070e-07  1.20000000e+00  1.19999963e+00 -1.90042637e-04 
 1.53517587e-07  1.20000000e+00  1.20000012e+00 -1.28519109e-04 
 1.53535186e-07  1.20000000e+00  1.19999964e+00 -1.40054285e-04 
 1.53553058e-07  1.20000000e+00  1.20000011e+00 -1.69789708e-04 
 1.53570296e-07  1.20000000e+00  1.19999965e+00 -1.90581190e-04 
 1.53587446e-07  1.20000000e+00  1.20000010e+00 -1.85569267e-04 
 1.53606977e-07  1.20000000e+00  1.19999966e+00 -1.33414795e-04 
 1.53624719e-07  1.20000000e+00  1.20000009e+00 -1.35525697e-04 
 1.53642565e-07  1.20000000e+00  1.19999967e+00 -1.74395065e-04 
 1.53659867e-07  1.20000000e+00  1.20000008e+00 -1.86071066e-04 
 1.53677045e-07  1.20000000e+00  1.19999968e+00 -1.89931535e-04 
 1.53696531e-07  1.20000000e+00  1.20000007e+00 -1.28695131e-04 
 1.53714293e-07  1.20000000e+00  1.19999969e+00 -1.40478986e-04 
 1.53732090e-07  1.20000000e+00  1.20000006e+00 -1.69582275e-04 
 1.53749409e-07  1.20000000e+00  1.19999969e+00 -1.91031069e-04 
 1.53766573e-07  1.20000000e+00  1.20000005e+00 -1.84813864e-04 
 1.53786025e-07  1.20000000e+00  1.19999970e+00 -1.33739504e-04 
 1.53803806e-07  1.20000000e+00  1.20000005e+00 -1.35607548e-04 
 1.53821564e-07  1.20000000e+00  1.19999971e+00 -1.74485766e-04 
 1.53838903e-07  1.20000000e+00  1.20000004e+00 -1.86109434e-04 
 1.53856075e-07  1.20000000e+00  1.19999972e+00 -1.89627622e-04 
 1.53875504e-07  1.20000000e+00  1.20000003e+00 -1.28881331e-04 
 1.53893327e-07  1.20000000e+00  1.19999972e+00 -1.40730273e-04 
 1.53911048e-07  1.20000000e+00  1.20000003e+00 -1.69356430e-04 
 1.53928415e-07  1.20000000e+00  1.19999973e+00 -1.91304130e-04 
 1.53945598e-07  1.20000000e+00  1.20000002e+00 -1.84261243e-04 
 1.53964999e-07  1.20000000e+00  1.19999973e+00 -1.34182163e-04 
 1.53982858e-07  1.20000000e+00  1.20000001e+00 -1.35631707e-04 
 1.54000541e-07  1.20000000e+00  1.19999974e+00 -1.74528213e-04 
 1.54017933e-07  1.20000000e+00  1.20000001e+00 -1.86164009e-04 
 1.54035122e-07  1.20000000e+00  1.19999974e+00 -1.89281962e-04 
 1.54054495e-07  1.20000000e+00  1.20000000e+00 -1.29050862e-04 
 1.54072386e-07  1.20000000e+00  1.19999975e+00 -1.41002160e-04 
 1.54090032e-07  1.20000000e+00  1.20000000e+00 -1.69176843e-04 
 1.54107447e-07  1.20000000e+00  1.19999975e+00 -1.91582010e-04 
 1.54124642e-07  1.20000000e+00  1.20000000e+00 -1.83702126e-04 
 1.54143988e-07  1.20000000e+00  1.19999976e+00 -1.34570016e-04 
 1.54161912e-07  1.20000000e+00  1.19999999e+00 -1.35683344e-04 
 1.54179523e-07  1.20000000e+00  1.19999976e+00 -1.74550442e-04 
 1.54196962e-07  1.20000000e+00  1.19999999e+00 -1.86235242e-04 
 1.54214162e-07  1.20000000e+00  1.19999977e+00 -1.88924406e-04 
 1.54233483e-07  1.20000000e+00  1.19999998e+00 -1.29248766e-04 
 1.54251432e-07  1.20000000e+00  1.19999977e+00 -1.41228442e-04 
 1.54269011e-07  1.20000000e+00  1.19999998e+00 -1.69013161e-04 
 1.54286470e-07  1.20000000e+00  1.19999977e+00 -1.91824724e-04 
 1.54303676e-07  1.20000000e+00  1.19999998e+00 -1.83179136e-04 
 1.54322973e-07  1.20000000e+00  1.19999978e+00 -1.34945374e-04 
 1.54340940e-07  1.20000000e+00  1.19999997e+00 -1.35712870e-04 
 1.54358493e-07  1.20000000e+00  1.19999978e+00 -1.74541901e-04 
 1.54375968e-07  1.20000000e+00  1.19999997e+00 -1.86298405e-04 
 1.54393181e-07  1.20000000e+00  1.19999978e+00 -1.88584142e-04 
 1.54412456e-07  1.20000000e+00  1.19999997e+00 -1.29491777e-04 
 1.54430442e-07  1.20000000e+00  1.19999979e+00 -1.41375042e-04 
 1.54447972e-07  1.20000000e+00  1.19999996e+00 -1.68851219e-04 
 1.54465463e-07  1.20000000e+00  1.19999979e+00 -1.92012330e-04 
 1.54482684e-07  1.20000000e+00  1.19999996e+00 -1.82721933e-04 
 1.54501939e-07  1.20000000e+00  1.19999979e+00 -1.35332460e-04 
 1.54519944e-07  1.20000000e+00  1.19999996e+00 -1.35715441e-04 
 1.54537451e-07  1.20000000e+00  1.19999979e+00 -1.74509433e-04 
 1.54554958e-07  1.20000000e+00  1.19999996e+00 -1.86354218e-04 
 1.54572180e-07  1.20000000e+00  1.19999980e+00 -1.88267998e-04 
 1.54591419e-07  1.20000000e+00  1.19999995e+00 -1.29756237e-04 
 1.54609439e-07  1.20000000e+00  1.19999980e+00 -1.41486316e-04 
 1.54626926e-07  1.20000000e+00  1.19999995e+00 -1.68700889e-04 
 1.54644448e-07  1.20000000e+00  1.19999980e+00 -1.92174715e-04 
 1.54661667e-07  1.20000000e+00  1.19999995e+00 -1.82320813e-04 
 1.54680894e-07  1.20000000e+00  1.19999980e+00 -1.35710832e-04 
 1.54698929e-07  1.20000000e+00  1.19999995e+00 -1.35701901e-04 
 1.54716398e-07  1.20000000e+00  1.19999980e+00 -1.74456372e-04 
 1.54733935e-07  1.20000000e+00  1.19999995e+00 -1.86404289e-04 
 1.54751153e-07  1.20000000e+00  1.19999981e+00 -1.87983303e-04 
 1.54770369e-07  1.20000000e+00  1.19999994e+00 -1.30039810e-04 
 1.54788418e-07  1.20000000e+00  1.19999981e+00 -1.41559509e-04 
 1.54805870e-07  1.20000000e+00  1.19999994e+00 -1.68555970e-04 
 1.54823423e-07  1.20000000e+00  1.19999981e+00 -1.92310020e-04 
 1.54840640e-07  1.20000000e+00  1.19999994e+00 -1.81954617e-04 
 1.54859845e-07  1.20000000e+00  1.19999981e+00 -1.36070631e-04 
 1.54877908e-07  1.20000000e+00  1.19999994e+00 -1.35695288e-04 
 1.54895344e-07  1.20000000e+00  1.19999981e+00 -1.74396050e-04 
 1.54912911e-07  1.20000000e+00  1.19999994e+00 -1.86460917e-04 
 1.54930127e-07  1.20000000e+00  1.19999981e+00 -1.87698483e-04 
 1.54949321e-07  1.20000000e+00  1.19999994e+00 -1.30314882e-04 
 1.54967398e-07  1.20000000e+00  1.19999981e+00 -1.41627545e-04 
 1.54984817e-07  1.20000000e+00  1.19999994e+00 -1.68426337e-04 
 1.55002398e-07  1.20000000e+00  1.19999982e+00 -1.92434720e-04 
 1.55019612e-07  1.20000000e+00  1.19999993e+00 -1.81607976e-04 
 1.55038796e-07  1.20000000e+00  1.19999982e+00 -1.36404754e-04 
 1.55056886e-07  1.20000000e+00  1.19999993e+00 -1.35698693e-04 
 1.55074290e-07  1.20000000e+00  1.19999982e+00 -1.74331147e-04 
 1.55091885e-07  1.20000000e+00  1.19999993e+00 -1.86522405e-04 
 1.55109097e-07  1.20000000e+00  1.19999982e+00 -1.87417231e-04 
 1.55128272e-07  1.20000000e+00  1.19999993e+00 -1.30583565e-04 
 1.55146375e-07  1.20000000e+00  1.19999982e+00 -1.41688056e-04 
 1.55163763e-07  1.20000000e+00  1.19999993e+00 -1.68308416e-04 
 1.55181372e-07  1.20000000e+00  1.19999982e+00 -1.92548262e-04 
 1.55198582e-07  1.20000000e+00  1.19999993e+00 -1.81280034e-04 
 1.55217747e-07  1.20000000e+00  1.19999982e+00 -1.36716860e-04 
 1.55235863e-07  1.20000000e+00  1.19999993e+00 -1.35710312e-04 
 1.55253236e-07  1.20000000e+00  1.19999982e+00 -1.74263300e-04 
 1.55270859e-07  1.20000000e+00  1.19999993e+00 -1.86587765e-04 
 1.55288066e-07  1.20000000e+00  1.19999982e+00 -1.87139952e-04 
 1.55307223e-07  1.20000000e+00  1.19999993e+00 -1.30844545e-04 
 1.55325350e-07  1.20000000e+00  1.19999982e+00 -1.41742842e-04 
 1.55342709e-07  1.20000000e+00  1.19999993e+00 -1.68200982e-04 
 1.55360345e-07  1.20000000e+00  1.19999983e+00 -1.92652362e-04 
 1.55377549e-07  1.20000000e+00  1.19999993e+00 -1.80968967e-04 
 1.55396698e-07  1.20000000e+00  1.19999983e+00 -1.37009055e-04 
 1.55414837e-07  1.20000000e+00  1.19999992e+00 -1.35728504e-04 
 1.55432183e-07  1.20000000e+00  1.19999983e+00 -1.74193544e-04 
 1.55449831e-07  1.20000000e+00  1.19999992e+00 -1.86655712e-04 
 1.55467032e-07  1.20000000e+00  1.19999983e+00 -1.86867543e-04 
 1.55486173e-07  1.20000000e+00  1.19999992e+00 -1.31097643e-04 
 1.55504324e-07  1.20000000e+00  1.19999983e+00 -1.41792737e-04 
 1.55521656e-07  1.20000000e+00  1.19999992e+00 -1.68102746e-04 
 1.55539317e-07  1.20000000e+00  1.19999983e+00 -1.92748172e-04 
 1.55556515e-07  1.20000000e+00  1.19999992e+00 -1.80673260e-04 
 1.55575648e-07  1.20000000e+00  1.19999983e+00 -1.37283221e-04 
 1.55593810e-07  1.20000000e+00  1.19999992e+00 -1.35752054e-04 
 1.55611129e-07  1.20000000e+00  1.19999983e+00 -1.74122783e-04 
 1.55628803e-07  1.20000000e+00  1.19999992e+00 -1.86725352e-04 
 1.55645997e-07  1.20000000e+00  1.19999983e+00 -1.86600537e-04 
 1.55665123e-07  1.20000000e+00  1.19999992e+00 -1.31342696e-04 
 1.55683296e-07  1.20000000e+00  1.19999983e+00 -1.41838493e-04 
 1.55700602e-07  1.20000000e+00  1.19999992e+00 -1.68012642e-04 
 1.55718288e-07  1.20000000e+00  1.19999983e+00 -1.92836676e-04 
 1.55735479e-07  1.20000000e+00  1.19999992e+00 -1.80391606e-04 
 1.55754598e-07  1.20000000e+00  1.19999983e+00 -1.37541040e-04 
 1.55772781e-07  1.20000000e+00  1.19999992e+00 -1.35779915e-04 
 1.55790075e-07  1.20000000e+00  1.19999983e+00 -1.74051701e-04 
 1.55807773e-07  1.20000000e+00  1.19999992e+00 -1.86795944e-04 
 1.55824960e-07  1.20000000e+00  1.19999983e+00 -1.86339315e-04 
 1.55844072e-07  1.20000000e+00  1.19999992e+00 -1.31579704e-04 
 1.55862266e-07  1.20000000e+00  1.19999983e+00 -1.41880713e-04 
 1.55879548e-07  1.20000000e+00  1.19999992e+00 -1.67929761e-04 
 1.55897258e-07  1.20000000e+00  1.19999983e+00 -1.92918703e-04 
 1.55914441e-07  1.20000000e+00  1.19999992e+00 -1.80122853e-04 
 1.55933547e-07  1.20000000e+00  1.19999983e+00 -1.37783989e-04 
 1.55951750e-07  1.20000000e+00  1.19999992e+00 -1.35811231e-04 
 1.55969021e-07  1.20000000e+00  1.19999983e+00 -1.73980834e-04 
 1.55986742e-07  1.20000000e+00  1.19999992e+00 -1.86866904e-04 
 1.56003921e-07  1.20000000e+00  1.19999983e+00 -1.86084118e-04 
 1.56023021e-07  1.20000000e+00  1.19999992e+00 -1.31808763e-04 
 1.56041234e-07  1.20000000e+00  1.19999983e+00 -1.41919888e-04 
 1.56058494e-07  1.20000000e+00  1.19999992e+00 -1.67853325e-04 
 1.56076227e-07  1.20000000e+00  1.19999983e+00 -1.92994958e-04 
 1.56093401e-07  1.20000000e+00  1.19999992e+00 -1.79865985e-04 
 1.56112495e-07  1.20000000e+00  1.19999984e+00 -1.38013386e-04 
 1.56130718e-07  1.20000000e+00  1.19999992e+00 -1.35845291e-04 
 1.56147967e-07  1.20000000e+00  1.19999984e+00 -1.73910591e-04 
 1.56165710e-07  1.20000000e+00  1.19999992e+00 -1.86937770e-04 
 1.56182881e-07  1.20000000e+00  1.19999984e+00 -1.85835076e-04 
 1.56201969e-07  1.20000000e+00  1.19999992e+00 -1.32030044e-04 
 1.56220201e-07  1.20000000e+00  1.19999984e+00 -1.41956422e-04 
 1.56237440e-07  1.20000000e+00  1.19999991e+00 -1.67782662e-04 
 1.56255194e-07  1.20000000e+00  1.19999984e+00 -1.93066039e-04 
 1.56272360e-07  1.20000000e+00  1.19999991e+00 -1.79620095e-04 
 1.56291443e-07  1.20000000e+00  1.19999984e+00 -1.38230400e-04 
 1.56309683e-07  1.20000000e+00  1.19999991e+00 -1.35881507e-04 
 1.56326912e-07  1.20000000e+00  1.19999984e+00 -1.73841285e-04 
 1.56344677e-07  1.20000000e+00  1.19999991e+00 -1.87008178e-04 
 1.56361839e-07  1.20000000e+00  1.19999984e+00 -1.85592233e-04 
 1.56380917e-07  1.20000000e+00  1.19999991e+00 -1.32243769e-04 
 1.56399166e-07  1.20000000e+00  1.19999984e+00 -1.41990648e-04 
 1.56416385e-07  1.20000000e+00  1.19999991e+00 -1.67717187e-04 
 1.56434160e-07  1.20000000e+00  1.19999984e+00 -1.93132462e-04 
 1.56451317e-07  1.20000000e+00  1.19999991e+00 -1.79384373e-04 
 1.56470391e-07  1.20000000e+00  1.19999984e+00 -1.38436080e-04 
 1.56488648e-07  1.20000000e+00  1.19999991e+00 -1.35919391e-04 
 1.56505857e-07  1.20000000e+00  1.19999984e+00 -1.73773147e-04 
 1.56523642e-07  1.20000000e+00  1.19999991e+00 -1.87077848e-04 
 1.56540795e-07  1.20000000e+00  1.19999984e+00 -1.85355567e-04 
 1.56559864e-07  1.20000000e+00  1.19999991e+00 -1.32450194e-04 
 1.56578129e-07  1.20000000e+00  1.19999984e+00 -1.42022844e-04 
 1.56595329e-07  1.20000000e+00  1.19999991e+00 -1.67656395e-04 
 1.56613124e-07  1.20000000e+00  1.19999984e+00 -1.93194674e-04 
 1.56630273e-07  1.20000000e+00  1.19999991e+00 -1.79158088e-04 
 1.56649337e-07  1.20000000e+00  1.19999984e+00 -1.38631364e-04 
 1.56667610e-07  1.20000000e+00  1.19999991e+00 -1.35958543e-04 
 1.56684801e-07  1.20000000e+00  1.19999984e+00 -1.73706346e-04 
 1.56702606e-07  1.20000000e+00  1.19999991e+00 -1.87146561e-04 
 1.56719750e-07  1.20000000e+00  1.19999984e+00 -1.85125003e-04 
 1.56738810e-07  1.20000000e+00  1.19999991e+00 -1.32649601e-04 
 1.56757091e-07  1.20000000e+00  1.19999984e+00 -1.42053243e-04 
 1.56774273e-07  1.20000000e+00  1.19999991e+00 -1.67599839e-04 
 1.56792087e-07  1.20000000e+00  1.19999984e+00 -1.93253062e-04 
 1.56809227e-07  1.20000000e+00  1.19999991e+00 -1.78940581e-04 
 1.56828283e-07  1.20000000e+00  1.19999984e+00 -1.38817094e-04 
 1.56846571e-07  1.20000000e+00  1.19999991e+00 -1.35998630e-04 
 1.56863745e-07  1.20000000e+00  1.19999984e+00 -1.73641001e-04 
 1.56881568e-07  1.20000000e+00  1.19999991e+00 -1.87214156e-04 
 1.56898703e-07  1.20000000e+00  1.19999984e+00 -1.84900427e-04 
 1.56917755e-07  1.20000000e+00  1.19999991e+00 -1.32842282e-04 
 1.56936051e-07  1.20000000e+00  1.19999984e+00 -1.42082042e-04 
 1.56953217e-07  1.20000000e+00  1.19999991e+00 -1.67547129e-04 
 1.56971049e-07  1.20000000e+00  1.19999984e+00 -1.93307964e-04 
 1.56988179e-07  1.20000000e+00  1.19999991e+00 -1.78731249e-04 
 1.57007228e-07  1.20000000e+00  1.19999984e+00 -1.38994030e-04 
 1.57025530e-07  1.20000000e+00  1.19999991e+00 -1.36039382e-04 
 1.57042688e-07  1.20000000e+00  1.19999984e+00 -1.73577190e-04 
 1.57060529e-07  1.20000000e+00  1.19999991e+00 -1.87280514e-04 
 1.57077655e-07  1.20000000e+00  1.19999984e+00 -1.84681694e-04 
 1.57096700e-07  1.20000000e+00  1.19999991e+00 -1.33028537e-04 
 1.57115009e-07  1.20000000e+00  1.19999984e+00 -1.42109409e-04 
 1.57132159e-07  1.20000000e+00  1.19999991e+00 -1.67497921e-04 
 1.57150009e-07  1.20000000e+00  1.19999984e+00 -1.93359679e-04 
 1.57167130e-07  1.20000000e+00  1.19999991e+00 -1.78529544e-04 
 1.57186172e-07  1.20000000e+00  1.19999984e+00 -1.39162859e-04 
 1.57204487e-07  1.20000000e+00  1.19999991e+00 -1.36080573e-04 
 1.57221630e-07  1.20000000e+00  1.19999984e+00 -1.73514959e-04 
 1.57239489e-07  1.20000000e+00  1.19999991e+00 -1.87345549e-04 
 1.57256605e-07  1.20000000e+00  1.19999984e+00 -1.84468636e-04 
 1.57275643e-07  1.20000000e+00  1.19999991e+00 -1.33208668e-04 
 1.57293965e-07  1.20000000e+00  1.19999984e+00 -1.42135486e-04 
 1.57311101e-07  1.20000000e+00  1.19999991e+00 -1.67451908e-04 
 1.57328968e-07  1.20000000e+00  1.19999984e+00 -1.93408470e-04 
 1.57346080e-07  1.20000000e+00  1.19999991e+00 -1.78334964e-04 
 1.57365115e-07  1.20000000e+00  1.19999984e+00 -1.39324202e-04 
 1.57383443e-07  1.20000000e+00  1.19999991e+00 -1.36122023e-04 
 1.57400572e-07  1.20000000e+00  1.19999984e+00 -1.73454332e-04 
 1.57418447e-07  1.20000000e+00  1.19999991e+00 -1.87409205e-04 
 1.57435554e-07  1.20000000e+00  1.19999984e+00 -1.84261071e-04 
 1.57454586e-07  1.20000000e+00  1.19999991e+00 -1.33382973e-04 
 1.57472921e-07  1.20000000e+00  1.19999984e+00 -1.42160398e-04 
 1.57490043e-07  1.20000000e+00  1.19999991e+00 -1.67408819e-04 
 1.57507925e-07  1.20000000e+00  1.19999984e+00 -1.93454572e-04 
 1.57525028e-07  1.20000000e+00  1.19999991e+00 -1.78146594e-04 
 1.57544057e-07  1.20000000e+00  1.19999984e+00 -1.39478788e-04 
 1.57562397e-07  1.20000000e+00  1.19999991e+00 -1.36163045e-04 
 1.57579513e-07  1.20000000e+00  1.19999984e+00 -1.73393909e-04 
 1.57597403e-07  1.20000000e+00  1.19999991e+00 -1.87471138e-04 
 1.57614500e-07  1.20000000e+00  1.19999984e+00 -1.84058083e-04 
 1.57633527e-07  1.20000000e+00  1.19999991e+00 -1.33555161e-04 
 1.57651873e-07  1.20000000e+00  1.19999984e+00 -1.42182317e-04 
 1.57668982e-07  1.20000000e+00  1.19999991e+00 -1.67366234e-04 
 1.57686880e-07  1.20000000e+00  1.19999984e+00 -1.93497280e-04 
 1.57703974e-07  1.20000000e+00  1.19999991e+00 -1.77963835e-04 
 1.57722998e-07  1.20000000e+00  1.19999984e+00 -1.39630647e-04 
 1.57741350e-07  1.20000000e+00  1.19999991e+00 -1.36204176e-04 
 1.57758453e-07  1.20000000e+00  1.19999984e+00 -1.73335297e-04 
 1.57776359e-07  1.20000000e+00  1.19999991e+00 -1.87532432e-04 
 1.57793447e-07  1.20000000e+00  1.19999984e+00 -1.83858073e-04 
 1.57812468e-07  1.20000000e+00  1.19999991e+00 -1.33720213e-04 
 1.57830826e-07  1.20000000e+00  1.19999984e+00 -1.42206299e-04 
 1.57847923e-07  1.20000000e+00  1.19999991e+00 -1.67328151e-04 
 1.57865836e-07  1.20000000e+00  1.19999984e+00 -1.93539739e-04 
 1.57882920e-07  1.20000000e+00  1.19999991e+00 -1.77785126e-04 
 1.57901938e-07  1.20000000e+00  1.19999984e+00 -1.39774263e-04 
 1.57920302e-07  1.20000000e+00  1.19999991e+00 -1.36246230e-04 
 1.57937392e-07  1.20000000e+00  1.19999984e+00 -1.73279001e-04 
 1.57955313e-07  1.20000000e+00  1.19999991e+00 -1.87592479e-04 
 1.57972392e-07  1.20000000e+00  1.19999984e+00 -1.83663497e-04 
 1.57991408e-07  1.20000000e+00  1.19999991e+00 -1.33880665e-04 
 1.58009777e-07  1.20000000e+00  1.19999984e+00 -1.42228682e-04 
 1.58026862e-07  1.20000000e+00  1.19999991e+00 -1.67291846e-04 
 1.58044790e-07  1.20000000e+00  1.19999984e+00 -1.93579524e-04 
 1.58061864e-07  1.20000000e+00  1.19999991e+00 -1.77612459e-04 
 1.58080878e-07  1.20000000e+00  1.19999984e+00 -1.39912607e-04 
 1.58099252e-07  1.20000000e+00  1.19999991e+00 -1.36287944e-04 
 1.58116331e-07  1.20000000e+00  1.19999984e+00 -1.73224212e-04 
 1.58134266e-07  1.20000000e+00  1.19999991e+00 -1.87651075e-04 
 1.58151335e-07  1.20000000e+00  1.19999984e+00 -1.83473623e-04 
 1.58170348e-07  1.20000000e+00  1.19999991e+00 -1.34036094e-04 
 1.58188726e-07  1.20000000e+00  1.19999984e+00 -1.42250403e-04 
 1.58205800e-07  1.20000000e+00  1.19999991e+00 -1.67257819e-04 
 1.58223742e-07  1.20000000e+00  1.19999984e+00 -1.93617386e-04 
 1.58240807e-07  1.20000000e+00  1.19999991e+00 -1.77445012e-04 
 1.58259817e-07  1.20000000e+00  1.19999984e+00 -1.40045637e-04 
 1.58278201e-07  1.20000000e+00  1.19999991e+00 -1.36329394e-04 
 1.58295269e-07  1.20000000e+00  1.19999984e+00 -1.73170959e-04 
 1.58313217e-07  1.20000000e+00  1.19999991e+00 -1.87708203e-04 
 1.58330278e-07  1.20000000e+00  1.19999984e+00 -1.83288414e-04 
 1.58349286e-07  1.20000000e+00  1.19999991e+00 -1.34186995e-04 
 1.58367674e-07  1.20000000e+00  1.19999984e+00 -1.42271319e-04 
 1.58384737e-07  1.20000000e+00  1.19999991e+00 -1.67225742e-04 
 1.58402692e-07  1.20000000e+00  1.19999984e+00 -1.93653340e-04 
 1.58419748e-07  1.20000000e+00  1.19999991e+00 -1.77282530e-04 
 1.58438754e-07  1.20000000e+00  1.19999984e+00 -1.40173794e-04 
 1.58457148e-07  1.20000000e+00  1.19999991e+00 -1.36370537e-04 
 1.58474205e-07  1.20000000e+00  1.19999984e+00 -1.73119204e-04 
 1.58492167e-07  1.20000000e+00  1.19999991e+00 -1.87763922e-04 
 1.58509218e-07  1.20000000e+00  1.19999984e+00 -1.83107598e-04 
 1.58528223e-07  1.20000000e+00  1.19999991e+00 -1.34333564e-04 
 1.58546621e-07  1.20000000e+00  1.19999984e+00 -1.42291537e-04 
 1.58563673e-07  1.20000000e+00  1.19999991e+00 -1.67195503e-04 
 1.58581642e-07  1.20000000e+00  1.19999984e+00 -1.93687542e-04 
 1.58598688e-07  1.20000000e+00  1.19999991e+00 -1.77124693e-04 
 1.58617691e-07  1.20000000e+00  1.19999985e+00 -1.40297414e-04 
 1.58636093e-07  1.20000000e+00  1.19999991e+00 -1.36411332e-04 
 1.58653141e-07  1.20000000e+00  1.19999985e+00 -1.73068887e-04 
 1.58671116e-07  1.20000000e+00  1.19999991e+00 -1.87818257e-04 
 1.58688157e-07  1.20000000e+00  1.19999985e+00 -1.82930976e-04 
 1.58707159e-07  1.20000000e+00  1.19999991e+00 -1.34476059e-04 
 1.58725565e-07  1.20000000e+00  1.19999985e+00 -1.42311104e-04 
 1.58742609e-07  1.20000000e+00  1.19999991e+00 -1.67166962e-04 
 1.58760589e-07  1.20000000e+00  1.19999985e+00 -1.93720105e-04 
 1.58777627e-07  1.20000000e+00  1.19999991e+00 -1.76971211e-04 
 1.58796626e-07  1.20000000e+00  1.19999985e+00 -1.40416814e-04 
 1.58815037e-07  1.20000000e+00  1.19999991e+00 -1.36451760e-04 
 1.58832076e-07  1.20000000e+00  1.19999985e+00 -1.73019961e-04 
 1.58850062e-07  1.20000000e+00  1.19999991e+00 -1.87871251e-04 
 1.58867095e-07  1.20000000e+00  1.19999985e+00 -1.82758338e-04 
 1.58886093e-07  1.20000000e+00  1.19999991e+00 -1.34614709e-04 
 1.58904508e-07  1.20000000e+00  1.19999985e+00 -1.42330073e-04 
 1.58921543e-07  1.20000000e+00  1.19999991e+00 -1.67139999e-04 
 1.58939535e-07  1.20000000e+00  1.19999985e+00 -1.93751138e-04 
 1.58956564e-07  1.20000000e+00  1.19999991e+00 -1.76821814e-04 
 1.58975560e-07  1.20000000e+00  1.19999985e+00 -1.40532284e-04 
 1.58993980e-07  1.20000000e+00  1.19999990e+00 -1.36491801e-04 
 1.59011009e-07  1.20000000e+00  1.19999985e+00 -1.72972371e-04 
 1.59029008e-07  1.20000000e+00  1.19999990e+00 -1.87922944e-04 
 1.59046032e-07  1.20000000e+00  1.19999985e+00 -1.82589482e-04 
 1.59065027e-07  1.20000000e+00  1.19999990e+00 -1.34749734e-04 
 1.59083450e-07  1.20000000e+00  1.19999985e+00 -1.42348488e-04 
 1.59100476e-07  1.20000000e+00  1.19999990e+00 -1.67114503e-04 
 1.59118480e-07  1.20000000e+00  1.19999985e+00 -1.93780741e-04 
 1.59135500e-07  1.20000000e+00  1.19999990e+00 -1.76676245e-04 
 1.59154494e-07  1.20000000e+00  1.19999985e+00 -1.40644094e-04 
 1.59172920e-07  1.20000000e+00  1.19999990e+00 -1.36531448e-04 
 1.59189942e-07  1.20000000e+00  1.19999985e+00 -1.72926065e-04 
 1.59207952e-07  1.20000000e+00  1.19999990e+00 -1.87973379e-04 
 1.59224967e-07  1.20000000e+00  1.19999985e+00 -1.82424212e-04 
 1.59243960e-07  1.20000000e+00  1.19999990e+00 -1.34881343e-04 
 1.59262390e-07  1.20000000e+00  1.19999985e+00 -1.42366394e-04 
 1.59279408e-07  1.20000000e+00  1.19999990e+00 -1.67090372e-04 
 1.59297423e-07  1.20000000e+00  1.19999985e+00 -1.93809003e-04 
 1.59314434e-07  1.20000000e+00  1.19999990e+00 -1.76534265e-04 
 1.59333426e-07  1.20000000e+00  1.19999985e+00 -1.40752495e-04 
 1.59351860e-07  1.20000000e+00  1.19999990e+00 -1.36570696e-04 
 1.59368874e-07  1.20000000e+00  1.19999985e+00 -1.72880993e-04 
 1.59386895e-07  1.20000000e+00  1.19999990e+00 -1.88022598e-04 
 1.59403901e-07  1.20000000e+00  1.19999985e+00 -1.82262340e-04 
 1.59422891e-07  1.20000000e+00  1.19999990e+00 -1.35009734e-04 
 1.59441329e-07  1.20000000e+00  1.19999985e+00 -1.42383829e-04 
 1.59458339e-07  1.20000000e+00  1.19999990e+00 -1.67067514e-04 
 1.59476365e-07  1.20000000e+00  1.19999985e+00 -1.93836010e-04 
 1.59493367e-07  1.20000000e+00  1.19999990e+00 -1.76395650e-04 
 1.59512357e-07  1.20000000e+00  1.19999985e+00 -1.40857717e-04 
 1.59530798e-07  1.20000000e+00  1.19999990e+00 -1.36609544e-04 
 1.59547804e-07  1.20000000e+00  1.19999985e+00 -1.72837101e-04 
 1.59565836e-07  1.20000000e+00  1.19999990e+00 -1.88070646e-04 
 1.59582833e-07  1.20000000e+00  1.19999985e+00 -1.82103683e-04 
 1.59601822e-07  1.20000000e+00  1.19999990e+00 -1.35135094e-04 
 1.59620267e-07  1.20000000e+00  1.19999985e+00 -1.42400832e-04 
 1.59637269e-07  1.20000000e+00  1.19999990e+00 -1.67045845e-04 
 1.59655306e-07  1.20000000e+00  1.19999985e+00 -1.93861838e-04 
 1.59672299e-07  1.20000000e+00  1.19999990e+00 -1.76260185e-04 
 1.59691287e-07  1.20000000e+00  1.19999985e+00 -1.40959976e-04 
 1.59709735e-07  1.20000000e+00  1.19999990e+00 -1.36647997e-04 
 1.59726734e-07  1.20000000e+00  1.19999985e+00 -1.72794342e-04 
 1.59744775e-07  1.20000000e+00  1.19999990e+00 -1.88117564e-04 
 1.59761764e-07  1.20000000e+00  1.19999985e+00 -1.81948068e-04 
 1.59780751e-07  1.20000000e+00  1.19999990e+00 -1.35257600e-04 
 1.59799203e-07  1.20000000e+00  1.19999985e+00 -1.42417433e-04 
 1.59816198e-07  1.20000000e+00  1.19999990e+00 -1.67025296e-04 
 1.59834245e-07  1.20000000e+00  1.19999985e+00 -1.93886577e-04 
 1.59851230e-07  1.20000000e+00  1.19999990e+00 -1.76127579e-04 
 1.59870215e-07  1.20000000e+00  1.19999985e+00 -1.41059564e-04 
 1.59888670e-07  1.20000000e+00  1.19999990e+00 -1.36686066e-04 
 1.59905662e-07  1.20000000e+00  1.19999985e+00 -1.72752531e-04 
 1.59923714e-07  1.20000000e+00  1.19999990e+00 -1.88163242e-04 
 1.59940694e-07  1.20000000e+00  1.19999985e+00 -1.81796358e-04 
 1.59959679e-07  1.20000000e+00  1.19999990e+00 -1.35376020e-04 
 1.59978138e-07  1.20000000e+00  1.19999985e+00 -1.42434762e-04 
 1.59995127e-07  1.20000000e+00  1.19999990e+00 -1.67005961e-04 
 1.60013182e-07  1.20000000e+00  1.19999985e+00 -1.93910768e-04 
 1.60030158e-07  1.20000000e+00  1.19999990e+00 -1.75997134e-04 
 1.60049142e-07  1.20000000e+00  1.19999985e+00 -1.41158695e-04 
 1.60067602e-07  1.20000000e+00  1.19999990e+00 -1.36721618e-04 
 1.60084589e-07  1.20000000e+00  1.19999985e+00 -1.72711164e-04 
 1.60100000e-07  1.20000000e+00  1.19999990e+00 -1.86371274e-04 
 1.60101806e-07  1.17832563e+00  1.19999988e+00 -2.03420430e-04 
 1.60105419e-07  1.13497689e+00  1.19999988e+00 -2.03492254e-04 
 1.60112643e-07  1.04827942e+00  1.19999988e+00 -1.99380761e-04 
 1.60127093e-07  8.74884473e-01  1.19999988e+00 -1.74077743e-04 
 1.60141940e-07  6.96720350e-01  1.19999988e+00 -1.59047471e-04 
 1.60158531e-07  4.97633424e-01  1.19999988e+00 -1.71046866e-04 
 1.60174840e-07  3.01920356e-01  1.19999988e+00 -2.20914979e-04 
 1.60187420e-07  1.50960178e-01  1.19999988e+00 -2.41355536e-04 
 1.60200000e-07  0.00000000e+00  1.19999988e+00 -2.67880256e-04 
 1.60202485e-07  0.00000000e+00  1.19999988e+00 -2.43461639e-04 
 1.60207455e-07  0.00000000e+00  1.19999988e+00 -2.45306009e-04 
 1.60217396e-07  0.00000000e+00  1.19999988e+00 -2.43373210e-04 
 1.60233489e-07  0.00000000e+00  1.19999988e+00 -2.24961650e-04 
 1.60248529e-07  0.00000000e+00  1.19999988e+00 -2.34276354e-04 
 1.60264354e-07  0.00000000e+00  1.19999988e+00 -2.67571428e-04 
 1.60282048e-07  0.00000000e+00  1.19999988e+00 -2.42474855e-04 
 1.60299057e-07  0.00000000e+00  1.19999988e+00 -2.54363048e-04 
 1.60317020e-07  0.00000000e+00  1.19999988e+00 -2.20678861e-04 
 1.60333690e-07  0.00000000e+00  1.19999988e+00 -2.37362433e-04 
 1.60351179e-07  0.00000000e+00  1.19999988e+00 -2.59971234e-04 
 1.60368191e-07  0.00000000e+00  1.19999988e+00 -2.55002470e-04 
 1.60386494e-07  0.00000000e+00  1.19999988e+00 -2.43955944e-04 
 1.60404857e-07  0.00000000e+00  1.19999988e+00 -2.34514519e-04 
 1.60422995e-07  0.00000000e+00  1.19999988e+00 -2.25883269e-04 
 1.60440248e-07  0.00000000e+00  1.19999988e+00 -2.70761105e-04 
 1.60458175e-07  0.00000000e+00  1.19999988e+00 -2.43277026e-04 
 1.60475996e-07  0.00000000e+00  1.19999988e+00 -2.55386472e-04 
 1.60494812e-07  0.00000000e+00  1.19999988e+00 -2.22859114e-04 
 1.60512735e-07  0.00000000e+00  1.19999988e+00 -2.37271298e-04 
 1.60530088e-07  0.00000000e+00  1.19999988e+00 -2.60081844e-04 
 1.60547927e-07  0.00000000e+00  1.19999988e+00 -2.53018438e-04 
 1.60565956e-07  0.00000000e+00  1.19999988e+00 -2.46227186e-04 
 1.60584600e-07  0.00000000e+00  1.19999988e+00 -2.31975354e-04 
 1.60602826e-07  0.00000000e+00  1.19999988e+00 -2.29248944e-04 
 1.60620001e-07  0.00000000e+00  1.19999988e+00 -2.68777260e-04 
 1.60637872e-07  0.00000000e+00  1.19999988e+00 -2.43449492e-04 
 1.60656063e-07  0.00000000e+00  1.19999988e+00 -2.55924614e-04 
 1.60674548e-07  0.00000000e+00  1.19999988e+00 -2.22346639e-04 
 1.60693135e-07  0.00000000e+00  1.19999988e+00 -2.40082023e-04 
 1.60710098e-07  0.00000000e+00  1.19999988e+00 -2.59202680e-04 
 1.60728041e-07  0.00000000e+00  1.19999988e+00 -2.51588895e-04 
 1.60746464e-07  0.00000000e+00  1.19999988e+00 -2.48135277e-04 
 1.60764497e-07  0.00000000e+00  1.19999988e+00 -2.30005152e-04 
 1.60781121e-07  0.00000000e+00  1.19999988e+00 -2.29713166e-04 
 1.60798836e-07  0.00000000e+00  1.19999988e+00 -2.67184129e-04 
 1.60815693e-07  0.00000000e+00  1.19999988e+00 -2.44577381e-04 
 1.60834544e-07  0.00000000e+00  1.19999988e+00 -2.55649700e-04 
 1.60852633e-07  0.00000000e+00  1.19999988e+00 -2.24779512e-04 
 1.60869561e-07  0.00000000e+00  1.19999988e+00 -2.34555425e-04 
 1.60887337e-07  0.00000000e+00  1.19999988e+00 -2.60540692e-04 
 1.60904467e-07  0.00000000e+00  1.19999988e+00 -2.50757688e-04 
 1.60922956e-07  0.00000000e+00  1.19999988e+00 -2.49534053e-04 
 1.60941499e-07  0.00000000e+00  1.19999988e+00 -2.31849685e-04 
 1.60959873e-07  0.00000000e+00  1.19999988e+00 -2.29629089e-04 
 1.60977178e-07  0.00000000e+00  1.19999988e+00 -2.66372503e-04 
 1.60995163e-07  0.00000000e+00  1.19999988e+00 -2.43535832e-04 
 1.61013417e-07  0.00000000e+00  1.19999988e+00 -2.56912232e-04 
 1.61032062e-07  0.00000000e+00  1.19999988e+00 -2.23407647e-04 
 1.61050723e-07  0.00000000e+00  1.19999988e+00 -2.39480014e-04 
 1.61067754e-07  0.00000000e+00  1.19999988e+00 -2.58661199e-04 
 1.61085753e-07  0.00000000e+00  1.19999988e+00 -2.49711752e-04 
 1.61104475e-07  0.00000000e+00  1.19999988e+00 -2.51274257e-04 
 1.61122137e-07  0.00000000e+00  1.19999988e+00 -2.28827470e-04 
 1.61138618e-07  0.00000000e+00  1.19999988e+00 -2.31024872e-04 
 1.61156332e-07  0.00000000e+00  1.19999988e+00 -2.64709585e-04 
 1.61173060e-07  0.00000000e+00  1.19999988e+00 -2.44523063e-04 
 1.61192219e-07  0.00000000e+00  1.19999988e+00 -2.56749033e-04 
 1.61210129e-07  0.00000000e+00  1.19999988e+00 -2.25969686e-04 
 1.61226968e-07  0.00000000e+00  1.19999988e+00 -2.33629422e-04 
 1.61244847e-07  0.00000000e+00  1.19999988e+00 -2.60061479e-04 
 1.61261886e-07  0.00000000e+00  1.19999988e+00 -2.48702399e-04 
 1.61280636e-07  0.00000000e+00  1.19999988e+00 -2.52522888e-04 
 1.61299194e-07  0.00000000e+00  1.19999988e+00 -2.30869659e-04 
 1.61317838e-07  0.00000000e+00  1.19999988e+00 -2.31611294e-04 
 1.61335143e-07  0.00000000e+00  1.19999988e+00 -2.63850114e-04 
 1.61353191e-07  0.00000000e+00  1.19999988e+00 -2.43373043e-04 
 1.61371809e-07  0.00000000e+00  1.19999988e+00 -2.58394507e-04 
 1.61389742e-07  0.00000000e+00  1.19999988e+00 -2.23994801e-04 
 1.61406331e-07  0.00000000e+00  1.19999988e+00 -2.35706250e-04 
 1.61424120e-07  0.00000000e+00  1.19999988e+00 -2.58538918e-04 
 1.61440994e-07  0.00000000e+00  1.19999988e+00 -2.48778754e-04 
 1.61460159e-07  0.00000000e+00  1.19999988e+00 -2.53212455e-04 
 1.61478032e-07  0.00000000e+00  1.19999988e+00 -2.31388252e-04 
 1.61494897e-07  0.00000000e+00  1.19999988e+00 -2.28491851e-04 
 1.61512832e-07  0.00000000e+00  1.19999988e+00 -2.63955559e-04 
 1.61529903e-07  0.00000000e+00  1.19999988e+00 -2.42998971e-04 
 1.61548776e-07  0.00000000e+00  1.19999988e+00 -2.58840389e-04 
 1.61567143e-07  0.00000000e+00  1.19999988e+00 -2.26518192e-04 
 1.61586030e-07  0.00000000e+00  1.19999988e+00 -2.36585727e-04 
 1.61603266e-07  0.00000000e+00  1.19999988e+00 -2.58166402e-04 
 1.61621401e-07  0.00000000e+00  1.19999988e+00 -2.47335349e-04 
 1.61640172e-07  0.00000000e+00  1.19999988e+00 -2.55337956e-04 
 1.61657821e-07  0.00000000e+00  1.19999988e+00 -2.28480505e-04 
 1.61674303e-07  0.00000000e+00  1.19999988e+00 -2.31359407e-04 
 1.61692088e-07  0.00000000e+00  1.19999988e+00 -2.61827669e-04 
 1.61708872e-07  0.00000000e+00  1.19999988e+00 -2.43849033e-04 
 1.61728230e-07  0.00000000e+00  1.19999988e+00 -2.58696693e-04 
 1.61745845e-07  0.00000000e+00  1.19999988e+00 -2.27991095e-04 
 1.61762642e-07  0.00000000e+00  1.19999988e+00 -2.32030745e-04 
 1.61780650e-07  0.00000000e+00  1.19999988e+00 -2.59055238e-04 
 1.61797674e-07  0.00000000e+00  1.19999988e+00 -2.46216391e-04 
 1.61816642e-07  0.00000000e+00  1.19999988e+00 -2.56098022e-04 
 1.61834899e-07  0.00000000e+00  1.19999988e+00 -2.31236638e-04 
 1.61853905e-07  0.00000000e+00  1.19999988e+00 -2.32338640e-04 
 1.61871190e-07  0.00000000e+00  1.19999988e+00 -2.61180151e-04 
 1.61889393e-07  0.00000000e+00  1.19999988e+00 -2.42954360e-04 
 1.61908256e-07  0.00000000e+00  1.19999988e+00 -2.60369975e-04 
 1.61925795e-07  0.00000000e+00  1.19999988e+00 -2.24921826e-04 
 1.61942242e-07  0.00000000e+00  1.19999988e+00 -2.35056800e-04 
 1.61960054e-07  0.00000000e+00  1.19999988e+00 -2.57186013e-04 
 1.61976815e-07  0.00000000e+00  1.19999988e+00 -2.46864568e-04 
 1.61994223e-07  0.00000000e+00  1.19999988e+00 -2.55392798e-04 
 1.62012654e-07  0.00000000e+00  1.19999988e+00 -2.33879819e-04 
 1.62031629e-07  0.00000000e+00  1.19999988e+00 -2.29499438e-04 
 1.62048799e-07  0.00000000e+00  1.19999987e+00 -2.62083866e-04 
 1.62067447e-07  0.00000000e+00  1.19999988e+00 -2.41548255e-04 
 1.62085775e-07  0.00000000e+00  1.19999988e+00 -2.61441057e-04 
 1.62103971e-07  0.00000000e+00  1.19999986e+00 -2.25077828e-04 
 1.62120767e-07  0.00000000e+00  1.19999989e+00 -2.35204278e-04 
 1.62138646e-07  0.00000000e+00  1.19999988e+00 -2.56357151e-04 
 1.62155769e-07  0.00000000e+00  1.19999991e+00 -2.47033702e-04 
 1.62175135e-07  0.00000000e+00  1.19999997e+00 -2.56356551e-04 
 1.62192667e-07  0.00000000e+00  1.19999937e+00 -2.32038458e-04 
 1.62209395e-07  0.00000000e+00  1.19999953e+00 -2.28350604e-04 
 1.62227456e-07  0.00000000e+00  1.20000002e+00 -2.61629984e-04 
 1.62244423e-07  0.00000000e+00  1.20000168e+00 -2.41495884e-04 
 1.62263675e-07  0.00000000e+00  1.20000829e+00 -2.61614564e-04 
 1.62281499e-07  0.00000000e+00  1.19999376e+00 -2.28073240e-04 
 1.62298587e-07  0.00000000e+00  1.19996719e+00 -2.32816793e-04 
 1.62316734e-07  0.00000000e+00  1.19994777e+00 -2.56630135e-04 
 1.62333978e-07  0.00000000e+00  1.20000368e+00 -2.45929157e-04 
 1.62353135e-07  0.00000000e+00  1.20044178e+00 -2.57777432e-04 
 1.62371027e-07  0.00000000e+00  1.20056033e+00 -2.31976685e-04 
 1.62388074e-07  0.00000000e+00  1.19935839e+00 -2.28221564e-04 
 1.62406204e-07  0.00000000e+00  1.19600374e+00 -2.58913122e-04 
 1.62423413e-07  0.00000000e+00  1.19324912e+00 -2.40744380e-04 
 1.62442716e-07  0.00000000e+00  1.21027446e+00 -2.73965632e-04 
 1.62460398e-07  0.00000000e+00  1.24585499e+00 -2.41415452e-04 
 1.62476668e-07  0.00000000e+00  1.25170786e+00 -2.23629667e-04 
 1.62492337e-07  0.00000000e+00  1.17131490e+00 -2.18199297e-04 
 1.62508774e-07  0.00000000e+00  9.97513269e-01 -1.84546359e-04 
 1.62523721e-07  0.00000000e+00  8.05434038e-01 -1.72403797e-04 
 1.62540235e-07  0.00000000e+00  5.91533509e-01 -2.07259655e-04 
 1.62558496e-07  0.00000000e+00  3.75486832e-01 -1.66626385e-04 
 1.62575348e-07  0.00000000e+00  2.15604194e-01 -1.79087456e-04 
 1.62591197e-07  0.00000000e+00  1.13591113e-01 -1.65784285e-04 
 1.62609370e-07  0.00000000e+00  4.90516627e-02 -1.53607500e-04 
 1.62623546e-07  0.00000000e+00  2.49091720e-02 -1.82159866e-04 
 1.62640101e-07  0.00000000e+00  1.09926266e-02 -1.75564501e-04 
 1.62657746e-07  0.00000000e+00  4.54864141e-03 -1.51312354e-04 
 1.62672836e-07  0.00000000e+00  2.15488783e-03 -1.72584296e-04 
 1.62691113e-07  0.00000000e+00  8.64574091e-04 -1.42446687e-04 
 1.62709299e-07  0.00000000e+00  3.39792054e-04 -1.74542782e-04 
 1.62726979e-07  0.00000000e+00  1.46700838e-04 -1.75747868e-04 
 1.62746232e-07  0.00000000e+00  4.92206906e-05 -1.53402972e-04 
 1.62765169e-07  0.00000000e+00  2.49472335e-05 -1.66842799e-04 
 1.62782910e-07  0.00000000e+00  4.34487852e-06 -1.45020363e-04 
 1.62800074e-07  0.00000000e+00  7.74786092e-06 -1.75460512e-04 
 1.62818425e-07  0.00000000e+00 -2.48173376e-06 -1.74537460e-04 
 1.62837415e-07  0.00000000e+00  4.49412165e-06 -1.52520573e-04 
 1.62854110e-07  0.00000000e+00 -3.47374205e-06 -1.69851281e-04 
 1.62872531e-07  0.00000000e+00  3.83986083e-06 -1.41608061e-04 
 1.62889429e-07  0.00000000e+00 -3.47986252e-06 -1.78414221e-04 
 1.62907412e-07  0.00000000e+00  3.57141838e-06 -1.72245435e-04 
 1.62926629e-07  0.00000000e+00 -3.34110844e-06 -1.55359413e-04 
 1.62943485e-07  0.00000000e+00  3.38287810e-06 -1.66575428e-04 
 1.62961880e-07  0.00000000e+00 -3.17256296e-06 -1.44894046e-04 
 1.62978831e-07  0.00000000e+00  3.21224825e-06 -1.75040338e-04 
 1.62996832e-07  0.00000000e+00 -3.00771857e-06 -1.75699607e-04 
 1.63016074e-07  0.00000000e+00  3.06041462e-06 -1.51963543e-04 
 1.63032959e-07  0.00000000e+00 -2.85548251e-06 -1.69938739e-04 
 1.63051355e-07  0.00000000e+00  2.90865453e-06 -1.41326452e-04 
 1.63068275e-07  0.00000000e+00 -2.70818171e-06 -1.78739331e-04 
 1.63086276e-07  0.00000000e+00  2.76368473e-06 -1.72041196e-04 
 1.63105502e-07  0.00000000e+00 -2.57573680e-06 -1.55702493e-04 
 1.63122375e-07  0.00000000e+00  2.63042263e-06 -1.66110163e-04 
 1.63140772e-07  0.00000000e+00 -2.44307256e-06 -1.45094757e-04 
 1.63157675e-07  0.00000000e+00  2.50162320e-06 -1.74902181e-04 
 1.63175674e-07  0.00000000e+00 -2.31627223e-06 -1.75982028e-04 
 1.63194908e-07  0.00000000e+00  2.38590651e-06 -1.51827870e-04 
 1.63211803e-07  0.00000000e+00 -2.19987516e-06 -1.69939312e-04 
 1.63230200e-07  0.00000000e+00  2.27005359e-06 -1.41131681e-04 
 1.63247092e-07  0.00000000e+00 -2.08723704e-06 -1.78914616e-04 
 1.63265093e-07  0.00000000e+00  2.15921193e-06 -1.71999512e-04 
 1.63284328e-07  0.00000000e+00 -1.98607877e-06 -1.55910440e-04 
 1.63301232e-07  0.00000000e+00  2.05752162e-06 -1.65761679e-04 
 1.63319630e-07  0.00000000e+00 -1.88482189e-06 -1.45237794e-04 
 1.63336508e-07  0.00000000e+00  1.95903747e-06 -1.74787686e-04 
 1.63354508e-07  0.00000000e+00 -1.78787045e-06 -1.76215542e-04 
 1.63373745e-07  0.00000000e+00  1.87063231e-06 -1.51739712e-04 
 1.63390658e-07  0.00000000e+00 -1.69899237e-06 -1.69898213e-04 
 1.63409057e-07  0.00000000e+00  1.78215988e-06 -1.40984670e-04 
 1.63425922e-07  0.00000000e+00 -1.61285537e-06 -1.79072562e-04 
 1.63443922e-07  0.00000000e+00  1.69738894e-06 -1.71963687e-04 
 1.63463161e-07  0.00000000e+00 -1.53556596e-06 -1.56082416e-04 
 1.63480085e-07  0.00000000e+00  1.61973325e-06 -1.65471151e-04 
 1.63498484e-07  0.00000000e+00 -1.45823738e-06 -1.45344991e-04 
 1.63515337e-07  0.00000000e+00  1.54441480e-06 -1.74697935e-04 
 1.63533338e-07  0.00000000e+00 -1.38409147e-06 -1.76413190e-04 
 1.63552578e-07  0.00000000e+00  1.47685975e-06 -1.51678090e-04 
 1.63569511e-07  0.00000000e+00 -1.31621331e-06 -1.69839807e-04 
 1.63587911e-07  0.00000000e+00  1.40928226e-06 -1.40874324e-04 
 1.63604751e-07  0.00000000e+00 -1.25033357e-06 -1.79195356e-04 
 1.63622753e-07  0.00000000e+00  1.34444286e-06 -1.71949765e-04 
 1.63641995e-07  0.00000000e+00 -1.19126618e-06 -1.56218588e-04 
 1.63658936e-07  0.00000000e+00  1.28512174e-06 -1.65228009e-04 
 1.63677337e-07  0.00000000e+00 -1.13219177e-06 -1.45422361e-04 
 1.63694166e-07  0.00000000e+00  1.22750866e-06 -1.74638275e-04 
 1.63712168e-07  0.00000000e+00 -1.07547516e-06 -1.76570391e-04 
 1.63731412e-07  0.00000000e+00  1.17587168e-06 -1.51642652e-04 
 1.63748361e-07  0.00000000e+00 -1.02361626e-06 -1.69767392e-04 
 1.63766762e-07  0.00000000e+00  1.12423666e-06 -1.40794707e-04 
 1.63783581e-07  0.00000000e+00 -9.73219128e-07 -1.79286883e-04 
 1.63801584e-07  0.00000000e+00  1.07463226e-06 -1.71955846e-04 
 1.63820829e-07  0.00000000e+00 -9.28064336e-07 -1.56323197e-04 
 1.63837785e-07  0.00000000e+00  1.02930140e-06 -1.65026269e-04 
 1.63856187e-07  0.00000000e+00 -8.82919303e-07 -1.45474971e-04 
 1.63872996e-07  0.00000000e+00  9.85221656e-07 -1.74602618e-04 
 1.63890999e-07  0.00000000e+00 -8.39524734e-07 -1.76693936e-04 
 1.63910246e-07  0.00000000e+00  9.45739589e-07 -1.51628417e-04 
 1.63927209e-07  0.00000000e+00 -7.99889431e-07 -1.69684537e-04 
 1.63945612e-07  0.00000000e+00  9.06271420e-07 -1.40740380e-04 
 1.63962412e-07  0.00000000e+00 -7.61326196e-07 -1.79353064e-04 
 1.63980415e-07  0.00000000e+00  8.68312471e-07 -1.71977234e-04 
 1.63999662e-07  0.00000000e+00 -7.26795142e-07 -1.56401655e-04 
 1.64016633e-07  0.00000000e+00  8.33658767e-07 -1.64859886e-04 
 1.64035036e-07  0.00000000e+00 -6.92281356e-07 -1.45507247e-04 
 1.64051827e-07  0.00000000e+00  7.99923748e-07 -1.74586215e-04 
 1.64069830e-07  0.00000000e+00 -6.59069893e-07 -1.76789515e-04 
 1.64089079e-07  0.00000000e+00  7.69724406e-07 -1.51631090e-04 
 1.64106056e-07  0.00000000e+00 -6.28764141e-07 -1.69594390e-04 
 1.64124460e-07  0.00000000e+00  7.39543595e-07 -1.40706821e-04 
 1.64141242e-07  0.00000000e+00 -5.99246496e-07 -1.79398238e-04 
 1.64159246e-07  0.00000000e+00  7.10486719e-07 -1.72010618e-04 
 1.64178496e-07  0.00000000e+00 -5.72829082e-07 -1.56458285e-04 
 1.64195479e-07  0.00000000e+00  6.83983402e-07 -1.64723721e-04 
 1.64213883e-07  0.00000000e+00 -5.46431026e-07 -1.45522810e-04 
 1.64230657e-07  0.00000000e+00  6.58156192e-07 -1.74585460e-04 
 1.64248662e-07  0.00000000e+00 -5.21003732e-07 -1.76861588e-04 
 1.64267913e-07  0.00000000e+00  6.35047086e-07 -1.51647319e-04 
 1.64284901e-07  0.00000000e+00 -4.97820232e-07 -1.69499371e-04 
 1.64303306e-07  0.00000000e+00  6.11956998e-07 -1.40690330e-04 
 1.64320073e-07  0.00000000e+00 -4.75217303e-07 -1.79425938e-04 
 1.64338077e-07  0.00000000e+00  5.89705495e-07 -1.72053401e-04 
 1.64357329e-07  0.00000000e+00 -4.54997430e-07 -1.56496637e-04 
 1.64374324e-07  0.00000000e+00  5.69425024e-07 -1.64613459e-04 
 1.64392729e-07  0.00000000e+00 -4.34796063e-07 -1.45524625e-04 
 1.64409488e-07  0.00000000e+00  5.49643146e-07 -1.74597393e-04 
 1.64427493e-07  0.00000000e+00 -4.15319569e-07 -1.76913878e-04 
 1.64446746e-07  0.00000000e+00  5.31950409e-07 -1.51674383e-04 
 1.64463746e-07  0.00000000e+00 -3.97574372e-07 -1.69401351e-04 
 1.64482151e-07  0.00000000e+00  5.14275001e-07 -1.40687862e-04 
 1.64498904e-07  0.00000000e+00 -3.80257670e-07 -1.79439110e-04 
 1.64516909e-07  0.00000000e+00  4.97226333e-07 -1.72103474e-04 
 1.64536163e-07  0.00000000e+00 -3.64772461e-07 -1.56519677e-04 
 1.64553167e-07  0.00000000e+00  4.81697990e-07 -1.64525432e-04 
 1.64571573e-07  0.00000000e+00 -3.49303415e-07 -1.45515143e-04 
 1.64588319e-07  0.00000000e+00  4.66537973e-07 -1.74619589e-04 
 1.64606325e-07  0.00000000e+00 -3.34376513e-07 -1.76949509e-04 
 1.64625580e-07  0.00000000e+00  4.52983511e-07 -1.51710064e-04 
 1.64642589e-07  0.00000000e+00 -3.20784647e-07 -1.69301778e-04 
 1.64660995e-07  0.00000000e+00  4.39443703e-07 -1.40696900e-04 
 1.64677735e-07  0.00000000e+00 -3.07509532e-07 -1.79440206e-04 
 1.64695741e-07  0.00000000e+00  4.26373003e-07 -1.72159134e-04 
 1.64714996e-07  0.00000000e+00 -2.95641955e-07 -1.56529887e-04 
 1.64732010e-07  0.00000000e+00  4.14474360e-07 -1.64456518e-04 
 1.64750417e-07  0.00000000e+00 -2.83787658e-07 -1.45496388e-04 
 1.64767151e-07  0.00000000e+00  4.02848175e-07 -1.74650056e-04 
 1.64785157e-07  0.00000000e+00 -2.72339363e-07 -1.76971101e-04 
 1.64804413e-07  0.00000000e+00  3.92455960e-07 -1.51752556e-04 
 1.64821431e-07  0.00000000e+00 -2.61920083e-07 -1.69201764e-04 
 1.64839838e-07  0.00000000e+00  3.82075438e-07 -1.40715363e-04 
 1.64856566e-07  0.00000000e+00 -2.51735247e-07 -1.79431272e-04 
 1.64874573e-07  0.00000000e+00  3.72046429e-07 -1.72219005e-04 
 1.64893830e-07  0.00000000e+00 -2.42632272e-07 -1.56529349e-04 
 1.64910851e-07  0.00000000e+00  3.62920724e-07 -1.64404048e-04 
 1.64929259e-07  0.00000000e+00 -2.33539534e-07 -1.45470042e-04 
 1.64945982e-07  0.00000000e+00  3.53996739e-07 -1.74687159e-04 
 1.64963989e-07  0.00000000e+00 -2.24751245e-07 -1.76980861e-04 
 1.64983246e-07  0.00000000e+00  3.46021293e-07 -1.51800385e-04 
 1.65000272e-07  0.00000000e+00 -2.16755905e-07 -1.69102156e-04 
 1.65018680e-07  0.00000000e+00  3.38054661e-07 -1.40741526e-04 
 1.65035398e-07  0.00000000e+00 -2.08934162e-07 -1.79414018e-04 
 1.65053405e-07  0.00000000e+00  3.30351710e-07 -1.72281978e-04 
 1.65072663e-07  0.00000000e+00 -2.01944180e-07 -1.56519813e-04 
 1.65089692e-07  0.00000000e+00  3.23344780e-07 -1.64365736e-04 
 1.65108100e-07  0.00000000e+00 -1.94961682e-07 -1.45437500e-04 
 1.65124813e-07  0.00000000e+00  3.16487267e-07 -1.74729553e-04 
 1.65142821e-07  0.00000000e+00 -1.88207600e-07 -1.76980648e-04 
 1.65162080e-07  0.00000000e+00  3.10359167e-07 -1.51852348e-04 
 1.65179112e-07  0.00000000e+00 -1.82064531e-07 -1.69003590e-04 
 1.65197521e-07  0.00000000e+00  3.04237261e-07 -1.40773956e-04 
 1.65214229e-07  0.00000000e+00 -1.76050050e-07 -1.79389879e-04 
 1.65232237e-07  0.00000000e+00  2.98313221e-07 -1.72347157e-04 
 1.65251496e-07  0.00000000e+00 -1.70675328e-07 -1.56502756e-04 
 1.65268532e-07  0.00000000e+00  2.92925583e-07 -1.64339618e-04 
 1.65286941e-07  0.00000000e+00 -1.65305587e-07 -1.45399925e-04 
 1.65303645e-07  0.00000000e+00  2.87648585e-07 -1.74776130e-04 
 1.65321653e-07  0.00000000e+00 -1.60107341e-07 -1.76972037e-04 
 1.65340913e-07  0.00000000e+00  2.82932756e-07 -1.51907463e-04 
 1.65357951e-07  0.00000000e+00 -1.55380027e-07 -1.68906537e-04 
 1.65376361e-07  0.00000000e+00  2.78220836e-07 -1.40811463e-04 
 1.65393061e-07  0.00000000e+00 -1.50747848e-07 -1.79360057e-04 
 1.65411069e-07  0.00000000e+00  2.73657493e-07 -1.72413821e-04 
 1.65430330e-07  0.00000000e+00 -1.46608070e-07 -1.56479422e-04 
 1.65447371e-07  0.00000000e+00  2.69507646e-07 -1.64324002e-04 
 1.65465781e-07  0.00000000e+00 -1.42471184e-07 -1.45358286e-04 
 1.65482477e-07  0.00000000e+00  2.65439554e-07 -1.74825975e-04 
 1.65500485e-07  0.00000000e+00 -1.38463042e-07 -1.76956361e-04 
 1.65519746e-07  0.00000000e+00  2.61803626e-07 -1.51964928e-04 
 1.65536790e-07  0.00000000e+00 -1.34818001e-07 -1.68811338e-04 
 1.65555200e-07  0.00000000e+00  2.58169662e-07 -1.40853054e-04 
 1.65571893e-07  0.00000000e+00 -1.31243217e-07 -1.79325563e-04 
 1.65589902e-07  0.00000000e+00  2.54647210e-07 -1.72481388e-04 
 1.65609163e-07  0.00000000e+00 -1.28047812e-07 -1.56450865e-04 
 1.65626209e-07  0.00000000e+00  2.51443683e-07 -1.64317430e-04 
 1.65644620e-07  0.00000000e+00 -1.24853544e-07 -1.45313393e-04 
 1.65661309e-07  0.00000000e+00  2.48300450e-07 -1.74878335e-04 
 1.65679318e-07  0.00000000e+00 -1.21755826e-07 -1.76934752e-04 
 1.65698579e-07  0.00000000e+00  2.45490392e-07 -1.52024088e-04 
 1.65715628e-07  0.00000000e+00 -1.18938342e-07 -1.68718230e-04 
 1.65734039e-07  0.00000000e+00  2.42680684e-07 -1.40897905e-04 
 1.65750725e-07  0.00000000e+00 -1.16172538e-07 -1.79287250e-04 
 1.65768734e-07  0.00000000e+00  2.39954588e-07 -1.72549396e-04 
 1.65787996e-07  0.00000000e+00 -1.13699424e-07 -1.56417977e-04 
 1.65805047e-07  0.00000000e+00  2.37474740e-07 -1.64318642e-04 
 1.65823458e-07  0.00000000e+00 -1.11225970e-07 -1.45265922e-04 
 1.65840140e-07  0.00000000e+00  2.35039145e-07 -1.74932590e-04 
 1.65858150e-07  0.00000000e+00 -1.08824898e-07 -1.76908172e-04 
 1.65877413e-07  0.00000000e+00  2.32860783e-07 -1.52084410e-04 
 1.65894466e-07  0.00000000e+00 -1.06640291e-07 -1.68627370e-04 
 1.65912877e-07  0.00000000e+00  2.30681473e-07 -1.40945328e-04 
 1.65929556e-07  0.00000000e+00 -1.04493529e-07 -1.79245835e-04 
 1.65947566e-07  0.00000000e+00  2.28564757e-07 -1.72617472e-04 
 1.65966829e-07  0.00000000e+00 -1.02572941e-07 -1.56381516e-04 
 1.65983885e-07  0.00000000e+00  2.26638423e-07 -1.64326547e-04 
 1.66002296e-07  0.00000000e+00 -1.00650839e-07 -1.45216439e-04 
 1.66018972e-07  0.00000000e+00  2.24744357e-07 -1.74988227e-04 
 1.66036983e-07  0.00000000e+00 -9.87828720e-08 -1.76877442e-04 
 1.66056246e-07  0.00000000e+00  2.23049298e-07 -1.52145461e-04 
 1.66073303e-07  0.00000000e+00 -9.70823968e-08 -1.68538853e-04 
 1.66091715e-07  0.00000000e+00  2.21352213e-07 -1.40994749e-04 
 1.66108389e-07  0.00000000e+00 -9.54093826e-08 -1.79201922e-04 
 1.66126399e-07  0.00000000e+00  2.19701893e-07 -1.72685323e-04 
 1.66145662e-07  0.00000000e+00 -9.39115682e-08 -1.56342124e-04 
 1.66162721e-07  0.00000000e+00  2.18199008e-07 -1.64340200e-04 
 1.66181133e-07  0.00000000e+00 -9.24113052e-08 -1.45165416e-04 
 1.66197805e-07  0.00000000e+00  2.16719423e-07 -1.75044823e-04 
 1.66215815e-07  0.00000000e+00 -9.09513669e-08 -1.76843260e-04 
 1.66235079e-07  0.00000000e+00  2.15394197e-07 -1.52206888e-04 
 1.66252140e-07  0.00000000e+00 -8.96213152e-08 -1.68452725e-04 
 1.66270552e-07  0.00000000e+00  2.14066109e-07 -1.41045689e-04 
 1.66287221e-07  0.00000000e+00 -8.83109529e-08 -1.79156023e-04 
 1.66305231e-07  0.00000000e+00  2.12772794e-07 -1.72752716e-04 
 1.66324495e-07  0.00000000e+00 -8.71366896e-08 -1.56300347e-04 
 1.66341558e-07  0.00000000e+00  2.11593963e-07 -1.64358780e-04 
 1.66359970e-07  0.00000000e+00 -8.59592233e-08 -1.45113249e-04 
 1.66376637e-07  0.00000000e+00  2.10431684e-07 -1.75102033e-04 
 1.66394647e-07  0.00000000e+00 -8.48116952e-08 -1.76806222e-04 
 1.66413912e-07  0.00000000e+00  2.09389521e-07 -1.52268406e-04 
 1.66430976e-07  0.00000000e+00 -8.37651425e-08 -1.68368995e-04 
 1.66449388e-07  0.00000000e+00  2.08343855e-07 -1.41097750e-04 
 1.66466053e-07  0.00000000e+00 -8.27324330e-08 -1.79108568e-04 
 1.66484064e-07  0.00000000e+00  2.07323894e-07 -1.72819471e-04 
 1.66503328e-07  0.00000000e+00 -8.18058407e-08 -1.56256649e-04 
 1.66520394e-07  0.00000000e+00  2.06393106e-07 -1.64381575e-04 
 1.66538807e-07  0.00000000e+00 -8.08754826e-08 -1.45060268e-04 
 1.66555469e-07  0.00000000e+00  2.05473795e-07 -1.75159571e-04 
 1.66573480e-07  0.00000000e+00 -7.99671644e-08 -1.76766838e-04 
 1.66592745e-07  0.00000000e+00  2.04648377e-07 -1.52329785e-04 
 1.66609812e-07  0.00000000e+00 -7.91376391e-08 -1.68287644e-04 
 1.66628225e-07  0.00000000e+00  2.03818911e-07 -1.41150601e-04 
 1.66644885e-07  0.00000000e+00 -7.83175859e-08 -1.79059922e-04 
 1.66662896e-07  0.00000000e+00  2.03008301e-07 -1.72885448e-04 
 1.66682161e-07  0.00000000e+00 -7.75806661e-08 -1.56211425e-04 
 1.66699230e-07  0.00000000e+00  2.02267422e-07 -1.64407965e-04 
 1.66717643e-07  0.00000000e+00 -7.68395068e-08 -1.45006749e-04 
 1.66734301e-07  0.00000000e+00  2.01534236e-07 -1.75217203e-04 
 1.66752313e-07  0.00000000e+00 -7.61144182e-08 -1.76725545e-04 
 1.66771578e-07  0.00000000e+00  2.00874801e-07 -1.52390842e-04 
 1.66788648e-07  0.00000000e+00 -7.54511089e-08 -1.68208633e-04 
 1.66807061e-07  0.00000000e+00  2.00210926e-07 -1.41203964e-04 
 1.66823717e-07  0.00000000e+00 -7.47939444e-08 -1.79010392e-04 
 1.66841729e-07  0.00000000e+00  1.99560703e-07 -1.72950541e-04 
 1.66860994e-07  0.00000000e+00 -7.42023153e-08 -1.56165012e-04 
 1.66878065e-07  0.00000000e+00  1.98965299e-07 -1.64437411e-04 
 1.66896478e-07  0.00000000e+00 -7.36060937e-08 -1.44952924e-04 
 1.66913133e-07  0.00000000e+00  1.98374707e-07 -1.75274738e-04 
 1.66931145e-07  0.00000000e+00 -7.30213982e-08 -1.76682714e-04 
 1.66950411e-07  0.00000000e+00  1.97842432e-07 -1.52451429e-04 
 1.66967483e-07  0.00000000e+00 -7.24854354e-08 -1.68131906e-04 
 1.66985896e-07  0.00000000e+00  1.97305417e-07 -1.41257610e-04 
 1.67002550e-07  0.00000000e+00 -7.19531232e-08 -1.78960236e-04 
 1.67020561e-07  0.00000000e+00  1.96778131e-07 -1.73014670e-04 
 1.67039827e-07  0.00000000e+00 -7.14728020e-08 -1.56117694e-04 
 1.67056900e-07  0.00000000e+00  1.96294209e-07 -1.64469443e-04 
 1.67075314e-07  0.00000000e+00 -7.09876372e-08 -1.44898983e-04 
 1.67091966e-07  0.00000000e+00  1.95812909e-07 -1.75332021e-04 
 1.67109978e-07  0.00000000e+00 -7.05105855e-08 -1.76638665e-04 
 1.67129243e-07  0.00000000e+00  1.95378113e-07 -1.52511431e-04 
 1.67146318e-07  0.00000000e+00 -7.00722222e-08 -1.68057397e-04 
 1.67164731e-07  0.00000000e+00  1.94938341e-07 -1.41311347e-04 
 1.67181382e-07  0.00000000e+00 -6.96356152e-08 -1.78909674e-04 
 1.67199394e-07  0.00000000e+00  1.94505298e-07 -1.73077779e-04 
 1.67218660e-07  0.00000000e+00 -6.92406666e-08 -1.56069717e-04 
 1.67235735e-07  0.00000000e+00  1.94106835e-07 -1.64503651e-04 
 1.67254149e-07  0.00000000e+00 -6.88406524e-08 -1.44845088e-04 
 1.67270798e-07  0.00000000e+00  1.93709369e-07 -1.75388926e-04 
 1.67288810e-07  0.00000000e+00 -6.84461424e-08 -1.76593672e-04 
 1.67308076e-07  0.00000000e+00  1.93349313e-07 -1.52570756e-04 
 1.67325153e-07  0.00000000e+00 -6.80826269e-08 -1.67985034e-04 
 1.67343566e-07  0.00000000e+00  1.92984128e-07 -1.41365019e-04 
 1.67360214e-07  0.00000000e+00 -6.77194514e-08 -1.78858891e-04 
 1.67378227e-07  0.00000000e+00  1.92623386e-07 -1.73139829e-04 
 1.67397493e-07  0.00000000e+00 -6.73899653e-08 -1.56021287e-04 
 1.67414570e-07  0.00000000e+00  1.92290493e-07 -1.64539678e-04 
 1.67432984e-07  0.00000000e+00 -6.70552862e-08 -1.44791369e-04 
 1.67449630e-07  0.00000000e+00  1.91957344e-07 -1.75445352e-04 
 1.67467643e-07  0.00000000e+00 -6.67241185e-08 -1.76547969e-04 
 1.67486909e-07  0.00000000e+00  1.91654661e-07 -1.52629335e-04 
 1.67503987e-07  0.00000000e+00 -6.64180448e-08 -1.67914738e-04 
 1.67522401e-07  0.00000000e+00  1.91346722e-07 -1.41418493e-04 
 1.67539047e-07  0.00000000e+00 -6.61112383e-08 -1.78808215e-04 
 1.67557059e-07  0.00000000e+00  1.91041463e-07 -1.73200271e-04 
 1.67576326e-07  0.00000000e+00 -6.58320139e-08 -1.55973259e-04 
 1.67593405e-07  0.00000000e+00  1.90758896e-07 -1.64576229e-04 
 1.67611819e-07  0.00000000e+00 -6.55474989e-08 -1.44737926e-04 
 1.67628463e-07  0.00000000e+00  1.90475171e-07 -1.75501866e-04 
 1.67646475e-07  0.00000000e+00 -6.52649704e-08 -1.76501402e-04 
 1.67665742e-07  0.00000000e+00  1.90216537e-07 -1.52688173e-04 
 1.67682822e-07  0.00000000e+00 -6.50030101e-08 -1.67844536e-04 
 1.67701236e-07  0.00000000e+00  1.89952557e-07 -1.41471733e-04 
 1.67717879e-07  0.00000000e+00 -6.47395091e-08 -1.78757780e-04 
 1.67735891e-07  0.00000000e+00  1.89689942e-07 -1.73260949e-04 
 1.67755158e-07  0.00000000e+00 -6.44989175e-08 -1.55924911e-04 
 1.67772239e-07  0.00000000e+00  1.89446065e-07 -1.64613333e-04 
 1.67790653e-07  0.00000000e+00 -6.42529320e-08 -1.44684872e-04 
 1.67807295e-07  0.00000000e+00  1.89200282e-07 -1.75557250e-04 
 1.67825308e-07  0.00000000e+00 -6.40078259e-08 -1.76455726e-04 
 1.67844574e-07  0.00000000e+00  1.88975522e-07 -1.52745558e-04 
 1.67861655e-07  0.00000000e+00 -6.37797743e-08 -1.67776507e-04 
 1.67880070e-07  0.00000000e+00  1.88745335e-07 -1.41524488e-04 
 1.67896711e-07  0.00000000e+00 -6.35495628e-08 -1.78707503e-04 
 1.67914724e-07  0.00000000e+00  1.88515573e-07 -1.73320364e-04 
 1.67933991e-07  0.00000000e+00 -6.33386633e-08 -1.55876591e-04 
 1.67951072e-07  0.00000000e+00  1.88301422e-07 -1.64651515e-04 
 1.67969487e-07  0.00000000e+00 -6.31223594e-08 -1.44632290e-04 
 1.67986127e-07  0.00000000e+00  1.88084863e-07 -1.75612030e-04 
 1.68004140e-07  0.00000000e+00 -6.29060336e-08 -1.76409710e-04 
 1.68023407e-07  0.00000000e+00  1.87886161e-07 -1.52802056e-04 
 1.68040489e-07  0.00000000e+00 -6.27040836e-08 -1.67710463e-04 
 1.68058904e-07  0.00000000e+00  1.87682023e-07 -1.41576782e-04 
 1.68075543e-07  0.00000000e+00 -6.24995243e-08 -1.78657409e-04 
 1.68093556e-07  0.00000000e+00  1.87477487e-07 -1.73378674e-04 
 1.68112823e-07  0.00000000e+00 -6.23115266e-08 -1.55828311e-04 
 1.68129906e-07  0.00000000e+00  1.87286268e-07 -1.64690635e-04 
 1.68148321e-07  0.00000000e+00 -6.21180620e-08 -1.44580215e-04 
 1.68164959e-07  0.00000000e+00  1.87092244e-07 -1.75666095e-04 
 1.68182972e-07  0.00000000e+00 -6.19238983e-08 -1.76363542e-04 
 1.68202239e-07  0.00000000e+00  1.86913638e-07 -1.52857643e-04 
 1.68219323e-07  0.00000000e+00 -6.17421045e-08 -1.67646294e-04 
 1.68237737e-07  0.00000000e+00  1.86729562e-07 -1.41628558e-04 
 1.68254375e-07  0.00000000e+00 -6.15573183e-08 -1.78607632e-04 
 1.68272388e-07  0.00000000e+00  1.86544524e-07 -1.73435838e-04 
 1.68291655e-07  0.00000000e+00 -6.13869866e-08 -1.55780187e-04 
 1.68308740e-07  0.00000000e+00  1.86370982e-07 -1.64730499e-04 
 1.68327154e-07  0.00000000e+00 -6.12111602e-08 -1.44528697e-04 
 1.68343791e-07  0.00000000e+00  1.86194348e-07 -1.75719398e-04 
 1.68361804e-07  0.00000000e+00 -6.10341287e-08 -1.76317357e-04 
 1.68381071e-07  0.00000000e+00  1.86031289e-07 -1.52912301e-04 
 1.68398156e-07  0.00000000e+00 -6.08678763e-08 -1.67583915e-04 
 1.68416571e-07  0.00000000e+00  1.85862697e-07 -1.41679768e-04 
 1.68433207e-07  0.00000000e+00 -6.06983946e-08 -1.78558239e-04 
 1.68451220e-07  0.00000000e+00  1.85692736e-07 -1.73491871e-04 
 1.68470488e-07  0.00000000e+00 -6.05417066e-08 -1.55732302e-04 
 1.68487573e-07  0.00000000e+00  1.85532892e-07 -1.64770934e-04 
 1.68505988e-07  0.00000000e+00 -6.03795239e-08 -1.44477778e-04 
 1.68522623e-07  0.00000000e+00  1.85369715e-07 -1.75771920e-04 
 1.68540636e-07  0.00000000e+00 -6.02157693e-08 -1.76271253e-04 
 1.68559904e-07  0.00000000e+00  1.85218641e-07 -1.52966026e-04 
 1.68576990e-07  0.00000000e+00 -6.00615638e-08 -1.67523245e-04 
 1.68595405e-07  0.00000000e+00  1.85062098e-07 -1.41730374e-04 
 1.68612039e-07  0.00000000e+00 -5.99039253e-08 -1.78509286e-04 
 1.68630052e-07  0.00000000e+00  1.84903817e-07 -1.73546794e-04 
 1.68649320e-07  0.00000000e+00 -5.97578306e-08 -1.55684723e-04 
 1.68666406e-07  0.00000000e+00  1.84754574e-07 -1.64811794e-04 
 1.68684821e-07  0.00000000e+00 -5.96062535e-08 -1.44427487e-04 
 1.68701455e-07  0.00000000e+00  1.84601830e-07 -1.75823648e-04 
 1.68719468e-07  0.00000000e+00 -5.94527861e-08 -1.76225311e-04 
 1.68738736e-07  0.00000000e+00  1.84460118e-07 -1.53018821e-04 
 1.68755823e-07  0.00000000e+00 -5.93079303e-08 -1.67464205e-04 
 1.68774238e-07  0.00000000e+00  1.84312903e-07 -1.41780343e-04 
 1.68790871e-07  0.00000000e+00 -5.91595209e-08 -1.78460816e-04 
 1.68808885e-07  0.00000000e+00  1.84163705e-07 -1.73600628e-04 
 1.68828152e-07  0.00000000e+00 -5.90216518e-08 -1.55637509e-04 
 1.68845240e-07  0.00000000e+00  1.84022749e-07 -1.64852947e-04 
 1.68863655e-07  0.00000000e+00 -5.88783114e-08 -1.44377850e-04 
 1.68880287e-07  0.00000000e+00  1.83878125e-07 -1.75874574e-04 
 1.68898301e-07  0.00000000e+00 -5.87328973e-08 -1.76179603e-04 
 1.68917568e-07  0.00000000e+00  1.83743689e-07 -1.53070692e-04 
 1.68934656e-07  0.00000000e+00 -5.85953368e-08 -1.67406717e-04 
 1.68953071e-07  0.00000000e+00  1.83603773e-07 -1.41829655e-04 
 1.68969703e-07  0.00000000e+00 -5.84541035e-08 -1.78412868e-04 
 1.68987717e-07  0.00000000e+00  1.83461686e-07 -1.73653399e-04 
 1.69006985e-07  0.00000000e+00 -5.83227046e-08 -1.55590708e-04 
 1.69024073e-07  0.00000000e+00  1.83327149e-07 -1.64894282e-04 
 1.69042488e-07  0.00000000e+00 -5.81858155e-08 -1.44328885e-04 
 1.69059119e-07  0.00000000e+00  1.83188917e-07 -1.75924694e-04 
 1.69077133e-07  0.00000000e+00 -5.80466546e-08 -1.76134189e-04 
 1.69096401e-07  0.00000000e+00  1.83060199e-07 -1.53121648e-04 
 1.69113489e-07  0.00000000e+00 -5.79148299e-08 -1.67350712e-04 
 1.69131904e-07  0.00000000e+00  1.82925990e-07 -1.41878291e-04 
 1.69148535e-07  0.00000000e+00 -5.77792633e-08 -1.78365470e-04 
 1.69166549e-07  0.00000000e+00  1.82789465e-07 -1.73705129e-04 
 1.69185817e-07  0.00000000e+00 -5.76529041e-08 -1.55544359e-04 
 1.69202906e-07  0.00000000e+00  1.82660031e-07 -1.64935699e-04 
 1.69221321e-07  0.00000000e+00 -5.75210875e-08 -1.44280605e-04 
 1.69237951e-07  0.00000000e+00  1.82526808e-07 -1.75974007e-04 
 1.69255965e-07  0.00000000e+00 -5.73868866e-08 -1.76089121e-04 
 1.69275233e-07  0.00000000e+00  1.82402568e-07 -1.53171698e-04 
 1.69292322e-07  0.00000000e+00 -5.72595899e-08 -1.67296122e-04 
 1.69310737e-07  0.00000000e+00  1.82272885e-07 -1.41926238e-04 
 1.69327367e-07  0.00000000e+00 -5.71284604e-08 -1.78318649e-04 
 1.69345381e-07  0.00000000e+00  1.82140763e-07 -1.73755844e-04 
 1.69364649e-07  0.00000000e+00 -5.70061052e-08 -1.55498497e-04 
 1.69381739e-07  0.00000000e+00  1.82015351e-07 -1.64977111e-04 
 1.69400154e-07  0.00000000e+00 -5.68783285e-08 -1.44233020e-04 
 1.69416783e-07  0.00000000e+00  1.81886106e-07 -1.76022515e-04 
 1.69434797e-07  0.00000000e+00 -5.67480463e-08 -1.76044441e-04 
 1.69454065e-07  0.00000000e+00  1.81765431e-07 -1.53220857e-04 
 1.69471155e-07  0.00000000e+00 -5.66243295e-08 -1.67242883e-04 
 1.69489570e-07  0.00000000e+00  1.81639323e-07 -1.41973488e-04 
 1.69506199e-07  0.00000000e+00 -5.64967615e-08 -1.78272422e-04 
 1.69524213e-07  0.00000000e+00  1.81510727e-07 -1.73805569e-04 
 1.69543481e-07  0.00000000e+00 -5.63776022e-08 -1.55453149e-04 
 1.69560571e-07  0.00000000e+00  1.81388528e-07 -1.65019325e-04 
 1.69578987e-07  0.00000000e+00 -5.62530119e-08 -1.44186147e-04 
 1.69595615e-07  0.00000000e+00  1.81262450e-07 -1.76068912e-04 
 1.69613629e-07  0.00000000e+00 -5.61258798e-08 -1.76002109e-04 
 1.69632897e-07  0.00000000e+00  1.81144643e-07 -1.53268820e-04 
 1.69649988e-07  0.00000000e+00 -5.60050521e-08 -1.67190826e-04 
 1.69668403e-07  0.00000000e+00  1.81021418e-07 -1.42019889e-04 
 1.69685031e-07  0.00000000e+00 -5.58803329e-08 -1.78226018e-04 
 1.69703046e-07  0.00000000e+00  1.80895628e-07 -1.73856389e-04 
 1.69722314e-07  0.00000000e+00 -5.57637399e-08 -1.55408655e-04 
 1.69739405e-07  0.00000000e+00  1.80776020e-07 -1.65058128e-04 
 1.69757820e-07  0.00000000e+00 -5.56417527e-08 -1.44139965e-04 
 1.69774448e-07  0.00000000e+00  1.80652514e-07 -1.76116488e-04 
 1.69792462e-07  0.00000000e+00 -5.55171466e-08 -1.75959046e-04 
 1.69811730e-07  0.00000000e+00  1.80537021e-07 -1.53317070e-04 
 1.69828822e-07  0.00000000e+00 -5.53986587e-08 -1.67137781e-04 
 1.69847237e-07  0.00000000e+00  1.80416133e-07 -1.42065742e-04 
 1.69863864e-07  0.00000000e+00 -5.52762413e-08 -1.78181403e-04 
 1.69881878e-07  0.00000000e+00  1.80292643e-07 -1.73905215e-04 
 1.69901147e-07  0.00000000e+00 -5.51617418e-08 -1.55365032e-04 
 1.69918239e-07  0.00000000e+00  1.80175137e-07 -1.65096979e-04 
 1.69936654e-07  0.00000000e+00 -5.50418730e-08 -1.44094519e-04 
 1.69953281e-07  0.00000000e+00  1.80053732e-07 -1.76162818e-04 
 1.69971295e-07  0.00000000e+00 -5.49193573e-08 -1.75916824e-04 
 1.69985647e-07  0.00000000e+00  1.79921356e-07 -1.52306044e-04 
 1.70000000e-07  0.00000000e+00 -5.47722602e-08 -1.68080434e-04 
 1.70002170e-07  2.60406261e-02  6.24168555e-08 -1.43163009e-04 
 1.70006510e-07  7.81218782e-02  6.26582852e-08 -1.39084188e-04 
 1.70015190e-07  1.82284382e-01  6.24178691e-08 -1.27050095e-04 
 1.70028979e-07  3.47750081e-01  6.26577387e-08 -1.18546633e-04 
 1.70044338e-07  5.32053631e-01  6.24181746e-08 -1.56579450e-04 
 1.70062486e-07  7.49826711e-01  6.26573607e-08 -1.65045119e-04 
 1.70079844e-07  9.58132790e-01  6.24184212e-08 -1.80572745e-04 
 1.70096098e-07  1.15318062e+00  6.26570567e-08 -2.19204224e-04 
 1.70100000e-07  1.20000000e+00  6.24191975e-08 -2.28065115e-04 
 1.70101788e-07  1.20000000e+00  6.25375071e-08 -2.41117864e-04 
 1.70105364e-07  1.20000000e+00  6.25381085e-08 -2.38895921e-04 
 1.70112515e-07  1.20000000e+00  6.25375386e-08 -2.16571519e-04 
 1.70126818e-07  1.20000000e+00  6.25380936e-08 -2.11825409e-04 
 1.70140577e-07  1.20000000e+00  6.25375404e-08 -2.47821234e-04 
 1.70155981e-07  1.20000000e+00  6.25380771e-08 -2.44663719e-04 
 1.70173669e-07  1.20000000e+00  6.25375477e-08 -2.49406357e-04 
 1.70192220e-07  1.20000000e+00  6.25380671e-08 -2.58831700e-04 
 1.70209058e-07  1.20000000e+00  6.25375554e-08 -2.16409073e-04 
 1.70227211e-07  1.20000000e+00  6.25380631e-08 -2.49585613e-04 
 1.70243968e-07  1.20000000e+00  6.25375507e-08 -2.46715323e-04 
 1.70261654e-07  1.20000000e+00  6.25380586e-08 -2.50577328e-04 
 1.70277028e-07  1.20000000e+00  6.25375759e-08 -2.63108597e-04 
 1.70295048e-07  1.20000000e+00  6.25380512e-08 -2.23574846e-04 
 1.70312212e-07  1.20000000e+00  6.25375675e-08 -2.36568792e-04 
 1.70329248e-07  1.20000000e+00  6.25380428e-08 -2.55432098e-04 
 1.70346512e-07  1.20000000e+00  6.25375745e-08 -2.41945776e-04 
 1.70362242e-07  1.20000000e+00  6.25380398e-08 -2.65516542e-04 
 1.70380238e-07  1.20000000e+00  6.25375869e-08 -2.31214412e-04 
 1.70397208e-07  1.20000000e+00  6.25380317e-08 -2.28038030e-04 
 1.70415099e-07  1.20000000e+00  6.25375870e-08 -2.56172734e-04 
 1.70432786e-07  1.20000000e+00  6.25380392e-08 -2.41507334e-04 
 1.70451685e-07  1.20000000e+00  6.25376010e-08 -2.63826135e-04 
 1.70469785e-07  1.20000000e+00  6.25380230e-08 -2.32956585e-04 
 1.70488956e-07  1.20000000e+00  6.25375886e-08 -2.30323047e-04 
 1.70506968e-07  1.20000000e+00  6.25380181e-08 -2.57324152e-04 
 1.70525009e-07  1.20000000e+00  6.25376000e-08 -2.40691312e-04 
 1.70541848e-07  1.20000000e+00  6.25380268e-08 -2.66851965e-04 
 1.70560007e-07  1.20000000e+00  6.25376083e-08 -2.27570845e-04 
 1.70577014e-07  1.20000000e+00  6.25380145e-08 -2.31681465e-04 
 1.70594963e-07  1.20000000e+00  6.25376060e-08 -2.54756181e-04 
 1.70612321e-07  1.20000000e+00  6.25380154e-08 -2.42779568e-04 
 1.70629517e-07  1.20000000e+00  6.25376180e-08 -2.62569624e-04 
 1.70647850e-07  1.20000000e+00  6.25380050e-08 -2.34931583e-04 
 1.70666550e-07  1.20000000e+00  6.25376065e-08 -2.27608877e-04 
 1.70684467e-07  1.20000000e+00  6.25379976e-08 -2.58502832e-04 
 1.70702758e-07  1.20000000e+00  6.25376193e-08 -2.39405056e-04 
 1.70721950e-07  1.20000000e+00  6.25380058e-08 -2.67717491e-04 
 1.70739405e-07  1.20000000e+00  6.25376303e-08 -2.25745659e-04 
 1.70756230e-07  1.20000000e+00  6.25379978e-08 -2.33619276e-04 
 1.70774462e-07  1.20000000e+00  6.25376151e-08 -2.53621832e-04 
 1.70791234e-07  1.20000000e+00  6.25379957e-08 -2.43601858e-04 
 1.70807800e-07  1.20000000e+00  6.25376283e-08 -2.61927935e-04 
 1.70826073e-07  1.20000000e+00  6.25379874e-08 -2.36547242e-04 
 1.70844674e-07  1.20000000e+00  6.25376288e-08 -2.26068707e-04 
 1.70862541e-07  1.20000000e+00  6.25379884e-08 -2.59077490e-04 
 1.70880993e-07  1.20000000e+00  6.25376302e-08 -2.38569412e-04 
 1.70899896e-07  1.20000000e+00  6.25379928e-08 -2.68084356e-04 
 1.70917674e-07  1.20000000e+00  6.25376287e-08 -2.26198522e-04 
 1.70934702e-07  1.20000000e+00  6.25379736e-08 -2.33510136e-04 
 1.70953030e-07  1.20000000e+00  6.25376449e-08 -2.53277361e-04 
 1.70969989e-07  1.20000000e+00  6.25379936e-08 -2.43876230e-04 
 1.70986671e-07  1.20000000e+00  6.25376361e-08 -2.61902590e-04 
 1.71004965e-07  1.20000000e+00  6.25379812e-08 -2.36127704e-04 
 1.71023654e-07  1.20000000e+00  6.25376427e-08 -2.26611810e-04 
 1.71041424e-07  1.20000000e+00  6.25379752e-08 -2.59127421e-04 
 1.71059850e-07  1.20000000e+00  6.25376437e-08 -2.38422039e-04 
 1.71078889e-07  1.20000000e+00  6.25379810e-08 -2.68525556e-04 
 1.71096460e-07  1.20000000e+00  6.25376382e-08 -2.25557717e-04 
 1.71113344e-07  1.20000000e+00  6.25379741e-08 -2.34051575e-04 
 1.71131625e-07  1.20000000e+00  6.25376449e-08 -2.52730225e-04 
 1.71148477e-07  1.20000000e+00  6.25379655e-08 -2.44256063e-04 
 1.71165099e-07  1.20000000e+00  6.25376386e-08 -2.61303492e-04 
 1.71183385e-07  1.20000000e+00  6.25379797e-08 -2.37281724e-04 
 1.71201986e-07  1.20000000e+00  6.25376572e-08 -2.25478087e-04 
 1.71219864e-07  1.20000000e+00  6.25379748e-08 -2.59643066e-04 
 1.71238307e-07  1.20000000e+00  6.25376512e-08 -2.37738186e-04 
 1.71257281e-07  1.20000000e+00  6.25379693e-08 -2.69065374e-04 
 1.71274979e-07  1.20000000e+00  6.25376580e-08 -2.25323561e-04 
 1.71291958e-07  1.20000000e+00  6.25379663e-08 -2.34500876e-04 
 1.71310279e-07  1.20000000e+00  6.25376480e-08 -2.52140424e-04 
 1.71327201e-07  1.20000000e+00  6.25379674e-08 -2.44742478e-04 
 1.71343831e-07  1.20000000e+00  6.25376604e-08 -2.60977944e-04 
 1.71362117e-07  1.20000000e+00  6.25379617e-08 -2.37480916e-04 
 1.71380757e-07  1.20000000e+00  6.25376494e-08 -2.25367133e-04 
 1.71398576e-07  1.20000000e+00  6.25379670e-08 -2.59965445e-04 
 1.71417019e-07  1.20000000e+00  6.25376574e-08 -2.37311606e-04 
 1.71436044e-07  1.20000000e+00  6.25379633e-08 -2.69611158e-04 
 1.71453655e-07  1.20000000e+00  6.25376610e-08 -2.24774034e-04 
 1.71470571e-07  1.20000000e+00  6.25379653e-08 -2.35034383e-04 
 1.71488879e-07  1.20000000e+00  6.25376508e-08 -2.51536709e-04 
 1.71505758e-07  1.20000000e+00  6.25379558e-08 -2.45216383e-04 
 1.71522364e-07  1.20000000e+00  6.25376717e-08 -2.60409408e-04 
 1.71540647e-07  1.20000000e+00  6.25379641e-08 -2.38347248e-04 
 1.71559242e-07  1.20000000e+00  6.25376512e-08 -2.24536422e-04 
 1.71577118e-07  1.20000000e+00  6.25379498e-08 -2.60477083e-04 
 1.71595568e-07  1.20000000e+00  6.25376821e-08 -2.36672306e-04 
 1.71614573e-07  1.20000000e+00  6.25379565e-08 -2.70202449e-04 
 1.71632235e-07  1.20000000e+00  6.25376210e-08 -2.24357320e-04 
 1.71649201e-07  1.20000000e+00  6.25380228e-08 -2.35589396e-04 
 1.71667523e-07  1.20000000e+00  6.25375454e-08 -2.50905227e-04 
 1.71684437e-07  1.20000000e+00  6.25380449e-08 -2.45749694e-04 
 1.71701034e-07  1.20000000e+00  6.25378909e-08 -2.59965534e-04 
 1.71719315e-07  1.20000000e+00  6.25371459e-08 -2.38786166e-04 
 1.71737924e-07  1.20000000e+00  6.25390782e-08 -2.24160295e-04 
 1.71755772e-07  1.20000000e+00  6.25366479e-08 -2.60906229e-04 
 1.71774226e-07  1.20000000e+00  6.25365628e-08 -2.36148250e-04 
 1.71793255e-07  1.20000000e+00  6.25459088e-08 -2.70785628e-04 
 1.71810876e-07  1.20000000e+00  6.25202379e-08 -2.23823547e-04 
 1.71827817e-07  1.20000000e+00  6.25586599e-08 -2.36144814e-04 
 1.71846135e-07  1.20000000e+00  6.25267569e-08 -2.50284305e-04 
 1.71863031e-07  1.20000000e+00  6.24738678e-08 -2.46265015e-04 
 1.71879613e-07  1.20000000e+00  6.27614875e-08 -2.59415678e-04 
 1.71897892e-07  1.20000000e+00  6.22827497e-08 -2.39517882e-04 
 1.71916476e-07  1.20000000e+00  6.26711273e-08 -2.23465772e-04 
 1.71934353e-07  1.20000000e+00  6.28953354e-08 -2.61416520e-04 
 1.71952812e-07  1.20000000e+00  5.99631557e-08 -2.35536222e-04 
 1.71971836e-07  1.20000000e+00  6.67605965e-08 -2.71384639e-04 
 1.71989477e-07  1.20000000e+00  6.18551997e-08 -2.23344291e-04 
 1.72006442e-07  1.20000000e+00  6.53029316e-08 -2.36711157e-04 
 1.72024768e-07  1.20000000e+00  7.41756153e-08 -2.49655901e-04 
 1.72041680e-07  1.20000000e+00 -1.74465076e-08 -2.46806037e-04 
 1.72058253e-07  1.20000000e+00  7.14401401e-08 -2.58924211e-04 
 1.72076530e-07  1.20000000e+00  1.31158547e-07 -2.40052745e-04 
 1.72095117e-07  1.20000000e+00  2.22478670e-07 -2.22976481e-04 
 1.72112984e-07  1.20000000e+00  1.03142667e-06 -2.61890255e-04 
 1.72131445e-07  1.20000000e+00 -1.64380507e-06 -2.34977764e-04 
 1.72150483e-07  1.20000000e+00 -3.58992525e-06 -2.71976451e-04 
 1.72168105e-07  1.20000000e+00 -2.47199850e-06 -2.22816056e-04 
 1.72185061e-07  1.20000000e+00  7.37948940e-06 -2.37277581e-04 
 1.72203386e-07  1.20000000e+00  5.50878031e-05 -2.49055338e-04 
 1.72220292e-07  1.20000000e+00  2.42653310e-05 -2.47292965e-04 
 1.72236852e-07  1.20000000e+00 -1.36359023e-04 -2.58347849e-04 
 1.72255128e-07  1.20000000e+00 -3.98808101e-04 -2.40651975e-04 
 1.72273700e-07  1.20000000e+00 -4.11132344e-04 -2.22452005e-04 
 1.72291584e-07  1.20000000e+00  1.82286264e-03 -2.63449174e-04 
 1.72310048e-07  1.20000000e+00  5.06872968e-03 -2.34480473e-04 
 1.72329087e-07  1.20000000e+00  6.62495043e-04 -2.69976118e-04 
 1.72346706e-07  1.20000000e+00 -2.02062005e-02 -2.14747748e-04 
 1.72363670e-07  1.20000000e+00 -4.71054699e-02 -2.29938949e-04 
 1.72377905e-07  1.20000000e+00 -2.77774385e-02 -2.77958148e-04 
 1.72394395e-07  1.20000000e+00  8.76984726e-02 -3.15328806e-04 
 1.72410880e-07  1.20000000e+00  2.54560951e-01 -3.05401157e-04 
 1.72427307e-07  1.20000000e+00  4.23097795e-01 -2.87526115e-04 
 1.72444024e-07  1.20000000e+00  5.86651162e-01 -2.27523106e-04 
 1.72461674e-07  1.20000000e+00  7.44237848e-01 -2.49819619e-04 
 1.72479066e-07  1.20000000e+00  8.77003978e-01 -2.47429488e-04 
 1.72496676e-07  1.20000000e+00  9.82843427e-01 -2.59102232e-04 
 1.72512981e-07  1.20000000e+00  1.05469787e+00 -2.13162901e-04 
 1.72531135e-07  1.20000000e+00  1.10965903e+00 -1.64387359e-04 
 1.72548031e-07  1.20000000e+00  1.14287945e+00 -1.54677745e-04 
 1.72565511e-07  1.20000000e+00  1.16484053e+00 -1.90961375e-04 
 1.72582552e-07  1.20000000e+00  1.17823001e+00 -1.92088076e-04 
 1.72598638e-07  1.20000000e+00  1.18618600e+00 -1.94091019e-04 
 1.72617745e-07  1.20000000e+00  1.19200971e+00 -1.30175379e-04 
 1.72635168e-07  1.20000000e+00  1.19514332e+00 -1.45948384e-04 
 1.72652570e-07  1.20000000e+00  1.19705316e+00 -1.65632784e-04 
 1.72669969e-07  1.20000000e+00  1.19820851e+00 -1.95587836e-04 
 1.72687253e-07  1.20000000e+00  1.19891165e+00 -1.79096721e-04 
 1.72706461e-07  1.20000000e+00  1.19937223e+00 -1.41354580e-04 
 1.72724724e-07  1.20000000e+00  1.19963131e+00 -1.32216695e-04 
 1.72742131e-07  1.20000000e+00  1.19977398e+00 -1.76764153e-04 
 1.72759874e-07  1.20000000e+00  1.19986659e+00 -1.83621774e-04 
 1.72777358e-07  1.20000000e+00  1.19991696e+00 -1.89603924e-04 
 1.72796462e-07  1.20000000e+00  1.19995429e+00 -1.28473768e-04 
 1.72814754e-07  1.20000000e+00  1.19997080e+00 -1.44699361e-04 
 1.72832069e-07  1.20000000e+00  1.19998433e+00 -1.65547411e-04 
 1.72849770e-07  1.20000000e+00  1.19998846e+00 -1.95563298e-04 
 1.72866896e-07  1.20000000e+00  1.19999493e+00 -1.77834344e-04 
 1.72886025e-07  1.20000000e+00  1.19999508e+00 -1.39751880e-04 
 1.72904152e-07  1.20000000e+00  1.19999896e+00 -1.33383080e-04 
 1.72921455e-07  1.20000000e+00  1.19999741e+00 -1.76559873e-04 
 1.72939121e-07  1.20000000e+00  1.20000025e+00 -1.84393002e-04 
 1.72956266e-07  1.20000000e+00  1.19999828e+00 -1.88846609e-04 
 1.72975394e-07  1.20000000e+00  1.20000070e+00 -1.29176740e-04 
 1.72993558e-07  1.20000000e+00  1.19999864e+00 -1.44076125e-04 
 1.73010857e-07  1.20000000e+00  1.20000083e+00 -1.65713199e-04 
 1.73028551e-07  1.20000000e+00  1.19999879e+00 -1.95028529e-04 
 1.73045760e-07  1.20000000e+00  1.20000084e+00 -1.78141655e-04 
 1.73064870e-07  1.20000000e+00  1.19999887e+00 -1.39796455e-04 
 1.73083075e-07  1.20000000e+00  1.20000083e+00 -1.33707035e-04 
 1.73100359e-07  1.20000000e+00  1.19999893e+00 -1.76057767e-04 
 1.73118072e-07  1.20000000e+00  1.20000079e+00 -1.84826180e-04 
 1.73135260e-07  1.20000000e+00  1.19999897e+00 -1.88179710e-04 
 1.73154365e-07  1.20000000e+00  1.20000076e+00 -1.29740409e-04 
 1.73172569e-07  1.20000000e+00  1.19999901e+00 -1.43811663e-04 
 1.73189840e-07  1.20000000e+00  1.20000072e+00 -1.66034343e-04 
 1.73207560e-07  1.20000000e+00  1.19999905e+00 -1.94793441e-04 
 1.73224735e-07  1.20000000e+00  1.20000068e+00 -1.78201513e-04 
 1.73243835e-07  1.20000000e+00  1.19999908e+00 -1.39655799e-04 
 1.73262045e-07  1.20000000e+00  1.20000065e+00 -1.34090201e-04 
 1.73279306e-07  1.20000000e+00  1.19999911e+00 -1.75650963e-04 
 1.73297037e-07  1.20000000e+00  1.20000062e+00 -1.85226055e-04 
 1.73314212e-07  1.20000000e+00  1.19999915e+00 -1.87610911e-04 
 1.73333306e-07  1.20000000e+00  1.20000059e+00 -1.30302629e-04 
 1.73351528e-07  1.20000000e+00  1.19999917e+00 -1.43517679e-04 
 1.73368778e-07  1.20000000e+00  1.20000056e+00 -1.66266394e-04 
 1.73386521e-07  1.20000000e+00  1.19999920e+00 -1.94550739e-04 
 1.73403693e-07  1.20000000e+00  1.20000053e+00 -1.78257607e-04 
 1.73422782e-07  1.20000000e+00  1.19999923e+00 -1.39582850e-04 
 1.73441013e-07  1.20000000e+00  1.20000051e+00 -1.34421527e-04 
 1.73458253e-07  1.20000000e+00  1.19999925e+00 -1.75291409e-04 
 1.73476006e-07  1.20000000e+00  1.20000048e+00 -1.85585103e-04 
 1.73493173e-07  1.20000000e+00  1.19999928e+00 -1.87080099e-04 
 1.73512256e-07  1.20000000e+00  1.20000046e+00 -1.30794864e-04 
 1.73530496e-07  1.20000000e+00  1.19999930e+00 -1.43282058e-04 
 1.73547725e-07  1.20000000e+00  1.20000044e+00 -1.66468789e-04 
 1.73565489e-07  1.20000000e+00  1.19999932e+00 -1.94355789e-04 
 1.73582651e-07  1.20000000e+00  1.20000042e+00 -1.78276955e-04 
 1.73601730e-07  1.20000000e+00  1.19999934e+00 -1.39537546e-04 
 1.73619978e-07  1.20000000e+00  1.20000040e+00 -1.34710882e-04 
 1.73637197e-07  1.20000000e+00  1.19999936e+00 -1.74973354e-04 
 1.73654971e-07  1.20000000e+00  1.20000038e+00 -1.85899415e-04 
 1.73672129e-07  1.20000000e+00  1.19999938e+00 -1.86599946e-04 
 1.73691203e-07  1.20000000e+00  1.20000036e+00 -1.31243050e-04 
 1.73709459e-07  1.20000000e+00  1.19999940e+00 -1.43081471e-04 
 1.73726670e-07  1.20000000e+00  1.20000034e+00 -1.66634912e-04 
 1.73744454e-07  1.20000000e+00  1.19999942e+00 -1.94194258e-04 
 1.73761607e-07  1.20000000e+00  1.20000033e+00 -1.78267654e-04 
 1.73780677e-07  1.20000000e+00  1.19999943e+00 -1.39519555e-04 
 1.73798941e-07  1.20000000e+00  1.20000031e+00 -1.34964731e-04 
 1.73816142e-07  1.20000000e+00  1.19999945e+00 -1.74694432e-04 
 1.73833936e-07  1.20000000e+00  1.20000030e+00 -1.86176802e-04 
 1.73851085e-07  1.20000000e+00  1.19999946e+00 -1.86161567e-04 
 1.73870150e-07  1.20000000e+00  1.20000028e+00 -1.31647340e-04 
 1.73888422e-07  1.20000000e+00  1.19999947e+00 -1.42914895e-04 
 1.73905614e-07  1.20000000e+00  1.20000027e+00 -1.66770700e-04 
 1.73923418e-07  1.20000000e+00  1.19999949e+00 -1.94063406e-04 
 1.73940562e-07  1.20000000e+00  1.20000026e+00 -1.78233442e-04 
 1.73959623e-07  1.20000000e+00  1.19999950e+00 -1.39525429e-04 
 1.73977903e-07  1.20000000e+00  1.20000025e+00 -1.35186166e-04 
 1.73995086e-07  1.20000000e+00  1.19999951e+00 -1.74449598e-04 
 1.74012899e-07  1.20000000e+00  1.20000023e+00 -1.86420567e-04 
 1.74030039e-07  1.20000000e+00  1.19999952e+00 -1.85761351e-04 
 1.74049095e-07  1.20000000e+00  1.20000022e+00 -1.32013294e-04 
 1.74067383e-07  1.20000000e+00  1.19999953e+00 -1.42777740e-04 
 1.74084558e-07  1.20000000e+00  1.20000021e+00 -1.66879765e-04 
 1.74102380e-07  1.20000000e+00  1.19999954e+00 -1.93959230e-04 
 1.74119516e-07  1.20000000e+00  1.20000020e+00 -1.78177766e-04 
 1.74138568e-07  1.20000000e+00  1.19999955e+00 -1.39551598e-04 
 1.74156863e-07  1.20000000e+00  1.20000019e+00 -1.35379313e-04 
 1.74174029e-07  1.20000000e+00  1.19999956e+00 -1.74235042e-04 
 1.74191861e-07  1.20000000e+00  1.20000018e+00 -1.86634842e-04 
 1.74208992e-07  1.20000000e+00  1.19999957e+00 -1.85394984e-04 
 1.74228040e-07  1.20000000e+00  1.20000018e+00 -1.32345053e-04 
 1.74246342e-07  1.20000000e+00  1.19999958e+00 -1.42666280e-04 
 1.74263501e-07  1.20000000e+00  1.20000017e+00 -1.66965681e-04 
 1.74281341e-07  1.20000000e+00  1.19999959e+00 -1.93878154e-04 
 1.74298467e-07  1.20000000e+00  1.20000016e+00 -1.78103949e-04 
 1.74317512e-07  1.20000000e+00  1.19999960e+00 -1.39595045e-04 
 1.74335821e-07  1.20000000e+00  1.20000015e+00 -1.35547629e-04 
 1.74352972e-07  1.20000000e+00  1.19999960e+00 -1.74047046e-04 
 1.74370821e-07  1.20000000e+00  1.20000015e+00 -1.86823179e-04 
 1.74387943e-07  1.20000000e+00  1.19999961e+00 -1.85058678e-04 
 1.74406984e-07  1.20000000e+00  1.20000014e+00 -1.32646558e-04 
 1.74425300e-07  1.20000000e+00  1.19999962e+00 -1.42577090e-04 
 1.74442443e-07  1.20000000e+00  1.20000013e+00 -1.67031668e-04 
 1.74460301e-07  1.20000000e+00  1.19999962e+00 -1.93816967e-04 
 1.74477418e-07  1.20000000e+00  1.20000013e+00 -1.78014912e-04 
 1.74496456e-07  1.20000000e+00  1.19999963e+00 -1.39652978e-04 
 1.74514778e-07  1.20000000e+00  1.20000012e+00 -1.35694313e-04 
 1.74531914e-07  1.20000000e+00  1.19999963e+00 -1.73882304e-04 
 1.74549780e-07  1.20000000e+00  1.20000011e+00 -1.86988828e-04 
 1.74566892e-07  1.20000000e+00  1.19999964e+00 -1.84748981e-04 
 1.74585927e-07  1.20000000e+00  1.20000011e+00 -1.32921346e-04 
 1.74604255e-07  1.20000000e+00  1.19999964e+00 -1.42507101e-04 
 1.74621385e-07  1.20000000e+00  1.20000010e+00 -1.67080597e-04 
 1.74639259e-07  1.20000000e+00  1.19999965e+00 -1.93772790e-04 
 1.74656366e-07  1.20000000e+00  1.20000010e+00 -1.77913262e-04 
 1.74675399e-07  1.20000000e+00  1.19999965e+00 -1.39722945e-04 
 1.74693733e-07  1.20000000e+00  1.20000010e+00 -1.35822211e-04 
 1.74710855e-07  1.20000000e+00  1.19999966e+00 -1.73737848e-04 
 1.74728738e-07  1.20000000e+00  1.20000009e+00 -1.87134680e-04 
 1.74745840e-07  1.20000000e+00  1.19999966e+00 -1.84462353e-04 
 1.74764870e-07  1.20000000e+00  1.20000009e+00 -1.33172746e-04 
 1.74783209e-07  1.20000000e+00  1.19999967e+00 -1.42453060e-04 
 1.74800325e-07  1.20000000e+00  1.20000008e+00 -1.67113605e-04 
 1.74818215e-07  1.20000000e+00  1.19999967e+00 -1.93742772e-04 
 1.74835313e-07  1.20000000e+00  1.20000008e+00 -1.77800558e-04 
 1.74854340e-07  1.20000000e+00  1.19999967e+00 -1.39806214e-04 
 1.74872685e-07  1.20000000e+00  1.20000008e+00 -1.35931909e-04 
 1.74889795e-07  1.20000000e+00  1.19999968e+00 -1.73608869e-04 
 1.74907693e-07  1.20000000e+00  1.20000007e+00 -1.87262386e-04 
 1.74924786e-07  1.20000000e+00  1.19999968e+00 -1.84195863e-04 
 1.74943810e-07  1.20000000e+00  1.20000007e+00 -1.33407095e-04 
 1.74962162e-07  1.20000000e+00  1.19999968e+00 -1.42413234e-04 
 1.74979265e-07  1.20000000e+00  1.20000007e+00 -1.67134542e-04 
 1.74997171e-07  1.20000000e+00  1.19999969e+00 -1.93725792e-04 
 1.75014260e-07  1.20000000e+00  1.20000006e+00 -1.77677372e-04 
 1.75033281e-07  1.20000000e+00  1.19999969e+00 -1.39895605e-04 
 1.75051639e-07  1.20000000e+00  1.20000006e+00 -1.36030597e-04 
 1.75068735e-07  1.20000000e+00  1.19999969e+00 -1.73497274e-04 
 1.75086648e-07  1.20000000e+00  1.20000006e+00 -1.87377168e-04 
 1.75103732e-07  1.20000000e+00  1.19999969e+00 -1.83945909e-04 
 1.75122751e-07  1.20000000e+00  1.20000006e+00 -1.33620882e-04 
 1.75141114e-07  1.20000000e+00  1.19999970e+00 -1.42386449e-04 
 1.75158205e-07  1.20000000e+00  1.20000005e+00 -1.67145873e-04 
 1.75176125e-07  1.20000000e+00  1.19999970e+00 -1.93719303e-04 
 1.75193205e-07  1.20000000e+00  1.20000005e+00 -1.77548077e-04 
 1.75212221e-07  1.20000000e+00  1.19999970e+00 -1.39991772e-04 
 1.75230589e-07  1.20000000e+00  1.20000005e+00 -1.36116467e-04 
 1.75247674e-07  1.20000000e+00  1.19999970e+00 -1.73398500e-04 
 1.75265602e-07  1.20000000e+00  1.20000005e+00 -1.87478402e-04 
 1.75282677e-07  1.20000000e+00  1.19999971e+00 -1.83712704e-04 
 1.75301691e-07  1.20000000e+00  1.20000004e+00 -1.33818844e-04 
 1.75320064e-07  1.20000000e+00  1.19999971e+00 -1.42369705e-04 
 1.75337144e-07  1.20000000e+00  1.20000004e+00 -1.67148501e-04 
 1.75355078e-07  1.20000000e+00  1.19999971e+00 -1.93721415e-04 
 1.75372148e-07  1.20000000e+00  1.20000004e+00 -1.77413602e-04 
 1.75391160e-07  1.20000000e+00  1.19999971e+00 -1.40092652e-04 
 1.75409539e-07  1.20000000e+00  1.20000004e+00 -1.36192076e-04 
 1.75426613e-07  1.20000000e+00  1.19999971e+00 -1.73311455e-04 
 1.75444554e-07  1.20000000e+00  1.20000004e+00 -1.87568412e-04 
 1.75461619e-07  1.20000000e+00  1.19999971e+00 -1.83493876e-04 
 1.75480630e-07  1.20000000e+00  1.20000004e+00 -1.34002467e-04 
 1.75499013e-07  1.20000000e+00  1.19999972e+00 -1.42361570e-04 
 1.75516081e-07  1.20000000e+00  1.20000003e+00 -1.67143941e-04 
 1.75534030e-07  1.20000000e+00  1.19999972e+00 -1.93730648e-04 
 1.75551090e-07  1.20000000e+00  1.20000003e+00 -1.77275351e-04 
 1.75570099e-07  1.20000000e+00  1.19999972e+00 -1.40197319e-04 
 1.75588487e-07  1.20000000e+00  1.20000003e+00 -1.36258679e-04 
 1.75605550e-07  1.20000000e+00  1.19999972e+00 -1.73234427e-04 
 1.75623505e-07  1.20000000e+00  1.20000003e+00 -1.87648576e-04 
 1.75640561e-07  1.20000000e+00  1.19999972e+00 -1.83287830e-04 
 1.75659567e-07  1.20000000e+00  1.20000003e+00 -1.34173514e-04 
 1.75677960e-07  1.20000000e+00  1.19999972e+00 -1.42360700e-04 
 1.75695018e-07  1.20000000e+00  1.20000003e+00 -1.67133433e-04 
 1.75712980e-07  1.20000000e+00  1.19999972e+00 -1.93745797e-04 
 1.75730031e-07  1.20000000e+00  1.20000003e+00 -1.77134296e-04 
 1.75749036e-07  1.20000000e+00  1.19999973e+00 -1.40304742e-04 
 1.75767433e-07  1.20000000e+00  1.20000002e+00 -1.36317596e-04 
 1.75784486e-07  1.20000000e+00  1.19999973e+00 -1.73166115e-04 
 1.75802454e-07  1.20000000e+00  1.20000002e+00 -1.87720221e-04 
 1.75819501e-07  1.20000000e+00  1.19999973e+00 -1.83093088e-04 
 1.75838504e-07  1.20000000e+00  1.20000002e+00 -1.34333463e-04 
 1.75856906e-07  1.20000000e+00  1.19999973e+00 -1.42365930e-04 
 1.75873954e-07  1.20000000e+00  1.20000002e+00 -1.67118027e-04 
 1.75891928e-07  1.20000000e+00  1.19999973e+00 -1.93765798e-04 
 1.75908970e-07  1.20000000e+00  1.20000002e+00 -1.76991309e-04 
 1.75927972e-07  1.20000000e+00  1.19999973e+00 -1.40414124e-04 
 1.75946378e-07  1.20000000e+00  1.20000002e+00 -1.36369913e-04 
 1.75963422e-07  1.20000000e+00  1.19999973e+00 -1.73105353e-04 
 1.75981402e-07  1.20000000e+00  1.20000002e+00 -1.87784470e-04 
 1.75998439e-07  1.20000000e+00  1.19999973e+00 -1.82908369e-04 
 1.76017439e-07  1.20000000e+00  1.20000002e+00 -1.34483609e-04 
 1.76035850e-07  1.20000000e+00  1.19999973e+00 -1.42376275e-04 
 1.76052889e-07  1.20000000e+00  1.20000002e+00 -1.67098623e-04 
 1.76070875e-07  1.20000000e+00  1.19999973e+00 -1.93789760e-04 
 1.76087908e-07  1.20000000e+00  1.20000002e+00 -1.76847100e-04 
 1.76106906e-07  1.20000000e+00  1.19999974e+00 -1.40524786e-04 
 1.76125321e-07  1.20000000e+00  1.20000002e+00 -1.36416576e-04 
 1.76142356e-07  1.20000000e+00  1.19999974e+00 -1.73051141e-04 
 1.76160348e-07  1.20000000e+00  1.20000001e+00 -1.87842299e-04 
 1.76177377e-07  1.20000000e+00  1.19999974e+00 -1.82732548e-04 
 1.76196374e-07  1.20000000e+00  1.20000001e+00 -1.34625085e-04 
 1.76214792e-07  1.20000000e+00  1.19999974e+00 -1.42390890e-04 
 1.76231823e-07  1.20000000e+00  1.20000001e+00 -1.67075980e-04 
 1.76249821e-07  1.20000000e+00  1.19999974e+00 -1.93816921e-04 
 1.76266845e-07  1.20000000e+00  1.20000001e+00 -1.76702256e-04 
 1.76285840e-07  1.20000000e+00  1.19999974e+00 -1.40636173e-04 
 1.76304263e-07  1.20000000e+00  1.20000001e+00 -1.36458397e-04 
 1.76321289e-07  1.20000000e+00  1.19999974e+00 -1.73002614e-04 
 1.76339293e-07  1.20000000e+00  1.20000001e+00 -1.87894547e-04 
 1.76356313e-07  1.20000000e+00  1.19999974e+00 -1.82564640e-04 
 1.76375307e-07  1.20000000e+00  1.20000001e+00 -1.34758878e-04 
 1.76393733e-07  1.20000000e+00  1.19999974e+00 -1.42409059e-04 
 1.76410755e-07  1.20000000e+00  1.20000001e+00 -1.67050743e-04 
 1.76428765e-07  1.20000000e+00  1.19999974e+00 -1.93846638e-04 
 1.76445780e-07  1.20000000e+00  1.20000001e+00 -1.76557254e-04 
 1.76464773e-07  1.20000000e+00  1.19999974e+00 -1.40747829e-04 
 1.76483203e-07  1.20000000e+00  1.20000001e+00 -1.36496073e-04 
 1.76500221e-07  1.20000000e+00  1.19999974e+00 -1.72959028e-04 
 1.76518236e-07  1.20000000e+00  1.20000001e+00 -1.87941940e-04 
 1.76535247e-07  1.20000000e+00  1.19999974e+00 -1.82403782e-04 
 1.76554239e-07  1.20000000e+00  1.20000001e+00 -1.34885854e-04 
 1.76572673e-07  1.20000000e+00  1.19999974e+00 -1.42430173e-04 
 1.76589687e-07  1.20000000e+00  1.20000001e+00 -1.67023455e-04 
 1.76607707e-07  1.20000000e+00  1.19999974e+00 -1.93878370e-04 
 1.76624714e-07  1.20000000e+00  1.20000001e+00 -1.76412481e-04 
 1.76643704e-07  1.20000000e+00  1.19999974e+00 -1.40859386e-04 
 1.76662142e-07  1.20000000e+00  1.20000001e+00 -1.36530202e-04 
 1.76679152e-07  1.20000000e+00  1.19999975e+00 -1.72919741e-04 
 1.76697178e-07  1.20000000e+00  1.20000001e+00 -1.87985102e-04 
 1.76714180e-07  1.20000000e+00  1.19999975e+00 -1.82249218e-04 
 1.76733170e-07  1.20000000e+00  1.20000001e+00 -1.35006768e-04 
 1.76751611e-07  1.20000000e+00  1.19999975e+00 -1.42453715e-04 
 1.76768618e-07  1.20000000e+00  1.20000000e+00 -1.66994571e-04 
 1.76786649e-07  1.20000000e+00  1.19999975e+00 -1.93911661e-04 
 1.76803646e-07  1.20000000e+00  1.20000000e+00 -1.76268244e-04 
 1.76822635e-07  1.20000000e+00  1.19999975e+00 -1.40970549e-04 
 1.76841080e-07  1.20000000e+00  1.20000000e+00 -1.36561296e-04 
 1.76858083e-07  1.20000000e+00  1.19999975e+00 -1.72884201e-04 
 1.76876119e-07  1.20000000e+00  1.20000000e+00 -1.88024570e-04 
 1.76893112e-07  1.20000000e+00  1.19999975e+00 -1.82100280e-04 
 1.76912100e-07  1.20000000e+00  1.20000000e+00 -1.35122282e-04 
 1.76930548e-07  1.20000000e+00  1.19999975e+00 -1.42479251e-04 
 1.76947547e-07  1.20000000e+00  1.20000000e+00 -1.66964474e-04 
 1.76965588e-07  1.20000000e+00  1.19999975e+00 -1.93946132e-04 
 1.76982578e-07  1.20000000e+00  1.20000000e+00 -1.76124783e-04 
 1.77001564e-07  1.20000000e+00  1.19999975e+00 -1.41081085e-04 
 1.77020016e-07  1.20000000e+00  1.20000000e+00 -1.36589795e-04 
 1.77037012e-07  1.20000000e+00  1.19999975e+00 -1.72851930e-04 
 1.77055058e-07  1.20000000e+00  1.20000000e+00 -1.88060809e-04 
 1.77072043e-07  1.20000000e+00  1.19999975e+00 -1.81956382e-04 
 1.77091029e-07  1.20000000e+00  1.20000000e+00 -1.35232977e-04 
 1.77109483e-07  1.20000000e+00  1.19999975e+00 -1.42506414e-04 
 1.77126476e-07  1.20000000e+00  1.20000000e+00 -1.66933483e-04 
 1.77144527e-07  1.20000000e+00  1.19999975e+00 -1.93981462e-04 
 1.77161508e-07  1.20000000e+00  1.20000000e+00 -1.75982284e-04 
 1.77180493e-07  1.20000000e+00  1.19999975e+00 -1.41190814e-04 
 1.77198950e-07  1.20000000e+00  1.20000000e+00 -1.36616077e-04 
 1.77215940e-07  1.20000000e+00  1.19999975e+00 -1.72822520e-04 
 1.77233995e-07  1.20000000e+00  1.20000000e+00 -1.88094217e-04 
 1.77250972e-07  1.20000000e+00  1.19999975e+00 -1.81817005e-04 
 1.77269956e-07  1.20000000e+00  1.20000000e+00 -1.35339365e-04 
 1.77288417e-07  1.20000000e+00  1.19999975e+00 -1.42534895e-04 
 1.77305403e-07  1.20000000e+00  1.20000000e+00 -1.66901862e-04 
 1.77323464e-07  1.20000000e+00  1.19999975e+00 -1.94017387e-04 
 1.77340436e-07  1.20000000e+00  1.20000000e+00 -1.75840882e-04 
 1.77359420e-07  1.20000000e+00  1.19999975e+00 -1.41299601e-04 
 1.77377883e-07  1.20000000e+00  1.20000000e+00 -1.36640464e-04 
 1.77394867e-07  1.20000000e+00  1.19999975e+00 -1.72795617e-04 
 1.77412932e-07  1.20000000e+00  1.20000000e+00 -1.88125140e-04 
 1.77429900e-07  1.20000000e+00  1.19999975e+00 -1.81681688e-04 
 1.77448883e-07  1.20000000e+00  1.20000000e+00 -1.35441895e-04 
 1.77467349e-07  1.20000000e+00  1.19999975e+00 -1.42564437e-04 
 1.77484330e-07  1.20000000e+00  1.20000000e+00 -1.66869833e-04 
 1.77502399e-07  1.20000000e+00  1.19999975e+00 -1.94053689e-04 
 1.77519364e-07  1.20000000e+00  1.20000000e+00 -1.75700675e-04 
 1.77538346e-07  1.20000000e+00  1.19999975e+00 -1.41407345e-04 
 1.77556815e-07  1.20000000e+00  1.20000000e+00 -1.36663234e-04 
 1.77573792e-07  1.20000000e+00  1.19999975e+00 -1.72770917e-04 
 1.77591867e-07  1.20000000e+00  1.20000000e+00 -1.88153873e-04 
 1.77608827e-07  1.20000000e+00  1.19999975e+00 -1.81550025e-04 
 1.77627808e-07  1.20000000e+00  1.20000000e+00 -1.35540965e-04 
 1.77646281e-07  1.20000000e+00  1.19999975e+00 -1.42594823e-04 
 1.77663255e-07  1.20000000e+00  1.20000000e+00 -1.66837578e-04 
 1.77681334e-07  1.20000000e+00  1.19999975e+00 -1.94090185e-04 
 1.77698290e-07  1.20000000e+00  1.20000000e+00 -1.75561725e-04 
 1.77717265e-07  1.20000000e+00  1.19999976e+00 -1.41523979e-04 
 1.77735743e-07  1.20000000e+00  1.20000000e+00 -1.36679083e-04 
 1.77752712e-07  1.20000000e+00  1.19999976e+00 -1.72742045e-04 
 1.77770796e-07  1.20000000e+00  1.20000000e+00 -1.88177259e-04 
 1.77787751e-07  1.20000000e+00  1.19999976e+00 -1.81423701e-04 
 1.77806719e-07  1.20000000e+00  1.20000000e+00 -1.35660911e-04 
 1.77825204e-07  1.20000000e+00  1.19999976e+00 -1.42614121e-04 
 1.77842167e-07  1.20000000e+00  1.20000000e+00 -1.66791695e-04 
 1.77860258e-07  1.20000000e+00  1.19999976e+00 -1.94120451e-04 
 1.77877214e-07  1.20000000e+00  1.19999999e+00 -1.75425938e-04 
 1.77896173e-07  1.20000000e+00  1.19999976e+00 -1.41656299e-04 
 1.77914667e-07  1.20000000e+00  1.19999999e+00 -1.36688358e-04 
 1.77931623e-07  1.20000000e+00  1.19999976e+00 -1.72707767e-04 
 1.77949721e-07  1.20000000e+00  1.19999999e+00 -1.88197460e-04 
 1.77966676e-07  1.20000000e+00  1.19999976e+00 -1.81296851e-04 
 1.77985627e-07  1.20000000e+00  1.19999999e+00 -1.35779877e-04 
 1.78004128e-07  1.20000000e+00  1.19999976e+00 -1.42636429e-04 
 1.78021078e-07  1.20000000e+00  1.19999999e+00 -1.66747066e-04 
 1.78039183e-07  1.20000000e+00  1.19999976e+00 -1.94153012e-04 
 1.78056137e-07  1.20000000e+00  1.19999999e+00 -1.75286709e-04 
 1.78075080e-07  1.20000000e+00  1.19999976e+00 -1.41787700e-04 
 1.78093589e-07  1.20000000e+00  1.19999999e+00 -1.36698002e-04 
 1.78110533e-07  1.20000000e+00  1.19999976e+00 -1.72675076e-04 
 1.78128644e-07  1.20000000e+00  1.19999999e+00 -1.88216965e-04 
 1.78145598e-07  1.20000000e+00  1.19999976e+00 -1.81170605e-04 
 1.78164533e-07  1.20000000e+00  1.19999999e+00 -1.35898705e-04 
 1.78183050e-07  1.20000000e+00  1.19999976e+00 -1.42658993e-04 
 1.78199987e-07  1.20000000e+00  1.19999999e+00 -1.66701272e-04 
 1.78218105e-07  1.20000000e+00  1.19999976e+00 -1.94185647e-04 
 1.78235059e-07  1.20000000e+00  1.19999999e+00 -1.75146729e-04 
 1.78253986e-07  1.20000000e+00  1.19999976e+00 -1.41919722e-04 
 1.78272510e-07  1.20000000e+00  1.19999999e+00 -1.36707350e-04 
 1.78289441e-07  1.20000000e+00  1.19999976e+00 -1.72643138e-04 
 1.78307566e-07  1.20000000e+00  1.19999999e+00 -1.88235900e-04 
 1.78324519e-07  1.20000000e+00  1.19999976e+00 -1.81044073e-04 
 1.78343437e-07  1.20000000e+00  1.19999999e+00 -1.36016792e-04 
 1.78361970e-07  1.20000000e+00  1.19999976e+00 -1.42682497e-04 
 1.78378895e-07  1.20000000e+00  1.19999999e+00 -1.66655198e-04 
 1.78397026e-07  1.20000000e+00  1.19999976e+00 -1.94218737e-04 
 1.78413978e-07  1.20000000e+00  1.19999999e+00 -1.75005546e-04 
 1.78432889e-07  1.20000000e+00  1.19999976e+00 -1.42052343e-04 
 1.78451430e-07  1.20000000e+00  1.19999999e+00 -1.36716443e-04 
 1.78468348e-07  1.20000000e+00  1.19999976e+00 -1.72611688e-04 
 1.78486485e-07  1.20000000e+00  1.19999999e+00 -1.88254230e-04 
 1.78503437e-07  1.20000000e+00  1.19999976e+00 -1.80917272e-04 
 1.78522340e-07  1.20000000e+00  1.19999999e+00 -1.36134618e-04 
 1.78540888e-07  1.20000000e+00  1.19999976e+00 -1.42706701e-04 
 1.78557800e-07  1.20000000e+00  1.19999999e+00 -1.66608759e-04 
 1.78575945e-07  1.20000000e+00  1.19999976e+00 -1.94252145e-04 
 1.78592896e-07  1.20000000e+00  1.19999999e+00 -1.74863093e-04 
 1.78611791e-07  1.20000000e+00  1.19999976e+00 -1.42185556e-04 
 1.78630347e-07  1.20000000e+00  1.19999999e+00 -1.36725467e-04 
 1.78647252e-07  1.20000000e+00  1.19999976e+00 -1.72580678e-04 
 1.78665403e-07  1.20000000e+00  1.19999999e+00 -1.88272120e-04 
 1.78682354e-07  1.20000000e+00  1.19999976e+00 -1.80789882e-04 
 1.78701241e-07  1.20000000e+00  1.19999999e+00 -1.36252390e-04 
 1.78719805e-07  1.20000000e+00  1.19999976e+00 -1.42731551e-04 
 1.78736704e-07  1.20000000e+00  1.19999999e+00 -1.66562012e-04 
 1.78754862e-07  1.20000000e+00  1.19999976e+00 -1.94285799e-04 
 1.78771812e-07  1.20000000e+00  1.19999999e+00 -1.74719304e-04 
 1.78790690e-07  1.20000000e+00  1.19999976e+00 -1.42319458e-04 
 1.78809262e-07  1.20000000e+00  1.19999999e+00 -1.36734501e-04 
 1.78826155e-07  1.20000000e+00  1.19999976e+00 -1.72549973e-04 
 1.78844320e-07  1.20000000e+00  1.19999999e+00 -1.88289650e-04 
 1.78861269e-07  1.20000000e+00  1.19999976e+00 -1.80661664e-04 
 1.78880139e-07  1.20000000e+00  1.19999999e+00 -1.36370337e-04 
 1.78898719e-07  1.20000000e+00  1.19999976e+00 -1.42757000e-04 
 1.78915606e-07  1.20000000e+00  1.19999999e+00 -1.66514998e-04 
 1.78933777e-07  1.20000000e+00  1.19999976e+00 -1.94319650e-04 
 1.78950726e-07  1.20000000e+00  1.19999999e+00 -1.74574066e-04 
 1.78969588e-07  1.20000000e+00  1.19999976e+00 -1.42454133e-04 
 1.78988176e-07  1.20000000e+00  1.19999999e+00 -1.36743637e-04 
 1.79005056e-07  1.20000000e+00  1.19999976e+00 -1.72519474e-04 
 1.79023234e-07  1.20000000e+00  1.19999999e+00 -1.88306904e-04 
 1.79040182e-07  1.20000000e+00  1.19999976e+00 -1.80532376e-04 
 1.79059036e-07  1.20000000e+00  1.19999999e+00 -1.36488681e-04 
 1.79077632e-07  1.20000000e+00  1.19999976e+00 -1.42783008e-04 
 1.79094506e-07  1.20000000e+00  1.19999999e+00 -1.66467739e-04 
 1.79112690e-07  1.20000000e+00  1.19999976e+00 -1.94353654e-04 
 1.79129638e-07  1.20000000e+00  1.19999999e+00 -1.74427256e-04 
 1.79148484e-07  1.20000000e+00  1.19999976e+00 -1.42589686e-04 
 1.79167087e-07  1.20000000e+00  1.19999999e+00 -1.36752956e-04 
 1.79183955e-07  1.20000000e+00  1.19999976e+00 -1.72489091e-04 
 1.79202147e-07  1.20000000e+00  1.19999999e+00 -1.88323950e-04 
 1.79219093e-07  1.20000000e+00  1.19999976e+00 -1.80401778e-04 
 1.79237931e-07  1.20000000e+00  1.19999999e+00 -1.36607637e-04 
 1.79256542e-07  1.20000000e+00  1.19999976e+00 -1.42809549e-04 
 1.79273404e-07  1.20000000e+00  1.19999999e+00 -1.66420251e-04 
 1.79291602e-07  1.20000000e+00  1.19999976e+00 -1.94387775e-04 
 1.79308548e-07  1.20000000e+00  1.19999999e+00 -1.74278732e-04 
 1.79327378e-07  1.20000000e+00  1.19999977e+00 -1.42726233e-04 
 1.79345997e-07  1.20000000e+00  1.19999999e+00 -1.36762531e-04 
 1.79362853e-07  1.20000000e+00  1.19999977e+00 -1.72458743e-04 
 1.79381057e-07  1.20000000e+00  1.19999999e+00 -1.88340849e-04 
 1.79398002e-07  1.20000000e+00  1.19999977e+00 -1.80269631e-04 
 1.79416824e-07  1.20000000e+00  1.19999999e+00 -1.36727418e-04 
 1.79435451e-07  1.20000000e+00  1.19999977e+00 -1.42836607e-04 
 1.79452301e-07  1.20000000e+00  1.19999999e+00 -1.66372541e-04 
 1.79470512e-07  1.20000000e+00  1.19999977e+00 -1.94421986e-04 
 1.79487456e-07  1.20000000e+00  1.19999999e+00 -1.74128335e-04 
 1.79506270e-07  1.20000000e+00  1.19999977e+00 -1.42863907e-04 
 1.79524905e-07  1.20000000e+00  1.19999998e+00 -1.36772430e-04 
 1.79541748e-07  1.20000000e+00  1.19999977e+00 -1.72428354e-04 
 1.79559966e-07  1.20000000e+00  1.19999998e+00 -1.88357652e-04 
 1.79576910e-07  1.20000000e+00  1.19999977e+00 -1.80135359e-04 
 1.79595716e-07  1.20000000e+00  1.19999998e+00 -1.36848112e-04 
 1.79614358e-07  1.20000000e+00  1.19999977e+00 -1.42864357e-04 
 1.79631196e-07  1.20000000e+00  1.19999998e+00 -1.66324800e-04 
 1.79649420e-07  1.20000000e+00  1.19999977e+00 -1.94456375e-04 
 1.79666363e-07  1.20000000e+00  1.19999998e+00 -1.73975436e-04 
 1.79685161e-07  1.20000000e+00  1.19999977e+00 -1.43002755e-04 
 1.79703811e-07  1.20000000e+00  1.19999998e+00 -1.36782865e-04 
 1.79720642e-07  1.20000000e+00  1.19999977e+00 -1.72398027e-04 
 1.79738874e-07  1.20000000e+00  1.19999998e+00 -1.88374464e-04 
 1.79755815e-07  1.20000000e+00  1.19999977e+00 -1.79999330e-04 
 1.79774605e-07  1.20000000e+00  1.19999998e+00 -1.36970259e-04 
 1.79793263e-07  1.20000000e+00  1.19999977e+00 -1.42892385e-04 
 1.79810088e-07  1.20000000e+00  1.19999998e+00 -1.66276562e-04 
 1.79828327e-07  1.20000000e+00  1.19999977e+00 -1.94490675e-04 
 1.79845267e-07  1.20000000e+00  1.19999998e+00 -1.73820716e-04 
 1.79864049e-07  1.20000000e+00  1.19999977e+00 -1.43143274e-04 
 1.79882715e-07  1.20000000e+00  1.19999998e+00 -1.36793566e-04 
 1.79899534e-07  1.20000000e+00  1.19999977e+00 -1.72367257e-04 
 1.79917779e-07  1.20000000e+00  1.19999998e+00 -1.88391142e-04 
 1.79934719e-07  1.20000000e+00  1.19999977e+00 -1.79861490e-04 
 1.79953492e-07  1.20000000e+00  1.19999998e+00 -1.37093030e-04 
 1.79972167e-07  1.20000000e+00  1.19999977e+00 -1.42921890e-04 
 1.79988980e-07  1.20000000e+00  1.19999998e+00 -1.66227708e-04 
 1.80007231e-07  1.20000000e+00  1.19999977e+00 -1.94525175e-04 
 1.80024169e-07  1.20000000e+00  1.19999998e+00 -1.73666379e-04 
 1.80042935e-07  1.20000000e+00  1.19999977e+00 -1.43281764e-04 
 1.80059741e-07  1.20000000e+00  1.19999998e+00 -1.35645361e-04 
 1.80077383e-07  1.20000000e+00  1.19999977e+00 -1.71024149e-04 
 1.80088691e-07  1.20000000e+00  1.19999998e+00 -1.79641937e-04 
 1.80100000e-07  1.20000000e+00  1.19999977e+00 -1.92558731e-04 
 1.80102262e-07  1.17285905e+00  1.19999988e+00 -2.03461090e-04 
 1.80106785e-07  1.11857714e+00  1.19999988e+00 -1.99382003e-04 
 1.80115832e-07  1.01001332e+00  1.19999988e+00 -1.81575700e-04 
 1.80130025e-07  8.39705610e-01  1.19999988e+00 -1.59951391e-04 
 1.80145327e-07  6.56077309e-01  1.19999988e+00 -1.57278169e-04 
 1.80161338e-07  4.63940931e-01  1.19999988e+00 -1.96473147e-04 
 1.80178306e-07  2.60325097e-01  1.19999988e+00 -2.29410129e-04 
 1.80189153e-07  1.30162549e-01  1.19999988e+00 -2.51666286e-04 
 1.80200000e-07  0.00000000e+00  1.19999988e+00 -2.56849350e-04 
 1.80202169e-07  0.00000000e+00  1.19999988e+00 -2.32989250e-04 
 1.80206508e-07  0.00000000e+00  1.19999988e+00 -2.34894397e-04 
 1.80215186e-07  0.00000000e+00  1.19999988e+00 -2.32689202e-04 
 1.80229811e-07  0.00000000e+00  1.19999988e+00 -2.25469966e-04 
 1.80245365e-07  0.00000000e+00  1.19999988e+00 -2.37696725e-04 
 1.80262100e-07  0.00000000e+00  1.19999988e+00 -2.74528862e-04 
 1.80280655e-07  0.00000000e+00  1.19999988e+00 -2.43302230e-04 
 1.80298192e-07  0.00000000e+00  1.19999988e+00 -2.40660428e-04 
 1.80316022e-07  0.00000000e+00  1.19999988e+00 -2.19110957e-04 
 1.80333467e-07  0.00000000e+00  1.19999988e+00 -2.43847958e-04 
 1.80351289e-07  0.00000000e+00  1.19999988e+00 -2.68818404e-04 
 1.80368345e-07  0.00000000e+00  1.19999988e+00 -2.54446426e-04 
 1.80386664e-07  0.00000000e+00  1.19999988e+00 -2.34108755e-04 
 1.80403727e-07  0.00000000e+00  1.19999988e+00 -2.28112838e-04 
 1.80421917e-07  0.00000000e+00  1.19999988e+00 -2.33824538e-04 
 1.80439038e-07  0.00000000e+00  1.19999988e+00 -2.76355039e-04 
 1.80456434e-07  0.00000000e+00  1.19999988e+00 -2.49799407e-04 
 1.80474182e-07  0.00000000e+00  1.19999988e+00 -2.41363029e-04 
 1.80491474e-07  0.00000000e+00  1.19999988e+00 -2.21983479e-04 
 1.80509623e-07  0.00000000e+00  1.19999988e+00 -2.36798757e-04 
 1.80526566e-07  0.00000000e+00  1.19999988e+00 -2.69399017e-04 
 1.80544011e-07  0.00000000e+00  1.19999988e+00 -2.60138696e-04 
 1.80561468e-07  0.00000000e+00  1.19999988e+00 -2.33722791e-04 
 1.80579066e-07  0.00000000e+00  1.19999988e+00 -2.30495075e-04 
 1.80596600e-07  0.00000000e+00  1.19999988e+00 -2.25546330e-04 
 1.80613700e-07  0.00000000e+00  1.19999988e+00 -2.75614223e-04 
 1.80631086e-07  0.00000000e+00  1.19999988e+00 -2.56355256e-04 
 1.80648485e-07  0.00000000e+00  1.19999988e+00 -2.40630687e-04 
 1.80666924e-07  0.00000000e+00  1.19999988e+00 -2.24543380e-04 
 1.80683707e-07  0.00000000e+00  1.19999988e+00 -2.30316390e-04 
 1.80701352e-07  0.00000000e+00  1.19999988e+00 -2.66389902e-04 
 1.80718880e-07  0.00000000e+00  1.19999988e+00 -2.65373675e-04 
 1.80736548e-07  0.00000000e+00  1.19999988e+00 -2.34108496e-04 
 1.80753062e-07  0.00000000e+00  1.19999988e+00 -2.34720035e-04 
 1.80770644e-07  0.00000000e+00  1.19999988e+00 -2.22048636e-04 
 1.80787545e-07  0.00000000e+00  1.19999988e+00 -2.65495954e-04 
 1.80806148e-07  0.00000000e+00  1.19999988e+00 -2.62414874e-04 
 1.80824247e-07  0.00000000e+00  1.19999988e+00 -2.40445515e-04 
 1.80840836e-07  0.00000000e+00  1.19999988e+00 -2.30424919e-04 
 1.80858702e-07  0.00000000e+00  1.19999988e+00 -2.27180952e-04 
 1.80875993e-07  0.00000000e+00  1.19999988e+00 -2.56661045e-04 
 1.80895360e-07  0.00000000e+00  1.19999988e+00 -2.69616272e-04 
 1.80913236e-07  0.00000000e+00  1.19999988e+00 -2.34295248e-04 
 1.80929884e-07  0.00000000e+00  1.19999988e+00 -2.36739485e-04 
 1.80947865e-07  0.00000000e+00  1.19999988e+00 -2.20689544e-04 
 1.80965131e-07  0.00000000e+00  1.19999988e+00 -2.62326492e-04 
 1.80984728e-07  0.00000000e+00  1.19999988e+00 -2.63843391e-04 
 1.81002444e-07  0.00000000e+00  1.19999988e+00 -2.40615778e-04 
 1.81019084e-07  0.00000000e+00  1.19999988e+00 -2.30312724e-04 
 1.81037106e-07  0.00000000e+00  1.19999988e+00 -2.26828284e-04 
 1.81054328e-07  0.00000000e+00  1.19999988e+00 -2.55614249e-04 
 1.81071980e-07  0.00000000e+00  1.19999988e+00 -2.71993562e-04 
 1.81090430e-07  0.00000000e+00  1.19999988e+00 -2.35458093e-04 
 1.81107465e-07  0.00000000e+00  1.19999988e+00 -2.37200880e-04 
 1.81125367e-07  0.00000000e+00  1.19999988e+00 -2.20475577e-04 
 1.81143042e-07  0.00000000e+00  1.19999988e+00 -2.59557044e-04 
 1.81160458e-07  0.00000000e+00  1.19999988e+00 -2.67101205e-04 
 1.81178776e-07  0.00000000e+00  1.19999988e+00 -2.42370504e-04 
 1.81197785e-07  0.00000000e+00  1.19999988e+00 -2.29654284e-04 
 1.81214905e-07  0.00000000e+00  1.19999988e+00 -2.26814906e-04 
 1.81233393e-07  0.00000000e+00  1.19999988e+00 -2.56814460e-04 
 1.81252349e-07  0.00000000e+00  1.19999988e+00 -2.71147909e-04 
 1.81270357e-07  0.00000000e+00  1.19999988e+00 -2.34306438e-04 
 1.81287046e-07  0.00000000e+00  1.19999988e+00 -2.35761424e-04 
 1.81305040e-07  0.00000000e+00  1.19999988e+00 -2.20613159e-04 
 1.81322373e-07  0.00000000e+00  1.19999988e+00 -2.62061059e-04 
 1.81341861e-07  0.00000000e+00  1.19999988e+00 -2.65354045e-04 
 1.81359676e-07  0.00000000e+00  1.19999988e+00 -2.40304727e-04 
 1.81376429e-07  0.00000000e+00  1.19999988e+00 -2.29397206e-04 
 1.81394496e-07  0.00000000e+00  1.19999988e+00 -2.26560323e-04 
 1.81411735e-07  0.00000000e+00  1.19999988e+00 -2.56184288e-04 
 1.81431251e-07  0.00000000e+00  1.19999988e+00 -2.71577298e-04 
 1.81449081e-07  0.00000000e+00  1.19999988e+00 -2.34299235e-04 
 1.81465861e-07  0.00000000e+00  1.19999988e+00 -2.34951566e-04 
 1.81483944e-07  0.00000000e+00  1.19999988e+00 -2.20611186e-04 
 1.81501161e-07  0.00000000e+00  1.19999988e+00 -2.62374446e-04 
 1.81520599e-07  0.00000000e+00  1.19999988e+00 -2.65910075e-04 
 1.81538510e-07  0.00000000e+00  1.19999988e+00 -2.40156208e-04 
 1.81555329e-07  0.00000000e+00  1.19999988e+00 -2.28594625e-04 
 1.81573418e-07  0.00000000e+00  1.19999988e+00 -2.26562142e-04 
 1.81590638e-07  0.00000000e+00  1.19999988e+00 -2.56833192e-04 
 1.81609966e-07  0.00000000e+00  1.19999988e+00 -2.72071582e-04 
 1.81627989e-07  0.00000000e+00  1.19999988e+00 -2.34102388e-04 
 1.81644846e-07  0.00000000e+00  1.19999988e+00 -2.34061171e-04 
 1.81662935e-07  0.00000000e+00  1.19999988e+00 -2.20681844e-04 
 1.81680158e-07  0.00000000e+00  1.19999988e+00 -2.63268247e-04 
 1.81699349e-07  0.00000000e+00  1.19999988e+00 -2.66348590e-04 
 1.81717512e-07  0.00000000e+00  1.19999988e+00 -2.39856978e-04 
 1.81734409e-07  0.00000000e+00  1.19999988e+00 -2.27645921e-04 
 1.81752493e-07  0.00000000e+00  1.19999988e+00 -2.26667729e-04 
 1.81769721e-07  0.00000000e+00  1.19999988e+00 -2.57989808e-04 
 1.81788755e-07  0.00000000e+00  1.19999988e+00 -2.72403635e-04 
 1.81807084e-07  0.00000000e+00  1.19999988e+00 -2.33759346e-04 
 1.81824023e-07  0.00000000e+00  1.19999988e+00 -2.32998302e-04 
 1.81842099e-07  0.00000000e+00  1.19999988e+00 -2.20884374e-04 
 1.81859333e-07  0.00000000e+00  1.19999988e+00 -2.64629512e-04 
 1.81878192e-07  0.00000000e+00  1.19999988e+00 -2.66623265e-04 
 1.81896715e-07  0.00000000e+00  1.19999988e+00 -2.39404316e-04 
 1.81913694e-07  0.00000000e+00  1.19999988e+00 -2.26527821e-04 
 1.81931761e-07  0.00000000e+00  1.19999988e+00 -2.26910500e-04 
 1.81949000e-07  0.00000000e+00  1.19999988e+00 -2.59642277e-04 
 1.81967670e-07  0.00000000e+00  1.19999988e+00 -2.72541795e-04 
 1.81986331e-07  0.00000000e+00  1.19999988e+00 -2.33346262e-04 
 1.82003323e-07  0.00000000e+00  1.19999988e+00 -2.31839839e-04 
 1.82021370e-07  0.00000000e+00  1.19999988e+00 -2.21207107e-04 
 1.82038603e-07  0.00000000e+00  1.19999987e+00 -2.66136278e-04 
 1.82057115e-07  0.00000000e+00  1.19999988e+00 -2.66829926e-04 
 1.82075807e-07  0.00000000e+00  1.19999988e+00 -2.39101213e-04 
 1.82092820e-07  0.00000000e+00  1.19999986e+00 -2.25618982e-04 
 1.82110829e-07  0.00000000e+00  1.19999989e+00 -2.27091315e-04 
 1.82128069e-07  0.00000000e+00  1.19999988e+00 -2.60556802e-04 
 1.82146491e-07  0.00000000e+00  1.19999991e+00 -2.72886856e-04 
 1.82165227e-07  0.00000000e+00  1.19999999e+00 -2.33240369e-04 
 1.82182270e-07  0.00000000e+00  1.19999937e+00 -2.31113436e-04 
 1.82200269e-07  0.00000000e+00  1.19999956e+00 -2.21299371e-04 
 1.82217522e-07  0.00000000e+00  1.19999996e+00 -2.66575023e-04 
 1.82235886e-07  0.00000000e+00  1.20000179e+00 -2.67298019e-04 
 1.82254660e-07  0.00000000e+00  1.20000853e+00 -2.38989051e-04 
 1.82271731e-07  0.00000000e+00  1.19999369e+00 -2.24995804e-04 
 1.82289725e-07  0.00000000e+00  1.19996699e+00 -2.27096428e-04 
 1.82306985e-07  0.00000000e+00  1.19994728e+00 -2.61035873e-04 
 1.82325292e-07  0.00000000e+00  1.20001023e+00 -2.73289141e-04 
 1.82344098e-07  0.00000000e+00  1.20045315e+00 -2.33426886e-04 
 1.82361194e-07  0.00000000e+00  1.20056646e+00 -2.30336378e-04 
 1.82379180e-07  0.00000000e+00  1.19929685e+00 -2.20719298e-04 
 1.82396446e-07  0.00000000e+00  1.19607228e+00 -2.65322755e-04 
 1.82414698e-07  0.00000000e+00  1.19338701e+00 -2.67126837e-04 
 1.82433534e-07  0.00000000e+00  1.21064646e+00 -2.50876668e-04 
 1.82452421e-07  0.00000000e+00  1.24818732e+00 -2.35295903e-04 
 1.82469608e-07  0.00000000e+00  1.24590578e+00 -2.15772217e-04 
 1.82487044e-07  0.00000000e+00  1.13511146e+00 -2.20175168e-04 
 1.82503342e-07  0.00000000e+00  9.48581466e-01 -2.04920682e-04 
 1.82517920e-07  0.00000000e+00  7.58913562e-01 -1.65792590e-04 
 1.82534589e-07  0.00000000e+00  5.45219510e-01 -1.93333074e-04 
 1.82551216e-07  0.00000000e+00  3.53056965e-01 -1.62387603e-04 
 1.82569124e-07  0.00000000e+00  1.91592598e-01 -1.72411117e-04 
 1.82585277e-07  0.00000000e+00  9.76458686e-02 -1.88808956e-04 
 1.82603830e-07  0.00000000e+00  4.07580067e-02 -1.58149692e-04 
 1.82620978e-07  0.00000000e+00  1.75883334e-02 -1.68500622e-04 
 1.82637255e-07  0.00000000e+00  7.86064329e-03 -1.63012817e-04 
 1.82655272e-07  0.00000000e+00  3.18031762e-03 -1.46159502e-04 
 1.82669063e-07  0.00000000e+00  1.61698523e-03 -1.88703749e-04 
 1.82684876e-07  0.00000000e+00  7.42802728e-04 -1.62592208e-04 
 1.82702155e-07  0.00000000e+00  3.10212634e-04 -1.57594347e-04 
 1.82716643e-07  0.00000000e+00  1.55797943e-04 -1.69128942e-04 
 1.82734856e-07  0.00000000e+00  5.94864949e-05 -1.48915855e-04 
 1.82752915e-07  0.00000000e+00  2.69609356e-05 -1.68981565e-04 
 1.82770568e-07  0.00000000e+00  8.36306503e-06 -1.78823726e-04 
 1.82789686e-07  0.00000000e+00  5.91887747e-06 -1.46536360e-04 
 1.82806700e-07  0.00000000e+00 -1.55294865e-07 -1.77019539e-04 
 1.82824954e-07  0.00000000e+00  2.58756992e-06 -1.40072663e-04 
 1.82843256e-07  0.00000000e+00 -1.48149497e-06 -1.79995871e-04 
 1.82861470e-07  0.00000000e+00  1.94089330e-06 -1.67544858e-04 
 1.82880585e-07  0.00000000e+00 -1.62975424e-06 -1.56950807e-04 
 1.82897068e-07  0.00000000e+00  1.77089631e-06 -1.67715949e-04 
 1.82915440e-07  0.00000000e+00 -1.58338858e-06 -1.47483500e-04 
 1.82934115e-07  0.00000000e+00  1.68260813e-06 -1.75574998e-04 
 1.82951540e-07  0.00000000e+00 -1.51637865e-06 -1.74028506e-04 
 1.82971097e-07  0.00000000e+00  1.61063294e-06 -1.50671127e-04 
 1.82987272e-07  0.00000000e+00 -1.44697460e-06 -1.74496186e-04 
 1.83005642e-07  0.00000000e+00  1.53968451e-06 -1.39260767e-04 
 1.83022555e-07  0.00000000e+00 -1.38018526e-06 -1.81591516e-04 
 1.83040424e-07  0.00000000e+00  1.47358272e-06 -1.67232439e-04 
 1.83059298e-07  0.00000000e+00 -1.31938294e-06 -1.57315543e-04 
 1.83075480e-07  0.00000000e+00  1.41130552e-06 -1.67058722e-04 
 1.83093871e-07  0.00000000e+00 -1.25799012e-06 -1.48078951e-04 
 1.83112420e-07  0.00000000e+00  1.35567647e-06 -1.73791685e-04 
 1.83129909e-07  0.00000000e+00 -1.20244827e-06 -1.76039942e-04 
 1.83149588e-07  0.00000000e+00  1.30305099e-06 -1.49504225e-04 
 1.83166108e-07  0.00000000e+00 -1.14972056e-06 -1.74690609e-04 
 1.83184439e-07  0.00000000e+00  1.24994020e-06 -1.38670372e-04 
 1.83201388e-07  0.00000000e+00 -1.09881754e-06 -1.82135618e-04 
 1.83219308e-07  0.00000000e+00  1.19984746e-06 -1.67021787e-04 
 1.83238218e-07  0.00000000e+00 -1.05266860e-06 -1.57987689e-04 
 1.83254488e-07  0.00000000e+00  1.15266773e-06 -1.66040279e-04 
 1.83272879e-07  0.00000000e+00 -1.00610185e-06 -1.48347905e-04 
 1.83291565e-07  0.00000000e+00  1.11049925e-06 -1.74160842e-04 
 1.83308925e-07  0.00000000e+00 -9.63836392e-07 -1.76362846e-04 
 1.83328688e-07  0.00000000e+00  1.07037700e-06 -1.49571194e-04 
 1.83345204e-07  0.00000000e+00 -9.23788435e-07 -1.74327184e-04 
 1.83363523e-07  0.00000000e+00  1.02994407e-06 -1.38259967e-04 
 1.83380300e-07  0.00000000e+00 -8.84839651e-07 -1.82706146e-04 
 1.83398195e-07  0.00000000e+00  9.91602208e-07 -1.66921371e-04 
 1.83417068e-07  0.00000000e+00 -8.49669767e-07 -1.58439005e-04 
 1.83433352e-07  0.00000000e+00  9.55688251e-07 -1.65256672e-04 
 1.83451739e-07  0.00000000e+00 -8.14252053e-07 -1.48596352e-04 
 1.83470500e-07  0.00000000e+00  9.23659187e-07 -1.74091327e-04 
 1.83487790e-07  0.00000000e+00 -7.82082997e-07 -1.76948277e-04 
 1.83507641e-07  0.00000000e+00  8.93119793e-07 -1.49453828e-04 
 1.83524234e-07  0.00000000e+00 -7.51739501e-07 -1.74007015e-04 
 1.83542539e-07  0.00000000e+00  8.62404295e-07 -1.37946544e-04 
 1.83559206e-07  0.00000000e+00 -7.21976030e-07 -1.83168591e-04 
 1.83577099e-07  0.00000000e+00  8.33112205e-07 -1.66858783e-04 
 1.83595948e-07  0.00000000e+00 -6.95184293e-07 -1.58840400e-04 
 1.83612254e-07  0.00000000e+00  8.05773087e-07 -1.64552033e-04 
 1.83630641e-07  0.00000000e+00 -6.68236151e-07 -1.48747907e-04 
 1.83649491e-07  0.00000000e+00  7.81438849e-07 -1.74234132e-04 
 1.83666699e-07  0.00000000e+00 -6.43734115e-07 -1.77324575e-04 
 1.83686634e-07  0.00000000e+00  7.58164485e-07 -1.49485336e-04 
 1.83703277e-07  0.00000000e+00 -6.20702841e-07 -1.73589012e-04 
 1.83721570e-07  0.00000000e+00  7.34794538e-07 -1.37750600e-04 
 1.83738122e-07  0.00000000e+00 -5.97939063e-07 -1.83545046e-04 
 1.83756011e-07  0.00000000e+00  7.12394690e-07 -1.66862971e-04 
 1.83774832e-07  0.00000000e+00 -5.77510344e-07 -1.59146577e-04 
 1.83791151e-07  0.00000000e+00  6.91558176e-07 -1.63961737e-04 
 1.83809538e-07  0.00000000e+00 -5.56984540e-07 -1.48820836e-04 
 1.83828472e-07  0.00000000e+00  6.73053154e-07 -1.74427626e-04 
 1.83845605e-07  0.00000000e+00 -5.38307226e-07 -1.77613564e-04 
 1.83865621e-07  0.00000000e+00  6.55302259e-07 -1.49581624e-04 
 1.83882314e-07  0.00000000e+00 -5.20809686e-07 -1.73109481e-04 
 1.83900595e-07  0.00000000e+00  6.37505701e-07 -1.37660321e-04 
 1.83917043e-07  0.00000000e+00 -5.03388514e-07 -1.83829800e-04 
 1.83934931e-07  0.00000000e+00  6.20366653e-07 -1.66929565e-04 
 1.83953725e-07  0.00000000e+00 -4.87797989e-07 -1.59369467e-04 
 1.83970053e-07  0.00000000e+00  6.04468144e-07 -1.63471600e-04 
 1.83988441e-07  0.00000000e+00 -4.72146197e-07 -1.48813837e-04 
 1.84005501e-07  0.00000000e+00  5.89607480e-07 -1.70279927e-04 
 1.84023455e-07  0.00000000e+00 -4.57504855e-07 -1.79952000e-04 
 1.84042880e-07  0.00000000e+00  5.76239476e-07 -1.47939670e-04 
 1.84059982e-07  0.00000000e+00 -4.44161161e-07 -1.73846204e-04 
 1.84078378e-07  0.00000000e+00  5.62889870e-07 -1.37987735e-04 
 1.84095431e-07  0.00000000e+00 -4.31161770e-07 -1.82234104e-04 
 1.84113473e-07  0.00000000e+00  5.50109168e-07 -1.68306809e-04 
 1.84132647e-07  0.00000000e+00 -4.19423347e-07 -1.58818082e-04 
 1.84149392e-07  0.00000000e+00  5.38234743e-07 -1.63530221e-04 
 1.84167788e-07  0.00000000e+00 -4.07619273e-07 -1.47991249e-04 
 1.84184713e-07  0.00000000e+00  5.26825407e-07 -1.72080779e-04 
 1.84202696e-07  0.00000000e+00 -3.96383017e-07 -1.78449201e-04 
 1.84221910e-07  0.00000000e+00  5.16555590e-07 -1.49104856e-04 
 1.84238753e-07  0.00000000e+00 -3.86041219e-07 -1.72860692e-04 
 1.84257146e-07  0.00000000e+00  5.06262929e-07 -1.38770375e-04 
 1.84274112e-07  0.00000000e+00 -3.76072460e-07 -1.81109952e-04 
 1.84292112e-07  0.00000000e+00  4.96450316e-07 -1.69602589e-04 
 1.84311350e-07  0.00000000e+00 -3.67096481e-07 -1.57931336e-04 
 1.84328223e-07  0.00000000e+00  4.87414372e-07 -1.64093815e-04 
 1.84346618e-07  0.00000000e+00 -3.58097112e-07 -1.47242457e-04 
 1.84363554e-07  0.00000000e+00  4.78681687e-07 -1.72859294e-04 
 1.84381555e-07  0.00000000e+00 -3.49499463e-07 -1.77808722e-04 
 1.84400779e-07  0.00000000e+00  4.70821072e-07 -1.49893192e-04 
 1.84417642e-07  0.00000000e+00 -3.41582733e-07 -1.71946344e-04 
 1.84436038e-07  0.00000000e+00  4.62938870e-07 -1.39404909e-04 
 1.84452956e-07  0.00000000e+00 -3.33930837e-07 -1.80543101e-04 
 1.84470954e-07  0.00000000e+00  4.55404165e-07 -1.70314647e-04 
 1.84490186e-07  0.00000000e+00 -3.27046079e-07 -1.57379705e-04 
 1.84507069e-07  0.00000000e+00  4.48474601e-07 -1.64497428e-04 
 1.84525466e-07  0.00000000e+00 -3.20144169e-07 -1.46637521e-04 
 1.84542372e-07  0.00000000e+00  4.41766882e-07 -1.73441300e-04 
 1.84560372e-07  0.00000000e+00 -3.13538181e-07 -1.77372889e-04 
 1.84579606e-07  0.00000000e+00  4.35732653e-07 -1.50497415e-04 
 1.84596499e-07  0.00000000e+00 -3.07464990e-07 -1.71200809e-04 
 1.84614897e-07  0.00000000e+00  4.29682884e-07 -1.39930121e-04 
 1.84631787e-07  0.00000000e+00 -3.01579612e-07 -1.80050086e-04 
 1.84649788e-07  0.00000000e+00  4.23886015e-07 -1.70928585e-04 
 1.84669022e-07  0.00000000e+00 -2.96286163e-07 -1.56923884e-04 
 1.84685926e-07  0.00000000e+00  4.18559307e-07 -1.64812140e-04 
 1.84704324e-07  0.00000000e+00 -2.90978782e-07 -1.46129108e-04 
 1.84721201e-07  0.00000000e+00  4.13391710e-07 -1.73956279e-04 
 1.84739202e-07  0.00000000e+00 -2.85887779e-07 -1.76990603e-04 
 1.84758439e-07  0.00000000e+00  4.08744371e-07 -1.51019058e-04 
 1.84775353e-07  0.00000000e+00 -2.81211612e-07 -1.70558959e-04 
 1.84793752e-07  0.00000000e+00  4.04084294e-07 -1.40375100e-04 
 1.84810616e-07  0.00000000e+00 -2.76669891e-07 -1.79626812e-04 
 1.84828617e-07  0.00000000e+00  3.99609118e-07 -1.71461859e-04 
 1.84847856e-07  0.00000000e+00 -2.72585537e-07 -1.56537225e-04 
 1.84864779e-07  0.00000000e+00  3.95499814e-07 -1.65068767e-04 
 1.84883179e-07  0.00000000e+00 -2.68489235e-07 -1.45698378e-04 
 1.84900031e-07  0.00000000e+00  3.91504105e-07 -1.74395637e-04 
 1.84918032e-07  0.00000000e+00 -2.64551032e-07 -1.76669382e-04 
 1.84937273e-07  0.00000000e+00  3.87910675e-07 -1.51465908e-04 
 1.84954205e-07  0.00000000e+00 -2.60935591e-07 -1.70003174e-04 
 1.84972605e-07  0.00000000e+00  3.84305847e-07 -1.40753198e-04 
 1.84989446e-07  0.00000000e+00 -2.57416012e-07 -1.79270120e-04 
 1.85007447e-07  0.00000000e+00  3.80836155e-07 -1.71918217e-04 
 1.85026689e-07  0.00000000e+00 -2.54250436e-07 -1.56211937e-04 
 1.85043630e-07  0.00000000e+00  3.77651219e-07 -1.65277431e-04 
 1.85062031e-07  0.00000000e+00 -2.51073829e-07 -1.45332559e-04 
 1.85078861e-07  0.00000000e+00  3.74547045e-07 -1.74770346e-04 
 1.85096862e-07  0.00000000e+00 -2.48012687e-07 -1.76400399e-04 
 1.85116106e-07  0.00000000e+00  3.71754554e-07 -1.51848822e-04 
 1.85133055e-07  0.00000000e+00 -2.45202837e-07 -1.69521099e-04 
 1.85151456e-07  0.00000000e+00  3.68951260e-07 -1.41075607e-04 
 1.85168276e-07  0.00000000e+00 -2.42460917e-07 -1.78967856e-04 
 1.85186278e-07  0.00000000e+00  3.66246567e-07 -1.72310486e-04 
 1.85205523e-07  0.00000000e+00 -2.39993619e-07 -1.55937198e-04 
 1.85222479e-07  0.00000000e+00  3.63763725e-07 -1.65447353e-04 
 1.85240881e-07  0.00000000e+00 -2.37515633e-07 -1.45020630e-04 
 1.85257691e-07  0.00000000e+00  3.61337845e-07 -1.75091712e-04 
 1.85275693e-07  0.00000000e+00 -2.35121800e-07 -1.76173725e-04 
 1.85294940e-07  0.00000000e+00  3.59154180e-07 -1.52178437e-04 
 1.85311903e-07  0.00000000e+00 -2.32923903e-07 -1.69101510e-04 
 1.85330306e-07  0.00000000e+00  3.56959800e-07 -1.41351747e-04 
 1.85347106e-07  0.00000000e+00 -2.30773661e-07 -1.78710381e-04 
 1.85365109e-07  0.00000000e+00  3.54837196e-07 -1.72649204e-04 
 1.85384357e-07  0.00000000e+00 -2.28837213e-07 -1.55703993e-04 
 1.85401327e-07  0.00000000e+00  3.52887761e-07 -1.65586272e-04 
 1.85419730e-07  0.00000000e+00 -2.26890042e-07 -1.44753493e-04 
 1.85436521e-07  0.00000000e+00  3.50978013e-07 -1.75368522e-04 
 1.85454524e-07  0.00000000e+00 -2.25003968e-07 -1.75981736e-04 
 1.85473773e-07  0.00000000e+00  3.49257182e-07 -1.52463368e-04 
 1.85490750e-07  0.00000000e+00 -2.23271104e-07 -1.68735022e-04 
 1.85509154e-07  0.00000000e+00  3.47525579e-07 -1.41589342e-04 
 1.85525936e-07  0.00000000e+00 -2.21571095e-07 -1.78490043e-04 
 1.85543940e-07  0.00000000e+00  3.45845916e-07 -1.72942847e-04 
 1.85563190e-07  0.00000000e+00 -2.20038262e-07 -1.55505075e-04 
 1.85580173e-07  0.00000000e+00  3.44301871e-07 -1.65700378e-04 
 1.85598577e-07  0.00000000e+00 -2.18494554e-07 -1.44523684e-04 
 1.85615352e-07  0.00000000e+00  3.42784907e-07 -1.75607981e-04 
 1.85633356e-07  0.00000000e+00 -2.16994917e-07 -1.75818278e-04 
 1.85652607e-07  0.00000000e+00  3.41416053e-07 -1.52710709e-04 
 1.85669596e-07  0.00000000e+00 -2.15615532e-07 -1.68413807e-04 
 1.85688001e-07  0.00000000e+00  3.40036231e-07 -1.41794742e-04 
 1.85704767e-07  0.00000000e+00 -2.14258178e-07 -1.78300549e-04 
 1.85722772e-07  0.00000000e+00  3.38693705e-07 -1.73198452e-04 
 1.85742024e-07  0.00000000e+00 -2.13032357e-07 -1.55334516e-04 
 1.85759018e-07  0.00000000e+00  3.37457884e-07 -1.65794648e-04 
 1.85777423e-07  0.00000000e+00 -2.11795393e-07 -1.44325048e-04 
 1.85794183e-07  0.00000000e+00  3.36239882e-07 -1.75816069e-04 
 1.85812187e-07  0.00000000e+00 -2.10589936e-07 -1.75678307e-04 
 1.85831441e-07  0.00000000e+00  3.35138803e-07 -1.52926354e-04 
 1.85848440e-07  0.00000000e+00 -2.09479310e-07 -1.68131296e-04 
 1.85866846e-07  0.00000000e+00  3.34026499e-07 -1.41973187e-04 
 1.85883598e-07  0.00000000e+00 -2.08382853e-07 -1.78136721e-04 
 1.85901603e-07  0.00000000e+00  3.32940649e-07 -1.73421883e-04 
 1.85920857e-07  0.00000000e+00 -2.07390597e-07 -1.55187449e-04 
 1.85937862e-07  0.00000000e+00  3.31939258e-07 -1.65873090e-04 
 1.85956268e-07  0.00000000e+00 -2.06387002e-07 -1.44152501e-04 
 1.85973014e-07  0.00000000e+00  3.30948885e-07 -1.75997744e-04 
 1.85991019e-07  0.00000000e+00 -2.05405518e-07 -1.75557696e-04 
 1.86010274e-07  0.00000000e+00  3.30051594e-07 -1.53115208e-04 
 1.86027283e-07  0.00000000e+00 -2.04499380e-07 -1.67881958e-04 
 1.86045690e-07  0.00000000e+00  3.29142862e-07 -1.42129014e-04 
 1.86062429e-07  0.00000000e+00 -2.03601604e-07 -1.77994292e-04 
 1.86080435e-07  0.00000000e+00  3.28252479e-07 -1.73618029e-04 
 1.86099691e-07  0.00000000e+00 -2.02787150e-07 -1.55059878e-04 
 1.86116704e-07  0.00000000e+00  3.27429480e-07 -1.65938932e-04 
 1.86135111e-07  0.00000000e+00 -2.01961147e-07 -1.44001832e-04 
 1.86151845e-07  0.00000000e+00  3.26612532e-07 -1.76157131e-04 
 1.86169851e-07  0.00000000e+00 -2.01150306e-07 -1.75453065e-04 
 1.86189107e-07  0.00000000e+00  3.25870384e-07 -1.53281362e-04 
 1.86206125e-07  0.00000000e+00 -2.00399836e-07 -1.67661125e-04 
 1.86224532e-07  0.00000000e+00  3.25116620e-07 -1.42265820e-04 
 1.86241260e-07  0.00000000e+00 -1.99653433e-07 -1.77869741e-04 
 1.86259267e-07  0.00000000e+00  3.24375200e-07 -1.73790982e-04 
 1.86278524e-07  0.00000000e+00 -1.98974408e-07 -1.54948511e-04 
 1.86295546e-07  0.00000000e+00  3.23688055e-07 -1.65994771e-04 
 1.86313953e-07  0.00000000e+00 -1.98283661e-07 -1.43869551e-04 
 1.86330676e-07  0.00000000e+00  3.23003282e-07 -1.76297668e-04 
 1.86348683e-07  0.00000000e+00 -1.97602867e-07 -1.75361639e-04 
 1.86367941e-07  0.00000000e+00  3.22379360e-07 -1.53428236e-04 
 1.86384966e-07  0.00000000e+00 -1.96970997e-07 -1.67464844e-04 
 1.86403374e-07  0.00000000e+00  3.21743652e-07 -1.42386593e-04 
 1.86420092e-07  0.00000000e+00 -1.96340009e-07 -1.77760153e-04 
 1.86438099e-07  0.00000000e+00  3.21115814e-07 -1.73944170e-04 
 1.86457357e-07  0.00000000e+00 -1.95764222e-07 -1.54850638e-04 
 1.86474386e-07  0.00000000e+00  3.20532215e-07 -1.66042698e-04 
 1.86492795e-07  0.00000000e+00 -1.95176555e-07 -1.43752756e-04 
 1.86509508e-07  0.00000000e+00  3.19948250e-07 -1.76422224e-04 
 1.86527515e-07  0.00000000e+00 -1.94594990e-07 -1.75281138e-04 
 1.86546774e-07  0.00000000e+00  3.19414473e-07 -1.53558698e-04 
 1.86563806e-07  0.00000000e+00 -1.94053538e-07 -1.67289761e-04 
 1.86582215e-07  0.00000000e+00  3.18868818e-07 -1.42493821e-04 
 1.86598923e-07  0.00000000e+00 -1.93510625e-07 -1.77663117e-04 
 1.86616931e-07  0.00000000e+00  3.18327673e-07 -1.74080474e-04 
 1.86636191e-07  0.00000000e+00 -1.93013590e-07 -1.54764021e-04 
 1.86653226e-07  0.00000000e+00  3.17823055e-07 -1.66084391e-04 
 1.86671635e-07  0.00000000e+00 -1.92504610e-07 -1.43649032e-04 
 1.86688339e-07  0.00000000e+00  3.17316044e-07 -1.76533202e-04 
 1.86706347e-07  0.00000000e+00 -1.91998789e-07 -1.75209689e-04 
 1.86725607e-07  0.00000000e+00  3.16851116e-07 -1.53675154e-04 
 1.86742646e-07  0.00000000e+00 -1.91526370e-07 -1.67133024e-04 
 1.86761055e-07  0.00000000e+00  3.16374212e-07 -1.42589580e-04 
 1.86777755e-07  0.00000000e+00 -1.91050753e-07 -1.77576632e-04 
 1.86795764e-07  0.00000000e+00  3.15899280e-07 -1.74202319e-04 
 1.86815024e-07  0.00000000e+00 -1.90613887e-07 -1.54686810e-04 
 1.86832065e-07  0.00000000e+00  3.15455025e-07 -1.66121194e-04 
 1.86850475e-07  0.00000000e+00 -1.90165016e-07 -1.43556364e-04 
 1.86867171e-07  0.00000000e+00  3.15006849e-07 -1.76632613e-04 
 1.86885180e-07  0.00000000e+00 -1.89717118e-07 -1.75145751e-04 
 1.86904440e-07  0.00000000e+00  3.14594552e-07 -1.53779629e-04 
 1.86921484e-07  0.00000000e+00 -1.89297482e-07 -1.66992199e-04 
 1.86939895e-07  0.00000000e+00  3.14170217e-07 -1.42675604e-04 
 1.86956587e-07  0.00000000e+00 -1.88873338e-07 -1.77499034e-04 
 1.86974596e-07  0.00000000e+00  3.13745962e-07 -1.74311752e-04 
 1.86993857e-07  0.00000000e+00 -1.88482513e-07 -1.54617475e-04 
 1.87010904e-07  0.00000000e+00  3.13347900e-07 -1.66154185e-04 
 1.87029314e-07  0.00000000e+00 -1.88079651e-07 -1.43473073e-04 
 1.87046003e-07  0.00000000e+00  3.12944788e-07 -1.76722150e-04 
 1.87064012e-07  0.00000000e+00 -1.87676122e-07 -1.75088053e-04 
 1.87083274e-07  0.00000000e+00  3.12572780e-07 -1.53873830e-04 
 1.87100323e-07  0.00000000e+00 -1.87296930e-07 -1.66865208e-04 
 1.87118733e-07  0.00000000e+00  3.12188734e-07 -1.42753344e-04 
 1.87135419e-07  0.00000000e+00 -1.86912245e-07 -1.77428942e-04 
 1.87153428e-07  0.00000000e+00  3.11803345e-07 -1.74410502e-04 
 1.87172690e-07  0.00000000e+00 -1.86556718e-07 -1.54554751e-04 
 1.87189741e-07  0.00000000e+00  3.11440712e-07 -1.66184222e-04 
 1.87208152e-07  0.00000000e+00 -1.86189149e-07 -1.43397752e-04 
 1.87224835e-07  0.00000000e+00  3.11072160e-07 -1.76803233e-04 
 1.87242844e-07  0.00000000e+00 -1.85819684e-07 -1.75035552e-04 
 1.87262107e-07  0.00000000e+00  3.10731122e-07 -1.53959198e-04 
 1.87279160e-07  0.00000000e+00 -1.85471540e-07 -1.66750270e-04 
 1.87297571e-07  0.00000000e+00  3.10378004e-07 -1.42824017e-04 
 1.87314251e-07  0.00000000e+00 -1.85117169e-07 -1.77365203e-04 
 1.87332261e-07  0.00000000e+00  3.10022492e-07 -1.74500036e-04 
 1.87351523e-07  0.00000000e+00 -1.84788812e-07 -1.54497587e-04 
 1.87368579e-07  0.00000000e+00  3.09687078e-07 -1.66211987e-04 
 1.87386990e-07  0.00000000e+00 -1.84448401e-07 -1.43329225e-04 
 1.87403667e-07  0.00000000e+00  3.09345162e-07 -1.76877059e-04 
 1.87421677e-07  0.00000000e+00 -1.84105140e-07 -1.74987386e-04 
 1.87440940e-07  0.00000000e+00  3.09027935e-07 -1.54036950e-04 
 1.87457997e-07  0.00000000e+00 -1.83780918e-07 -1.66645860e-04 
 1.87476409e-07  0.00000000e+00  3.08698696e-07 -1.42888643e-04 
 1.87493083e-07  0.00000000e+00 -1.83449919e-07 -1.77306858e-04 
 1.87511093e-07  0.00000000e+00  3.08366210e-07 -1.74581595e-04 
 1.87530356e-07  0.00000000e+00 -1.83142515e-07 -1.54445115e-04 
 1.87547416e-07  0.00000000e+00  3.08051826e-07 -1.66238018e-04 
 1.87565828e-07  0.00000000e+00 -1.82823064e-07 -1.43266505e-04 
 1.87582499e-07  0.00000000e+00  3.07730456e-07 -1.76944640e-04 
 1.87600509e-07  0.00000000e+00 -1.82500065e-07 -1.74942848e-04 
 1.87619773e-07  0.00000000e+00  3.07431654e-07 -1.54108120e-04 
 1.87636834e-07  0.00000000e+00 -1.82194351e-07 -1.66550664e-04 
 1.87655246e-07  0.00000000e+00  3.07120864e-07 -1.42948079e-04 
 1.87671915e-07  0.00000000e+00 -1.81881457e-07 -1.77253107e-04 
 1.87689926e-07  0.00000000e+00  3.06806216e-07 -1.74656236e-04 
 1.87709189e-07  0.00000000e+00 -1.81590256e-07 -1.54396612e-04 
 1.87726252e-07  0.00000000e+00  3.06508146e-07 -1.66262742e-04 
 1.87744664e-07  0.00000000e+00 -1.81287077e-07 -1.43208765e-04 
 1.87761331e-07  0.00000000e+00  3.06202725e-07 -1.77006828e-04 
 1.87779342e-07  0.00000000e+00 -1.80979813e-07 -1.74901354e-04 
 1.87798606e-07  0.00000000e+00  3.05918245e-07 -1.54173584e-04 
 1.87815670e-07  0.00000000e+00 -1.80688474e-07 -1.66463552e-04 
 1.87834083e-07  0.00000000e+00  3.05621794e-07 -1.43003049e-04 
 1.87850747e-07  0.00000000e+00 -1.80389655e-07 -1.77203281e-04 
 1.87868758e-07  0.00000000e+00  3.05321034e-07 -1.74724859e-04 
 1.87888022e-07  0.00000000e+00 -1.80111111e-07 -1.54351479e-04 
 1.87905088e-07  0.00000000e+00  3.05035679e-07 -1.66286488e-04 
 1.87923501e-07  0.00000000e+00 -1.79820623e-07 -1.43155308e-04 
 1.87940163e-07  0.00000000e+00  3.04742706e-07 -1.77064346e-04 
 1.87958174e-07  0.00000000e+00 -1.79525629e-07 -1.74862423e-04 
 1.87977439e-07  0.00000000e+00  3.04469406e-07 -1.54234084e-04 
 1.87994506e-07  0.00000000e+00 -1.79245547e-07 -1.66383549e-04 
 1.88012919e-07  0.00000000e+00  3.04184191e-07 -1.43054159e-04 
 1.88029579e-07  0.00000000e+00 -1.78957766e-07 -1.77156820e-04 
 1.88047591e-07  0.00000000e+00  3.03894326e-07 -1.74788229e-04 
 1.88066855e-07  0.00000000e+00 -1.78689130e-07 -1.54309220e-04 
 1.88083924e-07  0.00000000e+00  3.03618926e-07 -1.66309514e-04 
 1.88102337e-07  0.00000000e+00 -1.78408607e-07 -1.43105551e-04 
 1.88118995e-07  0.00000000e+00  3.03335754e-07 -1.77117805e-04 
 1.88137007e-07  0.00000000e+00 -1.78123276e-07 -1.74825661e-04 
 1.88156272e-07  0.00000000e+00  3.03071274e-07 -1.54290255e-04 
 1.88173342e-07  0.00000000e+00 -1.77852067e-07 -1.66309814e-04 
 1.88191755e-07  0.00000000e+00  3.02794913e-07 -1.43101922e-04 
 1.88208412e-07  0.00000000e+00 -1.77572989e-07 -1.77113259e-04 
 1.88226423e-07  0.00000000e+00  3.02513633e-07 -1.74847004e-04 
 1.88245688e-07  0.00000000e+00 -1.77312203e-07 -1.54269420e-04 
 1.88262759e-07  0.00000000e+00  3.02246157e-07 -1.66332015e-04 
 1.88281173e-07  0.00000000e+00 -1.77039567e-07 -1.43059000e-04 
 1.88297828e-07  0.00000000e+00  3.01970739e-07 -1.77167725e-04 
 1.88315839e-07  0.00000000e+00 -1.76761906e-07 -1.74790741e-04 
 1.88335105e-07  0.00000000e+00  3.01713257e-07 -1.54342636e-04 
 1.88352177e-07  0.00000000e+00 -1.76497769e-07 -1.66241617e-04 
 1.88370590e-07  0.00000000e+00  3.01443959e-07 -1.43146771e-04 
 1.88387244e-07  0.00000000e+00 -1.76225613e-07 -1.77072205e-04 
 1.88405256e-07  0.00000000e+00  3.01169542e-07 -1.74901742e-04 
 1.88424521e-07  0.00000000e+00 -1.75971106e-07 -1.54231737e-04 
 1.88441595e-07  0.00000000e+00  3.00908389e-07 -1.66354141e-04 
 1.88460008e-07  0.00000000e+00 -1.75704799e-07 -1.43015239e-04 
 1.88476660e-07  0.00000000e+00  3.00639173e-07 -1.77214546e-04 
 1.88494672e-07  0.00000000e+00 -1.75433297e-07 -1.74757398e-04 
 1.88513938e-07  0.00000000e+00  3.00387331e-07 -1.54391688e-04 
 1.88531012e-07  0.00000000e+00 -1.75174813e-07 -1.66178325e-04 
 1.88549426e-07  0.00000000e+00  3.00123728e-07 -1.43189073e-04 
 1.88566076e-07  0.00000000e+00 -1.74908271e-07 -1.77033330e-04 
 1.88584088e-07  0.00000000e+00  2.99854851e-07 -1.74952925e-04 
 1.88603354e-07  0.00000000e+00 -1.74658822e-07 -1.54195885e-04 
 1.88620430e-07  0.00000000e+00  2.99598790e-07 -1.66376000e-04 
 1.88638843e-07  0.00000000e+00 -1.74397648e-07 -1.42973919e-04 
 1.88655492e-07  0.00000000e+00  2.99334649e-07 -1.77258644e-04 
 1.88673505e-07  0.00000000e+00 -1.74131145e-07 -1.74725411e-04 
 1.88692771e-07  0.00000000e+00  2.99087381e-07 -1.54437806e-04 
 1.88709847e-07  0.00000000e+00 -1.73877298e-07 -1.66119390e-04 
 1.88728261e-07  0.00000000e+00  2.98828405e-07 -1.43229138e-04 
 1.88744909e-07  0.00000000e+00 -1.73615337e-07 -1.76996360e-04 
 1.88762921e-07  0.00000000e+00  2.98564063e-07 -1.75000965e-04 
 1.88782187e-07  0.00000000e+00 -1.73370027e-07 -1.54161628e-04 
 1.88799264e-07  0.00000000e+00  2.98312219e-07 -1.66397673e-04 
 1.88817678e-07  0.00000000e+00 -1.73113076e-07 -1.42934742e-04 
 1.88834325e-07  0.00000000e+00  2.98052222e-07 -1.77300338e-04 
 1.88852337e-07  0.00000000e+00 -1.72850707e-07 -1.74694602e-04 
 1.88871603e-07  0.00000000e+00  2.97808728e-07 -1.54481325e-04 
 1.88888682e-07  0.00000000e+00 -1.72600670e-07 -1.66064335e-04 
 1.88907095e-07  0.00000000e+00  2.97553629e-07 -1.43267227e-04 
 1.88923741e-07  0.00000000e+00 -1.72342487e-07 -1.76961238e-04 
 1.88941754e-07  0.00000000e+00  2.97293038e-07 -1.75045693e-04 
 1.88961020e-07  0.00000000e+00 -1.72100661e-07 -1.54129447e-04 
 1.88978099e-07  0.00000000e+00  2.97044696e-07 -1.66418229e-04 
 1.88996513e-07  0.00000000e+00 -1.71847229e-07 -1.42897446e-04 
 1.89013157e-07  0.00000000e+00  2.96788167e-07 -1.77340550e-04 
 1.89031170e-07  0.00000000e+00 -1.71588297e-07 -1.74664469e-04 
 1.89050436e-07  0.00000000e+00  2.96547867e-07 -1.54523593e-04 
 1.89067516e-07  0.00000000e+00 -1.71341508e-07 -1.66010850e-04 
 1.89085930e-07  0.00000000e+00  2.96295983e-07 -1.43303634e-04 
 1.89102573e-07  0.00000000e+00 -1.71086515e-07 -1.76927772e-04 
 1.89120586e-07  0.00000000e+00  2.96038586e-07 -1.75089271e-04 
 1.89139852e-07  0.00000000e+00 -1.70847614e-07 -1.54098305e-04 
 1.89156933e-07  0.00000000e+00  2.95793217e-07 -1.66438009e-04 
 1.89175347e-07  0.00000000e+00 -1.70597162e-07 -1.42861842e-04 
 1.89191989e-07  0.00000000e+00  2.95539647e-07 -1.77378359e-04 
 1.89210002e-07  0.00000000e+00 -1.70341187e-07 -1.74636474e-04 
 1.89229269e-07  0.00000000e+00  2.95302057e-07 -1.54563188e-04 
 1.89246350e-07  0.00000000e+00 -1.70097149e-07 -1.65960731e-04 
 1.89264764e-07  0.00000000e+00  2.95052950e-07 -1.43338386e-04 
 1.89281405e-07  0.00000000e+00 -1.69844914e-07 -1.76895608e-04 
 1.89299418e-07  0.00000000e+00  2.94798283e-07 -1.75130467e-04 
 1.89318685e-07  0.00000000e+00 -1.69608522e-07 -1.54068288e-04 
 1.89335767e-07  0.00000000e+00  2.94555495e-07 -1.66457794e-04 
 1.89354181e-07  0.00000000e+00 -1.69360675e-07 -1.42827757e-04 
 1.89370821e-07  0.00000000e+00  2.94304482e-07 -1.77414541e-04 
 1.89388834e-07  0.00000000e+00 -1.69107251e-07 -1.74609139e-04 
 1.89408101e-07  0.00000000e+00  2.94069239e-07 -1.54600916e-04 
 1.89425184e-07  0.00000000e+00 -1.68865606e-07 -1.65913554e-04 
 1.89443598e-07  0.00000000e+00  2.93822576e-07 -1.43371741e-04 
 1.89460237e-07  0.00000000e+00 -1.68615770e-07 -1.76864540e-04 
 1.89478250e-07  0.00000000e+00  2.93570295e-07 -1.75169666e-04 
 1.89497517e-07  0.00000000e+00 -1.68381605e-07 -1.54039185e-04 
 1.89514600e-07  0.00000000e+00  2.93329762e-07 -1.66477663e-04 
 1.89533015e-07  0.00000000e+00 -1.68136025e-07 -1.42795014e-04 
 1.89549653e-07  0.00000000e+00  2.93081024e-07 -1.77449195e-04 
 1.89567666e-07  0.00000000e+00 -1.67884862e-07 -1.74582447e-04 
 1.89586933e-07  0.00000000e+00  2.92847857e-07 -1.54636957e-04 
 1.89604017e-07  0.00000000e+00 -1.67645369e-07 -1.65869007e-04 
 1.89622432e-07  0.00000000e+00  2.92603337e-07 -1.43403838e-04 
 1.89639069e-07  0.00000000e+00 -1.67397639e-07 -1.76834509e-04 
 1.89657082e-07  0.00000000e+00  2.92353222e-07 -1.75207016e-04 
 1.89676350e-07  0.00000000e+00 -1.67165459e-07 -1.54010925e-04 
 1.89693434e-07  0.00000000e+00  2.92114689e-07 -1.66497605e-04 
 1.89711849e-07  0.00000000e+00 -1.66921933e-07 -1.42763482e-04 
 1.89728485e-07  0.00000000e+00  2.91867978e-07 -1.77482449e-04 
 1.89746498e-07  0.00000000e+00 -1.66672807e-07 -1.74556361e-04 
 1.89765766e-07  0.00000000e+00  2.91636698e-07 -1.54671461e-04 
 1.89782851e-07  0.00000000e+00 -1.66435224e-07 -1.65826842e-04 
 1.89801265e-07  0.00000000e+00  2.91394125e-07 -1.43434794e-04 
 1.89817901e-07  0.00000000e+00 -1.66189437e-07 -1.76805424e-04 
 1.89835914e-07  0.00000000e+00  2.91145943e-07 -1.75242690e-04 
 1.89855182e-07  0.00000000e+00 -1.65959051e-07 -1.53983439e-04 
 1.89872267e-07  0.00000000e+00  2.90909255e-07 -1.66517600e-04 
 1.89890682e-07  0.00000000e+00 -1.65717392e-07 -1.42733051e-04 
 1.89907317e-07  0.00000000e+00  2.90664393e-07 -1.77514436e-04 
 1.89925331e-07  0.00000000e+00 -1.65470106e-07 -1.74530835e-04 
 1.89944598e-07  0.00000000e+00  2.90434841e-07 -1.54704544e-04 
 1.89961684e-07  0.00000000e+00 -1.65234293e-07 -1.65786863e-04 
 1.89980099e-07  0.00000000e+00  2.90194058e-07 -1.43464697e-04 
 1.89990049e-07  0.00000000e+00 -1.64904270e-07 -1.60038734e-04 
 1.90000000e-07  0.00000000e+00  2.89765979e-07 -1.79591994e-04 
 1.90001990e-07  2.38813809e-02  6.28049137e-08 -1.60458843e-04 
 1.90005970e-07  7.16441428e-02  6.22722244e-08 -1.63839362e-04 
 1.90013931e-07  1.67169666e-01  6.28038712e-08 -1.47935929e-04 
 1.90029841e-07  3.58089016e-01  6.22727310e-08 -1.22054808e-04 
 1.90045575e-07  5.46898137e-01  6.28032089e-08 -1.45363293e-04 
 1.90062071e-07  7.44856665e-01  6.22728757e-08 -1.41636976e-04 
 1.90080366e-07  9.64389126e-01  6.28027069e-08 -1.87082137e-04 
 1.90090183e-07  1.08219456e+00  6.22732953e-08 -2.19772396e-04 
 1.90100000e-07  1.20000000e+00  6.28020676e-08 -2.56761776e-04 
 1.90101963e-07  1.20000000e+00  6.25382054e-08 -2.62159480e-04 
 1.90105890e-07  1.20000000e+00  6.25374549e-08 -2.51076828e-04 
 1.90113744e-07  1.20000000e+00  6.25381964e-08 -2.22104693e-04 
 1.90126971e-07  1.20000000e+00  6.25374528e-08 -2.10151548e-04 
 1.90141275e-07  1.20000000e+00  6.25381796e-08 -2.25508887e-04 
 1.90156219e-07  1.20000000e+00  6.25374474e-08 -2.28625323e-04 
 1.90170717e-07  1.20000000e+00  6.25381687e-08 -2.54404007e-04 
 1.90187926e-07  1.20000000e+00  6.25374468e-08 -2.83851703e-04 
 1.90206733e-07  1.20000000e+00  6.25381572e-08 -2.28247077e-04 
 1.90224009e-07  1.20000000e+00  6.25374458e-08 -2.23283345e-04 
 1.90240183e-07  1.20000000e+00  6.25381721e-08 -2.32444372e-04 
 1.90257932e-07  1.20000000e+00  6.25374565e-08 -2.46267300e-04 
 1.90275236e-07  1.20000000e+00  6.25381672e-08 -2.88923637e-04 
 1.90293646e-07  1.20000000e+00  6.25374717e-08 -2.32806630e-04 
 1.90310948e-07  1.20000000e+00  6.25381635e-08 -2.24036564e-04 
 1.90327236e-07  1.20000000e+00  6.25374526e-08 -2.30189595e-04 
 1.90345111e-07  1.20000000e+00  6.25381620e-08 -2.43005404e-04 
 1.90361396e-07  1.20000000e+00  6.25374640e-08 -2.84728501e-04 
 1.90379770e-07  1.20000000e+00  6.25381616e-08 -2.46719749e-04 
 1.90396559e-07  1.20000000e+00  6.25374585e-08 -2.19739983e-04 
 1.90412650e-07  1.20000000e+00  6.25381465e-08 -2.31586774e-04 
 1.90430542e-07  1.20000000e+00  6.25374646e-08 -2.34179970e-04 
 1.90446872e-07  1.20000000e+00  6.25381563e-08 -2.78601362e-04 
 1.90464507e-07  1.20000000e+00  6.25374671e-08 -2.64295614e-04 
 1.90482260e-07  1.20000000e+00  6.25381520e-08 -2.18508871e-04 
 1.90500111e-07  1.20000000e+00  6.25374642e-08 -2.30766355e-04 
 1.90517120e-07  1.20000000e+00  6.25381571e-08 -2.32203689e-04 
 1.90533695e-07  1.20000000e+00  6.25374820e-08 -2.70968033e-04 
 1.90551065e-07  1.20000000e+00  6.25381506e-08 -2.74872074e-04 
 1.90568003e-07  1.20000000e+00  6.25374663e-08 -2.20485073e-04 
 1.90585705e-07  1.20000000e+00  6.25381442e-08 -2.28497833e-04 
 1.90602831e-07  1.20000000e+00  6.25374718e-08 -2.30987195e-04 
 1.90620541e-07  1.20000000e+00  6.25381405e-08 -2.62535680e-04 
 1.90638174e-07  1.20000000e+00  6.25374674e-08 -2.82534319e-04 
 1.90654902e-07  1.20000000e+00  6.25381513e-08 -2.22698824e-04 
 1.90672829e-07  1.20000000e+00  6.25374847e-08 -2.27893412e-04 
 1.90690608e-07  1.20000000e+00  6.25381430e-08 -2.29052567e-04 
 1.90707703e-07  1.20000000e+00  6.25374761e-08 -2.58144030e-04 
 1.90726865e-07  1.20000000e+00  6.25381390e-08 -2.82449755e-04 
 1.90745327e-07  1.20000000e+00  6.25374826e-08 -2.22348527e-04 
 1.90763131e-07  1.20000000e+00  6.25381437e-08 -2.27175636e-04 
 1.90779694e-07  1.20000000e+00  6.25374775e-08 -2.30719301e-04 
 1.90797432e-07  1.20000000e+00  6.25381468e-08 -2.57700477e-04 
 1.90815412e-07  1.20000000e+00  6.25374906e-08 -2.85141099e-04 
 1.90834539e-07  1.20000000e+00  6.25381314e-08 -2.20990099e-04 
 1.90851799e-07  1.20000000e+00  6.25374776e-08 -2.28216080e-04 
 1.90868205e-07  1.20000000e+00  6.25381403e-08 -2.28260328e-04 
 1.90885915e-07  1.20000000e+00  6.25374874e-08 -2.57618935e-04 
 1.90903930e-07  1.20000000e+00  6.25381440e-08 -2.83741065e-04 
 1.90922991e-07  1.20000000e+00  6.25374833e-08 -2.26033098e-04 
 1.90940653e-07  1.20000000e+00  6.25381308e-08 -2.24366854e-04 
 1.90957055e-07  1.20000000e+00  6.25374788e-08 -2.31075179e-04 
 1.90974846e-07  1.20000000e+00  6.25381312e-08 -2.53422376e-04 
 1.90993225e-07  1.20000000e+00  6.25374837e-08 -2.87028651e-04 
 1.91012023e-07  1.20000000e+00  6.25381342e-08 -2.23990441e-04 
 1.91030150e-07  1.20000000e+00  6.25374893e-08 -2.27435812e-04 
 1.91046685e-07  1.20000000e+00  6.25381341e-08 -2.27173227e-04 
 1.91064510e-07  1.20000000e+00  6.25374943e-08 -2.58366649e-04 
 1.91082955e-07  1.20000000e+00  6.25381424e-08 -2.82479956e-04 
 1.91101835e-07  1.20000000e+00  6.25374896e-08 -2.27592686e-04 
 1.91119929e-07  1.20000000e+00  6.25381283e-08 -2.23403602e-04 
 1.91136549e-07  1.20000000e+00  6.25374797e-08 -2.30902086e-04 
 1.91154331e-07  1.20000000e+00  6.25381239e-08 -2.55919293e-04 
 1.91172490e-07  1.20000000e+00  6.25374960e-08 -2.86043785e-04 
 1.91191530e-07  1.20000000e+00  6.25381333e-08 -2.23311448e-04 
 1.91209390e-07  1.20000000e+00  6.25374963e-08 -2.27503015e-04 
 1.91226032e-07  1.20000000e+00  6.25381237e-08 -2.26130690e-04 
 1.91243761e-07  1.20000000e+00  6.25374837e-08 -2.60939787e-04 
 1.91261739e-07  1.20000000e+00  6.25381261e-08 -2.81193252e-04 
 1.91280871e-07  1.20000000e+00  6.25374912e-08 -2.28749431e-04 
 1.91298725e-07  1.20000000e+00  6.25381253e-08 -2.22237120e-04 
 1.91315408e-07  1.20000000e+00  6.25374898e-08 -2.30803136e-04 
 1.91333136e-07  1.20000000e+00  6.25381335e-08 -2.56161545e-04 
 1.91351083e-07  1.20000000e+00  6.25374971e-08 -2.86038640e-04 
 1.91370239e-07  1.20000000e+00  6.25381207e-08 -2.24222069e-04 
 1.91388181e-07  1.20000000e+00  6.25374976e-08 -2.27109585e-04 
 1.91404933e-07  1.20000000e+00  6.25381319e-08 -2.25283453e-04 
 1.91422665e-07  1.20000000e+00  6.25374904e-08 -2.62203295e-04 
 1.91440573e-07  1.20000000e+00  6.25381199e-08 -2.80178544e-04 
 1.91459769e-07  1.20000000e+00  6.25375035e-08 -2.30025956e-04 
 1.91477716e-07  1.20000000e+00  6.25381337e-08 -2.21297515e-04 
 1.91494526e-07  1.20000000e+00  6.25374967e-08 -2.30687307e-04 
 1.91512242e-07  1.20000000e+00  6.25381195e-08 -2.57349835e-04 
 1.91530058e-07  1.20000000e+00  6.25374923e-08 -2.85443130e-04 
 1.91549321e-07  1.20000000e+00  6.25381200e-08 -2.24542722e-04 
 1.91567227e-07  1.20000000e+00  6.25374851e-08 -2.26852460e-04 
 1.91584078e-07  1.20000000e+00  6.25381261e-08 -2.24619851e-04 
 1.91601778e-07  1.20000000e+00  6.25374985e-08 -2.63933344e-04 
 1.91619502e-07  1.20000000e+00  6.25380888e-08 -2.79067345e-04 
 1.91638830e-07  1.20000000e+00  6.25375828e-08 -2.30939156e-04 
 1.91656717e-07  1.20000000e+00  6.25380072e-08 -2.20487707e-04 
 1.91675394e-07  1.20000000e+00  6.25375962e-08 -2.30902693e-04 
 1.91692288e-07  1.20000000e+00  6.25383387e-08 -2.61107687e-04 
 1.91710748e-07  1.20000000e+00  6.25366520e-08 -2.82444349e-04 
 1.91729894e-07  1.20000000e+00  6.25395691e-08 -2.22534037e-04 
 1.91747458e-07  1.20000000e+00  6.25361076e-08 -2.27310608e-04 
 1.91765855e-07  1.20000000e+00  6.25371147e-08 -2.25171430e-04 
 1.91782706e-07  1.20000000e+00  6.25470050e-08 -2.70362415e-04 
 1.91800643e-07  1.20000000e+00  6.25178185e-08 -2.74675850e-04 
 1.91817757e-07  1.20000000e+00  6.25615453e-08 -2.32185452e-04 
 1.91835918e-07  1.20000000e+00  6.25263046e-08 -2.19845872e-04 
 1.91853214e-07  1.20000000e+00  6.24725530e-08 -2.31351750e-04 
 1.91870496e-07  1.20000000e+00  6.27619837e-08 -2.59223005e-04 
 1.91888433e-07  1.20000000e+00  6.22723640e-08 -2.84131059e-04 
 1.91907687e-07  1.20000000e+00  6.27053248e-08 -2.24122146e-04 
 1.91925490e-07  1.20000000e+00  6.28233183e-08 -2.27096856e-04 
 1.91943928e-07  1.20000000e+00  5.98979143e-08 -2.24250252e-04 
 1.91960871e-07  1.20000000e+00  6.71318687e-08 -2.69193422e-04 
 1.91979020e-07  1.20000000e+00  6.17942027e-08 -2.74889183e-04 
 1.91996418e-07  1.20000000e+00  6.43056109e-08 -2.33116313e-04 
 1.92014789e-07  1.20000000e+00  7.57832814e-08 -2.19416571e-04 
 1.92032211e-07  1.20000000e+00 -1.85143630e-08 -2.31421050e-04 
 1.92049516e-07  1.20000000e+00  7.65100305e-08 -2.59932382e-04 
 1.92067490e-07  1.20000000e+00  1.30603421e-07 -2.83479012e-04 
 1.92086788e-07  1.20000000e+00  2.63903636e-07 -2.24090790e-04 
 1.92104580e-07  1.20000000e+00  1.02796725e-06 -2.27123047e-04 
 1.92122907e-07  1.20000000e+00 -1.98399103e-06 -2.24073525e-04 
 1.92139898e-07  1.20000000e+00 -3.65743568e-06 -2.70238123e-04 
 1.92157893e-07  1.20000000e+00 -2.20617468e-06 -2.74101236e-04 
 1.92175262e-07  1.20000000e+00  7.46039769e-06 -2.33853157e-04 
 1.92193628e-07  1.20000000e+00  5.54470226e-05 -2.19003729e-04 
 1.92210932e-07  1.20000000e+00  2.15757039e-05 -2.31371670e-04 
 1.92228287e-07  1.20000000e+00 -1.52064735e-04 -2.59847386e-04 
 1.92246171e-07  1.20000000e+00 -4.16450377e-04 -2.83313900e-04 
 1.92265525e-07  1.20000000e+00 -3.33995820e-04 -2.24776185e-04 
 1.92283409e-07  1.20000000e+00  2.15408890e-03 -2.28127962e-04 
 1.92301669e-07  1.20000000e+00  5.17930925e-03 -2.23654319e-04 
 1.92318737e-07  1.20000000e+00  9.85556929e-04 -2.68161048e-04 
 1.92336670e-07  1.20000000e+00 -2.01040829e-02 -2.66044508e-04 
 1.92356038e-07  1.20000000e+00 -4.69479290e-02 -2.25431441e-04 
 1.92370948e-07  1.20000000e+00 -1.31688849e-02 -2.58375420e-04 
 1.92387143e-07  1.20000000e+00  1.13185518e-01 -2.98783026e-04 
 1.92402232e-07  1.20000000e+00  2.67856969e-01 -2.98151753e-04 
 1.92418291e-07  1.20000000e+00  4.32114814e-01 -3.11193479e-04 
 1.92435996e-07  1.20000000e+00  6.04286769e-01 -2.60635625e-04 
 1.92453254e-07  1.20000000e+00  7.56597812e-01 -2.17998392e-04 
 1.92472003e-07  1.20000000e+00  8.96061367e-01 -2.34541515e-04 
 1.92489087e-07  1.20000000e+00  9.94495627e-01 -2.37709857e-04 
 1.92508384e-07  1.20000000e+00  1.07331694e+00 -2.32591273e-04 
 1.92527530e-07  1.20000000e+00  1.12386824e+00 -1.76231582e-04 
 1.92544885e-07  1.20000000e+00  1.15269522e+00 -1.37672902e-04 
 1.92561938e-07  1.20000000e+00  1.17060909e+00 -1.75058502e-04 
 1.92579993e-07  1.20000000e+00  1.18236639e+00 -1.82795388e-04 
 1.92599402e-07  1.20000000e+00  1.18987518e+00 -2.01867822e-04 
 1.92618146e-07  1.20000000e+00  1.19408539e+00 -1.44044948e-04 
 1.92635943e-07  1.20000000e+00  1.19644771e+00 -1.30781138e-04 
 1.92652871e-07  1.20000000e+00  1.19781402e+00 -1.63918951e-04 
 1.92671143e-07  1.20000000e+00  1.19870641e+00 -1.84194310e-04 
 1.92691123e-07  1.20000000e+00  1.19927513e+00 -1.91902383e-04 
 1.92709478e-07  1.20000000e+00  1.19957153e+00 -1.40330938e-04 
 1.92728144e-07  1.20000000e+00  1.19975087e+00 -1.30015119e-04 
 1.92745010e-07  1.20000000e+00  1.19984531e+00 -1.72021848e-04 
 1.92762968e-07  1.20000000e+00  1.19990875e+00 -1.82152253e-04 
 1.92780926e-07  1.20000000e+00  1.19994449e+00 -1.94884688e-04 
 1.92800164e-07  1.20000000e+00  1.19996909e+00 -1.31656782e-04 
 1.92818672e-07  1.20000000e+00  1.19998084e+00 -1.37239149e-04 
 1.92837030e-07  1.20000000e+00  1.19998961e+00 -1.69957037e-04 
 1.92854353e-07  1.20000000e+00  1.19999269e+00 -1.89325770e-04 
 1.92871927e-07  1.20000000e+00  1.19999646e+00 -1.87751574e-04 
 1.92889537e-07  1.20000000e+00  1.19999692e+00 -1.36728843e-04 
 1.92908172e-07  1.20000000e+00  1.19999901e+00 -1.32815392e-04 
 1.92925413e-07  1.20000000e+00  1.19999849e+00 -1.73418930e-04 
 1.92942953e-07  1.20000000e+00  1.19999987e+00 -1.84064245e-04 
 1.92960797e-07  1.20000000e+00  1.19999907e+00 -1.92648384e-04 
 1.92980208e-07  1.20000000e+00  1.20000019e+00 -1.28999921e-04 
 1.92998381e-07  1.20000000e+00  1.19999929e+00 -1.39318827e-04 
 1.93016464e-07  1.20000000e+00  1.20000028e+00 -1.70376071e-04 
 1.93033750e-07  1.20000000e+00  1.19999938e+00 -1.90130984e-04 
 1.93050961e-07  1.20000000e+00  1.20000030e+00 -1.86852507e-04 
 1.93068362e-07  1.20000000e+00  1.19999943e+00 -1.37151711e-04 
 1.93086925e-07  1.20000000e+00  1.20000029e+00 -1.32778104e-04 
 1.93103935e-07  1.20000000e+00  1.19999946e+00 -1.72844047e-04 
 1.93121537e-07  1.20000000e+00  1.20000027e+00 -1.83980411e-04 
 1.93139433e-07  1.20000000e+00  1.19999948e+00 -1.92348352e-04 
 1.93158801e-07  1.20000000e+00  1.20000026e+00 -1.30145548e-04 
 1.93177088e-07  1.20000000e+00  1.19999950e+00 -1.38940336e-04 
 1.93195137e-07  1.20000000e+00  1.20000024e+00 -1.70176437e-04 
 1.93212498e-07  1.20000000e+00  1.19999952e+00 -1.90130639e-04 
 1.93229821e-07  1.20000000e+00  1.20000022e+00 -1.86383835e-04 
 1.93247407e-07  1.20000000e+00  1.19999954e+00 -1.36937801e-04 
 1.93265978e-07  1.20000000e+00  1.20000021e+00 -1.33360667e-04 
 1.93283017e-07  1.20000000e+00  1.19999955e+00 -1.72902878e-04 
 1.93300641e-07  1.20000000e+00  1.20000019e+00 -1.84491682e-04 
 1.93318485e-07  1.20000000e+00  1.19999957e+00 -1.91526826e-04 
 1.93337951e-07  1.20000000e+00  1.20000018e+00 -1.29821699e-04 
 1.93356177e-07  1.20000000e+00  1.19999958e+00 -1.39539754e-04 
 1.93374156e-07  1.20000000e+00  1.20000016e+00 -1.70145397e-04 
 1.93391541e-07  1.20000000e+00  1.19999959e+00 -1.90545592e-04 
 1.93408800e-07  1.20000000e+00  1.20000015e+00 -1.85637934e-04 
 1.93428299e-07  1.20000000e+00  1.19999961e+00 -1.32257679e-04 
 1.93445916e-07  1.20000000e+00  1.20000014e+00 -1.36124107e-04 
 1.93463796e-07  1.20000000e+00  1.19999962e+00 -1.74441260e-04 
 1.93481011e-07  1.20000000e+00  1.20000013e+00 -1.86316463e-04 
 1.93498070e-07  1.20000000e+00  1.19999963e+00 -1.90041381e-04 
 1.93517587e-07  1.20000000e+00  1.20000012e+00 -1.28520343e-04 
 1.93535186e-07  1.20000000e+00  1.19999964e+00 -1.40053532e-04 
 1.93553058e-07  1.20000000e+00  1.20000011e+00 -1.69790495e-04 
 1.93570295e-07  1.20000000e+00  1.19999965e+00 -1.90580480e-04 
 1.93587445e-07  1.20000000e+00  1.20000010e+00 -1.85569695e-04 
 1.93606977e-07  1.20000000e+00  1.19999966e+00 -1.33414216e-04 
 1.93624719e-07  1.20000000e+00  1.20000009e+00 -1.35526728e-04 
 1.93642565e-07  1.20000000e+00  1.19999967e+00 -1.74394127e-04 
 1.93659867e-07  1.20000000e+00  1.20000008e+00 -1.86072101e-04 
 1.93677045e-07  1.20000000e+00  1.19999968e+00 -1.89930228e-04 
 1.93696530e-07  1.20000000e+00  1.20000007e+00 -1.28696276e-04 
 1.93714292e-07  1.20000000e+00  1.19999969e+00 -1.40478283e-04 
 1.93732090e-07  1.20000000e+00  1.20000006e+00 -1.69583052e-04 
 1.93749408e-07  1.20000000e+00  1.19999969e+00 -1.91030381e-04 
 1.93766573e-07  1.20000000e+00  1.20000005e+00 -1.84814276e-04 
 1.93786025e-07  1.20000000e+00  1.19999970e+00 -1.33738951e-04 
 1.93803806e-07  1.20000000e+00  1.20000005e+00 -1.35608540e-04 
 1.93821564e-07  1.20000000e+00  1.19999971e+00 -1.74484846e-04 
 1.93838902e-07  1.20000000e+00  1.20000004e+00 -1.86110439e-04 
 1.93856075e-07  1.20000000e+00  1.19999972e+00 -1.89626345e-04 
 1.93875503e-07  1.20000000e+00  1.20000003e+00 -1.28882457e-04 
 1.93893327e-07  1.20000000e+00  1.19999972e+00 -1.40729586e-04 
 1.93911048e-07  1.20000000e+00  1.20000003e+00 -1.69357190e-04 
 1.93928415e-07  1.20000000e+00  1.19999973e+00 -1.91303461e-04 
 1.93945598e-07  1.20000000e+00  1.20000002e+00 -1.84261634e-04 
 1.93964999e-07  1.20000000e+00  1.19999973e+00 -1.34181617e-04 
 1.93982858e-07  1.20000000e+00  1.20000001e+00 -1.35632682e-04 
 1.94000541e-07  1.20000000e+00  1.19999974e+00 -1.74527315e-04 
 1.94017933e-07  1.20000000e+00  1.20000001e+00 -1.86164996e-04 
 1.94035122e-07  1.20000000e+00  1.19999974e+00 -1.89280701e-04 
 1.94054494e-07  1.20000000e+00  1.20000000e+00 -1.29051963e-04 
 1.94072385e-07  1.20000000e+00  1.19999975e+00 -1.41001488e-04 
 1.94090032e-07  1.20000000e+00  1.20000000e+00 -1.69177588e-04 
 1.94107447e-07  1.20000000e+00  1.19999975e+00 -1.91581357e-04 
 1.94124641e-07  1.20000000e+00  1.20000000e+00 -1.83702501e-04 
 1.94143987e-07  1.20000000e+00  1.19999976e+00 -1.34569481e-04 
 1.94161912e-07  1.20000000e+00  1.19999999e+00 -1.35684300e-04 
 1.94179522e-07  1.20000000e+00  1.19999976e+00 -1.74549563e-04 
 1.94196961e-07  1.20000000e+00  1.19999999e+00 -1.86236211e-04 
 1.94214162e-07  1.20000000e+00  1.19999977e+00 -1.88923162e-04 
 1.94233482e-07  1.20000000e+00  1.19999998e+00 -1.29249843e-04 
 1.94251432e-07  1.20000000e+00  1.19999977e+00 -1.41227747e-04 
 1.94269011e-07  1.20000000e+00  1.19999998e+00 -1.69013877e-04 
 1.94286470e-07  1.20000000e+00  1.19999977e+00 -1.91824058e-04 
 1.94303676e-07  1.20000000e+00  1.19999998e+00 -1.83179536e-04 
 1.94322972e-07  1.20000000e+00  1.19999978e+00 -1.34944896e-04 
 1.94340940e-07  1.20000000e+00  1.19999997e+00 -1.35713728e-04 
 1.94358493e-07  1.20000000e+00  1.19999978e+00 -1.74541017e-04 
 1.94375968e-07  1.20000000e+00  1.19999997e+00 -1.86299306e-04 
 1.94393181e-07  1.20000000e+00  1.19999978e+00 -1.88582979e-04 
 1.94412456e-07  1.20000000e+00  1.19999997e+00 -1.29492880e-04 
 1.94430442e-07  1.20000000e+00  1.19999979e+00 -1.41374319e-04 
 1.94447971e-07  1.20000000e+00  1.19999996e+00 -1.68851911e-04 
 1.94465462e-07  1.20000000e+00  1.19999979e+00 -1.92011660e-04 
 1.94482684e-07  1.20000000e+00  1.19999996e+00 -1.82722340e-04 
 1.94501939e-07  1.20000000e+00  1.19999979e+00 -1.35331985e-04 
 1.94519944e-07  1.20000000e+00  1.19999996e+00 -1.35716285e-04 
 1.94537451e-07  1.20000000e+00  1.19999979e+00 -1.74508569e-04 
 1.94554958e-07  1.20000000e+00  1.19999996e+00 -1.86355106e-04 
 1.94572179e-07  1.20000000e+00  1.19999980e+00 -1.88266889e-04 
 1.94591419e-07  1.20000000e+00  1.19999995e+00 -1.29757329e-04 
 1.94609439e-07  1.20000000e+00  1.19999980e+00 -1.41485571e-04 
 1.94626926e-07  1.20000000e+00  1.19999995e+00 -1.68701557e-04 
 1.94644448e-07  1.20000000e+00  1.19999980e+00 -1.92174035e-04 
 1.94661667e-07  1.20000000e+00  1.19999995e+00 -1.82321263e-04 
 1.94680894e-07  1.20000000e+00  1.19999980e+00 -1.35710390e-04 
 1.94698928e-07  1.20000000e+00  1.19999995e+00 -1.35702693e-04 
 1.94716397e-07  1.20000000e+00  1.19999980e+00 -1.74455508e-04 
 1.94733934e-07  1.20000000e+00  1.19999995e+00 -1.86405142e-04 
 1.94751153e-07  1.20000000e+00  1.19999981e+00 -1.87982224e-04 
 1.94770369e-07  1.20000000e+00  1.19999994e+00 -1.30040880e-04 
 1.94788418e-07  1.20000000e+00  1.19999981e+00 -1.41558783e-04 
 1.94805870e-07  1.20000000e+00  1.19999994e+00 -1.68556633e-04 
 1.94823422e-07  1.20000000e+00  1.19999981e+00 -1.92309355e-04 
 1.94840640e-07  1.20000000e+00  1.19999994e+00 -1.81955061e-04 
 1.94859845e-07  1.20000000e+00  1.19999981e+00 -1.36070178e-04 
 1.94877908e-07  1.20000000e+00  1.19999994e+00 -1.35696074e-04 
 1.94895343e-07  1.20000000e+00  1.19999981e+00 -1.74395204e-04 
 1.94912910e-07  1.20000000e+00  1.19999994e+00 -1.86461757e-04 
 1.94930126e-07  1.20000000e+00  1.19999981e+00 -1.87697428e-04 
 1.94949321e-07  1.20000000e+00  1.19999994e+00 -1.30315926e-04 
 1.94967397e-07  1.20000000e+00  1.19999981e+00 -1.41626830e-04 
 1.94984816e-07  1.20000000e+00  1.19999994e+00 -1.68426991e-04 
 1.95002398e-07  1.20000000e+00  1.19999982e+00 -1.92434062e-04 
 1.95019612e-07  1.20000000e+00  1.19999993e+00 -1.81608420e-04 
 1.95038796e-07  1.20000000e+00  1.19999982e+00 -1.36404299e-04 
 1.95056886e-07  1.20000000e+00  1.19999993e+00 -1.35699468e-04 
 1.95074289e-07  1.20000000e+00  1.19999982e+00 -1.74330316e-04 
 1.95091885e-07  1.20000000e+00  1.19999993e+00 -1.86523231e-04 
 1.95109097e-07  1.20000000e+00  1.19999982e+00 -1.87416198e-04 
 1.95128271e-07  1.20000000e+00  1.19999993e+00 -1.30584582e-04 
 1.95146375e-07  1.20000000e+00  1.19999982e+00 -1.41687353e-04 
 1.95163763e-07  1.20000000e+00  1.19999993e+00 -1.68309064e-04 
 1.95181372e-07  1.20000000e+00  1.19999982e+00 -1.92547612e-04 
 1.95198581e-07  1.20000000e+00  1.19999993e+00 -1.81280477e-04 
 1.95217747e-07  1.20000000e+00  1.19999982e+00 -1.36716401e-04 
 1.95235862e-07  1.20000000e+00  1.19999993e+00 -1.35711077e-04 
 1.95253236e-07  1.20000000e+00  1.19999982e+00 -1.74262485e-04 
 1.95270858e-07  1.20000000e+00  1.19999993e+00 -1.86588577e-04 
 1.95288065e-07  1.20000000e+00  1.19999982e+00 -1.87138939e-04 
 1.95307222e-07  1.20000000e+00  1.19999993e+00 -1.30845539e-04 
 1.95325350e-07  1.20000000e+00  1.19999982e+00 -1.41742150e-04 
 1.95342709e-07  1.20000000e+00  1.19999993e+00 -1.68201624e-04 
 1.95360345e-07  1.20000000e+00  1.19999983e+00 -1.92651720e-04 
 1.95377549e-07  1.20000000e+00  1.19999993e+00 -1.80969411e-04 
 1.95396697e-07  1.20000000e+00  1.19999983e+00 -1.37008593e-04 
 1.95414837e-07  1.20000000e+00  1.19999992e+00 -1.35729259e-04 
 1.95432182e-07  1.20000000e+00  1.19999983e+00 -1.74192743e-04 
 1.95449831e-07  1.20000000e+00  1.19999992e+00 -1.86656510e-04 
 1.95467032e-07  1.20000000e+00  1.19999983e+00 -1.86866551e-04 
 1.95486173e-07  1.20000000e+00  1.19999992e+00 -1.31098613e-04 
 1.95504323e-07  1.20000000e+00  1.19999983e+00 -1.41792056e-04 
 1.95521655e-07  1.20000000e+00  1.19999992e+00 -1.68103381e-04 
 1.95539317e-07  1.20000000e+00  1.19999983e+00 -1.92747537e-04 
 1.95556515e-07  1.20000000e+00  1.19999992e+00 -1.80673703e-04 
 1.95575648e-07  1.20000000e+00  1.19999983e+00 -1.37282757e-04 
 1.95593810e-07  1.20000000e+00  1.19999992e+00 -1.35752799e-04 
 1.95611129e-07  1.20000000e+00  1.19999983e+00 -1.74121995e-04 
 1.95628803e-07  1.20000000e+00  1.19999992e+00 -1.86726137e-04 
 1.95645997e-07  1.20000000e+00  1.19999983e+00 -1.86599564e-04 
 1.95665122e-07  1.20000000e+00  1.19999992e+00 -1.31343645e-04 
 1.95683295e-07  1.20000000e+00  1.19999983e+00 -1.41837822e-04 
 1.95700602e-07  1.20000000e+00  1.19999992e+00 -1.68013270e-04 
 1.95718288e-07  1.20000000e+00  1.19999983e+00 -1.92836048e-04 
 1.95735478e-07  1.20000000e+00  1.19999992e+00 -1.80392049e-04 
 1.95754597e-07  1.20000000e+00  1.19999983e+00 -1.37540574e-04 
 1.95772781e-07  1.20000000e+00  1.19999992e+00 -1.35780651e-04 
 1.95790075e-07  1.20000000e+00  1.19999983e+00 -1.74050926e-04 
 1.95807773e-07  1.20000000e+00  1.19999992e+00 -1.86796717e-04 
 1.95824960e-07  1.20000000e+00  1.19999983e+00 -1.86338361e-04 
 1.95844072e-07  1.20000000e+00  1.19999992e+00 -1.31580632e-04 
 1.95862265e-07  1.20000000e+00  1.19999983e+00 -1.41880052e-04 
 1.95879548e-07  1.20000000e+00  1.19999992e+00 -1.67930384e-04 
 1.95897258e-07  1.20000000e+00  1.19999983e+00 -1.92918082e-04 
 1.95914441e-07  1.20000000e+00  1.19999992e+00 -1.80123296e-04 
 1.95933546e-07  1.20000000e+00  1.19999983e+00 -1.37783522e-04 
 1.95951750e-07  1.20000000e+00  1.19999992e+00 -1.35811958e-04 
 1.95969021e-07  1.20000000e+00  1.19999983e+00 -1.73980072e-04 
 1.95986742e-07  1.20000000e+00  1.19999992e+00 -1.86867666e-04 
 1.96003921e-07  1.20000000e+00  1.19999983e+00 -1.86083182e-04 
 1.96023021e-07  1.20000000e+00  1.19999992e+00 -1.31809672e-04 
 1.96041234e-07  1.20000000e+00  1.19999983e+00 -1.41919236e-04 
 1.96058494e-07  1.20000000e+00  1.19999992e+00 -1.67853942e-04 
 1.96076226e-07  1.20000000e+00  1.19999983e+00 -1.92994342e-04 
 1.96093401e-07  1.20000000e+00  1.19999992e+00 -1.79866427e-04 
 1.96112495e-07  1.20000000e+00  1.19999984e+00 -1.38012918e-04 
 1.96130717e-07  1.20000000e+00  1.19999992e+00 -1.35846009e-04 
 1.96147967e-07  1.20000000e+00  1.19999984e+00 -1.73909841e-04 
 1.96165710e-07  1.20000000e+00  1.19999992e+00 -1.86938520e-04 
 1.96182881e-07  1.20000000e+00  1.19999984e+00 -1.85834157e-04 
 1.96201969e-07  1.20000000e+00  1.19999992e+00 -1.32030935e-04 
 1.96220200e-07  1.20000000e+00  1.19999984e+00 -1.41955778e-04 
 1.96237439e-07  1.20000000e+00  1.19999991e+00 -1.67783273e-04 
 1.96255193e-07  1.20000000e+00  1.19999984e+00 -1.93065430e-04 
 1.96272360e-07  1.20000000e+00  1.19999991e+00 -1.79620536e-04 
 1.96291443e-07  1.20000000e+00  1.19999984e+00 -1.38229932e-04 
 1.96309683e-07  1.20000000e+00  1.19999991e+00 -1.35882216e-04 
 1.96326912e-07  1.20000000e+00  1.19999984e+00 -1.73840547e-04 
 1.96344677e-07  1.20000000e+00  1.19999991e+00 -1.87008917e-04 
 1.96361839e-07  1.20000000e+00  1.19999984e+00 -1.85591330e-04 
 1.96380917e-07  1.20000000e+00  1.19999991e+00 -1.32244642e-04 
 1.96399165e-07  1.20000000e+00  1.19999984e+00 -1.41990012e-04 
 1.96416384e-07  1.20000000e+00  1.19999991e+00 -1.67717793e-04 
 1.96434159e-07  1.20000000e+00  1.19999984e+00 -1.93131859e-04 
 1.96451317e-07  1.20000000e+00  1.19999991e+00 -1.79384813e-04 
 1.96470390e-07  1.20000000e+00  1.19999984e+00 -1.38435611e-04 
 1.96488647e-07  1.20000000e+00  1.19999991e+00 -1.35920091e-04 
 1.96505857e-07  1.20000000e+00  1.19999984e+00 -1.73772420e-04 
 1.96523642e-07  1.20000000e+00  1.19999991e+00 -1.87078575e-04 
 1.96540795e-07  1.20000000e+00  1.19999984e+00 -1.85354681e-04 
 1.96559864e-07  1.20000000e+00  1.19999991e+00 -1.32451050e-04 
 1.96578129e-07  1.20000000e+00  1.19999984e+00 -1.42022217e-04 
 1.96595329e-07  1.20000000e+00  1.19999991e+00 -1.67656994e-04 
 1.96613124e-07  1.20000000e+00  1.19999984e+00 -1.93194077e-04 
 1.96630272e-07  1.20000000e+00  1.19999991e+00 -1.79158528e-04 
 1.96649337e-07  1.20000000e+00  1.19999984e+00 -1.38630895e-04 
 1.96667610e-07  1.20000000e+00  1.19999991e+00 -1.35959234e-04 
 1.96684801e-07  1.20000000e+00  1.19999984e+00 -1.73705630e-04 
 1.96702606e-07  1.20000000e+00  1.19999991e+00 -1.87147278e-04 
 1.96719750e-07  1.20000000e+00  1.19999984e+00 -1.85124132e-04 
 1.96738810e-07  1.20000000e+00  1.19999991e+00 -1.32650440e-04 
 1.96757090e-07  1.20000000e+00  1.19999984e+00 -1.42052623e-04 
 1.96774273e-07  1.20000000e+00  1.19999991e+00 -1.67600433e-04 
 1.96792087e-07  1.20000000e+00  1.19999984e+00 -1.93252470e-04 
 1.96809226e-07  1.20000000e+00  1.19999991e+00 -1.78941019e-04 
 1.96828282e-07  1.20000000e+00  1.19999984e+00 -1.38816625e-04 
 1.96846570e-07  1.20000000e+00  1.19999991e+00 -1.35999313e-04 
 1.96863745e-07  1.20000000e+00  1.19999984e+00 -1.73640296e-04 
 1.96881568e-07  1.20000000e+00  1.19999991e+00 -1.87214863e-04 
 1.96898703e-07  1.20000000e+00  1.19999984e+00 -1.84899571e-04 
 1.96917755e-07  1.20000000e+00  1.19999991e+00 -1.32843106e-04 
 1.96936050e-07  1.20000000e+00  1.19999984e+00 -1.42081430e-04 
 1.96953216e-07  1.20000000e+00  1.19999991e+00 -1.67547718e-04 
 1.96971049e-07  1.20000000e+00  1.19999984e+00 -1.93307378e-04 
 1.96988179e-07  1.20000000e+00  1.19999991e+00 -1.78731686e-04 
 1.97007227e-07  1.20000000e+00  1.19999984e+00 -1.38993562e-04 
 1.97025530e-07  1.20000000e+00  1.19999991e+00 -1.36040056e-04 
 1.97042688e-07  1.20000000e+00  1.19999984e+00 -1.73576495e-04 
 1.97060529e-07  1.20000000e+00  1.19999991e+00 -1.87281211e-04 
 1.97077655e-07  1.20000000e+00  1.19999984e+00 -1.84680852e-04 
 1.97096699e-07  1.20000000e+00  1.19999991e+00 -1.33029346e-04 
 1.97115008e-07  1.20000000e+00  1.19999984e+00 -1.42108804e-04 
 1.97132159e-07  1.20000000e+00  1.19999991e+00 -1.67498504e-04 
 1.97150009e-07  1.20000000e+00  1.19999984e+00 -1.93359099e-04 
 1.97167130e-07  1.20000000e+00  1.19999991e+00 -1.78529980e-04 
 1.97186171e-07  1.20000000e+00  1.19999984e+00 -1.39162392e-04 
 1.97204487e-07  1.20000000e+00  1.19999991e+00 -1.36081240e-04 
 1.97221630e-07  1.20000000e+00  1.19999984e+00 -1.73514274e-04 
 1.97239488e-07  1.20000000e+00  1.19999991e+00 -1.87346236e-04 
 1.97256605e-07  1.20000000e+00  1.19999984e+00 -1.84467809e-04 
 1.97275643e-07  1.20000000e+00  1.19999991e+00 -1.33209463e-04 
 1.97293965e-07  1.20000000e+00  1.19999984e+00 -1.42134889e-04 
 1.97311101e-07  1.20000000e+00  1.19999991e+00 -1.67452486e-04 
 1.97328968e-07  1.20000000e+00  1.19999984e+00 -1.93407896e-04 
 1.97346079e-07  1.20000000e+00  1.19999991e+00 -1.78335398e-04 
 1.97365114e-07  1.20000000e+00  1.19999984e+00 -1.39323737e-04 
 1.97383443e-07  1.20000000e+00  1.19999991e+00 -1.36122681e-04 
 1.97400572e-07  1.20000000e+00  1.19999984e+00 -1.73453657e-04 
 1.97418447e-07  1.20000000e+00  1.19999991e+00 -1.87409883e-04 
 1.97435553e-07  1.20000000e+00  1.19999984e+00 -1.84260257e-04 
 1.97454586e-07  1.20000000e+00  1.19999991e+00 -1.33383754e-04 
 1.97472920e-07  1.20000000e+00  1.19999984e+00 -1.42159808e-04 
 1.97490042e-07  1.20000000e+00  1.19999991e+00 -1.67409392e-04 
 1.97507925e-07  1.20000000e+00  1.19999984e+00 -1.93454003e-04 
 1.97525027e-07  1.20000000e+00  1.19999991e+00 -1.78147026e-04 
 1.97544056e-07  1.20000000e+00  1.19999984e+00 -1.39478324e-04 
 1.97562397e-07  1.20000000e+00  1.19999991e+00 -1.36163695e-04 
 1.97579512e-07  1.20000000e+00  1.19999984e+00 -1.73393243e-04 
 1.97597402e-07  1.20000000e+00  1.19999991e+00 -1.87471806e-04 
 1.97614500e-07  1.20000000e+00  1.19999984e+00 -1.84057282e-04 
 1.97633526e-07  1.20000000e+00  1.19999991e+00 -1.33555929e-04 
 1.97651873e-07  1.20000000e+00  1.19999984e+00 -1.42181734e-04 
 1.97668982e-07  1.20000000e+00  1.19999991e+00 -1.67366801e-04 
 1.97686880e-07  1.20000000e+00  1.19999984e+00 -1.93496717e-04 
 1.97703973e-07  1.20000000e+00  1.19999991e+00 -1.77964265e-04 
 1.97722997e-07  1.20000000e+00  1.19999984e+00 -1.39630185e-04 
 1.97741350e-07  1.20000000e+00  1.19999991e+00 -1.36204818e-04 
 1.97758452e-07  1.20000000e+00  1.19999984e+00 -1.73334641e-04 
 1.97776358e-07  1.20000000e+00  1.19999991e+00 -1.87533091e-04 
 1.97793447e-07  1.20000000e+00  1.19999984e+00 -1.83857285e-04 
 1.97812468e-07  1.20000000e+00  1.19999991e+00 -1.33720968e-04 
 1.97830826e-07  1.20000000e+00  1.19999984e+00 -1.42205722e-04 
 1.97847922e-07  1.20000000e+00  1.19999991e+00 -1.67328712e-04 
 1.97865836e-07  1.20000000e+00  1.19999984e+00 -1.93539182e-04 
 1.97882919e-07  1.20000000e+00  1.19999991e+00 -1.77785554e-04 
 1.97901938e-07  1.20000000e+00  1.19999984e+00 -1.39773803e-04 
 1.97920301e-07  1.20000000e+00  1.19999991e+00 -1.36246864e-04 
 1.97937392e-07  1.20000000e+00  1.19999984e+00 -1.73278354e-04 
 1.97955313e-07  1.20000000e+00  1.19999991e+00 -1.87593129e-04 
 1.97972392e-07  1.20000000e+00  1.19999984e+00 -1.83662721e-04 
 1.97991408e-07  1.20000000e+00  1.19999991e+00 -1.33881408e-04 
 1.98009777e-07  1.20000000e+00  1.19999984e+00 -1.42228112e-04 
 1.98026861e-07  1.20000000e+00  1.19999991e+00 -1.67292402e-04 
 1.98044789e-07  1.20000000e+00  1.19999984e+00 -1.93578972e-04 
 1.98061864e-07  1.20000000e+00  1.19999991e+00 -1.77612885e-04 
 1.98080878e-07  1.20000000e+00  1.19999984e+00 -1.39912149e-04 
 1.98099252e-07  1.20000000e+00  1.19999991e+00 -1.36288571e-04 
 1.98116330e-07  1.20000000e+00  1.19999984e+00 -1.73223574e-04 
 1.98134265e-07  1.20000000e+00  1.19999991e+00 -1.87651716e-04 
 1.98151335e-07  1.20000000e+00  1.19999984e+00 -1.83472859e-04 
 1.98170347e-07  1.20000000e+00  1.19999991e+00 -1.34036824e-04 
 1.98188726e-07  1.20000000e+00  1.19999984e+00 -1.42249840e-04 
 1.98205799e-07  1.20000000e+00  1.19999991e+00 -1.67258370e-04 
 1.98223741e-07  1.20000000e+00  1.19999984e+00 -1.93616839e-04 
 1.98240806e-07  1.20000000e+00  1.19999991e+00 -1.77445436e-04 
 1.98259816e-07  1.20000000e+00  1.19999984e+00 -1.40045182e-04 
 1.98278200e-07  1.20000000e+00  1.19999991e+00 -1.36330013e-04 
 1.98295268e-07  1.20000000e+00  1.19999984e+00 -1.73170330e-04 
 1.98313217e-07  1.20000000e+00  1.19999991e+00 -1.87708835e-04 
 1.98330277e-07  1.20000000e+00  1.19999984e+00 -1.83287661e-04 
 1.98349285e-07  1.20000000e+00  1.19999991e+00 -1.34187714e-04 
 1.98367674e-07  1.20000000e+00  1.19999984e+00 -1.42270762e-04 
 1.98384737e-07  1.20000000e+00  1.19999991e+00 -1.67226287e-04 
 1.98402692e-07  1.20000000e+00  1.19999984e+00 -1.93652799e-04 
 1.98419748e-07  1.20000000e+00  1.19999991e+00 -1.77282951e-04 
 1.98438754e-07  1.20000000e+00  1.19999984e+00 -1.40173341e-04 
 1.98457147e-07  1.20000000e+00  1.19999991e+00 -1.36371149e-04 
 1.98474205e-07  1.20000000e+00  1.19999984e+00 -1.73118583e-04 
 1.98492167e-07  1.20000000e+00  1.19999991e+00 -1.87764546e-04 
 1.98509218e-07  1.20000000e+00  1.19999984e+00 -1.83106856e-04 
 1.98528222e-07  1.20000000e+00  1.19999991e+00 -1.34334272e-04 
 1.98546620e-07  1.20000000e+00  1.19999984e+00 -1.42290987e-04 
 1.98563673e-07  1.20000000e+00  1.19999991e+00 -1.67196043e-04 
 1.98581641e-07  1.20000000e+00  1.19999984e+00 -1.93687006e-04 
 1.98598688e-07  1.20000000e+00  1.19999991e+00 -1.77125111e-04 
 1.98617690e-07  1.20000000e+00  1.19999985e+00 -1.40296964e-04 
 1.98636093e-07  1.20000000e+00  1.19999991e+00 -1.36411937e-04 
 1.98653141e-07  1.20000000e+00  1.19999985e+00 -1.73068275e-04 
 1.98671115e-07  1.20000000e+00  1.19999991e+00 -1.87818873e-04 
 1.98688157e-07  1.20000000e+00  1.19999985e+00 -1.82930246e-04 
 1.98707158e-07  1.20000000e+00  1.19999991e+00 -1.34476756e-04 
 1.98725565e-07  1.20000000e+00  1.19999985e+00 -1.42310561e-04 
 1.98742608e-07  1.20000000e+00  1.19999991e+00 -1.67167497e-04 
 1.98760589e-07  1.20000000e+00  1.19999985e+00 -1.93719575e-04 
 1.98777626e-07  1.20000000e+00  1.19999991e+00 -1.76971627e-04 
 1.98796626e-07  1.20000000e+00  1.19999985e+00 -1.40416367e-04 
 1.98815037e-07  1.20000000e+00  1.19999991e+00 -1.36452357e-04 
 1.98832075e-07  1.20000000e+00  1.19999985e+00 -1.73019357e-04 
 1.98850062e-07  1.20000000e+00  1.19999991e+00 -1.87871859e-04 
 1.98867095e-07  1.20000000e+00  1.19999985e+00 -1.82757618e-04 
 1.98886093e-07  1.20000000e+00  1.19999991e+00 -1.34615396e-04 
 1.98904508e-07  1.20000000e+00  1.19999985e+00 -1.42329535e-04 
 1.98921542e-07  1.20000000e+00  1.19999991e+00 -1.67140529e-04 
 1.98939535e-07  1.20000000e+00  1.19999985e+00 -1.93750613e-04 
 1.98956563e-07  1.20000000e+00  1.19999991e+00 -1.76822226e-04 
 1.98975560e-07  1.20000000e+00  1.19999985e+00 -1.40531840e-04 
 1.98993979e-07  1.20000000e+00  1.19999990e+00 -1.36492391e-04 
 1.99011009e-07  1.20000000e+00  1.19999985e+00 -1.72971775e-04 
 1.99029008e-07  1.20000000e+00  1.19999990e+00 -1.87923544e-04 
 1.99046031e-07  1.20000000e+00  1.19999985e+00 -1.82588772e-04 
 1.99065027e-07  1.20000000e+00  1.19999990e+00 -1.34750411e-04 
 1.99083450e-07  1.20000000e+00  1.19999985e+00 -1.42347957e-04 
 1.99100476e-07  1.20000000e+00  1.19999990e+00 -1.67115027e-04 
 1.99118480e-07  1.20000000e+00  1.19999985e+00 -1.93780221e-04 
 1.99135499e-07  1.20000000e+00  1.19999990e+00 -1.76676654e-04 
 1.99154493e-07  1.20000000e+00  1.19999985e+00 -1.40643654e-04 
 1.99172920e-07  1.20000000e+00  1.19999990e+00 -1.36532031e-04 
 1.99189942e-07  1.20000000e+00  1.19999985e+00 -1.72925477e-04 
 1.99207952e-07  1.20000000e+00  1.19999990e+00 -1.87973970e-04 
 1.99224967e-07  1.20000000e+00  1.19999985e+00 -1.82423513e-04 
 1.99243959e-07  1.20000000e+00  1.19999990e+00 -1.34882010e-04 
 1.99262390e-07  1.20000000e+00  1.19999985e+00 -1.42365869e-04 
 1.99279408e-07  1.20000000e+00  1.19999990e+00 -1.67090891e-04 
 1.99297423e-07  1.20000000e+00  1.19999985e+00 -1.93808489e-04 
 1.99314434e-07  1.20000000e+00  1.19999990e+00 -1.76534671e-04 
 1.99333425e-07  1.20000000e+00  1.19999985e+00 -1.40752058e-04 
 1.99351860e-07  1.20000000e+00  1.19999990e+00 -1.36571272e-04 
 1.99368873e-07  1.20000000e+00  1.19999985e+00 -1.72880412e-04 
 1.99386894e-07  1.20000000e+00  1.19999990e+00 -1.88023182e-04 
 1.99403900e-07  1.20000000e+00  1.19999985e+00 -1.82261650e-04 
 1.99422891e-07  1.20000000e+00  1.19999990e+00 -1.35010391e-04 
 1.99441329e-07  1.20000000e+00  1.19999985e+00 -1.42383311e-04 
 1.99458339e-07  1.20000000e+00  1.19999990e+00 -1.67068028e-04 
 1.99476365e-07  1.20000000e+00  1.19999985e+00 -1.93835501e-04 
 1.99493367e-07  1.20000000e+00  1.19999990e+00 -1.76396052e-04 
 1.99512356e-07  1.20000000e+00  1.19999985e+00 -1.40857283e-04 
 1.99530798e-07  1.20000000e+00  1.19999990e+00 -1.36610113e-04 
 1.99547804e-07  1.20000000e+00  1.19999985e+00 -1.72836528e-04 
 1.99565835e-07  1.20000000e+00  1.19999990e+00 -1.88071222e-04 
 1.99582833e-07  1.20000000e+00  1.19999985e+00 -1.82103002e-04 
 1.99601821e-07  1.20000000e+00  1.19999990e+00 -1.35135743e-04 
 1.99620266e-07  1.20000000e+00  1.19999985e+00 -1.42400319e-04 
 1.99637269e-07  1.20000000e+00  1.19999990e+00 -1.67046353e-04 
 1.99655305e-07  1.20000000e+00  1.19999985e+00 -1.93861335e-04 
 1.99672299e-07  1.20000000e+00  1.19999990e+00 -1.76260584e-04 
 1.99691286e-07  1.20000000e+00  1.19999985e+00 -1.40959546e-04 
 1.99709734e-07  1.20000000e+00  1.19999990e+00 -1.36648559e-04 
 1.99726734e-07  1.20000000e+00  1.19999985e+00 -1.72793777e-04 
 1.99744775e-07  1.20000000e+00  1.19999990e+00 -1.88118133e-04 
 1.99761764e-07  1.20000000e+00  1.19999985e+00 -1.81947396e-04 
 1.99780751e-07  1.20000000e+00  1.19999990e+00 -1.35258239e-04 
 1.99799202e-07  1.20000000e+00  1.19999985e+00 -1.42416926e-04 
 1.99816198e-07  1.20000000e+00  1.19999990e+00 -1.67025799e-04 
 1.99834244e-07  1.20000000e+00  1.19999985e+00 -1.93886079e-04 
 1.99851229e-07  1.20000000e+00  1.19999990e+00 -1.76127974e-04 
 1.99870215e-07  1.20000000e+00  1.19999985e+00 -1.41059138e-04 
 1.99888670e-07  1.20000000e+00  1.19999990e+00 -1.36686621e-04 
 1.99905662e-07  1.20000000e+00  1.19999985e+00 -1.72751973e-04 
 1.99923713e-07  1.20000000e+00  1.19999990e+00 -1.88163803e-04 
 1.99940694e-07  1.20000000e+00  1.19999985e+00 -1.81795695e-04 
 1.99959679e-07  1.20000000e+00  1.19999990e+00 -1.35376651e-04 
 1.99978137e-07  1.20000000e+00  1.19999985e+00 -1.42434261e-04 
 1.99995126e-07  1.20000000e+00  1.19999990e+00 -1.67006459e-04 
 2.00013182e-07  1.20000000e+00  1.19999985e+00 -1.93910275e-04 
 2.00030158e-07  1.20000000e+00  1.19999990e+00 -1.75997525e-04 
 2.00049142e-07  1.20000000e+00  1.19999985e+00 -1.41158273e-04 
 2.00067602e-07  1.20000000e+00  1.19999990e+00 -1.36722167e-04 
 2.00084588e-07  1.20000000e+00  1.19999985e+00 -1.72710614e-04 
 2.00100000e-07  1.20000000e+00  1.19999990e+00 -1.86372197e-04 
 2.00101806e-07  1.17832562e+00  1.19999988e+00 -2.03420667e-04 
 2.00105419e-07  1.13497686e+00  1.19999988e+00 -2.03492392e-04 
 2.00112643e-07  1.04827935e+00  1.19999988e+00 -1.99380220e-04 
 2.00127093e-07  8.74884311e-01  1.19999988e+00 -1.74076713e-04 
 2.00141940e-07  6.96724816e-01  1.19999988e+00 -1.59047570e-04 
 2.00158530e-07  4.97636314e-01  1.19999988e+00 -1.71046767e-04 
 2.00174840e-07  3.01922762e-01  1.19999988e+00 -2.20915111e-04 
 2.00187420e-07  1.50961381e-01  1.19999988e+00 -2.41355776e-04 
 2.00200000e-07  0.00000000e+00  1.19999988e+00 -2.67879911e-04 
 2.00202485e-07  0.00000000e+00  1.19999988e+00 -2.43461043e-04 
 2.00207455e-07  0.00000000e+00  1.19999988e+00 -2.45305268e-04 
 2.00217396e-07  0.00000000e+00  1.19999988e+00 -2.43372598e-04 
 2.00233488e-07  0.00000000e+00  1.19999988e+00 -2.24961749e-04 
 2.00248529e-07  0.00000000e+00  1.19999988e+00 -2.34276490e-04 
 2.00264354e-07  0.00000000e+00  1.19999988e+00 -2.67571811e-04 
 2.00282048e-07  0.00000000e+00  1.19999988e+00 -2.42475047e-04 
 2.00299057e-07  0.00000000e+00  1.19999988e+00 -2.54362360e-04 
 2.00317020e-07  0.00000000e+00  1.19999988e+00 -2.20678257e-04 
 2.00333690e-07  0.00000000e+00  1.19999988e+00 -2.37363193e-04 
 2.00351179e-07  0.00000000e+00  1.19999988e+00 -2.59971677e-04 
 2.00368191e-07  0.00000000e+00  1.19999988e+00 -2.55002866e-04 
 2.00386494e-07  0.00000000e+00  1.19999988e+00 -2.43955386e-04 
 2.00404857e-07  0.00000000e+00  1.19999988e+00 -2.34513912e-04 
 2.00422996e-07  0.00000000e+00  1.19999988e+00 -2.25884007e-04 
 2.00440248e-07  0.00000000e+00  1.19999988e+00 -2.70761530e-04 
 2.00458175e-07  0.00000000e+00  1.19999988e+00 -2.43277469e-04 
 2.00475996e-07  0.00000000e+00  1.19999988e+00 -2.55385739e-04 
 2.00494812e-07  0.00000000e+00  1.19999988e+00 -2.22858904e-04 
 2.00512735e-07  0.00000000e+00  1.19999988e+00 -2.37271465e-04 
 2.00530088e-07  0.00000000e+00  1.19999988e+00 -2.60082361e-04 
 2.00547926e-07  0.00000000e+00  1.19999988e+00 -2.53018908e-04 
 2.00565956e-07  0.00000000e+00  1.19999988e+00 -2.46226326e-04 
 2.00584599e-07  0.00000000e+00  1.19999988e+00 -2.31975425e-04 
 2.00602825e-07  0.00000000e+00  1.19999988e+00 -2.29248504e-04 
 2.00620000e-07  0.00000000e+00  1.19999988e+00 -2.68777966e-04 
 2.00637872e-07  0.00000000e+00  1.19999988e+00 -2.43449915e-04 
 2.00656063e-07  0.00000000e+00  1.19999988e+00 -2.55923754e-04 
 2.00674547e-07  0.00000000e+00  1.19999988e+00 -2.22346914e-04 
 2.00693134e-07  0.00000000e+00  1.19999988e+00 -2.40080934e-04 
 2.00710098e-07  0.00000000e+00  1.19999988e+00 -2.59203602e-04 
 2.00728041e-07  0.00000000e+00  1.19999988e+00 -2.51589330e-04 
 2.00746464e-07  0.00000000e+00  1.19999988e+00 -2.48134408e-04 
 2.00764496e-07  0.00000000e+00  1.19999988e+00 -2.30005658e-04 
 2.00781121e-07  0.00000000e+00  1.19999988e+00 -2.29712178e-04 
 2.00798836e-07  0.00000000e+00  1.19999988e+00 -2.67185053e-04 
 2.00815692e-07  0.00000000e+00  1.19999988e+00 -2.44577711e-04 
 2.00834544e-07  0.00000000e+00  1.19999988e+00 -2.55648898e-04 
 2.00852632e-07  0.00000000e+00  1.19999988e+00 -2.24779780e-04 
 2.00869560e-07  0.00000000e+00  1.19999988e+00 -2.34554994e-04 
 2.00887337e-07  0.00000000e+00  1.19999988e+00 -2.60541315e-04 
 2.00904466e-07  0.00000000e+00  1.19999988e+00 -2.50758202e-04 
 2.00922955e-07  0.00000000e+00  1.19999988e+00 -2.49533064e-04 
 2.00941498e-07  0.00000000e+00  1.19999988e+00 -2.31849827e-04 
 2.00959873e-07  0.00000000e+00  1.19999988e+00 -2.29628108e-04 
 2.00977178e-07  0.00000000e+00  1.19999988e+00 -2.66373399e-04 
 2.00995163e-07  0.00000000e+00  1.19999988e+00 -2.43536238e-04 
 2.01013416e-07  0.00000000e+00  1.19999988e+00 -2.56911337e-04 
 2.01032062e-07  0.00000000e+00  1.19999988e+00 -2.23408138e-04 
 2.01050722e-07  0.00000000e+00  1.19999988e+00 -2.39478251e-04 
 2.01067754e-07  0.00000000e+00  1.19999988e+00 -2.58662456e-04 
 2.01085753e-07  0.00000000e+00  1.19999988e+00 -2.49712006e-04 
 2.01104474e-07  0.00000000e+00  1.19999988e+00 -2.51273571e-04 
 2.01122136e-07  0.00000000e+00  1.19999988e+00 -2.28827820e-04 
 2.01138618e-07  0.00000000e+00  1.19999988e+00 -2.31024159e-04 
 2.01156331e-07  0.00000000e+00  1.19999988e+00 -2.64710444e-04 
 2.01173059e-07  0.00000000e+00  1.19999988e+00 -2.44523312e-04 
 2.01192219e-07  0.00000000e+00  1.19999988e+00 -2.56748388e-04 
 2.01210129e-07  0.00000000e+00  1.19999988e+00 -2.25969033e-04 
 2.01226968e-07  0.00000000e+00  1.19999988e+00 -2.33630065e-04 
 2.01244847e-07  0.00000000e+00  1.19999988e+00 -2.60061909e-04 
 2.01261887e-07  0.00000000e+00  1.19999988e+00 -2.48702857e-04 
 2.01280636e-07  0.00000000e+00  1.19999988e+00 -2.52522327e-04 
 2.01299194e-07  0.00000000e+00  1.19999988e+00 -2.30868958e-04 
 2.01317838e-07  0.00000000e+00  1.19999988e+00 -2.31611985e-04 
 2.01335143e-07  0.00000000e+00  1.19999988e+00 -2.63850546e-04 
 2.01353191e-07  0.00000000e+00  1.19999988e+00 -2.43373450e-04 
 2.01371809e-07  0.00000000e+00  1.19999988e+00 -2.58393754e-04 
 2.01389742e-07  0.00000000e+00  1.19999988e+00 -2.23994585e-04 
 2.01406331e-07  0.00000000e+00  1.19999988e+00 -2.35706256e-04 
 2.01424120e-07  0.00000000e+00  1.19999988e+00 -2.58539556e-04 
 2.01440993e-07  0.00000000e+00  1.19999988e+00 -2.48779150e-04 
 2.01460159e-07  0.00000000e+00  1.19999988e+00 -2.53211753e-04 
 2.01478032e-07  0.00000000e+00  1.19999988e+00 -2.31387947e-04 
 2.01494897e-07  0.00000000e+00  1.19999988e+00 -2.28491954e-04 
 2.01512832e-07  0.00000000e+00  1.19999988e+00 -2.63956148e-04 
 2.01529902e-07  0.00000000e+00  1.19999988e+00 -2.42999360e-04 
 2.01548776e-07  0.00000000e+00  1.19999988e+00 -2.58839768e-04 
 2.01567143e-07  0.00000000e+00  1.19999988e+00 -2.26517668e-04 
 2.01586029e-07  0.00000000e+00  1.19999988e+00 -2.36585819e-04 
 2.01603265e-07  0.00000000e+00  1.19999988e+00 -2.58166903e-04 
 2.01621401e-07  0.00000000e+00  1.19999988e+00 -2.47335705e-04 
 2.01640171e-07  0.00000000e+00  1.19999988e+00 -2.55337262e-04 
 2.01657821e-07  0.00000000e+00  1.19999988e+00 -2.28480380e-04 
 2.01674302e-07  0.00000000e+00  1.19999988e+00 -2.31359341e-04 
 2.01692088e-07  0.00000000e+00  1.19999988e+00 -2.61828321e-04 
 2.01708872e-07  0.00000000e+00  1.19999988e+00 -2.43849306e-04 
 2.01728230e-07  0.00000000e+00  1.19999988e+00 -2.58696190e-04 
 2.01745845e-07  0.00000000e+00  1.19999988e+00 -2.27990586e-04 
 2.01762641e-07  0.00000000e+00  1.19999988e+00 -2.32030998e-04 
 2.01780650e-07  0.00000000e+00  1.19999988e+00 -2.59055685e-04 
 2.01797674e-07  0.00000000e+00  1.19999988e+00 -2.46216851e-04 
 2.01816642e-07  0.00000000e+00  1.19999988e+00 -2.56097396e-04 
 2.01834899e-07  0.00000000e+00  1.19999988e+00 -2.31236239e-04 
 2.01853905e-07  0.00000000e+00  1.19999988e+00 -2.32338630e-04 
 2.01871190e-07  0.00000000e+00  1.19999988e+00 -2.61180739e-04 
 2.01889393e-07  0.00000000e+00  1.19999988e+00 -2.42954546e-04 
 2.01908256e-07  0.00000000e+00  1.19999988e+00 -2.60369497e-04 
 2.01925794e-07  0.00000000e+00  1.19999988e+00 -2.24921597e-04 
 2.01942242e-07  0.00000000e+00  1.19999988e+00 -2.35056803e-04 
 2.01960054e-07  0.00000000e+00  1.19999988e+00 -2.57186518e-04 
 2.01976815e-07  0.00000000e+00  1.19999988e+00 -2.46864923e-04 
 2.01994223e-07  0.00000000e+00  1.19999988e+00 -2.55392342e-04 
 2.02012654e-07  0.00000000e+00  1.19999988e+00 -2.33879245e-04 
 2.02031629e-07  0.00000000e+00  1.19999988e+00 -2.29499635e-04 
 2.02048799e-07  0.00000000e+00  1.19999987e+00 -2.62084338e-04 
 2.02067447e-07  0.00000000e+00  1.19999988e+00 -2.41548529e-04 
 2.02085775e-07  0.00000000e+00  1.19999988e+00 -2.61440590e-04 
 2.02103971e-07  0.00000000e+00  1.19999986e+00 -2.25077596e-04 
 2.02120767e-07  0.00000000e+00  1.19999989e+00 -2.35204267e-04 
 2.02138645e-07  0.00000000e+00  1.19999988e+00 -2.56357637e-04 
 2.02155769e-07  0.00000000e+00  1.19999991e+00 -2.47033985e-04 
 2.02175135e-07  0.00000000e+00  1.19999997e+00 -2.56356053e-04 
 2.02192667e-07  0.00000000e+00  1.19999937e+00 -2.32038244e-04 
 2.02209394e-07  0.00000000e+00  1.19999953e+00 -2.28350599e-04 
 2.02227456e-07  0.00000000e+00  1.20000002e+00 -2.61630494e-04 
 2.02244422e-07  0.00000000e+00  1.20000168e+00 -2.41496133e-04 
 2.02263675e-07  0.00000000e+00  1.20000829e+00 -2.61614155e-04 
 2.02281499e-07  0.00000000e+00  1.19999376e+00 -2.28072818e-04 
 2.02298587e-07  0.00000000e+00  1.19996719e+00 -2.32816943e-04 
 2.02316734e-07  0.00000000e+00  1.19994777e+00 -2.56630556e-04 
 2.02333978e-07  0.00000000e+00  1.20000368e+00 -2.45929463e-04 
 2.02353135e-07  0.00000000e+00  1.20044178e+00 -2.57776990e-04 
 2.02371027e-07  0.00000000e+00  1.20056033e+00 -2.31976344e-04 
 2.02388074e-07  0.00000000e+00  1.19935837e+00 -2.28221607e-04 
 2.02406203e-07  0.00000000e+00  1.19600371e+00 -2.58913591e-04 
 2.02423413e-07  0.00000000e+00  1.19324913e+00 -2.40744644e-04 
 2.02442716e-07  0.00000000e+00  1.21027457e+00 -2.73965316e-04 
 2.02460398e-07  0.00000000e+00  1.24585524e+00 -2.41415053e-04 
 2.02476668e-07  0.00000000e+00  1.25170760e+00 -2.23629456e-04 
 2.02492336e-07  0.00000000e+00  1.17131348e+00 -2.18199412e-04 
 2.02508774e-07  0.00000000e+00  9.97511160e-01 -1.84546404e-04 
 2.02523721e-07  0.00000000e+00  8.05431764e-01 -1.72403660e-04 
 2.02540235e-07  0.00000000e+00  5.91531485e-01 -2.07259512e-04 
 2.02558495e-07  0.00000000e+00  3.75485319e-01 -1.66626032e-04 
 2.02575347e-07  0.00000000e+00  2.15602886e-01 -1.79087718e-04 
 2.02591197e-07  0.00000000e+00  1.13590181e-01 -1.65784457e-04 
 2.02609370e-07  0.00000000e+00  4.90511711e-02 -1.53607496e-04 
 2.02623546e-07  0.00000000e+00  2.49088767e-02 -1.82159979e-04 
 2.02640101e-07  0.00000000e+00  1.09925269e-02 -1.75564099e-04 
 2.02657746e-07  0.00000000e+00  4.54861115e-03 -1.51312206e-04 
 2.02672836e-07  0.00000000e+00  2.15488653e-03 -1.72584772e-04 
 2.02691113e-07  0.00000000e+00  8.64573251e-04 -1.42446858e-04 
 2.02709299e-07  0.00000000e+00  3.39793840e-04 -1.74542195e-04 
 2.02726978e-07  0.00000000e+00  1.46700614e-04 -1.75747806e-04 
 2.02746231e-07  0.00000000e+00  4.92212268e-05 -1.53402658e-04 
 2.02765169e-07  0.00000000e+00  2.49471966e-05 -1.66843379e-04 
 2.02782910e-07  0.00000000e+00  4.34504009e-06 -1.45020488e-04 
 2.02800074e-07  0.00000000e+00  7.74774157e-06 -1.75460305e-04 
 2.02818424e-07  0.00000000e+00 -2.48163650e-06 -1.74537241e-04 
 2.02837414e-07  0.00000000e+00  4.49401553e-06 -1.52520435e-04 
 2.02854110e-07  0.00000000e+00 -3.47364318e-06 -1.69851751e-04 
 2.02872531e-07  0.00000000e+00  3.83976313e-06 -1.41608026e-04 
 2.02889429e-07  0.00000000e+00 -3.47976863e-06 -1.78414339e-04 
 2.02907412e-07  0.00000000e+00  3.57132663e-06 -1.72245026e-04 
 2.02926629e-07  0.00000000e+00 -3.34101902e-06 -1.55359396e-04 
 2.02943485e-07  0.00000000e+00  3.38279080e-06 -1.66575798e-04 
 2.02961880e-07  0.00000000e+00 -3.17247796e-06 -1.44894158e-04 
 2.02978831e-07  0.00000000e+00  3.21216606e-06 -1.75040153e-04 
 2.02996832e-07  0.00000000e+00 -3.00763857e-06 -1.75699498e-04 
 2.03016073e-07  0.00000000e+00  3.06033670e-06 -1.51963333e-04 
 2.03032958e-07  0.00000000e+00 -2.85540669e-06 -1.69939230e-04 
 2.03051355e-07  0.00000000e+00  2.90858077e-06 -1.41326413e-04 
 2.03068275e-07  0.00000000e+00 -2.70811041e-06 -1.78739345e-04 
 2.03086276e-07  0.00000000e+00  2.76361544e-06 -1.72040903e-04 
 2.03105501e-07  0.00000000e+00 -2.57566927e-06 -1.55702454e-04 
 2.03122375e-07  0.00000000e+00  2.63035695e-06 -1.66110493e-04 
 2.03140772e-07  0.00000000e+00 -2.44300865e-06 -1.45094846e-04 
 2.03157675e-07  0.00000000e+00  2.50156144e-06 -1.74902066e-04 
 2.03175674e-07  0.00000000e+00 -2.31621223e-06 -1.75981879e-04 
 2.03194908e-07  0.00000000e+00  2.38584808e-06 -1.51827706e-04 
 2.03211803e-07  0.00000000e+00 -2.19981833e-06 -1.69939747e-04 
 2.03230200e-07  0.00000000e+00  2.26999836e-06 -1.41131652e-04 
 2.03247092e-07  0.00000000e+00 -2.08718368e-06 -1.78914611e-04 
 2.03265093e-07  0.00000000e+00  2.15916014e-06 -1.71999269e-04 
 2.03284328e-07  0.00000000e+00 -1.98602834e-06 -1.55910388e-04 
 2.03301232e-07  0.00000000e+00  2.05747263e-06 -1.65761989e-04 
 2.03319630e-07  0.00000000e+00 -1.88477430e-06 -1.45237866e-04 
 2.03336508e-07  0.00000000e+00  1.95899153e-06 -1.74787586e-04 
 2.03354508e-07  0.00000000e+00 -1.78782587e-06 -1.76215404e-04 
 2.03373745e-07  0.00000000e+00  1.87058895e-06 -1.51739569e-04 
 2.03390658e-07  0.00000000e+00 -1.69895027e-06 -1.69898602e-04 
 2.03409057e-07  0.00000000e+00  1.78211903e-06 -1.40984646e-04 
 2.03425921e-07  0.00000000e+00 -1.61281596e-06 -1.79072555e-04 
 2.03443922e-07  0.00000000e+00  1.69735072e-06 -1.71963471e-04 
 2.03463161e-07  0.00000000e+00 -1.53552881e-06 -1.56082365e-04 
 2.03480084e-07  0.00000000e+00  1.61969725e-06 -1.65471437e-04 
 2.03498484e-07  0.00000000e+00 -1.45820244e-06 -1.45345050e-04 
 2.03515336e-07  0.00000000e+00  1.54438115e-06 -1.74697846e-04 
 2.03533338e-07  0.00000000e+00 -1.38405886e-06 -1.76413066e-04 
 2.03552578e-07  0.00000000e+00  1.47682810e-06 -1.51677963e-04 
 2.03569510e-07  0.00000000e+00 -1.31618265e-06 -1.69840156e-04 
 2.03587910e-07  0.00000000e+00  1.40925256e-06 -1.40874304e-04 
 2.03604751e-07  0.00000000e+00 -1.25030498e-06 -1.79195346e-04 
 2.03622753e-07  0.00000000e+00  1.34441520e-06 -1.71949574e-04 
 2.03641995e-07  0.00000000e+00 -1.19123935e-06 -1.56218538e-04 
 2.03658936e-07  0.00000000e+00  1.28509580e-06 -1.65228270e-04 
 2.03677336e-07  0.00000000e+00 -1.13216668e-06 -1.45422411e-04 
 2.03694166e-07  0.00000000e+00  1.22748455e-06 -1.74638196e-04 
 2.03712168e-07  0.00000000e+00 -1.07545186e-06 -1.76570278e-04 
 2.03731412e-07  0.00000000e+00  1.17584912e-06 -1.51642539e-04 
 2.03748360e-07  0.00000000e+00 -1.02359447e-06 -1.69767706e-04 
 2.03766762e-07  0.00000000e+00  1.12421563e-06 -1.40794689e-04 
 2.03783581e-07  0.00000000e+00 -9.73198948e-07 -1.79286871e-04 
 2.03801583e-07  0.00000000e+00  1.07461280e-06 -1.71955677e-04 
 2.03820829e-07  0.00000000e+00 -9.28045507e-07 -1.56323150e-04 
 2.03837785e-07  0.00000000e+00  1.02928328e-06 -1.65026508e-04 
 2.03856187e-07  0.00000000e+00 -8.82901835e-07 -1.45475012e-04 
 2.03872996e-07  0.00000000e+00  9.85204928e-07 -1.74602548e-04 
 2.03890999e-07  0.00000000e+00 -8.39508653e-07 -1.76693833e-04 
 2.03910245e-07  0.00000000e+00  9.45724083e-07 -1.51628315e-04 
 2.03927209e-07  0.00000000e+00 -7.99874525e-07 -1.69684820e-04 
 2.03945611e-07  0.00000000e+00  9.06257099e-07 -1.40740365e-04 
 2.03962411e-07  0.00000000e+00 -7.61312527e-07 -1.79353051e-04 
 2.03980414e-07  0.00000000e+00  8.68299355e-07 -1.71977083e-04 
 2.03999662e-07  0.00000000e+00 -7.26782545e-07 -1.56401611e-04 
 2.04016632e-07  0.00000000e+00  8.33646695e-07 -1.64860103e-04 
 2.04035036e-07  0.00000000e+00 -6.92269818e-07 -1.45507283e-04 
 2.04051827e-07  0.00000000e+00  7.99912782e-07 -1.74586153e-04 
 2.04069830e-07  0.00000000e+00 -6.59059384e-07 -1.76789422e-04 
 2.04089079e-07  0.00000000e+00  7.69714377e-07 -1.51630999e-04 
 2.04106056e-07  0.00000000e+00 -6.28754577e-07 -1.69594645e-04 
 2.04124459e-07  0.00000000e+00  7.39534462e-07 -1.40706807e-04 
 2.04141242e-07  0.00000000e+00 -5.99237897e-07 -1.79398226e-04 
 2.04159246e-07  0.00000000e+00  7.10478538e-07 -1.72010483e-04 
 2.04178496e-07  0.00000000e+00 -5.72821297e-07 -1.56458244e-04 
 2.04195479e-07  0.00000000e+00  6.83976046e-07 -1.64723918e-04 
 2.04213883e-07  0.00000000e+00 -5.46424047e-07 -1.45522840e-04 
 2.04230657e-07  0.00000000e+00  6.58149674e-07 -1.74585404e-04 
 2.04248661e-07  0.00000000e+00 -5.20997585e-07 -1.76861505e-04 
 2.04267913e-07  0.00000000e+00  6.35041290e-07 -1.51647237e-04 
 2.04284901e-07  0.00000000e+00 -4.97814809e-07 -1.69499601e-04 
 2.04303306e-07  0.00000000e+00  6.11951916e-07 -1.40690316e-04 
 2.04320073e-07  0.00000000e+00 -4.75212614e-07 -1.79425927e-04 
 2.04338077e-07  0.00000000e+00  5.89701128e-07 -1.72053280e-04 
 2.04357329e-07  0.00000000e+00 -4.54993394e-07 -1.56496600e-04 
 2.04374323e-07  0.00000000e+00  5.69421304e-07 -1.64613636e-04 
 2.04392729e-07  0.00000000e+00 -4.34792636e-07 -1.45524652e-04 
 2.04409488e-07  0.00000000e+00  5.49640071e-07 -1.74597342e-04 
 2.04427493e-07  0.00000000e+00 -4.15316798e-07 -1.76913804e-04 
 2.04446746e-07  0.00000000e+00  5.31947899e-07 -1.51674308e-04 
 2.04463745e-07  0.00000000e+00 -3.97572142e-07 -1.69401559e-04 
 2.04482151e-07  0.00000000e+00  5.14273050e-07 -1.40687848e-04 
 2.04498904e-07  0.00000000e+00 -3.80256010e-07 -1.79439100e-04 
 2.04516909e-07  0.00000000e+00  4.97224945e-07 -1.72103365e-04 
 2.04536163e-07  0.00000000e+00 -3.64771303e-07 -1.56519644e-04 
 2.04553167e-07  0.00000000e+00  4.81697085e-07 -1.64525592e-04 
 2.04571573e-07  0.00000000e+00 -3.49302740e-07 -1.45515167e-04 
 2.04588319e-07  0.00000000e+00  4.66537566e-07 -1.74619542e-04 
 2.04606325e-07  0.00000000e+00 -3.34376351e-07 -1.76949443e-04 
 2.04625579e-07  0.00000000e+00  4.52983543e-07 -1.51709996e-04 
 2.04642588e-07  0.00000000e+00 -3.20784895e-07 -1.69301967e-04 
 2.04660995e-07  0.00000000e+00  4.39444176e-07 -1.40696886e-04 
 2.04677735e-07  0.00000000e+00 -3.07510227e-07 -1.79440198e-04 
 2.04695741e-07  0.00000000e+00  4.26373889e-07 -1.72159035e-04 
 2.04714996e-07  0.00000000e+00 -2.95643045e-07 -1.56529857e-04 
 2.04732009e-07  0.00000000e+00  4.14475647e-07 -1.64456661e-04 
 2.04750417e-07  0.00000000e+00 -2.83789103e-07 -1.45496411e-04 
 2.04767150e-07  0.00000000e+00  4.02849828e-07 -1.74650013e-04 
 2.04785157e-07  0.00000000e+00 -2.72341220e-07 -1.76971043e-04 
 2.04804413e-07  0.00000000e+00  3.92457954e-07 -1.51752493e-04 
 2.04821430e-07  0.00000000e+00 -2.61922262e-07 -1.69201936e-04 
 2.04839838e-07  0.00000000e+00  3.82077773e-07 -1.40715349e-04 
 2.04856566e-07  0.00000000e+00 -2.51737762e-07 -1.79431265e-04 
 2.04874573e-07  0.00000000e+00  3.72049105e-07 -1.72218916e-04 
 2.04893830e-07  0.00000000e+00 -2.42635069e-07 -1.56529323e-04 
 2.04910851e-07  0.00000000e+00  3.62923685e-07 -1.64404177e-04 
 2.04929259e-07  0.00000000e+00 -2.33542647e-07 -1.45470063e-04 
 2.04945982e-07  0.00000000e+00  3.53999997e-07 -1.74687119e-04 
 2.04963989e-07  0.00000000e+00 -2.24754637e-07 -1.76980810e-04 
 2.04983246e-07  0.00000000e+00  3.46024807e-07 -1.51800327e-04 
 2.05000271e-07  0.00000000e+00 -2.16759548e-07 -1.69102312e-04 
 2.05018680e-07  0.00000000e+00  3.38058453e-07 -1.40741512e-04 
 2.05035397e-07  0.00000000e+00 -2.08938081e-07 -1.79414014e-04 
 2.05053405e-07  0.00000000e+00  3.30355732e-07 -1.72281897e-04 
 2.05072663e-07  0.00000000e+00 -2.01948322e-07 -1.56519792e-04 
 2.05089692e-07  0.00000000e+00  3.23349049e-07 -1.64365851e-04 
 2.05108100e-07  0.00000000e+00 -1.94966042e-07 -1.45437520e-04 
 2.05124813e-07  0.00000000e+00  3.16491764e-07 -1.74729515e-04 
 2.05142821e-07  0.00000000e+00 -1.88212181e-07 -1.76980604e-04 
 2.05162080e-07  0.00000000e+00  3.10363853e-07 -1.51852294e-04 
 2.05179112e-07  0.00000000e+00 -1.82069341e-07 -1.69003732e-04 
 2.05197521e-07  0.00000000e+00  3.04242129e-07 -1.40773941e-04 
 2.05214229e-07  0.00000000e+00 -1.76055047e-07 -1.79389876e-04 
 2.05232237e-07  0.00000000e+00  2.98318309e-07 -1.72347082e-04 
 2.05251496e-07  0.00000000e+00 -1.70680486e-07 -1.56502738e-04 
 2.05268531e-07  0.00000000e+00  2.92930856e-07 -1.64339719e-04 
 2.05286941e-07  0.00000000e+00 -1.65310935e-07 -1.45399944e-04 
 2.05303645e-07  0.00000000e+00  2.87654006e-07 -1.74776094e-04 
 2.05321653e-07  0.00000000e+00 -1.60112867e-07 -1.76971999e-04 
 2.05340913e-07  0.00000000e+00  2.82938348e-07 -1.51907413e-04 
 2.05357951e-07  0.00000000e+00 -1.55385689e-07 -1.68906667e-04 
 2.05376361e-07  0.00000000e+00  2.78226579e-07 -1.40811447e-04 
 2.05393061e-07  0.00000000e+00 -1.50753667e-07 -1.79360056e-04 
 2.05411069e-07  0.00000000e+00  2.73663386e-07 -1.72413751e-04 
 2.05430329e-07  0.00000000e+00 -1.46614025e-07 -1.56479408e-04 
 2.05447371e-07  0.00000000e+00  2.69513676e-07 -1.64324091e-04 
 2.05465780e-07  0.00000000e+00 -1.42477274e-07 -1.45358305e-04 
 2.05482477e-07  0.00000000e+00  2.65445718e-07 -1.74825940e-04 
 2.05500485e-07  0.00000000e+00 -1.38469251e-07 -1.76956329e-04 
 2.05519746e-07  0.00000000e+00  2.61809905e-07 -1.51964880e-04 
 2.05536790e-07  0.00000000e+00 -1.34824348e-07 -1.68811457e-04 
 2.05555200e-07  0.00000000e+00  2.58176045e-07 -1.40853038e-04 
 2.05571892e-07  0.00000000e+00 -1.31249689e-07 -1.79325565e-04 
 2.05589901e-07  0.00000000e+00  2.54653704e-07 -1.72481324e-04 
 2.05609163e-07  0.00000000e+00 -1.28054357e-07 -1.56450854e-04 
 2.05626209e-07  0.00000000e+00  2.51450313e-07 -1.64317508e-04 
 2.05644620e-07  0.00000000e+00 -1.24860188e-07 -1.45313413e-04 
 2.05661308e-07  0.00000000e+00  2.48307174e-07 -1.74878302e-04 
 2.05679318e-07  0.00000000e+00 -1.21762591e-07 -1.76934726e-04 
 2.05698579e-07  0.00000000e+00  2.45497196e-07 -1.52024043e-04 
 2.05715628e-07  0.00000000e+00 -1.18945179e-07 -1.68718339e-04 
 2.05734039e-07  0.00000000e+00  2.42687574e-07 -1.40897889e-04 
 2.05750724e-07  0.00000000e+00 -1.16179483e-07 -1.79287254e-04 
 2.05768734e-07  0.00000000e+00  2.39961558e-07 -1.72549336e-04 
 2.05787996e-07  0.00000000e+00 -1.13706452e-07 -1.56417970e-04 
 2.05805047e-07  0.00000000e+00  2.37481781e-07 -1.64318710e-04 
 2.05823458e-07  0.00000000e+00 -1.11233066e-07 -1.45265942e-04 
 2.05840140e-07  0.00000000e+00  2.35046292e-07 -1.74932558e-04 
 2.05858150e-07  0.00000000e+00 -1.08832062e-07 -1.76908151e-04 
 2.05877412e-07  0.00000000e+00  2.32867983e-07 -1.52084367e-04 
 2.05894466e-07  0.00000000e+00 -1.06647523e-07 -1.68627471e-04 
 2.05912877e-07  0.00000000e+00  2.30688742e-07 -1.40945310e-04 
 2.05929556e-07  0.00000000e+00 -1.04500827e-07 -1.79245841e-04 
 2.05947566e-07  0.00000000e+00  2.28572091e-07 -1.72617416e-04 
 2.05966829e-07  0.00000000e+00 -1.02580313e-07 -1.56381512e-04 
 2.05983884e-07  0.00000000e+00  2.26645808e-07 -1.64326606e-04 
 2.06002296e-07  0.00000000e+00 -1.00658251e-07 -1.45216459e-04 
 2.06018972e-07  0.00000000e+00  2.24751813e-07 -1.74988195e-04 
 2.06036982e-07  0.00000000e+00 -9.87903432e-08 -1.76877426e-04 
 2.06056245e-07  0.00000000e+00  2.23056790e-07 -1.52145420e-04 
 2.06073303e-07  0.00000000e+00 -9.70899181e-08 -1.68538946e-04 
 2.06091714e-07  0.00000000e+00  2.21359776e-07 -1.40994730e-04 
 2.06108388e-07  0.00000000e+00 -9.54169612e-08 -1.79201930e-04 
 2.06126399e-07  0.00000000e+00  2.19709480e-07 -1.72685269e-04 
 2.06145662e-07  0.00000000e+00 -9.39191881e-08 -1.56342123e-04 
 2.06162721e-07  0.00000000e+00  2.18206654e-07 -1.64340250e-04 
 2.06181133e-07  0.00000000e+00 -9.24189644e-08 -1.45165437e-04 
 2.06197804e-07  0.00000000e+00  2.16727105e-07 -1.75044792e-04 
 2.06215815e-07  0.00000000e+00 -9.09590808e-08 -1.76843248e-04 
 2.06235078e-07  0.00000000e+00  2.15401910e-07 -1.52206848e-04 
 2.06252140e-07  0.00000000e+00 -8.96290620e-08 -1.68452812e-04 
 2.06270552e-07  0.00000000e+00  2.14073867e-07 -1.41045669e-04 
 2.06287220e-07  0.00000000e+00 -8.83187298e-08 -1.79156033e-04 
 2.06305231e-07  0.00000000e+00  2.12780596e-07 -1.72752666e-04 
 2.06324495e-07  0.00000000e+00 -8.71444925e-08 -1.56300349e-04 
 2.06341558e-07  0.00000000e+00  2.11601796e-07 -1.64358823e-04 
 2.06359970e-07  0.00000000e+00 -8.59670651e-08 -1.45113270e-04 
 2.06376636e-07  0.00000000e+00  2.10439540e-07 -1.75102002e-04 
 2.06394647e-07  0.00000000e+00 -8.48195628e-08 -1.76806214e-04 
 2.06413911e-07  0.00000000e+00  2.09397404e-07 -1.52268367e-04 
 2.06430976e-07  0.00000000e+00 -8.37730296e-08 -1.68369076e-04 
 2.06449388e-07  0.00000000e+00  2.08351763e-07 -1.41097730e-04 
 2.06466053e-07  0.00000000e+00 -8.27403620e-08 -1.79108580e-04 
 2.06484064e-07  0.00000000e+00  2.07331828e-07 -1.72819423e-04 
 2.06503328e-07  0.00000000e+00 -8.18137931e-08 -1.56256654e-04 
 2.06520394e-07  0.00000000e+00  2.06401066e-07 -1.64381611e-04 
 2.06538806e-07  0.00000000e+00 -8.08834496e-08 -1.45060290e-04 
 2.06555469e-07  0.00000000e+00  2.05481779e-07 -1.75159540e-04 
 2.06573480e-07  0.00000000e+00 -7.99751646e-08 -1.76766834e-04 
 2.06592744e-07  0.00000000e+00  2.04656364e-07 -1.52329747e-04 
 2.06609812e-07  0.00000000e+00 -7.91456567e-08 -1.68287720e-04 
 2.06628224e-07  0.00000000e+00  2.03826933e-07 -1.41150579e-04 
 2.06644885e-07  0.00000000e+00 -7.83256038e-08 -1.79059936e-04 
 2.06662896e-07  0.00000000e+00  2.03016339e-07 -1.72885401e-04 
 2.06682161e-07  0.00000000e+00 -7.75887126e-08 -1.56211432e-04 
 2.06699230e-07  0.00000000e+00  2.02275485e-07 -1.64407994e-04 
 2.06717642e-07  0.00000000e+00 -7.68475610e-08 -1.45006772e-04 
 2.06734301e-07  0.00000000e+00  2.01542315e-07 -1.75217172e-04 
 2.06752312e-07  0.00000000e+00 -7.61224855e-08 -1.76725544e-04 
 2.06771577e-07  0.00000000e+00  2.00882864e-07 -1.52390804e-04 
 2.06788647e-07  0.00000000e+00 -7.54592042e-08 -1.68208705e-04 
 2.06807060e-07  0.00000000e+00  2.00219013e-07 -1.41203941e-04 
 2.06823717e-07  0.00000000e+00 -7.48020599e-08 -1.79010407e-04 
 2.06841729e-07  0.00000000e+00  1.99568806e-07 -1.72950495e-04 
 2.06860994e-07  0.00000000e+00 -7.42104274e-08 -1.56165021e-04 
 2.06878065e-07  0.00000000e+00  1.98973416e-07 -1.64437434e-04 
 2.06896478e-07  0.00000000e+00 -7.36141990e-08 -1.44952948e-04 
 2.06913133e-07  0.00000000e+00  1.98382842e-07 -1.75274707e-04 
 2.06931145e-07  0.00000000e+00 -7.30295240e-08 -1.76682717e-04 
 2.06950410e-07  0.00000000e+00  1.97850570e-07 -1.52451392e-04 
 2.06967483e-07  0.00000000e+00 -7.24935756e-08 -1.68131974e-04 
 2.06985896e-07  0.00000000e+00  1.97313557e-07 -1.41257586e-04 
 2.07002549e-07  0.00000000e+00 -7.19612678e-08 -1.78960253e-04 
 2.07020561e-07  0.00000000e+00  1.96786274e-07 -1.73014626e-04 
 2.07039827e-07  0.00000000e+00 -7.14809531e-08 -1.56117706e-04 
 2.07056900e-07  0.00000000e+00  1.96302357e-07 -1.64469460e-04 
 2.07075314e-07  0.00000000e+00 -7.09957917e-08 -1.44899008e-04 
 2.07091966e-07  0.00000000e+00  1.95821075e-07 -1.75331990e-04 
 2.07109977e-07  0.00000000e+00 -7.05187558e-08 -1.76638671e-04 
 2.07129243e-07  0.00000000e+00  1.95386267e-07 -1.52511394e-04 
 2.07146318e-07  0.00000000e+00 -7.00803874e-08 -1.68057462e-04 
 2.07164731e-07  0.00000000e+00  1.94946512e-07 -1.41311322e-04 
 2.07181382e-07  0.00000000e+00 -6.96437824e-08 -1.78909693e-04 
 2.07199394e-07  0.00000000e+00  1.94513467e-07 -1.73077736e-04 
 2.07218660e-07  0.00000000e+00 -6.92488333e-08 -1.56069731e-04 
 2.07235735e-07  0.00000000e+00  1.94114997e-07 -1.64503663e-04 
 2.07254149e-07  0.00000000e+00 -6.88488327e-08 -1.44845113e-04 
 2.07270798e-07  0.00000000e+00  1.93717558e-07 -1.75388895e-04 
 2.07288810e-07  0.00000000e+00 -6.84543123e-08 -1.76593681e-04 
 2.07308076e-07  0.00000000e+00  1.93357495e-07 -1.52570720e-04 
 2.07325152e-07  0.00000000e+00 -6.80908025e-08 -1.67985095e-04 
 2.07343566e-07  0.00000000e+00  1.92992312e-07 -1.41364993e-04 
 2.07360214e-07  0.00000000e+00 -6.77276240e-08 -1.78858911e-04 
 2.07378226e-07  0.00000000e+00  1.92631565e-07 -1.73139787e-04 
 2.07397493e-07  0.00000000e+00 -6.73981498e-08 -1.56021303e-04 
 2.07414570e-07  0.00000000e+00  1.92298656e-07 -1.64539685e-04 
 2.07432984e-07  0.00000000e+00 -6.70634775e-08 -1.44791396e-04 
 2.07449630e-07  0.00000000e+00  1.91965530e-07 -1.75445320e-04 
 2.07467643e-07  0.00000000e+00 -6.67322979e-08 -1.76547980e-04 
 2.07486909e-07  0.00000000e+00  1.91662842e-07 -1.52629299e-04 
 2.07503987e-07  0.00000000e+00 -6.64262108e-08 -1.67914797e-04 
 2.07522401e-07  0.00000000e+00  1.91354894e-07 -1.41418466e-04 
 2.07539046e-07  0.00000000e+00 -6.61194099e-08 -1.78808237e-04 
 2.07557059e-07  0.00000000e+00  1.91049650e-07 -1.73200229e-04 
 2.07576326e-07  0.00000000e+00 -6.58401895e-08 -1.55973278e-04 
 2.07593404e-07  0.00000000e+00  1.90767079e-07 -1.64576231e-04 
 2.07611818e-07  0.00000000e+00 -6.55556747e-08 -1.44737954e-04 
 2.07628463e-07  0.00000000e+00  1.90483327e-07 -1.75501833e-04 
 2.07646475e-07  0.00000000e+00 -6.52731535e-08 -1.76501416e-04 
 2.07665742e-07  0.00000000e+00  1.90224704e-07 -1.52688136e-04 
 2.07682821e-07  0.00000000e+00 -6.50111806e-08 -1.67844593e-04 
 2.07701235e-07  0.00000000e+00  1.89960710e-07 -1.41471705e-04 
 2.07717878e-07  0.00000000e+00 -6.47476653e-08 -1.78757804e-04 
 2.07735891e-07  0.00000000e+00  1.89698123e-07 -1.73260908e-04 
 2.07755158e-07  0.00000000e+00 -6.45070763e-08 -1.55924931e-04 
 2.07772238e-07  0.00000000e+00  1.89454219e-07 -1.64613332e-04 
 2.07790653e-07  0.00000000e+00 -6.42610959e-08 -1.44684901e-04 
 2.07807294e-07  0.00000000e+00  1.89208440e-07 -1.75557217e-04 
 2.07825307e-07  0.00000000e+00 -6.40159752e-08 -1.76455743e-04 
 2.07844574e-07  0.00000000e+00  1.88983679e-07 -1.52745521e-04 
 2.07861655e-07  0.00000000e+00 -6.37879175e-08 -1.67776562e-04 
 2.07880070e-07  0.00000000e+00  1.88753492e-07 -1.41524459e-04 
 2.07896710e-07  0.00000000e+00 -6.35577013e-08 -1.78707529e-04 
 2.07914723e-07  0.00000000e+00  1.88523702e-07 -1.73320323e-04 
 2.07933990e-07  0.00000000e+00 -6.33468197e-08 -1.55876614e-04 
 2.07951072e-07  0.00000000e+00  1.88309561e-07 -1.64651510e-04 
 2.07969487e-07  0.00000000e+00 -6.31304946e-08 -1.44632320e-04 
 2.07986126e-07  0.00000000e+00  1.88092999e-07 -1.75611996e-04 
 2.08004140e-07  0.00000000e+00 -6.29141652e-08 -1.76409729e-04 
 2.08023406e-07  0.00000000e+00  1.87894289e-07 -1.52802019e-04 
 2.08040489e-07  0.00000000e+00 -6.27122050e-08 -1.67710517e-04 
 2.08058904e-07  0.00000000e+00  1.87690151e-07 -1.41576751e-04 
 2.08075542e-07  0.00000000e+00 -6.25076398e-08 -1.78657436e-04 
 2.08093556e-07  0.00000000e+00  1.87485602e-07 -1.73378633e-04 
 2.08112823e-07  0.00000000e+00 -6.23196539e-08 -1.55828335e-04 
 2.08129906e-07  0.00000000e+00  1.87294381e-07 -1.64690627e-04 
 2.08148320e-07  0.00000000e+00 -6.21261751e-08 -1.44580246e-04 
 2.08164959e-07  0.00000000e+00  1.87100341e-07 -1.75666060e-04 
 2.08182972e-07  0.00000000e+00 -6.19320056e-08 -1.76363563e-04 
 2.08202239e-07  0.00000000e+00  1.86921749e-07 -1.52857606e-04 
 2.08219323e-07  0.00000000e+00 -6.17501933e-08 -1.67646346e-04 
 2.08237737e-07  0.00000000e+00  1.86737654e-07 -1.41628527e-04 
 2.08254375e-07  0.00000000e+00 -6.15654167e-08 -1.78607660e-04 
 2.08272388e-07  0.00000000e+00  1.86552614e-07 -1.73435797e-04 
 2.08291655e-07  0.00000000e+00 -6.13950627e-08 -1.55780213e-04 
 2.08308739e-07  0.00000000e+00  1.86379078e-07 -1.64730487e-04 
 2.08327154e-07  0.00000000e+00 -6.12192352e-08 -1.44528729e-04 
 2.08343791e-07  0.00000000e+00  1.86202428e-07 -1.75719362e-04 
 2.08361804e-07  0.00000000e+00 -6.10422075e-08 -1.76317381e-04 
 2.08381071e-07  0.00000000e+00  1.86039331e-07 -1.52912263e-04 
 2.08398156e-07  0.00000000e+00 -6.08759547e-08 -1.67583966e-04 
 2.08416571e-07  0.00000000e+00  1.85870773e-07 -1.41679736e-04 
 2.08433207e-07  0.00000000e+00 -6.07064447e-08 -1.78558269e-04 
 2.08451220e-07  0.00000000e+00  1.85700798e-07 -1.73491830e-04 
 2.08470487e-07  0.00000000e+00 -6.05497628e-08 -1.55732329e-04 
 2.08487573e-07  0.00000000e+00  1.85540946e-07 -1.64770920e-04 
 2.08505988e-07  0.00000000e+00 -6.03875774e-08 -1.44477811e-04 
 2.08522623e-07  0.00000000e+00  1.85377737e-07 -1.75771884e-04 
 2.08540636e-07  0.00000000e+00 -6.02238161e-08 -1.76271278e-04 
 2.08559904e-07  0.00000000e+00  1.85226677e-07 -1.52965987e-04 
 2.08576990e-07  0.00000000e+00 -6.00695945e-08 -1.67523296e-04 
 2.08595404e-07  0.00000000e+00  1.85070136e-07 -1.41730340e-04 
 2.08612039e-07  0.00000000e+00 -5.99119464e-08 -1.78509317e-04 
 2.08630052e-07  0.00000000e+00  1.84911832e-07 -1.73546752e-04 
 2.08649320e-07  0.00000000e+00 -5.97658515e-08 -1.55684752e-04 
 2.08666406e-07  0.00000000e+00  1.84762596e-07 -1.64811776e-04 
 2.08684821e-07  0.00000000e+00 -5.96142600e-08 -1.44427521e-04 
 2.08701455e-07  0.00000000e+00  1.84609842e-07 -1.75823611e-04 
 2.08719468e-07  0.00000000e+00 -5.94607824e-08 -1.76225338e-04 
 2.08738736e-07  0.00000000e+00  1.84468119e-07 -1.53018782e-04 
 2.08755823e-07  0.00000000e+00 -5.93159290e-08 -1.67464254e-04 
 2.08774238e-07  0.00000000e+00  1.84320895e-07 -1.41780309e-04 
 2.08790871e-07  0.00000000e+00 -5.91675071e-08 -1.78460848e-04 
 2.08808884e-07  0.00000000e+00  1.84171692e-07 -1.73600587e-04 
 2.08828152e-07  0.00000000e+00 -5.90296375e-08 -1.55637540e-04 
 2.08845239e-07  0.00000000e+00  1.84030715e-07 -1.64852927e-04 
 2.08863654e-07  0.00000000e+00 -5.88862895e-08 -1.44377885e-04 
 2.08880287e-07  0.00000000e+00  1.83886113e-07 -1.75874536e-04 
 2.08898300e-07  0.00000000e+00 -5.87408451e-08 -1.76179632e-04 
 2.08917568e-07  0.00000000e+00  1.83751648e-07 -1.53070653e-04 
 2.08934656e-07  0.00000000e+00 -5.86033084e-08 -1.67406767e-04 
 2.08953071e-07  0.00000000e+00  1.83611727e-07 -1.41829619e-04 
 2.08969703e-07  0.00000000e+00 -5.84620589e-08 -1.78412901e-04 
 2.08987717e-07  0.00000000e+00  1.83469622e-07 -1.73653357e-04 
 2.09006984e-07  0.00000000e+00 -5.83306454e-08 -1.55590740e-04 
 2.09024072e-07  0.00000000e+00  1.83335099e-07 -1.64894259e-04 
 2.09042488e-07  0.00000000e+00 -5.81937475e-08 -1.44328921e-04 
 2.09059119e-07  0.00000000e+00  1.83196854e-07 -1.75924655e-04 
 2.09077133e-07  0.00000000e+00 -5.80545843e-08 -1.76134220e-04 
 2.09096400e-07  0.00000000e+00  1.83068116e-07 -1.53121607e-04 
 2.09113489e-07  0.00000000e+00 -5.79227646e-08 -1.67350762e-04 
 2.09131904e-07  0.00000000e+00  1.82933904e-07 -1.41878254e-04 
 2.09148535e-07  0.00000000e+00 -5.77871727e-08 -1.78365505e-04 
 2.09166549e-07  0.00000000e+00  1.82797370e-07 -1.73705086e-04 
 2.09185817e-07  0.00000000e+00 -5.76608037e-08 -1.55544393e-04 
 2.09202905e-07  0.00000000e+00  1.82667928e-07 -1.64935673e-04 
 2.09221321e-07  0.00000000e+00 -5.75289785e-08 -1.44280642e-04 
 2.09237951e-07  0.00000000e+00  1.82534711e-07 -1.75973967e-04 
 2.09255965e-07  0.00000000e+00 -5.73947748e-08 -1.76089153e-04 
 2.09275233e-07  0.00000000e+00  1.82410463e-07 -1.53171658e-04 
 2.09292322e-07  0.00000000e+00 -5.72674714e-08 -1.67296171e-04 
 2.09310737e-07  0.00000000e+00  1.82280751e-07 -1.41926200e-04 
 2.09327367e-07  0.00000000e+00 -5.71363418e-08 -1.78318685e-04 
 2.09345381e-07  0.00000000e+00  1.82148634e-07 -1.73755801e-04 
 2.09364649e-07  0.00000000e+00 -5.70139703e-08 -1.55498532e-04 
 2.09381738e-07  0.00000000e+00  1.82023207e-07 -1.64977084e-04 
 2.09400154e-07  0.00000000e+00 -5.68861812e-08 -1.44233058e-04 
 2.09416783e-07  0.00000000e+00  1.81893955e-07 -1.76022475e-04 
 2.09434797e-07  0.00000000e+00 -5.67558913e-08 -1.76044475e-04 
 2.09454065e-07  0.00000000e+00  1.81773285e-07 -1.53220816e-04 
 2.09471155e-07  0.00000000e+00 -5.66321744e-08 -1.67242932e-04 
 2.09489570e-07  0.00000000e+00  1.81647168e-07 -1.41973449e-04 
 2.09506199e-07  0.00000000e+00 -5.65045911e-08 -1.78272459e-04 
 2.09524213e-07  0.00000000e+00  1.81518549e-07 -1.73805525e-04 
 2.09543481e-07  0.00000000e+00 -5.63854196e-08 -1.55453185e-04 
 2.09560571e-07  0.00000000e+00  1.81396346e-07 -1.65019295e-04 
 2.09578986e-07  0.00000000e+00 -5.62608398e-08 -1.44186187e-04 
 2.09595615e-07  0.00000000e+00  1.81270257e-07 -1.76068871e-04 
 2.09613629e-07  0.00000000e+00 -5.61336916e-08 -1.76002144e-04 
 2.09632897e-07  0.00000000e+00  1.81152446e-07 -1.53268778e-04 
 2.09649988e-07  0.00000000e+00 -5.60128540e-08 -1.67190875e-04 
 2.09668403e-07  0.00000000e+00  1.81029219e-07 -1.42019849e-04 
 2.09685031e-07  0.00000000e+00 -5.58881229e-08 -1.78226056e-04 
 2.09703045e-07  0.00000000e+00  1.80903418e-07 -1.73856345e-04 
 2.09722314e-07  0.00000000e+00 -5.57715132e-08 -1.55408692e-04 
 2.09739405e-07  0.00000000e+00  1.80783796e-07 -1.65058097e-04 
 2.09757820e-07  0.00000000e+00 -5.56495300e-08 -1.44140005e-04 
 2.09774448e-07  0.00000000e+00  1.80660292e-07 -1.76116447e-04 
 2.09792462e-07  0.00000000e+00 -5.55249147e-08 -1.75959083e-04 
 2.09811730e-07  0.00000000e+00  1.80544794e-07 -1.53317027e-04 
 2.09828822e-07  0.00000000e+00 -5.54064183e-08 -1.67137830e-04 
 2.09847237e-07  0.00000000e+00  1.80423886e-07 -1.42065701e-04 
 2.09863864e-07  0.00000000e+00 -5.52839966e-08 -1.78181443e-04 
 2.09881878e-07  0.00000000e+00  1.80300385e-07 -1.73905170e-04 
 2.09901147e-07  0.00000000e+00 -5.51694833e-08 -1.55365070e-04 
 2.09918238e-07  0.00000000e+00  1.80182887e-07 -1.65096945e-04 
 2.09936654e-07  0.00000000e+00 -5.50496054e-08 -1.44094560e-04 
 2.09953280e-07  0.00000000e+00  1.80061455e-07 -1.76162775e-04 
 2.09971295e-07  0.00000000e+00 -5.49270958e-08 -1.75916862e-04 
 2.09985647e-07  0.00000000e+00  1.79929070e-07 -1.52305974e-04 
 2.10000000e-07  0.00000000e+00 -5.47799835e-08 -1.68080579e-04 
